"product_reference";"source_name";"source_category";"source_type";"source_row_count";"odoo_id";"odoo_name";"odoo_category";"odoo_type";"odoo_active";"decision";"notes"
"00009221V1";"LEVE VITRE ELEC AVG C4";"Autres";"product";"1";"";"";"";"";"";"create_candidate";"Reference absente du catalogue Odoo; validation metier requise."
"1034902-00-P";"RR DOOR ROOF GLASS ASY, LH";"Glace laterale";"product";"1";"";"";"";"";"";"create_candidate";"Reference absente du catalogue Odoo; validation metier requise."
"1034903-00-Q";"RR DOOR ROOF GLASSY ASY, RH";"Glace laterale";"product";"2";"";"";"";"";"";"create_candidate";"Reference absente du catalogue Odoo; validation metier requise."
"1364076080";"CUSTODE ARG FIAT DUCATO";"Glace laterale";"product";"1";"";"";"";"";"";"create_candidate";"Reference absente du catalogue Odoo; validation metier requise."
"1606972480";"FAISCEAU PROJECTEUR";"Autres";"product";"1";"";"";"";"";"";"create_candidate";"Reference absente du catalogue Odoo; validation metier requise."
"1612401680";"PEUGEOT BOXER III 330-L2H2 PHASE 2 - 3P";"Autres";"product";"1";"";"";"";"";"";"create_candidate";"Reference absente du catalogue Odoo; validation metier requise."
"17/03 : COTTET Eric";"PB VT BERLINGO/PARTNER EMB  08-18";"Pare-brise";"product";"1";"";"";"";"";"";"create_candidate";"Reference absente du catalogue Odoo; validation metier requise."
"1813222";"TOIT PANORAMIQUE";"Autres";"product";"1";"";"";"";"";"";"create_candidate";"Reference absente du catalogue Odoo; validation metier requise."
"1941015D";"PHARE  AVG SKODA Fabia";"Autres";"product";"1";"";"";"";"";"";"create_candidate";"Reference absente du catalogue Odoo; validation metier requise."
"198679";"FEU ARG";"Autres";"product";"1";"";"";"";"";"";"create_candidate";"Reference absente du catalogue Odoo; validation metier requise."
"1P0845051ACNBV";"LUNETTE AR SEAT LEON";"Lunette";"product";"1";"";"";"";"";"";"create_candidate";"Reference absente du catalogue Odoo; validation metier requise."
"1S0827505E9B9";"SERRURE VW UP";"Autres";"product";"1";"";"";"";"";"";"create_candidate";"Reference absente du catalogue Odoo; validation metier requise."
"1S0827566A3FZ";"COMMANDE VW UP";"Autres";"product";"1";"";"";"";"";"";"create_candidate";"Reference absente du catalogue Odoo; validation metier requise."
"1S0845051BCNVB";"LUN VOLKSWAGEN UP! (12) PHASE 2";"Lunette";"product";"1";"";"";"";"";"";"create_candidate";"Reference absente du catalogue Odoo; validation metier requise."
"1Z0941701";"FEU ANTIBROUILLARD AVG SKODA OCTAVIA";"Autres";"product";"1";"";"";"";"";"";"create_candidate";"Reference absente du catalogue Odoo; validation metier requise."
"1Z0941702";"FEU ANTIBROUILLARD AVD SKODA OCTAVIA";"Autres";"product";"1";"";"";"";"";"";"create_candidate";"Reference absente du catalogue Odoo; validation metier requise."
"2034AGN";"PB VT ALFA 156                     97-05";"Pare-brise";"product";"1";"";"";"";"";"";"create_candidate";"Reference absente du catalogue Odoo; validation metier requise."
"2034AGNP1B";"PB VT ALFA 156 CAPT          97-05";"Pare-brise";"product";"1";"";"";"";"";"";"create_candidate";"Reference absente du catalogue Odoo; validation metier requise."
"2034ASMS";"JC PB ALFA 156                     97-05";"Joint";"product";"2";"";"";"";"";"";"create_candidate";"Reference absente du catalogue Odoo; validation metier requise."
"2037AGS";"PB VT ALFA ROMEO 147 3/5P            00-";"Pare-brise";"product";"2";"";"";"";"";"";"create_candidate";"Reference absente du catalogue Odoo; validation metier requise."
"2037ASMH";"JC PB ALFA ROMEO 147           00-04";"Joint";"product";"2";"";"";"";"";"";"create_candidate";"Reference absente du catalogue Odoo; validation metier requise."
"2038AGS";"PB VT ALFA GT                      03-10";"Pare-brise";"product";"3";"";"";"";"";"";"create_candidate";"Reference absente du catalogue Odoo; validation metier requise."
"2038ASMC";"JC PB ALFA ROMEO GT                03-10";"Joint";"product";"3";"";"";"";"";"";"create_candidate";"Reference absente du catalogue Odoo; validation metier requise."
"2039AGSM1B";"PB VT ALFA 159 CAPT                05-11";"Pare-brise";"product";"1";"";"";"";"";"";"create_candidate";"Reference absente du catalogue Odoo; validation metier requise."
"2039ASMS";"JC PB ALFA 159                     05-11";"Joint";"product";"1";"";"";"";"";"";"create_candidate";"Reference absente du catalogue Odoo; validation metier requise."
"2042LGSH3FD";"DESC AVG ALFA MITO 3P    08-";"Glace laterale";"product";"1";"";"";"";"";"";"create_candidate";"Reference absente du catalogue Odoo; validation metier requise."
"2045BGNHA";"LUN.VT ALFA GIULIETTA             10-";"Lunette";"product";"2";"";"";"";"";"";"create_candidate";"Reference absente du catalogue Odoo; validation metier requise."
"2050RGSR5RD";"DESC ARD VT ALFA ROMEO TONALE 22-";"Glace laterale";"product";"1";"";"";"";"";"";"create_candidate";"Reference absente du catalogue Odoo; validation metier requise."
"2234520";"PB VT CAPT FORD ECOSPORT";"Pare-brise";"product";"1";"";"";"";"";"";"create_candidate";"Reference absente du catalogue Odoo; validation metier requise."
"2251BCLR";"LUN CL MG ZS  17-";"Lunette";"product";"2";"";"";"";"";"";"create_candidate";"Reference absente du catalogue Odoo; validation metier requise."
"2251RCLR5RDW";"GLACE DESCENDANTE ARRIÈRE GAUCHE CLAIR MG ZS 17-";"Glace laterale";"product";"1";"";"";"";"";"";"create_candidate";"Reference absente du catalogue Odoo; validation metier requise."
"2253RGAR5FDKW";"DESC AVD VT ACO FEUIL MG MARVEL R  21-";"Glace laterale";"product";"1";"";"";"";"";"";"create_candidate";"Reference absente du catalogue Odoo; validation metier requise."
"2301AGACMUVZ";"PB VT AC SERIE 4 G26 4P CAP CAM HUD 21-";"Pare-brise";"product";"2";"";"";"";"";"";"create_candidate";"Reference absente du catalogue Odoo; validation metier requise."
"2303AGACMUVZ1L";"PB VT AC BMW X1 U11 CAPT 2 CAM HUD 22-";"Pare-brise";"product";"1";"";"";"";"";"";"create_candidate";"Reference absente du catalogue Odoo; validation metier requise."
"2425ACL";"PB CL BMW SERIE 3 E30              83-90";"Pare-brise";"product";"1";"";"";"";"";"";"create_candidate";"Reference absente du catalogue Odoo; validation metier requise."
"2425AGNBL";"PB VTBL BMW SERIE 3 E30            83-90";"Pare-brise";"product";"2";"";"";"";"";"";"create_candidate";"Reference absente du catalogue Odoo; validation metier requise."
"2425AKRS";"JT CLE PB KIT COMP  BMW SIE 3 E30 83-90";"Joint";"product";"1";"";"";"";"";"";"create_candidate";"Reference absente du catalogue Odoo; validation metier requise."
"2425ASCC";"KIT CLE CHROMEE PARE-BRISE BMW SERIE 3E21 E30";"Joint";"product";"1";"";"";"";"";"";"create_candidate";"Reference absente du catalogue Odoo; validation metier requise."
"2425ASRS";"JT PB BMW SERIE 3 E30 A ENJ        83-90";"Joint";"product";"3";"";"";"";"";"";"create_candidate";"Reference absente du catalogue Odoo; validation metier requise."
"2427RGNS4RD";"GLACE DESCENDANTE ARRIÈRE DROIT TEINTÉ VERT SERIE 7 E32 COURT 87-94MO 0,75";"Glace laterale";"product";"1";"";"";"";"";"";"create_candidate";"Reference absente du catalogue Odoo; validation metier requise."
"2431AGNV";"PB VT BMW SIE 3 E36 4P+COMPACT 91-96";"Pare-brise";"product";"3";"";"";"";"";"";"create_candidate";"Reference absente du catalogue Odoo; validation metier requise."
"2431ASMST";"JC SUP.PB BMW SERIE 3 E36 BNE 91-96";"Joint";"product";"2";"";"";"";"";"";"create_candidate";"Reference absente du catalogue Odoo; validation metier requise."
"2432AGNBLV";"PB VTBL BMW SIE 3 E36 CPE/CABR     92-98";"Pare-brise";"product";"1";"";"";"";"";"";"create_candidate";"Reference absente du catalogue Odoo; validation metier requise."
"2432ASMC";"JC PB BMW SERIE 3 E36 CPE/CABR  91-99";"Joint";"product";"1";"";"";"";"";"";"create_candidate";"Reference absente du catalogue Odoo; validation metier requise."
"2433AGNGNHV";"PARE-BRISE TEINTÉ VERT DÉGRADÉ VERT BMW SERIE 7 E38 CHAUFFANT 95-00MO 3.00";"Pare-brise";"product";"1";"";"";"";"";"";"create_candidate";"Reference absente du catalogue Odoo; validation metier requise."
"2434AGNGNPV1B";"PARE-BRISE TEINTÉ VERT DÉGRADÉ VERT CAPTEUR DE PLUIE PLUIE SERIE 5 01-03MO 2,80";"Pare-brise";"product";"1";"";"";"";"";"";"create_candidate";"Reference absente du catalogue Odoo; validation metier requise."
"2434AGNGNV";"PARE-BRISE TEINTÉ VERT DÉGRADÉ VERT BMW SERIE 5 E39 96-03MO 2.60";"Pare-brise";"product";"2";"";"";"";"";"";"create_candidate";"Reference absente du catalogue Odoo; validation metier requise."
"2434AGNV";"PB VT BMW SERIE 5 E39              96-03";"Pare-brise";"product";"4";"";"";"";"";"";"create_candidate";"Reference absente du catalogue Odoo; validation metier requise."
"2434AKCSB";"AGRAFES  PB BMW SERIE 5 E39      96-03";"Joint";"product";"2";"";"";"";"";"";"create_candidate";"Reference absente du catalogue Odoo; validation metier requise."
"2434ASMS";"JC PB BMW SERIE 5 E39             96-03";"Joint";"product";"3";"";"";"";"";"";"create_candidate";"Reference absente du catalogue Odoo; validation metier requise."
"2436ACCGNV";"PB ATH-VT  BMW E46 4P     98-05";"Pare-brise";"product";"1";"";"";"";"";"";"create_candidate";"Reference absente du catalogue Odoo; validation metier requise."
"2436AGNGNMV6T";"PB VTVT  CAPT P/LUM E46 4P     01-05";"Pare-brise";"product";"1";"";"";"";"";"";"create_candidate";"Reference absente du catalogue Odoo; validation metier requise."
"2436AGNGNV";"PB VTVT BMW SERIE 3 E46 4P         98-05";"Pare-brise";"product";"2";"";"";"";"";"";"create_candidate";"Reference absente du catalogue Odoo; validation metier requise."
"2436AGNMV1B";"PARE-BRISE TEINTÉ VERT CAPTEUR DE PLUIE PLUIE BMW SÉRIE 3 4 PORTES COFFRE 98-01MO 2.60";"Pare-brise";"product";"1";"";"";"";"";"";"create_candidate";"Reference absente du catalogue Odoo; validation metier requise."
"2436AGNV";"PB VT BMW SERIE 3 E46 BNE/BK 98-05";"Pare-brise";"product";"10";"";"";"";"";"";"create_candidate";"Reference absente du catalogue Odoo; validation metier requise."
"2436ASMS";"JC PB BMW SERIE 3 E46 BNE/BK 98-05";"Joint";"product";"15";"";"";"";"";"";"create_candidate";"Reference absente du catalogue Odoo; validation metier requise."
"2436LGNS4FD";"DESC AVG VT BMW SIE 3E46 4P        98-05";"Glace laterale";"product";"1";"";"";"";"";"";"create_candidate";"Reference absente du catalogue Odoo; validation metier requise."
"2436RGNS4FD";"DESC AVD VT BMW SIE 3E46 4P        98-05";"Glace laterale";"product";"1";"";"";"";"";"";"create_candidate";"Reference absente du catalogue Odoo; validation metier requise."
"2437ACCGNMV1B";"PB REFL.DEGR+CAPT.SIE3 E46 CPE 98-05";"Pare-brise";"product";"2";"";"";"";"";"";"create_candidate";"Reference absente du catalogue Odoo; validation metier requise."
"2437ACCGNMV6T";"PARE-BRISE ATHERMIQUE TEINTÉ VERT SÉRIE 3 COUPÉ ET CABRIOLET CAPTEUR DE PLUIE 01-06MO 2.80";"Pare-brise";"product";"1";"";"";"";"";"";"create_candidate";"Reference absente du catalogue Odoo; validation metier requise."
"2437AGNGNMV1B";"PARE-BRISE TEINTÉ VERT DÉGRADÉ VERT SÉRIE 3 COUPÉ ET CABRIOLET CAPTEUR DE PLUIE 99-01MO 2.70";"Pare-brise";"product";"1";"";"";"";"";"";"create_candidate";"Reference absente du catalogue Odoo; validation metier requise."
"2437AGNMV";"PB VT BMW SIE 3 CPE/CAB CAPT 99-01";"Pare-brise";"product";"1";"";"";"";"";"";"create_candidate";"Reference absente du catalogue Odoo; validation metier requise."
"2437AGNMV6T";"PB VT BMW SIE 3 CPE/CAB+CAPT. 01-06";"Pare-brise";"product";"1";"";"";"";"";"";"create_candidate";"Reference absente du catalogue Odoo; validation metier requise."
"2437ASMC";"JC PB BMW SERIE 3 E46 CPE/CABR 99-06";"Joint";"product";"3";"";"";"";"";"";"create_candidate";"Reference absente du catalogue Odoo; validation metier requise."
"2437BGNCABGQW";"LUN VT BMW E46 COUPE ANT  STOP   98-07";"Lunette";"product";"1";"";"";"";"";"";"create_candidate";"Reference absente du catalogue Odoo; validation metier requise."
"2437BSMC";"JT LUN BMW SERIE 3 E46 CPE/CABR   99-06";"Joint";"product";"1";"";"";"";"";"";"create_candidate";"Reference absente du catalogue Odoo; validation metier requise."
"2437RGNC2FD";"DESC AVD VT BWM SIE 3E46 CPE/CAB 99-06";"Glace laterale";"product";"1";"";"";"";"";"";"create_candidate";"Reference absente du catalogue Odoo; validation metier requise."
"2439ACCGNMV1T";"PB ATH VT BMW X5 E53+CAPT 02-06";"Pare-brise";"product";"1";"";"";"";"";"";"create_candidate";"Reference absente du catalogue Odoo; validation metier requise."
"2439ACCGNV";"PB ATHER VT BMW X5 E53             99-06";"Pare-brise";"product";"1";"";"";"";"";"";"create_candidate";"Reference absente du catalogue Odoo; validation metier requise."
"2439ASMRT";"JC SUP PB BMW X5 E53 99-06";"Joint";"product";"2";"";"";"";"";"";"create_candidate";"Reference absente du catalogue Odoo; validation metier requise."
"2439BYPRAW";"LUN PRIVACY BMW X5 E53           99-06";"Lunette";"product";"3";"";"";"";"";"";"create_candidate";"Reference absente du catalogue Odoo; validation metier requise."
"2439LGSR5RD";"DESC ARG VT BMW X5             99-66";"Glace laterale";"product";"1";"";"";"";"";"";"create_candidate";"Reference absente du catalogue Odoo; validation metier requise."
"2440AGSV";"PB VT BMW MINI BNE/CABRIO.         01-07";"Pare-brise";"product";"3";"";"";"";"";"";"create_candidate";"Reference absente du catalogue Odoo; validation metier requise."
"2440AKCHB1F";"AGRAFES INF.PB MINI BNE/CABRIO 01-";"Joint";"product";"3";"";"";"";"";"";"create_candidate";"Reference absente du catalogue Odoo; validation metier requise."
"2440AKCHS1F";"AGRAFES LAT PB MINI BNE/CABRIO 01-";"Joint";"product";"2";"";"";"";"";"";"create_candidate";"Reference absente du catalogue Odoo; validation metier requise."
"2440AKMH1G";"JCS PB KIT COMPLET MINI BNE/CABRIO  01-";"Joint";"product";"1";"";"";"";"";"";"create_candidate";"Reference absente du catalogue Odoo; validation metier requise."
"2440ASMHL";"JC GAUCHE PB MINI BNE/CABRIO   01-";"Joint";"product";"1";"";"";"";"";"";"create_candidate";"Reference absente du catalogue Odoo; validation metier requise."
"2440ASMHR";"JC DROIT PB MINI BNE/CABRIO   01-";"Joint";"product";"1";"";"";"";"";"";"create_candidate";"Reference absente du catalogue Odoo; validation metier requise."
"2440ASMHT1H";"JC SUP PB BMW MINI BNE/CABRIO   01-";"Joint";"product";"2";"";"";"";"";"";"create_candidate";"Reference absente du catalogue Odoo; validation metier requise."
"2440RGSH3FD";"DESC AVD VT BMW MINI BNE/CABR   00-07";"Glace laterale";"product";"1";"";"";"";"";"";"create_candidate";"Reference absente du catalogue Odoo; validation metier requise."
"2442AGSV";"PB VT BMW SERIE 3E46 COMPACT   01-04";"Pare-brise";"product";"1";"";"";"";"";"";"create_candidate";"Reference absente du catalogue Odoo; validation metier requise."
"2442ASMH";"JC PB BMW E46 COMPACT            01-04";"Joint";"product";"1";"";"";"";"";"";"create_candidate";"Reference absente du catalogue Odoo; validation metier requise."
"2442LGSH3RQOZ";"CUSTODE ARRIÈRE GAUCHE OUVRANT(E) TEINTÉ VERT SÉRIE 3E46 COMPACT 01-04";"Pare-brise";"product";"1";"";"";"";"";"";"create_candidate";"Reference absente du catalogue Odoo; validation metier requise."
"2445AGSGNMV6T";"PB VTVT SIE 5 E60+CAPTEUR ROND 07-10";"Pare-brise";"product";"1";"";"";"";"";"";"create_candidate";"Reference absente du catalogue Odoo; validation metier requise."
"2445AGSMV";"PB VT BMW SERIE 5 E60  CAPT   03-07";"Pare-brise";"product";"1";"";"";"";"";"";"create_candidate";"Reference absente du catalogue Odoo; validation metier requise."
"2445AGSMV6T";"PB VT SERIE 5E60 CAPTEUR  ROND 07-10";"Pare-brise";"product";"1";"";"";"";"";"";"create_candidate";"Reference absente du catalogue Odoo; validation metier requise."
"2445AKCSS";"AGRAFES KIT PB SERIE 5 E60/61  04-10";"Joint";"product";"1";"";"";"";"";"";"create_candidate";"Reference absente du catalogue Odoo; validation metier requise."
"2445ASMST";"JC SUP PB BMW SERIE 5 E60          03-10";"Pare-brise";"product";"2";"";"";"";"";"";"create_candidate";"Reference absente du catalogue Odoo; validation metier requise."
"2446ACCGNMOV1B";"PB ATH.VT BMW SIE 6 CPE/CAB.+DDPL 04-10";"Pare-brise";"product";"1";"";"";"";"";"";"create_candidate";"Reference absente du catalogue Odoo; validation metier requise."
"2446AGNMV1B";"PB VT BMW SIE 6 CPE/CABR.+DDPL 04-10";"Pare-brise";"product";"1";"";"";"";"";"";"create_candidate";"Reference absente du catalogue Odoo; validation metier requise."
"2446AGSMV1B";"PB VT BMW SIE 6 CPE/CABR CAPT 04-10";"Pare-brise";"product";"2";"";"";"";"";"";"create_candidate";"Reference absente du catalogue Odoo; validation metier requise."
"2446ASMC";"JC PB BMW SERIE 6 CPE/CABR     04-11";"Joint";"product";"4";"";"";"";"";"";"create_candidate";"Reference absente du catalogue Odoo; validation metier requise."
"2446BGSCABZ";"LUN VT BMW SERIE 6 COUPE          03-10";"Lunette";"product";"1";"";"";"";"";"";"create_candidate";"Reference absente du catalogue Odoo; validation metier requise."
"2447ACCGNMV1B";"PB REFL VT SIE 3E90 BNE/E91 BK CAP 05-12";"Pare-brise";"product";"1";"";"";"";"";"";"create_candidate";"Reference absente du catalogue Odoo; validation metier requise."
"2447AGNMV1B";"PB VT BMW SERIE E90 BNE/BK+CAPT  05-12";"Pare-brise";"product";"13";"";"";"";"";"";"create_candidate";"Reference absente du catalogue Odoo; validation metier requise."
"2447AGNV";"PB VT BMW SERIE 3 E90 BNE/E91BK 05-12";"Pare-brise";"product";"5";"";"";"";"";"";"create_candidate";"Reference absente du catalogue Odoo; validation metier requise."
"2447AKCSS";"AGR PB BMW SERIE 3 E90/91          05-12";"Joint";"product";"4";"";"";"";"";"";"create_candidate";"Reference absente du catalogue Odoo; validation metier requise."
"2447AKMS1F";"JCS SUP   INF  PB BMW SIE 3 E90/91 05-12";"Joint";"product";"4";"";"";"";"";"";"create_candidate";"Reference absente du catalogue Odoo; validation metier requise."
"2447ASMSB";"JC INF.PB BMW SIE3 E90             05-12";"Joint";"product";"14";"";"";"";"";"";"create_candidate";"Reference absente du catalogue Odoo; validation metier requise."
"2447ASMST";"JC SUP PB BMW SIE3 E90             05-12";"Joint";"product";"13";"";"";"";"";"";"create_candidate";"Reference absente du catalogue Odoo; validation metier requise."
"2447BGDSABJW";"LUN VT FONCEE SIE 3E90 BNE  ANT  05-12";"Lunette";"product";"1";"";"";"";"";"";"create_candidate";"Reference absente du catalogue Odoo; validation metier requise."
"2447BSMS";"JCS LUN.BMW SIE3 E90 BNE 05-12";"Joint";"product";"1";"";"";"";"";"";"create_candidate";"Reference absente du catalogue Odoo; validation metier requise."
"2447LGNE5RD";"DESC ARG VT BMW SERIE 3E90 BK 04-12";"Glace laterale";"product";"1";"";"";"";"";"";"create_candidate";"Reference absente du catalogue Odoo; validation metier requise."
"2447LGNS4RD";"DESC ARG VT BMW SERIE 3E90 BNE 04-12";"Glace laterale";"product";"1";"";"";"";"";"";"create_candidate";"Reference absente du catalogue Odoo; validation metier requise."
"2447RGNS4FD";"DESC AVD VT BMW SERIE 3E90 BNE 04-12";"Glace laterale";"product";"1";"";"";"";"";"";"create_candidate";"Reference absente du catalogue Odoo; validation metier requise."
"2448AGNGNMV1B";"PB VTVT SIE 1E87 BNE/CAB CAP 04-11";"Pare-brise";"product";"4";"";"";"";"";"";"create_candidate";"Reference absente du catalogue Odoo; validation metier requise."
"2448AGNGYV";"PB VTGY BMW SERIE 1 E87 BNE/CAB 04-11";"Pare-brise";"product";"3";"";"";"";"";"";"create_candidate";"Reference absente du catalogue Odoo; validation metier requise."
"2448AGNMV1B";"PB VT BMW SIE 1E87 BNE/CAB+CAP.04-11";"Pare-brise";"product";"24";"";"";"";"";"";"create_candidate";"Reference absente du catalogue Odoo; validation metier requise."
"2448AGNV";"PB VT BMW SERIE 1 E87 BNE/CAB 04-11";"Pare-brise";"product";"5";"";"";"";"";"";"create_candidate";"Reference absente du catalogue Odoo; validation metier requise."
"2448ASDHB";"JC FINITION MOUSSE SERIE 1 E87 04-11";"Joint";"product";"11";"";"";"";"";"";"create_candidate";"Reference absente du catalogue Odoo; validation metier requise."
"2448ASMH";"JC PB BMW SERIE 1 + CAB 04-11";"Joint";"product";"32";"";"";"";"";"";"create_candidate";"Reference absente du catalogue Odoo; validation metier requise."
"2448ASMHB";"JC INF.PB BMW SERIE 1/ X1 + CAB 04-11";"Joint";"product";"23";"";"";"";"";"";"create_candidate";"Reference absente du catalogue Odoo; validation metier requise."
"2448BGDCAZ";"LUN VT FONCEE SERIE 1 COUPE   04-11";"Lunette";"product";"1";"";"";"";"";"";"create_candidate";"Reference absente du catalogue Odoo; validation metier requise."
"2448BGNCAZ";"LUN VT BMW SERIE 1 COUPE         04-11";"Lunette";"product";"3";"";"";"";"";"";"create_candidate";"Reference absente du catalogue Odoo; validation metier requise."
"2448BGNHABJ2F";"LUN VT SERIE 1 HAYON  ANT TV 04-11";"Lunette";"product";"2";"";"";"";"";"";"create_candidate";"Reference absente du catalogue Odoo; validation metier requise."
"2448LGNH3FD";"DESC AVG VT SERIE 1E81 2/3PTES    04-11";"Glace laterale";"product";"2";"";"";"";"";"";"create_candidate";"Reference absente du catalogue Odoo; validation metier requise."
"2448LGNH5FD";"DESC AVG VT SERIE 1E87 5PTES    04-11";"Glace laterale";"product";"2";"";"";"";"";"";"create_candidate";"Reference absente du catalogue Odoo; validation metier requise."
"2448LGNH5RD";"DESC ARG VT SERIE 1E87 5PTES    04-11";"Glace laterale";"product";"1";"";"";"";"";"";"create_candidate";"Reference absente du catalogue Odoo; validation metier requise."
"2448LGNH5RV";"DEFL.ARG VT SERIE 1E87 5PTES    04-11";"Glace laterale";"product";"1";"";"";"";"";"";"create_candidate";"Reference absente du catalogue Odoo; validation metier requise."
"2448RGDH5RV";"DEFL ARD VT FONCEE SIE 1E87 5P 04-11";"Glace laterale";"product";"1";"";"";"";"";"";"create_candidate";"Reference absente du catalogue Odoo; validation metier requise."
"2448RGNH3FD";"DESC AVD VT SERIE 1E81 2/3PTES  04-11";"Glace laterale";"product";"1";"";"";"";"";"";"create_candidate";"Reference absente du catalogue Odoo; validation metier requise."
"2448RGNH5FD";"DESC AVD VT SERIE 1E87 5PTES    04-11";"Glace laterale";"product";"1";"";"";"";"";"";"create_candidate";"Reference absente du catalogue Odoo; validation metier requise."
"2448RGNH5RV";"DEFL.ARD VT SERIE 1E87 5PTES 04-11";"Glace laterale";"product";"1";"";"";"";"";"";"create_candidate";"Reference absente du catalogue Odoo; validation metier requise."
"2449AGSGNMVW1B";"PB VTVT BMW X3 + CAPT.PLUIE 04-10";"Pare-brise";"product";"9";"";"";"";"";"";"create_candidate";"Reference absente du catalogue Odoo; validation metier requise."
"2449agsgnvw";"2449agsgnvw";"Autres";"product";"1";"";"";"";"";"";"create_candidate";"Reference absente du catalogue Odoo; validation metier requise."
"2449AGSMVW1B";"PB VT BMW X3 E83 + CAPT.           04-10";"Pare-brise";"product";"6";"";"";"";"";"";"create_candidate";"Reference absente du catalogue Odoo; validation metier requise."
"2449AGSVW";"PB VT BMW X3 E83                   04-10";"Pare-brise";"product";"1";"";"";"";"";"";"create_candidate";"Reference absente du catalogue Odoo; validation metier requise."
"2449AKCRS1F";"AGR. PB BMW X3 04-10";"Joint";"product";"10";"";"";"";"";"";"create_candidate";"Reference absente du catalogue Odoo; validation metier requise."
"2449ASMRT";"JC SUP PB BMW X3 04-10";"Joint";"product";"9";"";"";"";"";"";"create_candidate";"Reference absente du catalogue Odoo; validation metier requise."
"2449BGSRAGI";"LUN.VT BMW X3        04-10";"Lunette";"product";"2";"";"";"";"";"";"create_candidate";"Reference absente du catalogue Odoo; validation metier requise."
"2449LGSR5FD";"DESC AVG VT BMW X 3            05-10";"Glace laterale";"product";"1";"";"";"";"";"";"create_candidate";"Reference absente du catalogue Odoo; validation metier requise."
"2449RGPR5RD";"DESC ARD VT PRIV BMW X3  03-10";"Glace laterale";"product";"1";"";"";"";"";"";"create_candidate";"Reference absente du catalogue Odoo; validation metier requise."
"2449RGSR5RD";"DESC ARD VT BMW X3  03-10";"Glace laterale";"product";"1";"";"";"";"";"";"create_candidate";"Reference absente du catalogue Odoo; validation metier requise."
"2449RGSR5RQAZ";"CUSTODE ARRIÈRE DROIT TEINTÉ VERT BMW X3  ANTENNE INTÉGRÉE 03-10MO 1.50";"Glace laterale";"product";"1";"";"";"";"";"";"create_candidate";"Reference absente du catalogue Odoo; validation metier requise."
"2452AGSMV1B";"PB VT BMW X5 E70 +CAPT            06-09";"Pare-brise";"product";"2";"";"";"";"";"";"create_candidate";"Reference absente du catalogue Odoo; validation metier requise."
"2452AKCRS";"AGR.PB BMW X5 E70                06-13";"Joint";"product";"1";"";"";"";"";"";"create_candidate";"Reference absente du catalogue Odoo; validation metier requise."
"2452ASMRT";"JC SUP PB BMW X5                  07-13";"Joint";"product";"2";"";"";"";"";"";"create_candidate";"Reference absente du catalogue Odoo; validation metier requise."
"2452BGSRAW";"LUN VT BMW X5 E70 ANT            06-13";"Lunette";"product";"1";"";"";"";"";"";"create_candidate";"Reference absente du catalogue Odoo; validation metier requise."
"2454AGSGYMV1B";"PB VTGY BMW SIE3 COUPE E92+CAPT 06-13";"Pare-brise";"product";"12";"";"";"";"";"";"create_candidate";"Reference absente du catalogue Odoo; validation metier requise."
"2454AGSGYV";"PB VTGY BMW SIE3 COUPE E92  06-13";"Pare-brise";"product";"1";"";"";"";"";"";"create_candidate";"Reference absente du catalogue Odoo; validation metier requise."
"2454ASMC";"JC PB BMW SIE 3E92 COUPE    07-13";"Joint";"product";"14";"";"";"";"";"";"create_candidate";"Reference absente du catalogue Odoo; validation metier requise."
"2454ASMCB";"JC INF.PB BMW SIE 3E93 CPE/CABRIO  07-13";"Joint";"product";"11";"";"";"";"";"";"create_candidate";"Reference absente du catalogue Odoo; validation metier requise."
"2454BGSCB";"LUN VT BMW SERIE 3 E92 CPE   06-13";"Lunette";"product";"1";"";"";"";"";"";"create_candidate";"Reference absente du catalogue Odoo; validation metier requise."
"2454BSMC";"JC LUN BMW SIE 3E92 COUPE    07-13";"Joint";"product";"1";"";"";"";"";"";"create_candidate";"Reference absente du catalogue Odoo; validation metier requise."
"2454LGSC2FDW";"DESC AVG VT SIE 3 E92 COUPE 06-13";"Glace laterale";"product";"1";"";"";"";"";"";"create_candidate";"Reference absente du catalogue Odoo; validation metier requise."
"2454RGSC2FDW";"DESC AVD VT SIE 3 E92 COUPE 06-13";"Glace laterale";"product";"1";"";"";"";"";"";"create_candidate";"Reference absente du catalogue Odoo; validation metier requise."
"2455AGSV";"PB VT BMW MINI BNE/CABRIO        07-12";"Pare-brise";"product";"2";"";"";"";"";"";"create_candidate";"Reference absente du catalogue Odoo; validation metier requise."
"2455ASMHT";"JC SUP PB MINI BNE/CAB/CLUBMAN 07-14";"Joint";"product";"3";"";"";"";"";"";"create_candidate";"Reference absente du catalogue Odoo; validation metier requise."
"2455RGSH3FD";"DESC AVD VT BMW MINI BNE/CABR 06-14";"Glace laterale";"product";"2";"";"";"";"";"";"create_candidate";"Reference absente du catalogue Odoo; validation metier requise."
"2456AGSCMUV2T";"PB VT BMW X6 E71 HUD CAPT CAM 08-14";"Pare-brise";"product";"1";"";"";"";"";"";"create_candidate";"Reference absente du catalogue Odoo; validation metier requise."
"2456AGSGYMV1T-PERDU";"PB VTGY BMW X6 E71  CAPT           08-14";"Pare-brise";"product";"1";"";"";"";"";"";"create_candidate";"Reference absente du catalogue Odoo; validation metier requise."
"2456ASMRT1H";"JC SUP PB HUD  BMW X6 E71        08-14";"Joint";"product";"1";"";"";"";"";"";"create_candidate";"Reference absente du catalogue Odoo; validation metier requise."
"2456ASMRT-PERDU";"JC SUP PB BMW X6 E71             08-14";"Joint";"product";"1";"";"";"";"";"";"create_candidate";"Reference absente du catalogue Odoo; validation metier requise."
"2456LGSR5FD";"DESC AVG VT BMW X6 E71  08-14";"Glace laterale";"product";"1";"";"";"";"";"";"create_candidate";"Reference absente du catalogue Odoo; validation metier requise."
"2456LYPR5RV";"DEFL ARG PRIVACY BMW X6 08-14";"Glace laterale";"product";"1";"";"";"";"";"";"create_candidate";"Reference absente du catalogue Odoo; validation metier requise."
"2459BGDSAWZ1F";"LUN VT FON BMW SIE 5 F60 BNE ANT 10-17";"Lunette";"product";"1";"";"";"";"";"";"create_candidate";"Reference absente du catalogue Odoo; validation metier requise."
"2459BGPSAWZ";"LUN PRIVACY BMW SERIE 5 F10 ANT 10-17";"Lunette";"product";"1";"";"";"";"";"";"create_candidate";"Reference absente du catalogue Odoo; validation metier requise."
"2460AGSGYMV1B";"PB VTGY BMW X1 E84+ CAPT 10-15";"Pare-brise";"product";"9";"";"";"";"";"";"create_candidate";"Reference absente du catalogue Odoo; validation metier requise."
"2460AGSGYV";"PB VTGY BMW X1 E84                 10-15";"Pare-brise";"product";"1";"";"";"";"";"";"create_candidate";"Reference absente du catalogue Odoo; validation metier requise."
"2460AGSMV1B";"PB VT BMW X1 E84  CAPT            10-15";"Pare-brise";"product";"1";"";"";"";"";"";"create_candidate";"Reference absente du catalogue Odoo; validation metier requise."
"2460AGSV";"PB VT BMW X1 E84                 10-15";"Pare-brise";"product";"3";"";"";"";"";"";"create_candidate";"Reference absente du catalogue Odoo; validation metier requise."
"2460ASMR";"JC PB BMW X1 E84        09-15";"Joint";"product";"13";"";"";"";"";"";"create_candidate";"Reference absente du catalogue Odoo; validation metier requise."
"2460ASMRB";"JC INF.PB BMW X1 E84        09-15";"Joint";"product";"10";"";"";"";"";"";"create_candidate";"Reference absente du catalogue Odoo; validation metier requise."
"2460BGSRA";"LUN VT BMW X1 ANT             09-15";"Lunette";"product";"2";"";"";"";"";"";"create_candidate";"Reference absente du catalogue Odoo; validation metier requise."
"2460LGNR5FD";"DESC AVG VT BMW X1          09-15";"Glace laterale";"product";"1";"";"";"";"";"";"create_candidate";"Reference absente du catalogue Odoo; validation metier requise."
"2460LGNR5RD";"DESC ARG VT BMW X1          09-15";"Glace laterale";"product";"1";"";"";"";"";"";"create_candidate";"Reference absente du catalogue Odoo; validation metier requise."
"2460LGNR5RV";"DEFL ARG VT BMW X1          09-15";"Glace laterale";"product";"1";"";"";"";"";"";"create_candidate";"Reference absente du catalogue Odoo; validation metier requise."
"2460RGNR5RV";"DEFL ARD VT BMW X1          09-15";"Glace laterale";"product";"3";"";"";"";"";"";"create_candidate";"Reference absente du catalogue Odoo; validation metier requise."
"2461AGNMUV";"PB VT BMW SERIE 5GT HUD CAPT 09-12";"Pare-brise";"product";"1";"";"";"";"";"";"create_candidate";"Reference absente du catalogue Odoo; validation metier requise."
"2461AKMH";"JCS SUP D/G KIT PB BMW SERIE 5 GT   10-";"Joint";"product";"1";"";"";"";"";"";"create_candidate";"Reference absente du catalogue Odoo; validation metier requise."
"2461BGNHABW";"LUN.VT BMW SERIE 5 GT+ANT 09-";"Lunette";"product";"1";"";"";"";"";"";"create_candidate";"Reference absente du catalogue Odoo; validation metier requise."
"2462AGSMVWZ2B";"PB VT MINI COUNTRYMAN +CAPT 10-12";"Pare-brise";"product";"5";"";"";"";"";"";"create_candidate";"Reference absente du catalogue Odoo; validation metier requise."
"2462AGSVWZ3B";"PB VT MINI COUNTRYMAN/PACEMAN  10-17";"Pare-brise";"product";"1";"";"";"";"";"";"create_candidate";"Reference absente du catalogue Odoo; validation metier requise."
"2462ASMHT";"JC PB SUP MINI COUNTRYMAN      12-17";"Joint";"product";"1";"";"";"";"";"";"create_candidate";"Reference absente du catalogue Odoo; validation metier requise."
"2463RGNT2FD";"DESC AVD VT SERIE6 CABRIO F12 12-";"Glace laterale";"product";"1";"";"";"";"";"";"create_candidate";"Reference absente du catalogue Odoo; validation metier requise."
"2464ACCMUV6T";"PB ATH BMW X3+CAPT.+HUD 12-";"Pare-brise";"product";"1";"";"";"";"";"";"create_candidate";"Reference absente du catalogue Odoo; validation metier requise."
"2464AGNMUV1B";"PB VT BMW X3 F25 CAPT  HUD 10-12";"Pare-brise";"product";"1";"";"";"";"";"";"create_candidate";"Reference absente du catalogue Odoo; validation metier requise."
"2464AGNMV6B";"PB VT BMW X3 F25  CAPT   12-13";"Pare-brise";"product";"2";"";"";"";"";"";"create_candidate";"Reference absente du catalogue Odoo; validation metier requise."
"2464ASDSB";"JC FINITION MOUSSE BMW X3 F25 10-";"Joint";"product";"1";"";"";"";"";"";"create_candidate";"Reference absente du catalogue Odoo; validation metier requise."
"2464ASMRT";"JC SUP PB  BMW X3 F25       10-17";"Joint";"product";"3";"";"";"";"";"";"create_candidate";"Reference absente du catalogue Odoo; validation metier requise."
"2464BGNRA";"LUN VT BMW X3 F25 ANT  10-17";"Lunette";"product";"1";"";"";"";"";"";"create_candidate";"Reference absente du catalogue Odoo; validation metier requise."
"2464LYPR5RV";"DEFL ARG PRIVACY BMW X3 F25  10-17";"Glace laterale";"product";"1";"";"";"";"";"";"create_candidate";"Reference absente du catalogue Odoo; validation metier requise."
"2465AGSMV2P";"PB VT BMW SERIE 3 F30 BNE+CAPT. 11-";"Pare-brise";"product";"4";"";"";"";"";"";"create_candidate";"Reference absente du catalogue Odoo; validation metier requise."
"2465ASMST";"JC SUP. PB BMW  SERIE 3 F30 BNE 11-";"Joint";"product";"4";"";"";"";"";"";"create_candidate";"Reference absente du catalogue Odoo; validation metier requise."
"2467AGNGYMV2P";"PB VTGY SERIE 1/2 F20/F23  CAPT 11-";"Pare-brise";"product";"10";"";"";"";"";"";"create_candidate";"Reference absente du catalogue Odoo; validation metier requise."
"2467AGNMV2P";"PB VT BMW SERIE 1 / 2 F20+CAPT.  11-";"Pare-brise";"product";"3";"";"";"";"";"";"create_candidate";"Reference absente du catalogue Odoo; validation metier requise."
"2467AGNV";"PB VT BMW SERIE 1 / 2 F20 / F23    11-21";"Pare-brise";"product";"1";"";"";"";"";"";"create_candidate";"Reference absente du catalogue Odoo; validation metier requise."
"2467ASDHB";"JC FINITION MOUSSE SERIE 1 / 2 F20 11- (2448ASDHB - JC FINITION MOUSSE SERIE 1 E87 04-11)";"Joint";"product";"2";"";"";"";"";"";"create_candidate";"Reference absente du catalogue Odoo; validation metier requise."
"2467ASGH";"JC PB BMW SERIE 1 / 2 F20   11-";"Joint";"product";"9";"";"";"";"";"";"create_candidate";"Reference absente du catalogue Odoo; validation metier requise."
"2467BGNHAJ";"LUN VT BMW SERIE 1 F20 5P ANT 11-19";"Lunette";"product";"1";"";"";"";"";"";"create_candidate";"Reference absente du catalogue Odoo; validation metier requise."
"2467LGNH5FD";"DESC AVG VT BMW SERIE 1 5P 11-19";"Glace laterale";"product";"1";"";"";"";"";"";"create_candidate";"Reference absente du catalogue Odoo; validation metier requise."
"2467LGNH5RVZ";"DEFL ARG VT BMW SERIE 1 5P 11-19";"Glace laterale";"product";"1";"";"";"";"";"";"create_candidate";"Reference absente du catalogue Odoo; validation metier requise."
"2467RGNH5RVZ";"DEFL ARD VT BMW SERIE 1 5P 11-";"Glace laterale";"product";"3";"";"";"";"";"";"create_candidate";"Reference absente du catalogue Odoo; validation metier requise."
"2468AGSMV";"PB VT BMW X4 F26   CAPT      14-18";"Pare-brise";"product";"1";"";"";"";"";"";"create_candidate";"Reference absente du catalogue Odoo; validation metier requise."
"2468ASMRT";"JC SUP  PB BMW X4 F26    14-18";"Joint";"product";"1";"";"";"";"";"";"create_candidate";"Reference absente du catalogue Odoo; validation metier requise."
"2468BGSRABZ";"LUN VT BMW X4 F26  ANT     14-18";"Lunette";"product";"1";"";"";"";"";"";"create_candidate";"Reference absente du catalogue Odoo; validation metier requise."
"2468LGSR5FD";"DESC AVG VT BMW X4 F26   14-18";"Glace laterale";"product";"1";"";"";"";"";"";"create_candidate";"Reference absente du catalogue Odoo; validation metier requise."
"2468LGSR5RD";"DESC ARG VT BMW X4 F26   14-18";"Glace laterale";"product";"1";"";"";"";"";"";"create_candidate";"Reference absente du catalogue Odoo; validation metier requise."
"2468RGSR5FD";"DESC AVD VT BMW X4 F26   14-18";"Glace laterale";"product";"1";"";"";"";"";"";"create_candidate";"Reference absente du catalogue Odoo; validation metier requise."
"2468RGSR5RD";"DESC ARD VT BMW X4 F26   14-18";"Glace laterale";"product";"1";"";"";"";"";"";"create_candidate";"Reference absente du catalogue Odoo; validation metier requise."
"2469AGSMV2P";"PB VT BMW SIE 3 GT CAPT      13-20";"Pare-brise";"product";"1";"";"";"";"";"";"create_candidate";"Reference absente du catalogue Odoo; validation metier requise."
"2469ASGHT";"JC SUP PB BMW SIE3 GT F34        13-20";"Joint";"product";"1";"";"";"";"";"";"create_candidate";"Reference absente du catalogue Odoo; validation metier requise."
"2470BYPH";"LUN PRIVACY BMW I3          13-";"Lunette";"product";"1";"";"";"";"";"";"create_candidate";"Reference absente du catalogue Odoo; validation metier requise."
"2471AGSCMUV3P";"PB VT SERIE 4 F32/36 CAP CAM HUD 13-20";"Pare-brise";"product";"1";"";"";"";"";"";"create_candidate";"Reference absente du catalogue Odoo; validation metier requise."
"2471AGSCMV3P";"PB VT BMW SERIE 4 F32/F36  CAPT CAM 13-";"Pare-brise";"product";"1";"";"";"";"";"";"create_candidate";"Reference absente du catalogue Odoo; validation metier requise."
"2471ASMCT";"JC SUP PB BMW SERIE 4 F32/F36 13-20";"Joint";"product";"2";"";"";"";"";"";"create_candidate";"Reference absente du catalogue Odoo; validation metier requise."
"2473AGCCMV1P";"PARE-BRISE TEINTÉ VERT BMW X5 F15 CAPTEUR DE PLUIE CAMÉRA(S) 13-18MO 2.00";"Pare-brise";"product";"2";"";"";"";"";"";"create_candidate";"Reference absente du catalogue Odoo; validation metier requise."
"2473asmrt";"2473asmrt";"Autres";"product";"1";"";"";"";"";"";"create_candidate";"Reference absente du catalogue Odoo; validation metier requise."
"2474AGNMVZ6C";"PB VT BMW MINI F55/56 3/5P CABR CAPT 14-";"Pare-brise";"product";"4";"";"";"";"";"";"create_candidate";"Reference absente du catalogue Odoo; validation metier requise."
"2474AGNVZ1M";"PB VT BMW MINI F55/56 3/5P CABR 14-";"Pare-brise";"product";"2";"";"";"";"";"";"create_candidate";"Reference absente du catalogue Odoo; validation metier requise."
"2474ASDSB";"JC FINITION MOUSSE MINI F56 14-";"Joint";"product";"1";"";"";"";"";"";"create_candidate";"Reference absente du catalogue Odoo; validation metier requise."
"2474ASGHT1H";"JC SUP PB MINI F55  5P     14-";"Joint";"product";"1";"";"";"";"";"";"create_candidate";"Reference absente du catalogue Odoo; validation metier requise."
"2474ASMHT";"JC SUP PB MINI F55/56 3/5P CABR  14-";"Joint";"product";"3";"";"";"";"";"";"create_candidate";"Reference absente du catalogue Odoo; validation metier requise."
"2474BGNHAB6M";"LUN VT BMW MINI F55 5P     14-24";"Lunette";"product";"1";"";"";"";"";"";"create_candidate";"Reference absente du catalogue Odoo; validation metier requise."
"2474LGNH5FD";"DESC AVG VT BMW MINI F55 5P     14-";"Glace laterale";"product";"1";"";"";"";"";"";"create_candidate";"Reference absente du catalogue Odoo; validation metier requise."
"2475AGAMUV3P";"PB VT SERIE 4 F33 CABRIO CAPT HUD 13-21";"Pare-brise";"product";"3";"";"";"";"";"";"create_candidate";"Reference absente du catalogue Odoo; validation metier requise."
"2475ASGTT";"JC SUP PB BMW SIE 4 F33 CABRIO 14-21";"Joint";"product";"1";"";"";"";"";"";"create_candidate";"Reference absente du catalogue Odoo; validation metier requise."
"2478ACDCMV";"PB REFL ACO X6 II F16 CAPT LDW 14-";"Pare-brise";"product";"1";"";"";"";"";"";"create_candidate";"Reference absente du catalogue Odoo; validation metier requise."
"2478AGACMV";"PB VT ACO X6 II F16 CAPT LDW 14-";"Pare-brise";"product";"1";"";"";"";"";"";"create_candidate";"Reference absente du catalogue Odoo; validation metier requise."
"2478ASGRT";"JC SUP PB BMW X6 II F16       14-";"Joint";"product";"2";"";"";"";"";"";"create_candidate";"Reference absente du catalogue Odoo; validation metier requise."
"2480AGACMVZ";"PB VT AC BMW X2  CAPT LDW 17-";"Pare-brise";"product";"1";"";"";"";"";"";"create_candidate";"Reference absente du catalogue Odoo; validation metier requise."
"2482AGACMUVZ";"PB VT AC BMW X1 CAPT CAM HUD  15-";"Pare-brise";"product";"1";"";"";"";"";"";"create_candidate";"Reference absente du catalogue Odoo; validation metier requise."
"2482AGACMVZ";"PB VT AC.BMW X1 F48 +CAPT+LDW  15-";"Pare-brise";"product";"15";"";"";"";"";"";"create_candidate";"Reference absente du catalogue Odoo; validation metier requise."
"2482ASDHB";"JC FINITION MOUSSE BMW X1 15-";"Joint";"product";"4";"";"";"";"";"";"create_candidate";"Reference absente du catalogue Odoo; validation metier requise."
"2482ASGRT";"JC SUP BMW X1 15-";"Joint";"product";"9";"";"";"";"";"";"create_candidate";"Reference absente du catalogue Odoo; validation metier requise."
"2482LGSR5RVWZ";"DÉFLECTEUR ARRIÈRE GAUCHE TEINTÉ VERT BMW X1 F48          15-MO 1.50";"Glace laterale";"product";"1";"";"";"";"";"";"create_candidate";"Reference absente du catalogue Odoo; validation metier requise."
"2482LYPR5RVWZ";"DEFL ARG PRIV BMW X1 F48       15-22";"Glace laterale";"product";"1";"";"";"";"";"";"create_candidate";"Reference absente du catalogue Odoo; validation metier requise."
"2482RGSR5FD";"DESC AVD VT BMW X1             15-";"Glace laterale";"product";"1";"";"";"";"";"";"create_candidate";"Reference absente du catalogue Odoo; validation metier requise."
"2482RYPR5RVWZ";"DÉFLECTEUR ARRIÈRE DROIT PRIVACY (NOIR) BMW X1 F48 15-MO 1.50";"Glace laterale";"product";"2";"";"";"";"";"";"create_candidate";"Reference absente du catalogue Odoo; validation metier requise."
"2484AGSCMVZ";"PB VT MINI COUNTRYMAN  CAPT LDW 17-";"Pare-brise";"product";"4";"";"";"";"";"";"create_candidate";"Reference absente du catalogue Odoo; validation metier requise."
"2487AGACMUVZ1L";"PB  VERT AC BMW IX3  CAPTEUR DE PLUIE CAMÉRA";"Pare-brise";"product";"1";"";"";"";"";"";"create_candidate";"Reference absente du catalogue Odoo; validation metier requise."
"2487AGACMVZ2L";"PB VT AC BMW IX3  CAPT 3 CAM  22-";"Pare-brise";"product";"1";"";"";"";"";"";"create_candidate";"Reference absente du catalogue Odoo; validation metier requise."
"2487ASGRT";"JC SUP PB BMW X3 G01 17-";"Joint";"product";"1";"";"";"";"";"";"create_candidate";"Reference absente du catalogue Odoo; validation metier requise."
"2488BYPRABZ";"PRIVLUN  BMW X4 G02 ANT 18-";"Lunette";"product";"1";"";"";"";"";"";"create_candidate";"Reference absente du catalogue Odoo; validation metier requise."
"2496AGACMVZ";"PB VT ACO BMW SIE 1 F40  CAPT CAM  19-24";"Pare-brise";"product";"1";"";"";"";"";"";"create_candidate";"Reference absente du catalogue Odoo; validation metier requise."
"2496LGSH5FD";"DESC AVG VT BMW SERIE 1 F40    19-";"Glace laterale";"product";"1";"";"";"";"";"";"create_candidate";"Reference absente du catalogue Odoo; validation metier requise."
"260103547R";"PHARE AVD RENAULT CLIO III 05 - 09";"Autres";"product";"1";"";"";"";"";"";"create_candidate";"Reference absente du catalogue Odoo; validation metier requise."
"265557200R";"FEU ARG";"Autres";"product";"1";"";"";"";"";"";"create_candidate";"Reference absente du catalogue Odoo; validation metier requise."
"2678145";"OPTIQUE AVG";"Autres";"product";"1";"";"";"";"";"";"create_candidate";"Reference absente du catalogue Odoo; validation metier requise."
"2714AGN1C";"PB VT CITROEN VISA/C15         78-08";"Pare-brise";"product";"2";"";"";"";"";"";"create_candidate";"Reference absente du catalogue Odoo; validation metier requise."
"2714ASRH";"JT PB CITROEN VISA/C15       78-08";"Joint";"product";"1";"";"";"";"";"";"create_candidate";"Reference absente du catalogue Odoo; validation metier requise."
"2717AGN1C";"PB VT CITROEN AX                   87-96";"Pare-brise";"product";"3";"";"";"";"";"";"create_candidate";"Reference absente du catalogue Odoo; validation metier requise."
"2717ASMH";"JC PB CITROEN AX  87-96";"Joint";"product";"4";"";"";"";"";"";"create_candidate";"Reference absente du catalogue Odoo; validation metier requise."
"2719AGN";"PB VT CITROEN ZX                   91-98";"Pare-brise";"product";"1";"";"";"";"";"";"create_candidate";"Reference absente du catalogue Odoo; validation metier requise."
"2719AKMH";"JC CALES PB KIT COMPLET CITROEN ZX 91-98";"Joint";"product";"1";"";"";"";"";"";"create_candidate";"Reference absente du catalogue Odoo; validation metier requise."
"2724ACC1P";"PB REFL  BERLINGO/PARTNER       96-08";"Pare-brise";"product";"10";"";"";"";"";"";"create_candidate";"Reference absente du catalogue Odoo; validation metier requise."
"2724ACCM6T";"PB REFL BERLINGO/PARTNER CAPT  96-08";"Pare-brise";"product";"1";"";"";"";"";"";"create_candidate";"Reference absente du catalogue Odoo; validation metier requise."
"2724AGS1P";"PB VT BERLINGO / PARTNER 96-08";"Pare-brise";"product";"27";"";"";"";"";"";"create_candidate";"Reference absente du catalogue Odoo; validation metier requise."
"2724AKMV1H";"JC SOUPLE CALES KIT PB PARTNER/BERLINGO";"Joint";"product";"26";"";"";"";"";"";"create_candidate";"Reference absente du catalogue Odoo; validation metier requise."
"2724AKMV1H9";"VO - JC SOUPLE+C. KIT PB PARTNER/BERLING";"Joint";"product";"5";"";"";"";"";"";"create_candidate";"Reference absente du catalogue Odoo; validation metier requise."
"2724BCLVLU";"LUN CL GCHE NON CH BERLINGO/PARTNER";"Lunette";"product";"1";"";"";"";"";"";"create_candidate";"Reference absente du catalogue Odoo; validation metier requise."
"2724BCLVR";"LUN CL DR CH BERLINGO/PARTNER   96-08";"Lunette";"product";"1";"";"";"";"";"";"create_candidate";"Reference absente du catalogue Odoo; validation metier requise."
"2724BGNV";"LUN VT HAYON BERLINGO/PARTNER   96-08";"Lunette";"product";"1";"";"";"";"";"";"create_candidate";"Reference absente du catalogue Odoo; validation metier requise."
"2724BGNVL";"LUN VT ARG CHAUF  BERLINGO     96-08";"Lunette";"product";"4";"";"";"";"";"";"create_candidate";"Reference absente du catalogue Odoo; validation metier requise."
"2724BGNVLU";"LUN VT GAUCH BERLINGO/PARTNER NON CHAUF";"Lunette";"product";"1";"";"";"";"";"";"create_candidate";"Reference absente du catalogue Odoo; validation metier requise."
"2724BGNVRU";"LUN VT DROITE BERLINGO/PARTNER NON CH";"Lunette";"product";"2";"";"";"";"";"";"create_candidate";"Reference absente du catalogue Odoo; validation metier requise."
"2724LGNV2FD";"DESC AVG VT BERLINGO/PARTNER     96-08";"Glace laterale";"product";"3";"";"";"";"";"";"create_candidate";"Reference absente du catalogue Odoo; validation metier requise."
"2724RGNV2FD";"DESC AVD VT BERLINGO/PARTNER     96-08";"Glace laterale";"product";"1";"";"";"";"";"";"create_candidate";"Reference absente du catalogue Odoo; validation metier requise."
"2724RGNV4RDOW";"GL PORT COUL ARD OUV VT BERLI/PART 96-08";"Glace laterale";"product";"3";"";"";"";"";"";"create_candidate";"Reference absente du catalogue Odoo; validation metier requise."
"2725ACCMV6T";"PB REFL.XSARA+CAPT.PLUIE/LUMIE 01-04";"Pare-brise";"product";"2";"";"";"";"";"";"create_candidate";"Reference absente du catalogue Odoo; validation metier requise."
"2725ACCV1B";"PB REFL CITROEN XSARA   97-04";"Pare-brise";"product";"1";"";"";"";"";"";"create_candidate";"Reference absente du catalogue Odoo; validation metier requise."
"2725AGSV1B";"PB VT CITROEN XSARA                97-04";"Pare-brise";"product";"1";"";"";"";"";"";"create_candidate";"Reference absente du catalogue Odoo; validation metier requise."
"2725AKMHT";"JC+CALES KIT PB COMP. XSARA  97-04";"Joint";"product";"5";"";"";"";"";"";"create_candidate";"Reference absente du catalogue Odoo; validation metier requise."
"2725BGNHZ";"LUN.VT CITROEN XSARA BNE 3/5P 97-04";"Lunette";"product";"2";"";"";"";"";"";"create_candidate";"Reference absente du catalogue Odoo; validation metier requise."
"2725RGNH5FD";"DESC AVD VT XSARA 5P/BK   97-04";"Glace laterale";"product";"1";"";"";"";"";"";"create_candidate";"Reference absente du catalogue Odoo; validation metier requise."
"2725RGNH5RD";"DESC ARD VT XSARA BNE 5P   97-02";"Glace laterale";"product";"1";"";"";"";"";"";"create_candidate";"Reference absente du catalogue Odoo; validation metier requise."
"2726ACCMV1B";"PB REFL.CITROEN C3 +CAPT           03-09";"Pare-brise";"product";"1";"";"";"";"";"";"create_candidate";"Reference absente du catalogue Odoo; validation metier requise."
"2726AGSMV1B";"PB VT CITROEN C3 3/5P+CAPT    02-09";"Pare-brise";"product";"2";"";"";"";"";"";"create_candidate";"Reference absente du catalogue Odoo; validation metier requise."
"2726AGSMV1B-O";"PARE-BRISE TEINTÉ VERT CITROEN C3 3 ET 5 PORTES CAPTEUR DE PLUIE 02-09MO 1,80";"Pare-brise";"product";"1";"";"";"";"";"";"create_candidate";"Reference absente du catalogue Odoo; validation metier requise."
"2726AGSV";"PB VT CITROEN C3 3/5P 02-09";"Pare-brise";"product";"28";"";"";"";"";"";"create_candidate";"Reference absente du catalogue Odoo; validation metier requise."
"2726AGSV-PERDU";"PB VT CITROEN C3 3/5P              02-09";"Pare-brise";"product";"1";"";"";"";"";"";"create_candidate";"Reference absente du catalogue Odoo; validation metier requise."
"2726AKMH1F";"JCS PB KIT COMPLET CITROEN C3    02-09";"Joint";"product";"6";"";"";"";"";"";"create_candidate";"Reference absente du catalogue Odoo; validation metier requise."
"2726AKMH1F9";"VO - JCS PB KIT COMP.  CITROEN C3 02-09";"Joint";"product";"3";"";"";"";"";"";"create_candidate";"Reference absente du catalogue Odoo; validation metier requise."
"2726ASMH";"JC PB CITROEN C3                   02-09";"Joint";"product";"21";"";"";"";"";"";"create_candidate";"Reference absente du catalogue Odoo; validation metier requise."
"2726ASMHB";"JC INF PB CITROEN C3               02-09";"Joint";"product";"23";"";"";"";"";"";"create_candidate";"Reference absente du catalogue Odoo; validation metier requise."
"2726ASMHB-PERDU";"JC INF PB CITROEN C3               02-09";"Joint";"product";"1";"";"";"";"";"";"create_candidate";"Reference absente du catalogue Odoo; validation metier requise."
"2726ASMH-PERDU";"JC PB CITROEN C3                   02-09";"Joint";"product";"1";"";"";"";"";"";"create_candidate";"Reference absente du catalogue Odoo; validation metier requise."
"2726BGSH";"LUN VT CITROEN C3                  02-09";"Lunette";"product";"1";"";"";"";"";"";"create_candidate";"Reference absente du catalogue Odoo; validation metier requise."
"2726BGSHW";"LUN.VT CITROEN C3 02-09";"Lunette";"product";"5";"";"";"";"";"";"create_candidate";"Reference absente du catalogue Odoo; validation metier requise."
"2726BGSHW-PERDU";"LUN VT CITROEN C3                  02-09";"Lunette";"product";"1";"";"";"";"";"";"create_candidate";"Reference absente du catalogue Odoo; validation metier requise."
"2726LGSH5FD";"GLACE DESCENDANTE AVANT GAUCHE TEINTÉ VERT CITROEN C3 02-09";"Glace laterale";"product";"2";"";"";"";"";"";"create_candidate";"Reference absente du catalogue Odoo; validation metier requise."
"2726LGSH5FV";"DEFL AVG VT CITROEN C3             02-09";"Glace laterale";"product";"2";"";"";"";"";"";"create_candidate";"Reference absente du catalogue Odoo; validation metier requise."
"2726LGSH5RQ";"CUST ARG VT CITROEN C3             02-09";"Glace laterale";"product";"6";"";"";"";"";"";"create_candidate";"Reference absente du catalogue Odoo; validation metier requise."
"2726RGSH5FD";"DESC AVD VT CITROEN C3             02-09";"Glace laterale";"product";"2";"";"";"";"";"";"create_candidate";"Reference absente du catalogue Odoo; validation metier requise."
"2726RGSH5FV";"DEFL AVD VT CITROEN C3             02-09";"Glace laterale";"product";"1";"";"";"";"";"";"create_candidate";"Reference absente du catalogue Odoo; validation metier requise."
"2727ACCMV6T";"PB REFL.CITROEN C5 +1 CAPTEUR      03-08";"Pare-brise";"product";"2";"";"";"";"";"";"create_candidate";"Reference absente du catalogue Odoo; validation metier requise."
"2727AKKH1F";"JCS+CALES PB KIT COMP. CITROEN C5 01-08";"Joint";"product";"2";"";"";"";"";"";"create_candidate";"Reference absente du catalogue Odoo; validation metier requise."
"2727BGSHBZ1H";"LUN VT CITROEN C5 BNE TROU 00-04";"Lunette";"product";"1";"";"";"";"";"";"create_candidate";"Reference absente du catalogue Odoo; validation metier requise."
"2729ACCV";"PB REFL.CITROEN XSARA PICASSO 00-04";"Pare-brise";"product";"5";"";"";"";"";"";"create_candidate";"Reference absente du catalogue Odoo; validation metier requise."
"2729ACCV1C";"PB REFL CITROEN PICASSO            04-09";"Pare-brise";"product";"1";"";"";"";"";"";"create_candidate";"Reference absente du catalogue Odoo; validation metier requise."
"2729AGSV";"PB VT CITROEN PICASSO              00-04";"Pare-brise";"product";"2";"";"";"";"";"";"create_candidate";"Reference absente du catalogue Odoo; validation metier requise."
"2729AGSV1C";"PB VT CITROEN PICASSO            04-09";"Pare-brise";"product";"1";"";"";"";"";"";"create_candidate";"Reference absente du catalogue Odoo; validation metier requise."
"2729AKMV";"JC+CALES KIT PB COMP. PICASSO 00-08";"Joint";"product";"11";"";"";"";"";"";"create_candidate";"Reference absente du catalogue Odoo; validation metier requise."
"2729ASMV";"ENJOLIVEUR PARE-BRISE CITROEN PICASSO 00-08";"Joint";"product";"3";"";"";"";"";"";"create_candidate";"Reference absente du catalogue Odoo; validation metier requise."
"2729LGSV5RD";"DESC ARG VT PICASSO 1              99-09";"Glace laterale";"product";"1";"";"";"";"";"";"create_candidate";"Reference absente du catalogue Odoo; validation metier requise."
"2731AGSV";"PB VT CITROEN C2                   03-08";"Pare-brise";"product";"8";"";"";"";"";"";"create_candidate";"Reference absente du catalogue Odoo; validation metier requise."
"2731AKCHS";"CLIPS LAT. KIT PB CITROEN C2       03-08";"Joint";"product";"3";"";"";"";"";"";"create_candidate";"Reference absente du catalogue Odoo; validation metier requise."
"2731AKKH2F";"JCS CALES PB KIT COMP  CITROEN C2 03-08";"Joint";"product";"3";"";"";"";"";"";"create_candidate";"Reference absente du catalogue Odoo; validation metier requise."
"2731ASMHB";"JC INF PB CITROEN C2               03-08";"Joint";"product";"2";"";"";"";"";"";"create_candidate";"Reference absente du catalogue Odoo; validation metier requise."
"2731ASMHT";"JC SUP PB CITROEN C2               03-08";"Joint";"product";"5";"";"";"";"";"";"create_candidate";"Reference absente du catalogue Odoo; validation metier requise."
"2731B/ 8744CX";"LUNETTE TEINTÉ VERT CITROEN C2 03-08";"Lunette";"product";"1";"";"";"";"";"";"create_candidate";"Reference absente du catalogue Odoo; validation metier requise."
"2731BGSHBW1H";"LUN VT CITROEN C2  2 TROUS     03-08";"Lunette";"product";"1";"";"";"";"";"";"create_candidate";"Reference absente du catalogue Odoo; validation metier requise."
"2731LGSH3FD";"DESC AVG VT CITROEN C2        03-08";"Glace laterale";"product";"1";"";"";"";"";"";"create_candidate";"Reference absente du catalogue Odoo; validation metier requise."
"2732ACDMVW2P";"PB REFL.C4+CAPT+RETR.ELECT.04-10";"Pare-brise";"product";"14";"";"";"";"";"";"create_candidate";"Reference absente du catalogue Odoo; validation metier requise."
"2732AGAVW";"PB VT ACO CITROEN C4   04-10";"Pare-brise";"product";"1";"";"";"";"";"";"create_candidate";"Reference absente du catalogue Odoo; validation metier requise."
"2732AGSMVW1B";"PARE-BRISE TEINTÉ VERT CITROEN C4 CAPTEUR DE PLUIE RETRO MANUEL 04-10MO 2,50";"Pare-brise";"product";"2";"";"";"";"";"";"create_candidate";"Reference absente du catalogue Odoo; validation metier requise."
"2732AGSMVW1B - O";"PARE-BRISE TEINTÉ VERT CITROEN C4 CAPTEUR DE PLUIE RETRO MANUEL 04-10MO 2.50";"Pare-brise";"product";"1";"";"";"";"";"";"create_candidate";"Reference absente du catalogue Odoo; validation metier requise."
"2732AGSMVW1B-O";"PB VT CITROEN C4 CAPT RETRO MANU 04-10";"Pare-brise";"product";"1";"";"";"";"";"";"create_candidate";"Reference absente du catalogue Odoo; validation metier requise."
"2732AGSMVW2P";"PB VT C4  CAPT RETRO ELECT 04-10";"Pare-brise";"product";"7";"";"";"";"";"";"create_candidate";"Reference absente du catalogue Odoo; validation metier requise."
"2732AGSVW";"PB VT CITROEN C4 04-10";"Pare-brise";"product";"13";"";"";"";"";"";"create_candidate";"Reference absente du catalogue Odoo; validation metier requise."
"2732ASMHL";"JC PB GAUCHE CITROEN C4            04-10";"Joint";"product";"1";"";"";"";"";"";"create_candidate";"Reference absente du catalogue Odoo; validation metier requise."
"2732ASMHR";"JC PB DROIT CITROEN C4             04-10";"Joint";"product";"1";"";"";"";"";"";"create_candidate";"Reference absente du catalogue Odoo; validation metier requise."
"2732BGSHB1J";"LUN INF VT CITROEN C4 3PTES   STOP 04-10";"Lunette";"product";"1";"";"";"";"";"";"create_candidate";"Reference absente du catalogue Odoo; validation metier requise."
"2732BGSHY2J";"LUN VT CITROEN C4 SUPERIEURE 3P 04-10";"Lunette";"product";"1";"";"";"";"";"";"create_candidate";"Reference absente du catalogue Odoo; validation metier requise."
"2732LGSH3FVZ";"DEFL.AVG VT CITROEN C4 3/5PTES 04-10";"Glace laterale";"product";"1";"";"";"";"";"";"create_candidate";"Reference absente du catalogue Odoo; validation metier requise."
"2732LGSH5RD";"DESC ARG VT CITROEN C4  5PTES 04-10";"Glace laterale";"product";"1";"";"";"";"";"";"create_candidate";"Reference absente du catalogue Odoo; validation metier requise."
"2734AKDH1F";"MOUSSE INT  PB 1C/107/AYGO     05-14";"Joint";"product";"1";"";"";"";"";"";"create_candidate";"Reference absente du catalogue Odoo; validation metier requise."
"2734RGSH3RQ";"CUST. ARRIERE DROITE VERT SOLAR";"Glace laterale";"product";"1";"";"";"";"";"";"create_candidate";"Reference absente du catalogue Odoo; validation metier requise."
"2735ACDMVZ6A";"PARE-BRISE ATHERMIQUE C4 PICASSO 1 CAPTEUR DE PLUIE 06-";"Pare-brise";"product";"2";"";"";"";"";"";"create_candidate";"Reference absente du catalogue Odoo; validation metier requise."
"2735ACDMVZ7A";"PARE-BRISE ATHERMIQUE C4 PICASSO 1 CAPTEUR DE PLUIE 06-";"Pare-brise";"product";"2";"";"";"";"";"";"create_candidate";"Reference absente du catalogue Odoo; validation metier requise."
"2735AGAMVZ6A";"PB VT CITROEN C4 PICASSO 1+CAPT 06-";"Pare-brise";"product";"4";"";"";"";"";"";"create_candidate";"Reference absente du catalogue Odoo; validation metier requise."
"2735AGAMVZ6A-T";"PB VT CITROEN C4 PICASSO 1+CAPT 06-";"Pare-brise";"product";"1";"";"";"";"";"";"create_candidate";"Reference absente du catalogue Odoo; validation metier requise."
"2735AGCMVZ7A";"PB VT SEAT IBIZA 5 5PTES      08-17";"Pare-brise";"product";"2";"";"";"";"";"";"create_candidate";"Reference absente du catalogue Odoo; validation metier requise."
"2735AKCMS19";"VO - CLIPS LAT. KIT PB C4 PICASSO1 06-13";"Joint";"product";"4";"";"";"";"";"";"create_candidate";"Reference absente du catalogue Odoo; validation metier requise."
"2735BGSM1J";"LUN VT C4 GD PICASSO 1   06-13";"Lunette";"product";"1";"";"";"";"";"";"create_candidate";"Reference absente du catalogue Odoo; validation metier requise."
"2735BYPMOW1R";"CITROEN C4 GRAND PICASSO I (06-13): LUNETTE GRISE SURTEINTEE CHAUFF.+ OUVRANTE + ACC.+ 4 TROUS (CHGT TROU/TAILLE)";"Lunette";"product";"1";"";"";"";"";"";"create_candidate";"Reference absente du catalogue Odoo; validation metier requise."
"2735LGPM5RDKW";"GLACE DESCENDANTE ARRIÈRE GAUCHE FEUILLETE SURTEINT C4 PICASSO 1";"Glace laterale";"product";"1";"";"";"";"";"";"create_candidate";"Reference absente du catalogue Odoo; validation metier requise."
"2735LGSM5RDW";"DESC ARG VT C4 PICASSO 1  5 PL   06-13";"Glace laterale";"product";"1";"";"";"";"";"";"create_candidate";"Reference absente du catalogue Odoo; validation metier requise."
"2738AGN";"PB VT C-CROSSER/4007/OUTLAND 07-11";"Pare-brise";"product";"1";"";"";"";"";"";"create_candidate";"Reference absente du catalogue Odoo; validation metier requise."
"2738ASMRT";"JC SUP PB C-CROSSER/4007/OUTLA 2 03-12";"Joint";"product";"1";"";"";"";"";"";"create_candidate";"Reference absente du catalogue Odoo; validation metier requise."
"2738BGNR";"LUN VT C-CROSSER /4007    07-12";"Lunette";"product";"1";"";"";"";"";"";"create_candidate";"Reference absente du catalogue Odoo; validation metier requise."
"2738RGNR5FDW";"DESC AVD VT CITR C-CROSSER/PEUG 4007 07-";"Glace laterale";"product";"1";"";"";"";"";"";"create_candidate";"Reference absente du catalogue Odoo; validation metier requise."
"2740AGAMVZ1B";"PB VT ACO.CITROEN C5 II+ CAPT 08-";"Pare-brise";"product";"3";"";"";"";"";"";"create_candidate";"Reference absente du catalogue Odoo; validation metier requise."
"2740AGAVZ";"PB VT ACOUST.CITROEN C5 II 08-";"Pare-brise";"product";"1";"";"";"";"";"";"create_candidate";"Reference absente du catalogue Odoo; validation metier requise."
"2740AKCSS";"CLIPS LAT. KIT PB CITROEN C5 II 08-";"Joint";"product";"1";"";"";"";"";"";"create_candidate";"Reference absente du catalogue Odoo; validation metier requise."
"2740AKCSS9";"VO - CLIPS LAT. KIT PB C5 II     08-";"Joint";"product";"2";"";"";"";"";"";"create_candidate";"Reference absente du catalogue Odoo; validation metier requise."
"2740LGAS4FDKW";"DESC AVG FEUIL VT CITROEN C5 5P/BK 08-17";"Glace laterale";"product";"1";"";"";"";"";"";"create_candidate";"Reference absente du catalogue Odoo; validation metier requise."
"2740LGAS4RDK";"DESC.ARG FEUIL VT CITROEN C5 5P 08-";"Glace laterale";"product";"1";"";"";"";"";"";"create_candidate";"Reference absente du catalogue Odoo; validation metier requise."
"2740LGSS4RD";"DESC.ARG VT CITROEN C5 08-";"Glace laterale";"product";"1";"";"";"";"";"";"create_candidate";"Reference absente du catalogue Odoo; validation metier requise."
"2740RGSS4FVZ";"DEFL AVD VT CITROEN C5   08-17";"Glace laterale";"product";"1";"";"";"";"";"";"create_candidate";"Reference absente du catalogue Odoo; validation metier requise."
"2741ACCMVZ2P";"PB ATH BERLINGO/PARTNER+CAPT.08-";"Pare-brise";"product";"1";"";"";"";"";"";"create_candidate";"Reference absente du catalogue Odoo; validation metier requise."
"2741ACCVZ1P";"PB ATH BERLINGO/PARTNER  EMB     08-";"Pare-brise";"product";"13";"";"";"";"";"";"create_candidate";"Reference absente du catalogue Odoo; validation metier requise."
"2741AGSMVZ2P";"PB VT BERLINGO/PARTNER CAPT 08-18";"Pare-brise";"product";"1";"";"";"";"";"";"create_candidate";"Reference absente du catalogue Odoo; validation metier requise."
"2741AGSVZ";"PB VT BERLINGO/PARTNER            08-18";"Pare-brise";"product";"4";"";"";"";"";"";"create_candidate";"Reference absente du catalogue Odoo; validation metier requise."
"2741AGSVZ1P";"PB VT BERLINGO/PARTNER+EMB 08-";"Pare-brise";"product";"92";"";"";"";"";"";"create_candidate";"Reference absente du catalogue Odoo; validation metier requise."
"2741AGSVZ-PERDU";"PB VT BERLINGO/PARTNER            08-18";"Pare-brise";"product";"1";"";"";"";"";"";"create_candidate";"Reference absente du catalogue Odoo; validation metier requise."
"2741BGPVRU";"LUN ARD VT FONCEE BERLINGO 2 08-18";"Lunette";"product";"1";"";"";"";"";"";"create_candidate";"Reference absente du catalogue Odoo; validation metier requise."
"2741BGSV";"LUNETTE TEINTÉ VERT HAYON FIXE BERLINGO 2/PARTN 2 08-";"Lunette";"product";"4";"";"";"";"";"";"create_candidate";"Reference absente du catalogue Odoo; validation metier requise."
"2741BGSVL";"LUN.ARG CHAUF.VT BERLINGO 2/PARTN.2 08-";"Lunette";"product";"10";"";"";"";"";"";"create_candidate";"Reference absente du catalogue Odoo; validation metier requise."
"2741BGSVRU";"LUN ARD VT BERLINGO 2/PARTN 2 08-18";"Lunette";"product";"10";"";"";"";"";"";"create_candidate";"Reference absente du catalogue Odoo; validation metier requise."
"2741LGSV3FD";"DESC.AVG VT BERLINGO/PARTNER     08-";"Glace laterale";"product";"6";"";"";"";"";"";"create_candidate";"Reference absente du catalogue Odoo; validation metier requise."
"2741LGSV3FVZ";"DÉFLECTEUR AVANT GAUCHE TEINTÉ VERT BERLINGO/PARTNER 08-18";"Glace laterale";"product";"7";"";"";"";"";"";"create_candidate";"Reference absente du catalogue Odoo; validation metier requise."
"2741RGPV3RDOZ";"PTE ARD OUVR VT FONCEE BERLINGO  08-18";"Glace laterale";"product";"1";"";"";"";"";"";"create_candidate";"Reference absente du catalogue Odoo; validation metier requise."
"2741RGSV3FD";"DESC.AVD VT BERLINGO/PARTNER     08-";"Glace laterale";"product";"4";"";"";"";"";"";"create_candidate";"Reference absente du catalogue Odoo; validation metier requise."
"2741RGSV3FVZ";"DÉFLECTEUR AVANT DROIT TEINTÉ VERT BERLINGO/PARTNER 08-18";"Glace laterale";"product";"7";"";"";"";"";"";"create_candidate";"Reference absente du catalogue Odoo; validation metier requise."
"2741RGSV3RDOZ";"PTE ARD OUVR VT BERLINGO  08-";"Glace laterale";"product";"1";"";"";"";"";"";"create_candidate";"Reference absente du catalogue Odoo; validation metier requise."
"2741RGSV3RDZ";"PTE ARD FIXE VT BERLINGO 08-18";"Glace laterale";"product";"2";"";"";"";"";"";"create_candidate";"Reference absente du catalogue Odoo; validation metier requise."
"2741RGSV4RQ";"CUST ARD VT BERLINGO 4P 08-18";"Glace laterale";"product";"2";"";"";"";"";"";"create_candidate";"Reference absente du catalogue Odoo; validation metier requise."
"2742AGSMVWZ1B";"PB VT CITROEN C3 PICASSO  CAPT  09-";"Pare-brise";"product";"1";"";"";"";"";"";"create_candidate";"Reference absente du catalogue Odoo; validation metier requise."
"2742AGSVWZ";"PB VT CITROEN C3 PICASSO 09-";"Pare-brise";"product";"4";"";"";"";"";"";"create_candidate";"Reference absente du catalogue Odoo; validation metier requise."
"2742AKMMS";"KIT ENJOLIVEUR LATÉRALE KIT PARE-BRISE CITROEN C3 PICASSO 09-17";"Joint";"product";"1";"";"";"";"";"";"create_candidate";"Reference absente du catalogue Odoo; validation metier requise."
"2742ASMML";"JC ENJO GCHE PB CITROEN C3 PICASSO 09-";"Joint";"product";"2";"";"";"";"";"";"create_candidate";"Reference absente du catalogue Odoo; validation metier requise."
"2742ASMMR";"JC ENJO DROIT PB CITROEN C3 PICASSO 09-";"Joint";"product";"2";"";"";"";"";"";"create_candidate";"Reference absente du catalogue Odoo; validation metier requise."
"2742RGDM5RQZ";"CUST ARD VT FONCEE C3 PICASSO 09-17";"Glace laterale";"product";"1";"";"";"";"";"";"create_candidate";"Reference absente du catalogue Odoo; validation metier requise."
"2742RGDM5RQZ-O";"CUST ARD VT FONCEE C3 PICASSO 09-17";"Glace laterale";"product";"1";"";"";"";"";"";"create_candidate";"Reference absente du catalogue Odoo; validation metier requise."
"2742RGSM5RQ";"CUST ARD VT C3 PICASSO        09-17";"Glace laterale";"product";"1";"";"";"";"";"";"create_candidate";"Reference absente du catalogue Odoo; validation metier requise."
"2743AGSVZ";"PB VT CITROEN C3 II 3/5P 09-16";"Pare-brise";"product";"44";"";"";"";"";"";"create_candidate";"Reference absente du catalogue Odoo; validation metier requise."
"2743AKMHS";"JCS LAT D/G PB CITROEN C3 II 09-16";"Joint";"product";"2";"";"";"";"";"";"create_candidate";"Reference absente du catalogue Odoo; validation metier requise."
"2743ASMHL";"ENJOLIVEUR PARE-BRISE LATÉRALE GAUCHE CITROEN C3 3 ET 5 PORTES 09-16";"Joint";"product";"3";"";"";"";"";"";"create_candidate";"Reference absente du catalogue Odoo; validation metier requise."
"2743ASMHR";"JC PB LAT  DROIT CITROEN C3 3/5P 09-16";"Joint";"product";"2";"";"";"";"";"";"create_candidate";"Reference absente du catalogue Odoo; validation metier requise."
"2743BGSH";"LUN VT CITROEN C3 II  10-16";"Lunette";"product";"10";"";"";"";"";"";"create_candidate";"Reference absente du catalogue Odoo; validation metier requise."
"2743CGSGYVZ";"PB VTGY CITROEN C3 3/5P ZENITH 09-";"Pare-brise";"product";"4";"";"";"";"";"";"create_candidate";"Reference absente du catalogue Odoo; validation metier requise."
"2743CGSGYVZ1D";"PB VT CITROEN C3";"Pare-brise";"product";"2";"";"";"";"";"";"create_candidate";"Reference absente du catalogue Odoo; validation metier requise."
"2743LGNH5FD";"DESC AVG VT CITROEN C3 II     10-16";"Glace laterale";"product";"2";"";"";"";"";"";"create_candidate";"Reference absente du catalogue Odoo; validation metier requise."
"2743LGNH5FVZ";"DÉFLECTEUR AVANT GAUCHE TEINTÉ VERT CITROEN C3 II 10-16";"Glace laterale";"product";"2";"";"";"";"";"";"create_candidate";"Reference absente du catalogue Odoo; validation metier requise."
"2743RGNH5FD";"GLACE DESCENDANTE AVANT DROIT TEINTÉ VERT CITROEN C3 II 10-16";"Glace laterale";"product";"2";"";"";"";"";"";"create_candidate";"Reference absente du catalogue Odoo; validation metier requise."
"2743RGNH5FVZ";"DEFL AVD VT CITROEN C3 II     10-16";"Glace laterale";"product";"4";"";"";"";"";"";"create_candidate";"Reference absente du catalogue Odoo; validation metier requise."
"2745AGAMVZ1B";"PB VT ACO.DS3 +CAPT.3P+CABRIO.10-";"Pare-brise";"product";"22";"";"";"";"";"";"create_candidate";"Reference absente du catalogue Odoo; validation metier requise."
"2745AGAVZ";"PB VT ACO.CITROEN DS3 3P+CABR. 10-";"Pare-brise";"product";"22";"";"";"";"";"";"create_candidate";"Reference absente du catalogue Odoo; validation metier requise."
"2745AGAVZ-O";"PB VT ACO CITROEN DS3 3P CABR  10-";"Pare-brise";"product";"4";"";"";"";"";"";"create_candidate";"Reference absente du catalogue Odoo; validation metier requise."
"2745AGAVZ-T";"PARE-BRISE TEINTÉ VERT ACOUSTIQUE CITROEN DS3 3 PORTES CABRIOLET 10-";"Pare-brise";"product";"1";"";"";"";"";"";"create_candidate";"Reference absente du catalogue Odoo; validation metier requise."
"2745AGSVZ";"PB VT CITROEN DS3 3P CABRIO     10-19";"Pare-brise";"product";"1";"";"";"";"";"";"create_candidate";"Reference absente du catalogue Odoo; validation metier requise."
"2745AGSVZ - O";"PARE-BRISE TEINTÉ VERT CITROEN DS3 3 PORTES CABRIOLET 10-19MO 1.90";"Pare-brise";"product";"1";"";"";"";"";"";"create_candidate";"Reference absente du catalogue Odoo; validation metier requise."
"2745BGDH";"LUN VT FONCEE CITROEN DS3 3P  10-";"Lunette";"product";"2";"";"";"";"";"";"create_candidate";"Reference absente du catalogue Odoo; validation metier requise."
"2745BGPH";"LUN VT SURTEINTEE DS3 3P  10-";"Lunette";"product";"1";"";"";"";"";"";"create_candidate";"Reference absente du catalogue Odoo; validation metier requise."
"2745LGDH3RQZ";"CUST ARG VT FON DS3 3P CABR  10-19";"Glace laterale";"product";"1";"";"";"";"";"";"create_candidate";"Reference absente du catalogue Odoo; validation metier requise."
"2745LGSH3FD";"GLACE DESCENDANTE AVANT GAUCHE TEINTÉ VERT DS3 3 PORTES CABRIOLET  10-MO 0.50";"Glace laterale";"product";"1";"";"";"";"";"";"create_candidate";"Reference absente du catalogue Odoo; validation metier requise."
"2745RGSH3FVZ";"DEFL.AVD VT DS3 3P+CABR 10-";"Glace laterale";"product";"3";"";"";"";"";"";"create_candidate";"Reference absente du catalogue Odoo; validation metier requise."
"2746AGAMVW1B";"PB VT ACO CITROEN C4 II CAPT  10-18";"Pare-brise";"product";"2";"";"";"";"";"";"create_candidate";"Reference absente du catalogue Odoo; validation metier requise."
"2746AGSMVW1B";"PB VT CITROEN C4 II+CAPT 10-";"Pare-brise";"product";"18";"";"";"";"";"";"create_candidate";"Reference absente du catalogue Odoo; validation metier requise."
"2746AGSVW";"PB VT CITROEN C4 II 10-";"Pare-brise";"product";"14";"";"";"";"";"";"create_candidate";"Reference absente du catalogue Odoo; validation metier requise."
"2746BGPHA";"LUN.VT FONCEE CITROEN C4 II+ANT.10-";"Lunette";"product";"1";"";"";"";"";"";"create_candidate";"Reference absente du catalogue Odoo; validation metier requise."
"2746BGSHA";"LUN VT CITROEN C4 II ANT 10-18";"Lunette";"product";"1";"";"";"";"";"";"create_candidate";"Reference absente du catalogue Odoo; validation metier requise."
"2746LGSH5RD";"DESC ARG VT CITROEN C4 II 5PTES 10-18";"Glace laterale";"product";"1";"";"";"";"";"";"create_candidate";"Reference absente du catalogue Odoo; validation metier requise."
"2748AGAMVW1T";"PB VT ACO CITROEN DS4  CAPT  11-";"Pare-brise";"product";"18";"";"";"";"";"";"create_candidate";"Reference absente du catalogue Odoo; validation metier requise."
"2748AGAVW";"PARE-BRISE TEINTÉ VERT ACOUSTIQUE CITROEN DS4    11-MO 2.40";"Pare-brise";"product";"1";"";"";"";"";"";"create_candidate";"Reference absente du catalogue Odoo; validation metier requise."
"2748LGSC5FVWZ";"DFL AVG CITROEN DS4 11-";"Pare-brise";"product";"1";"";"";"";"";"";"create_candidate";"Reference absente du catalogue Odoo; validation metier requise."
"2750AGNMV2B";"PB VT CITROEN C4 AIRCROSS CAPT 12-17";"Pare-brise";"product";"1";"";"";"";"";"";"create_candidate";"Reference absente du catalogue Odoo; validation metier requise."
"2750ASMR";"JC PB CITROEN C4 AIRCROSS  12-17";"Joint";"product";"1";"";"";"";"";"";"create_candidate";"Reference absente du catalogue Odoo; validation metier requise."
"2750BGNR";"LUNETTE TEINTÉ VERT C4 AIRCROSS                 12-17MO 1.50";"Lunette";"product";"2";"";"";"";"";"";"create_candidate";"Reference absente du catalogue Odoo; validation metier requise."
"2753ACDIMVZ";"PB ATH.C4 PICASSO II +CAPT. 13-";"Pare-brise";"product";"6";"";"";"";"";"";"create_candidate";"Reference absente du catalogue Odoo; validation metier requise."
"2753AGACIMVZ1T";"PB TV AC C4 PICASSO II CAPTEUR DE PLUIE CAM";"Pare-brise";"product";"1";"";"";"";"";"";"create_candidate";"Reference absente du catalogue Odoo; validation metier requise."
"2753RGSM5FD";"DESC AVD VT C4 PICASSO/GD C4 13-";"Glace laterale";"product";"1";"";"";"";"";"";"create_candidate";"Reference absente du catalogue Odoo; validation metier requise."
"2753RYPM5RDW2A";"DESC ARD PRIV C4 PICASSO       13-";"Glace laterale";"product";"1";"";"";"";"";"";"create_candidate";"Reference absente du catalogue Odoo; validation metier requise."
"2754AGS";"PB VT C1 II / 108 / AYGO II  14-";"Pare-brise";"product";"4";"";"";"";"";"";"create_candidate";"Reference absente du catalogue Odoo; validation metier requise."
"2754BGSHOW";"LUN VT C1 II / 108   14-";"Lunette";"product";"1";"";"";"";"";"";"create_candidate";"Reference absente du catalogue Odoo; validation metier requise."
"2754BYPHOW";"LUN PRIV C1 II /108   14-22";"Lunette";"product";"2";"";"";"";"";"";"create_candidate";"Reference absente du catalogue Odoo; validation metier requise."
"2754LGSH3RQ";"CUST ARG VT C1 II / 108 3P    14-22";"Glace laterale";"product";"1";"";"";"";"";"";"create_candidate";"Reference absente du catalogue Odoo; validation metier requise."
"2754LGSH5FD";"GLACE DESCENDANTE AVANT GAUCHE TEINTÉ VERT 108/C1 II /AYGO II 5 PORTES HAYON 14-";"Glace laterale";"product";"1";"";"";"";"";"";"create_candidate";"Reference absente du catalogue Odoo; validation metier requise."
"2755AGAMVZ1D";"PB VT ACO CITROEN C4 CACTUS CAPT 17-20";"Pare-brise";"product";"1";"";"";"";"";"";"create_candidate";"Reference absente du catalogue Odoo; validation metier requise."
"2755AGSMVZ";"PB VT C4 CACTUS +CAPT 14-";"Pare-brise";"product";"5";"";"";"";"";"";"create_candidate";"Reference absente du catalogue Odoo; validation metier requise."
"2755AGSMVZ-O";"PB VT C4 CACTUS  CAPT  14-";"Pare-brise";"product";"1";"";"";"";"";"";"create_candidate";"Reference absente du catalogue Odoo; validation metier requise."
"2755AGSVZ";"PB VT C4 CACTUS 14-";"Pare-brise";"product";"4";"";"";"";"";"";"create_candidate";"Reference absente du catalogue Odoo; validation metier requise."
"2755AGSVZ1N";"PB VT MINCE C4 CACTUS   14-";"Pare-brise";"product";"1";"";"";"";"";"";"create_candidate";"Reference absente du catalogue Odoo; validation metier requise."
"2755AGSVZ6J";"PB VT CITROEN C4 CACTUS     17-20";"Pare-brise";"product";"1";"";"";"";"";"";"create_candidate";"Reference absente du catalogue Odoo; validation metier requise."
"2755BYPRI";"LUN PRIV CITROEN C4 CACTUS  14-20";"Lunette";"product";"1";"";"";"";"";"";"create_candidate";"Reference absente du catalogue Odoo; validation metier requise."
"2755RGSR5FD";"DESC AVD VT CITROEN C4 CACTUS  14-";"Glace laterale";"product";"1";"";"";"";"";"";"create_candidate";"Reference absente du catalogue Odoo; validation metier requise."
"2756ACDCIMVZ1C";"PB ATH AC JUMPY /EXPERT 3 CAPT CAM 16-";"Pare-brise";"product";"1";"";"";"";"";"";"create_candidate";"Reference absente du catalogue Odoo; validation metier requise."
"2756AGAIMVZ1C";"PB VT ACO JUMPY /EXPERT 3  CAPT  16-";"Pare-brise";"product";"16";"";"";"";"";"";"create_candidate";"Reference absente du catalogue Odoo; validation metier requise."
"2756AGAVZ";"PB VT ACO JUMPY /EXPERT 3   16-";"Pare-brise";"product";"1";"";"";"";"";"";"create_candidate";"Reference absente du catalogue Odoo; validation metier requise."
"2756AGSVZ";"PB VT JUMPY 3/EXPERT 3   16-";"Pare-brise";"product";"4";"";"";"";"";"";"create_candidate";"Reference absente du catalogue Odoo; validation metier requise."
"2756BGSVL1H";"LUN ARG VT JUMPY/EXPERT III TROU 16-";"Lunette";"product";"1";"";"";"";"";"";"create_candidate";"Reference absente du catalogue Odoo; validation metier requise."
"2756BGSVLU";"LUN ARG VT N CHAUF JUMPY /EXPERT 3  16-";"Lunette";"product";"1";"";"";"";"";"";"create_candidate";"Reference absente du catalogue Odoo; validation metier requise."
"2756BGSVR1H";"LUN ARD VT JUMPY/EXPERT III TROU 16-";"Lunette";"product";"2";"";"";"";"";"";"create_candidate";"Reference absente du catalogue Odoo; validation metier requise."
"2756BYPVL1H";"LUN ARG PRIV JUMPY /EXPERT III TROU 16-";"Lunette";"product";"1";"";"";"";"";"";"create_candidate";"Reference absente du catalogue Odoo; validation metier requise."
"2756BYPVR1H";"LUN ARD PRIV JUMPY /EXPERT III TROU  16-";"Lunette";"product";"1";"";"";"";"";"";"create_candidate";"Reference absente du catalogue Odoo; validation metier requise."
"2756LGSV5RD1J";"GLACE ARG VT JUMPY / EXPERT 3 3 16-";"Glace laterale";"product";"1";"";"";"";"";"";"create_candidate";"Reference absente du catalogue Odoo; validation metier requise."
"2756RGSV5FD";"DESC AVD VT JUMPY / EXPERT 3 3 16-";"Glace laterale";"product";"1";"";"";"";"";"";"create_candidate";"Reference absente du catalogue Odoo; validation metier requise."
"2756RGSV5FD1A";"DESC AVD VT JUMPY / EXPERT 3 3 16-";"Glace laterale";"product";"1";"";"";"";"";"";"create_candidate";"Reference absente du catalogue Odoo; validation metier requise."
"2756RGSV5RD1J";"GLACE ARD VT JUMPY / EXPERT 3 3 16-";"Glace laterale";"product";"1";"";"";"";"";"";"create_candidate";"Reference absente du catalogue Odoo; validation metier requise."
"2756RYPV5RDF";"GLACE COULIS ARD PRIV JUMPY/EXPERT 3 16-";"Glace laterale";"product";"1";"";"";"";"";"";"create_candidate";"Reference absente du catalogue Odoo; validation metier requise."
"2756RYPV5RDF1J";"GLACE COULIS ARD PRIV JUMPY/EXPERT 3 16-";"Glace laterale";"product";"1";"";"";"";"";"";"create_candidate";"Reference absente du catalogue Odoo; validation metier requise."
"2756RYPV5RQ1J";"CUST ARD PRIV JUMPY/EXPERT 3 STANDAR 16-";"Glace laterale";"product";"1";"";"";"";"";"";"create_candidate";"Reference absente du catalogue Odoo; validation metier requise."
"2756RYPV5RQ2J";"CUST ARD PRIV JUMPY/EXPERT 3 LONG 16-";"Glace laterale";"product";"1";"";"";"";"";"";"create_candidate";"Reference absente du catalogue Odoo; validation metier requise."
"2758AGSCIMVZ1P";"PB VT ACO CITROEN C3 III  CAPT LDW 16-";"Pare-brise";"product";"24";"";"";"";"";"";"create_candidate";"Reference absente du catalogue Odoo; validation metier requise."
"2758AGSVZ";"PB VT CITROEN C3 III      16-";"Pare-brise";"product";"2";"";"";"";"";"";"create_candidate";"Reference absente du catalogue Odoo; validation metier requise."
"2758BYPH";"LUN PRIV CITROEN C3 III      16-";"Lunette";"product";"2";"";"";"";"";"";"create_candidate";"Reference absente du catalogue Odoo; validation metier requise."
"2758LGSH5FD";"DESC AVG VT CITROEN C3 III  16-";"Glace laterale";"product";"2";"";"";"";"";"";"create_candidate";"Reference absente du catalogue Odoo; validation metier requise."
"2758LGSH5FVWZ";"DÉFLECTEUR AVANT GAUCHE TEINTÉ VERT CITROEN C3 III 16-MO 0.80";"Glace laterale";"product";"5";"";"";"";"";"";"create_candidate";"Reference absente du catalogue Odoo; validation metier requise."
"2758LYPH5RD";"DESC ARG PRIV CITROEN C3 III  16-";"Glace laterale";"product";"2";"";"";"";"";"";"create_candidate";"Reference absente du catalogue Odoo; validation metier requise."
"2758RGSH5FD";"DESC AVD VT CITROEN C3 III  16-";"Glace laterale";"product";"1";"";"";"";"";"";"create_candidate";"Reference absente du catalogue Odoo; validation metier requise."
"2758RGSH5FVWZ";"DÉFLECTEUR AVANT DROIT TEINTÉ VERT CITROEN C3 III  16-";"Glace laterale";"product";"7";"";"";"";"";"";"create_candidate";"Reference absente du catalogue Odoo; validation metier requise."
"2758RYPH5RD";"DESC ARD PRIV CITROEN C3 III  16-";"Glace laterale";"product";"4";"";"";"";"";"";"create_candidate";"Reference absente du catalogue Odoo; validation metier requise."
"2760AGSBCMVZ";"PB VT C3 AIRCROSS RHD CAPT CAM 17-";"Pare-brise";"product";"1";"";"";"";"";"";"create_candidate";"Reference absente du catalogue Odoo; validation metier requise."
"2760AGSCMVZ";"PB VT C3 AIRCROSS CAPT CAM 17-";"Pare-brise";"product";"6";"";"";"";"";"";"create_candidate";"Reference absente du catalogue Odoo; validation metier requise."
"2760AGSCVZ";"PB VT CITROEN C3 AIRCROSS CAMERA 17-";"Pare-brise";"product";"1";"";"";"";"";"";"create_candidate";"Reference absente du catalogue Odoo; validation metier requise."
"2760BGDR";"LUN VT FONCEE CITROEN C3 AIRCROSS 17-";"Lunette";"product";"1";"";"";"";"";"";"create_candidate";"Reference absente du catalogue Odoo; validation metier requise."
"2760LCFR5RQZ2O";"CUSTODE ARG TV C3 AIRCROSS 17-MO 1.30";"Glace laterale";"product";"1";"";"";"";"";"";"create_candidate";"Reference absente du catalogue Odoo; validation metier requise."
"2760LGSR5FVWZ";"DÉFLECTEUR AVANT GAUCHE TEINTÉ VERT CITROEN C3 AIRCROSS 17-MO 0.60";"Glace laterale";"product";"1";"";"";"";"";"";"create_candidate";"Reference absente du catalogue Odoo; validation metier requise."
"2761BYPRA";"LUN PRIV CITROEN C5 AIRCROSS ANT  18-";"Lunette";"product";"1";"";"";"";"";"";"create_candidate";"Reference absente du catalogue Odoo; validation metier requise."
"2761LYPR5RVWZ";"DÉFLECTEUR ARRIÈRE GAUCHE PRIVACY (NOIR) C5 AIRCROSS 18-MO 0.60";"Glace laterale";"product";"1";"";"";"";"";"";"create_candidate";"Reference absente du catalogue Odoo; validation metier requise."
"2762AGRCIMVZ";"PB VT ACO DS 7 CAPT LDW  17-";"Pare-brise";"product";"5";"";"";"";"";"";"create_candidate";"Reference absente du catalogue Odoo; validation metier requise."
"2762BYPRA";"LUN PRIV DS 7 CROSSBACK ANT  17-";"Lunette";"product";"2";"";"";"";"";"";"create_candidate";"Reference absente du catalogue Odoo; validation metier requise."
"2762RYQR5RDKW";"DESC ARD PRIV FEUILL DS 7 CROSSBACK  17-";"Glace laterale";"product";"1";"";"";"";"";"";"create_candidate";"Reference absente du catalogue Odoo; validation metier requise."
"2763AGSCMVZ";"PARE-BRISE TEINTÉ VERT BERLINGO 3/RIFTER CAPTEUR DE PLUIE CAMÉRA 18-";"Pare-brise";"product";"16";"";"";"";"";"";"create_candidate";"Reference absente du catalogue Odoo; validation metier requise."
"2763AGSVZ";"PB VT BERLINGO 3/RIFTER/COMBO  18-";"Pare-brise";"product";"7";"";"";"";"";"";"create_candidate";"Reference absente du catalogue Odoo; validation metier requise."
"2763AGSVZ-N";"PARE-BRISE TEINTÉ VERT BERLINGO 3/RIFTER/COMBO 18-";"Pare-brise";"product";"1";"";"";"";"";"";"create_candidate";"Reference absente du catalogue Odoo; validation metier requise."
"2763AGSVZ-O";"PARE-BRISE TEINTÉ VERT BERLINGO 3/RIFTER/COMBO 18-";"Pare-brise";"product";"1";"";"";"";"";"";"create_candidate";"Reference absente du catalogue Odoo; validation metier requise."
"2763BGSV";"LUN VT BERLINGO 3 / RIFTER HAYON  18-";"Lunette";"product";"1";"";"";"";"";"";"create_candidate";"Reference absente du catalogue Odoo; validation metier requise."
"2763BGSV1A";"LUN VT BERLINGO 3/RIFTER HAYON  18-";"Lunette";"product";"1";"";"";"";"";"";"create_candidate";"Reference absente du catalogue Odoo; validation metier requise."
"2763BGSVL";"LUNETTE ARRIÈRE GAUCHE TEINTÉ VERT BERLINGO 3/ RIFTER  18-MO 0.90";"Lunette";"product";"1";"";"";"";"";"";"create_candidate";"Reference absente du catalogue Odoo; validation metier requise."
"2763LGSV3FD";"DESC AVG VT BERLINGO 3/RIFTER/COMBO  18-";"Glace laterale";"product";"2";"";"";"";"";"";"create_candidate";"Reference absente du catalogue Odoo; validation metier requise."
"2763LGSV3FD1A";"DESC AVG VT BERLINGO 3/RIFTER/COMBO  18-";"Glace laterale";"product";"1";"";"";"";"";"";"create_candidate";"Reference absente du catalogue Odoo; validation metier requise."
"2763LGSV3FVWZ";"DEFL AVG VT BERLINGO 3/RIFTER/COMBO  18-";"Glace laterale";"product";"1";"";"";"";"";"";"create_candidate";"Reference absente du catalogue Odoo; validation metier requise."
"2763LGSV3RDOZ";"GLACE ARG VT OUV BERLINGO 3/RIFTER 18-";"Glace laterale";"product";"1";"";"";"";"";"";"create_candidate";"Reference absente du catalogue Odoo; validation metier requise."
"2763RGSV3FD1A";"DESC AVD VT BERLINGO 3/RIFTER/COMBO  18-";"Glace laterale";"product";"1";"";"";"";"";"";"create_candidate";"Reference absente du catalogue Odoo; validation metier requise."
"2763RGSV3FVWZ";"DÉFLECTEUR AVANT DROIT TEINTÉ VERT BERLINGO 3/RIFTER/COMBO 18-MO NC";"Glace laterale";"product";"3";"";"";"";"";"";"create_candidate";"Reference absente du catalogue Odoo; validation metier requise."
"2763RGSV3RD1J";"DESC ARD VT BERLINGO 3/RIFTER/COMB  18-";"Glace laterale";"product";"1";"";"";"";"";"";"create_candidate";"Reference absente du catalogue Odoo; validation metier requise."
"2763RGSV3RDOZ";"GLACE ARD VT OUV BERLINGO 3/RIFTER 18-";"Glace laterale";"product";"1";"";"";"";"";"";"create_candidate";"Reference absente du catalogue Odoo; validation metier requise."
"2763RYPV3RQ";"CUST ARD PRIV BERLINGO 3/RIFTER  18-";"Glace laterale";"product";"1";"";"";"";"";"";"create_candidate";"Reference absente du catalogue Odoo; validation metier requise."
"2764RGSR5FD";"DESC AVD VT DS3 CROSSBACK   19-";"Glace laterale";"product";"1";"";"";"";"";"";"create_candidate";"Reference absente du catalogue Odoo; validation metier requise."
"2765AGRCIMVZ";"PB VT ACO ABS C4 III CAPT CAM 20-";"Pare-brise";"product";"1";"";"";"";"";"";"create_candidate";"Reference absente du catalogue Odoo; validation metier requise."
"2765LGSR5FD";"DESC AVG VT CITROEN C4 III 20-";"Glace laterale";"product";"1";"";"";"";"";"";"create_candidate";"Reference absente du catalogue Odoo; validation metier requise."
"2765RGSR5FD";"DESC AVD VT CITROEN C4 III 20-";"Glace laterale";"product";"1";"";"";"";"";"";"create_candidate";"Reference absente du catalogue Odoo; validation metier requise."
"2768AGACMUVZ";"PB VT AC C5 X / DS4 CAPT CAM HUD 22-";"Pare-brise";"product";"1";"";"";"";"";"";"create_candidate";"Reference absente du catalogue Odoo; validation metier requise."
"284G35FA1A";"CAMERA ASSY LAN";"Autres";"product";"1";"";"";"";"";"";"create_candidate";"Reference absente du catalogue Odoo; validation metier requise."
"284L85FA2A";"COVER-LANE CAME NISSAN MICRA V - 5P";"Autres";"product";"2";"";"";"";"";"";"create_candidate";"Reference absente du catalogue Odoo; validation metier requise."
"284L8HM10A";"CACHE RETRO NISSAN MICRA";"Autres";"product";"1";"";"";"";"";"";"create_candidate";"Reference absente du catalogue Odoo; validation metier requise."
"2922AGN";"PB VT DAIHATSU TERIOS              97-06";"Pare-brise";"product";"2";"";"";"";"";"";"create_candidate";"Reference absente du catalogue Odoo; validation metier requise."
"2922ASMR";"JC PB DAIHATSU TERIOS              97-06";"Joint";"product";"2";"";"";"";"";"";"create_candidate";"Reference absente du catalogue Odoo; validation metier requise."
"2930AGN";"PB VT DAIHATSU SIRION II/JUSTY 05-11";"Pare-brise";"product";"1";"";"";"";"";"";"create_candidate";"Reference absente du catalogue Odoo; validation metier requise."
"2930ASMH";"JC PB DAIHATSU SIRION II/JUSTY 06-11";"Joint";"product";"1";"";"";"";"";"";"create_candidate";"Reference absente du catalogue Odoo; validation metier requise."
"2930RGSH5FDW";"DESC AVD VT DAIHATSU SIRION II 5P 05-11";"Glace laterale";"product";"1";"";"";"";"";"";"create_candidate";"Reference absente du catalogue Odoo; validation metier requise."
"2931AGN";"PB VT DAIHATSU TERIOS II           06-12";"Pare-brise";"product";"4";"";"";"";"";"";"create_candidate";"Reference absente du catalogue Odoo; validation metier requise."
"2931ASMR";"JC PB DAIHATSU TERIOS II           06-12";"Joint";"product";"6";"";"";"";"";"";"create_candidate";"Reference absente du catalogue Odoo; validation metier requise."
"2931BGNRW";"LUN VT DAIHATSU TERIOS II         06-12";"Lunette";"product";"2";"";"";"";"";"";"create_candidate";"Reference absente du catalogue Odoo; validation metier requise."
"2931BGPRW";"LUN VT FONCEE DAIHATSU TERIOS II 06-12";"Lunette";"product";"1";"";"";"";"";"";"create_candidate";"Reference absente du catalogue Odoo; validation metier requise."
"2931LGSR5FDW";"GLACE DESCENDANTE AVANT GAUCHE TEINTÉ VERT DAIHATSU TERIOS 06-12";"Glace laterale";"product";"1";"";"";"";"";"";"create_candidate";"Reference absente du catalogue Odoo; validation metier requise."
"2931RGSR5FDW";"DESC AVD VT DAIHATSU TERIOS 06-12";"Glace laterale";"product";"1";"";"";"";"";"";"create_candidate";"Reference absente du catalogue Odoo; validation metier requise."
"2G0945207B";"FEU ARG";"Autres";"product";"1";"";"";"";"";"";"create_candidate";"Reference absente du catalogue Odoo; validation metier requise."
"2K5845201A";"GLACE DESCENDANTE AVANT GAUCHE TEINTÉ VERT VOLKSWAGEN CADDY";"Glace laterale";"product";"1";"";"";"";"";"";"create_candidate";"Reference absente du catalogue Odoo; validation metier requise."
"3000BGNH";"LUNETTE TEINTÉ VERT DAEWOO NEXIA 3 ET 5 PORTES 95-MO 1,80";"Lunette";"product";"1";"";"";"";"";"";"create_candidate";"Reference absente du catalogue Odoo; validation metier requise."
"3014AGNBL";"PB VTBL DAEWOO KALOS               02-08";"Pare-brise";"product";"1";"";"";"";"";"";"create_candidate";"Reference absente du catalogue Odoo; validation metier requise."
"3014AGSBL";"PB VTBL DAEWOO KALOS               02-08";"Pare-brise";"product";"1";"";"";"";"";"";"create_candidate";"Reference absente du catalogue Odoo; validation metier requise."
"3014ASMH";"JC PB DAEWOO KALOS                 02-08";"Joint";"product";"2";"";"";"";"";"";"create_candidate";"Reference absente du catalogue Odoo; validation metier requise."
"3014BGSHW";"LUN VT CHEVR KALOS/AVEO 3/5P  02-08";"Lunette";"product";"2";"";"";"";"";"";"create_candidate";"Reference absente du catalogue Odoo; validation metier requise."
"3014LGSH3RQO";"CUST.ARG OUVR.VT KALOS 3P 02-08";"Glace laterale";"product";"1";"";"";"";"";"";"create_candidate";"Reference absente du catalogue Odoo; validation metier requise."
"3014LGSH5FD";"DESC.AVG VT DAEWOO KALOS/AVEO 4/5P 02-08";"Glace laterale";"product";"3";"";"";"";"";"";"create_candidate";"Reference absente du catalogue Odoo; validation metier requise."
"3014RGSH3RQO";"CUST ARD OUVR VT KALOS 3P 02-08";"Glace laterale";"product";"1";"";"";"";"";"";"create_candidate";"Reference absente du catalogue Odoo; validation metier requise."
"3015AGSBLH";"PB VTBL SSANGYONG REXTON CHAUF 02-17";"Pare-brise";"product";"2";"";"";"";"";"";"create_candidate";"Reference absente du catalogue Odoo; validation metier requise."
"3015ASMR";"JC PB SSANGYONG REXTON             02-17";"Joint";"product";"2";"";"";"";"";"";"create_candidate";"Reference absente du catalogue Odoo; validation metier requise."
"3015LGDR5RD";"DESC ARG VT FONCEE SS YONG REXTON  02-17";"Glace laterale";"product";"1";"";"";"";"";"";"create_candidate";"Reference absente du catalogue Odoo; validation metier requise."
"3020LGNM5FD";"DESC AVG VT KYRON/ACTYON 06-";"Glace laterale";"product";"1";"";"";"";"";"";"create_candidate";"Reference absente du catalogue Odoo; validation metier requise."
"3022AGSBL";"PB VTBL CHEVROLET AVEO            06-11";"Pare-brise";"product";"1";"";"";"";"";"";"create_candidate";"Reference absente du catalogue Odoo; validation metier requise."
"3022ASMS";"JC PB CHEVROLET AVEO               06-11";"Joint";"product";"1";"";"";"";"";"";"create_candidate";"Reference absente du catalogue Odoo; validation metier requise."
"3024ACCBLMV1B";"PB ATH BL CHEVRO.CAPTIVA  +CAPT 06-";"Pare-brise";"product";"1";"";"";"";"";"";"create_candidate";"Reference absente du catalogue Odoo; validation metier requise."
"3024AGABLV";"PB VTBL ACO CHEVROLET CAPTIVA 06-18";"Pare-brise";"product";"1";"";"";"";"";"";"create_candidate";"Reference absente du catalogue Odoo; validation metier requise."
"3024AGNBLV";"PB VTBL CHEVROLET CAPTIVA         06-18";"Pare-brise";"product";"1";"";"";"";"";"";"create_candidate";"Reference absente du catalogue Odoo; validation metier requise."
"3024AGSBLMV1B";"PB VTBL CHEVRO.CAPTIVA CAPT. 06-";"Pare-brise";"product";"10";"";"";"";"";"";"create_candidate";"Reference absente du catalogue Odoo; validation metier requise."
"3024AGSBLMV1B-PERDU";"PB VTBL CHEVROLET CAPTIVA CAPT  06-18";"Pare-brise";"product";"1";"";"";"";"";"";"create_candidate";"Reference absente du catalogue Odoo; validation metier requise."
"3024ASMR";"JC PB CHEVROLET CAPTIVA 06-";"Joint";"product";"12";"";"";"";"";"";"create_candidate";"Reference absente du catalogue Odoo; validation metier requise."
"3024ASMR-PERDU";"JC PB CHEVROLET CAPTIVA            06-18";"Joint";"product";"1";"";"";"";"";"";"create_candidate";"Reference absente du catalogue Odoo; validation metier requise."
"3024LGNR5FD";"DESC.AVG VT CHEVROLET CAPTIVA   06-";"Lunette";"product";"1";"";"";"";"";"";"create_candidate";"Reference absente du catalogue Odoo; validation metier requise."
"3024LYPR5RD";"DESC ARG PRIVACY CHEVR  CAPTIVA   06-18";"Glace laterale";"product";"1";"";"";"";"";"";"create_candidate";"Reference absente du catalogue Odoo; validation metier requise."
"3026AGSBLIMV";"PB VTBL CHEVROLET CRUZE +CAPT. 09-";"Pare-brise";"product";"1";"";"";"";"";"";"create_candidate";"Reference absente du catalogue Odoo; validation metier requise."
"3026ASMS";"JC PB CHEVROLET CRUZE 09-";"Joint";"product";"1";"";"";"";"";"";"create_candidate";"Reference absente du catalogue Odoo; validation metier requise."
"3026BGSHW";"LUN VT CHEVROLET CRUZE 5P    11-";"Lunette";"product";"1";"";"";"";"";"";"create_candidate";"Reference absente du catalogue Odoo; validation metier requise."
"3026BGSS";"LUN VT CHEVROLET CRUZE BNE   09-17";"Lunette";"product";"2";"";"";"";"";"";"create_candidate";"Reference absente du catalogue Odoo; validation metier requise."
"3026LGSS4FD";"DESC AVG VT CHEVROLET CRUZE 4/5P   09-17";"Glace laterale";"product";"1";"";"";"";"";"";"create_candidate";"Reference absente du catalogue Odoo; validation metier requise."
"3026LGSS4RD";"DESC ARG VT CHEVROLET CRUZE 4P   09-17";"Glace laterale";"product";"3";"";"";"";"";"";"create_candidate";"Reference absente du catalogue Odoo; validation metier requise."
"3026RGSH5RV";"DEFL ARD VT CHEVROLET CRUZE 5P   09-17";"Glace laterale";"product";"1";"";"";"";"";"";"create_candidate";"Reference absente du catalogue Odoo; validation metier requise."
"3029AGNBL";"PB VTBL SSANGYONG KORANDO II   10-19";"Pare-brise";"product";"2";"";"";"";"";"";"create_candidate";"Reference absente du catalogue Odoo; validation metier requise."
"3029AGNBLH";"PB VTBL SSANGYONG KORANDO CHAUF 10-19";"Pare-brise";"product";"1";"";"";"";"";"";"create_candidate";"Reference absente du catalogue Odoo; validation metier requise."
"3029ASMR";"JC PB SSANGYONG KORANDO  11-19";"Joint";"product";"3";"";"";"";"";"";"create_candidate";"Reference absente du catalogue Odoo; validation metier requise."
"3030AGNBLMV1B";"PB VTBL CHEVROLET ORLANDO+CAPT.11-";"Pare-brise";"product";"1";"";"";"";"";"";"create_candidate";"Reference absente du catalogue Odoo; validation metier requise."
"3030AGNBLV";"PB VTBL CHEVROLET ORLANDO 11-18";"Pare-brise";"product";"1";"";"";"";"";"";"create_candidate";"Reference absente du catalogue Odoo; validation metier requise."
"3030ASMM";"JC PB CHEVROLET ORLANDO 11-";"Joint";"product";"1";"";"";"";"";"";"create_candidate";"Reference absente du catalogue Odoo; validation metier requise."
"3030BGNMBI";"LUN  VT CHEVROLET ORLANDO STOP 11-18";"Lunette";"product";"2";"";"";"";"";"";"create_candidate";"Reference absente du catalogue Odoo; validation metier requise."
"3030RGNMFFV";"DFL AVG CHEVROLET ORLANDO";"Glace laterale";"product";"1";"";"";"";"";"";"create_candidate";"Reference absente du catalogue Odoo; validation metier requise."
"3031AGSBLV";"PB VTBL CHEVROLET AVEO 4/5P  11-";"Pare-brise";"product";"4";"";"";"";"";"";"create_candidate";"Reference absente du catalogue Odoo; validation metier requise."
"3031ASMH";"JC PB CHEVROLET AVEO       11-";"Joint";"product";"4";"";"";"";"";"";"create_candidate";"Reference absente du catalogue Odoo; validation metier requise."
"3031BGSHB";"LUN VT CHEVRO AVEO 5P HAYON 11-";"Lunette";"product";"1";"";"";"";"";"";"create_candidate";"Reference absente du catalogue Odoo; validation metier requise."
"3042AGSBL";"PB VTBL SSANGYONG TIVOLI   15-";"Pare-brise";"product";"2";"";"";"";"";"";"create_candidate";"Reference absente du catalogue Odoo; validation metier requise."
"3042LGSR5FD";"DESC AVG VT SSANGYONG TIVOLI /XLV 15-";"Glace laterale";"product";"1";"";"";"";"";"";"create_candidate";"Reference absente du catalogue Odoo; validation metier requise."
"3042RGSR5FD";"DESC AVD VT SSANGYONG TIVOLI /XLV 15-";"Glace laterale";"product";"1";"";"";"";"";"";"create_candidate";"Reference absente du catalogue Odoo; validation metier requise."
"3047AGABLCHM";"PB VTBL AC KORANDO 3 CHAU CAP CAM 19-";"Pare-brise";"product";"1";"";"";"";"";"";"create_candidate";"Reference absente du catalogue Odoo; validation metier requise."
"31440019";"MECANISME LEVE VITRE";"Autres";"product";"1";"";"";"";"";"";"create_candidate";"Reference absente du catalogue Odoo; validation metier requise."
"3329AGNBL";"PB VTBL FIAT X1/9                  73-88";"Pare-brise";"product";"1";"";"";"";"";"";"create_candidate";"Reference absente du catalogue Odoo; validation metier requise."
"3340RGNH3FD";"DESC AVD VT CINQUECENTO/SEIC  92-97";"Glace laterale";"product";"1";"";"";"";"";"";"create_candidate";"Reference absente du catalogue Odoo; validation metier requise."
"3345AGS";"PB VT EVASION/806/ULYS./ZETA       95-07";"Pare-brise";"product";"2";"";"";"";"";"";"create_candidate";"Reference absente du catalogue Odoo; validation metier requise."
"3345AKMV";"JC+C KIT PB COMP. EVAS/806/ULY./ZET. 95-";"Joint";"product";"3";"";"";"";"";"";"create_candidate";"Reference absente du catalogue Odoo; validation metier requise."
"3345RGSV5RQO";"CUST OUVR ARD VT 806/EVASION  95-03";"Glace laterale";"product";"1";"";"";"";"";"";"create_candidate";"Reference absente du catalogue Odoo; validation metier requise."
"3351AGS";"PB VT FIAT PUNTO II                99-12";"Pare-brise";"product";"4";"";"";"";"";"";"create_candidate";"Reference absente du catalogue Odoo; validation metier requise."
"3351ASMHT";"JC SUP.PB FIAT PUNTO II     99-12";"Joint";"product";"4";"";"";"";"";"";"create_candidate";"Reference absente du catalogue Odoo; validation metier requise."
"3351BGSHBW";"LUN VT PUNTO II 3P SS TROU         99-12";"Lunette";"product";"1";"";"";"";"";"";"create_candidate";"Reference absente du catalogue Odoo; validation metier requise."
"3354LGSV3FDW";"DESC AVG VT FIAT DOBLO             01-10";"Glace laterale";"product";"1";"";"";"";"";"";"create_candidate";"Reference absente du catalogue Odoo; validation metier requise."
"3355AGSMZ";"PARE-BRISE TEINTÉ VERT FIAT STILO 5 PORTES HAYON CAPTEUR DE PLUIE 01-08MO 3,20";"Pare-brise";"product";"1";"";"";"";"";"";"create_candidate";"Reference absente du catalogue Odoo; validation metier requise."
"3356AGSMZ";"PARE-BRISE TEINTÉ VERT FIAT STILO 3 PORTES CAPTEUR DE PLUIE 01-07MO 3,20";"Pare-brise";"product";"1";"";"";"";"";"";"create_candidate";"Reference absente du catalogue Odoo; validation metier requise."
"3359AGS";"PB VT FIAT PANDA II 03-12";"Pare-brise";"product";"8";"";"";"";"";"";"create_candidate";"Reference absente du catalogue Odoo; validation metier requise."
"3359AKKH1G";"JC+CALES KIT PB FIAT PANDA II      03-12";"Joint";"product";"3";"";"";"";"";"";"create_candidate";"Reference absente du catalogue Odoo; validation metier requise."
"3359AKKH1G9";"VO - JC+CALES KIT PB FIAT PANDA II 03-12";"Joint";"product";"2";"";"";"";"";"";"create_candidate";"Reference absente du catalogue Odoo; validation metier requise."
"3359ASMH";"JC PB FIAT PANDA II                03-12";"Joint";"product";"2";"";"";"";"";"";"create_candidate";"Reference absente du catalogue Odoo; validation metier requise."
"3359BGSHBW";"LUN.VT FIAT PANDA II               03-12";"Lunette";"product";"1";"";"";"";"";"";"create_candidate";"Reference absente du catalogue Odoo; validation metier requise."
"3359RGSH5RDW";"DESC ARD VT FIAT PANDA II          03-12";"Glace laterale";"product";"1";"";"";"";"";"";"create_candidate";"Reference absente du catalogue Odoo; validation metier requise."
"3362AGAZ2B";"PB VT ACOU GRANDE PUNTO N SERIG 05-18";"Pare-brise";"product";"1";"";"";"";"";"";"create_candidate";"Reference absente du catalogue Odoo; validation metier requise."
"3362AGSZ2B";"PB VT GRANDE PUNTO NOUV.SERIG.05-";"Pare-brise";"product";"5";"";"";"";"";"";"create_candidate";"Reference absente du catalogue Odoo; validation metier requise."
"3362BGSH";"LUN VT FIAT GRANDE PUNTO           05-";"Lunette";"product";"1";"";"";"";"";"";"create_candidate";"Reference absente du catalogue Odoo; validation metier requise."
"3362BYPH";"LUN PRIVACY FIAT GRANDE PUNTO  05-18";"Lunette";"product";"1";"";"";"";"";"";"create_candidate";"Reference absente du catalogue Odoo; validation metier requise."
"3362LGSH5FDW";"DESC AVG VT FIAT GRANDE PUNTO 5P 05-18";"Glace laterale";"product";"1";"";"";"";"";"";"create_candidate";"Reference absente du catalogue Odoo; validation metier requise."
"3363AGA";"PB VT ACOU SEDICI/SUZUKI SX4 06-10";"Pare-brise";"product";"1";"";"";"";"";"";"create_candidate";"Reference absente du catalogue Odoo; validation metier requise."
"3363AGA1P";"PB VT AC SEDICI/SUZ SX4 NOUV EMB 10-13";"Pare-brise";"product";"1";"";"";"";"";"";"create_candidate";"Reference absente du catalogue Odoo; validation metier requise."
"3363AGS1P";"PB VT SEDICI/SUZUKI SX4 NOUV EMB 10-13";"Pare-brise";"product";"3";"";"";"";"";"";"create_candidate";"Reference absente du catalogue Odoo; validation metier requise."
"3363ASMR";"JC PB FIAT SEDICI/SUZUKI SX4       06-13";"Joint";"product";"4";"";"";"";"";"";"create_candidate";"Reference absente du catalogue Odoo; validation metier requise."
"3363BGSR";"LUN VT FIAT SEDICI/SUZUKI SX4     06-13";"Lunette";"product";"1";"";"";"";"";"";"create_candidate";"Reference absente du catalogue Odoo; validation metier requise."
"3365AGSMVZ1B";"PB VT FIAT BRAVO +CAPT          07-15";"Pare-brise";"product";"3";"";"";"";"";"";"create_candidate";"Reference absente du catalogue Odoo; validation metier requise."
"3365AGSZ";"PB VT FIAT BRAVO                  07-15";"Pare-brise";"product";"1";"";"";"";"";"";"create_candidate";"Reference absente du catalogue Odoo; validation metier requise."
"3366AGAVZ";"PB VT ACOU FIAT 500            07-";"Pare-brise";"product";"2";"";"";"";"";"";"create_candidate";"Reference absente du catalogue Odoo; validation metier requise."
"3366AGSZ";"PB VT FIAT 500                 07-";"Pare-brise";"product";"1";"";"";"";"";"";"create_candidate";"Reference absente du catalogue Odoo; validation metier requise."
"3366AGSZ1B";"PB VT FIAT 500                 07-";"Pare-brise";"product";"4";"";"";"";"";"";"create_candidate";"Reference absente du catalogue Odoo; validation metier requise."
"3366AGSZ1V";"PB VT FIAT 500 GDE SERIGRAPHIE   07-";"Pare-brise";"product";"2";"";"";"";"";"";"create_candidate";"Reference absente du catalogue Odoo; validation metier requise."
"3366BGDHB";"LUN.VT FONCEE FIAT 500 07-";"Lunette";"product";"1";"";"";"";"";"";"create_candidate";"Reference absente du catalogue Odoo; validation metier requise."
"3366GZPH3PRK1J";"TOIT PANO FIAT 500               07-";"Autres";"product";"1";"";"";"";"";"";"create_candidate";"Reference absente du catalogue Odoo; validation metier requise."
"3366GZPH3PRKWZ";"TOIT PANO FIAT 500               07-";"Autres";"product";"1";"";"";"";"";"";"create_candidate";"Reference absente du catalogue Odoo; validation metier requise."
"3366LGSH3FDW";"DESC AVG VT FIAT 500        07-";"Glace laterale";"product";"1";"";"";"";"";"";"create_candidate";"Reference absente du catalogue Odoo; validation metier requise."
"3366RGSH3FDW";"GLACE DESCENDANTE AVANT DROIT TEINTÉ VERT FIAT 500 07-";"Glace laterale";"product";"2";"";"";"";"";"";"create_candidate";"Reference absente du catalogue Odoo; validation metier requise."
"3367AGAAVZ";"PB VT ACO 500C CABRIO ANT  09-";"Pare-brise";"product";"1";"";"";"";"";"";"create_candidate";"Reference absente du catalogue Odoo; validation metier requise."
"3367AGNZ1V";"PB VT FIAT 500C CABR GDE SERIG  09-";"Pare-brise";"product";"1";"";"";"";"";"";"create_candidate";"Reference absente du catalogue Odoo; validation metier requise."
"3369AGSV";"PB VT FIAT DOBLO 2/OPEL COMBO D 10-15";"Pare-brise";"product";"1";"";"";"";"";"";"create_candidate";"Reference absente du catalogue Odoo; validation metier requise."
"3369BGDVL";"LUN ARG VT FONCEE FIAT DOBLO II  10-";"Lunette";"product";"2";"";"";"";"";"";"create_candidate";"Reference absente du catalogue Odoo; validation metier requise."
"3369BGSVL";"LUN ARG VT DOBLO 2/COMBO D  10-";"Lunette";"product";"4";"";"";"";"";"";"create_candidate";"Reference absente du catalogue Odoo; validation metier requise."
"3369BGSVR";"LUN.ARD.VT DOBLO 2/COMBO D 10-";"Lunette";"product";"1";"";"";"";"";"";"create_candidate";"Reference absente du catalogue Odoo; validation metier requise."
"3369RGSV2FDIW";"DESC AVD VT DOBLO 2/COMBO D   10-";"Glace laterale";"product";"1";"";"";"";"";"";"create_candidate";"Reference absente du catalogue Odoo; validation metier requise."
"3372AGACWZ";"PB VT ACO FIAT PANDA III CAM 12-";"Pare-brise";"product";"1";"";"";"";"";"";"create_candidate";"Reference absente du catalogue Odoo; validation metier requise."
"3372AGSWZ";"PB VT FIAT PANDA III     12-";"Pare-brise";"product";"4";"";"";"";"";"";"create_candidate";"Reference absente du catalogue Odoo; validation metier requise."
"3372LGSH5RQZ";"CUST ARG VT FIAT PANDA III 12-";"Glace laterale";"product";"1";"";"";"";"";"";"create_candidate";"Reference absente du catalogue Odoo; validation metier requise."
"3372RGSH5FDW";"DESC AVD VT FIAT PANDA III          12-";"Glace laterale";"product";"1";"";"";"";"";"";"create_candidate";"Reference absente du catalogue Odoo; validation metier requise."
"3373AGSWZ";"PB VT FIAT 500L      12-";"Pare-brise";"product";"2";"";"";"";"";"";"create_candidate";"Reference absente du catalogue Odoo; validation metier requise."
"3374AGACHIMVZ";"PB VT AC FIAT 500X CHAUF CAPT CAM 15-18";"Pare-brise";"product";"2";"";"";"";"";"";"create_candidate";"Reference absente du catalogue Odoo; validation metier requise."
"3374AGACIMVZ";"PB VT AC FIAT 500X  CAPT CAM 15-18";"Pare-brise";"product";"3";"";"";"";"";"";"create_candidate";"Reference absente du catalogue Odoo; validation metier requise."
"3374AGSVZ";"PB VT FIAT 500X        14-";"Pare-brise";"product";"3";"";"";"";"";"";"create_candidate";"Reference absente du catalogue Odoo; validation metier requise."
"3374LGSR5FD";"GLACE DESCENDANTE AVANT GAUCHE TEINTÉ VERT FIAT 500X 15-";"Glace laterale";"product";"1";"";"";"";"";"";"create_candidate";"Reference absente du catalogue Odoo; validation metier requise."
"3374LGSR5FVWZ";"DÉFLECTEUR AVANT GAUCHE TEINTÉ VERT FIAT 500X 15-MO 1.00";"Glace laterale";"product";"1";"";"";"";"";"";"create_candidate";"Reference absente du catalogue Odoo; validation metier requise."
"3374LGSR5RD";"GLACE DESCENDANTE ARRIÈRE GAUCHE TEINTÉ VERT FIAT 500X 15-MO 0.85";"Glace laterale";"product";"1";"";"";"";"";"";"create_candidate";"Reference absente du catalogue Odoo; validation metier requise."
"3374RGSR5FVWZ";"DÉFLECTEUR AVANT DROIT TEINTÉ VERT FIAT 500X";"Glace laterale";"product";"1";"";"";"";"";"";"create_candidate";"Reference absente du catalogue Odoo; validation metier requise."
"3375BGSSB";"LUN VT FIAT TIPO 4 PORTES   16-";"Lunette";"product";"1";"";"";"";"";"";"create_candidate";"Reference absente du catalogue Odoo; validation metier requise."
"3375RGSH5RDW";"DESC ARD VT FIAT TIPO 5P HAYON 16-";"Glace laterale";"product";"1";"";"";"";"";"";"create_candidate";"Reference absente du catalogue Odoo; validation metier requise."
"3547AGN1B";"PB VT MAVERICK/TERRANO II          94-";"Pare-brise";"product";"4";"";"";"";"";"";"create_candidate";"Reference absente du catalogue Odoo; validation metier requise."
"3547AGNBL1B";"PB VTBL MAVERICK/TERRANO II 94-";"Pare-brise";"product";"8";"";"";"";"";"";"create_candidate";"Reference absente du catalogue Odoo; validation metier requise."
"3547ASMRT";"JC SUP.PB MAVERICK/TERRANO II    94-01";"Joint";"product";"9";"";"";"";"";"";"create_candidate";"Reference absente du catalogue Odoo; validation metier requise."
"3549AGNBLV";"PB VTBL FORD EXPLORER ENCAP  91-03  §§§§";"Pare-brise";"product";"1";"";"";"";"";"";"create_candidate";"Reference absente du catalogue Odoo; validation metier requise."
"3550AGNV2P";"PARE-BRISE TEINTÉ VERT GALAXY/SHARAN/ALHAMB VIN 01-06MO 2,20";"Pare-brise";"product";"1";"";"";"";"";"";"create_candidate";"Reference absente du catalogue Odoo; validation metier requise."
"3552AGN";"PB VT FORD FIESTA V/MAZDA 121    96-02";"Pare-brise";"product";"3";"";"";"";"";"";"create_candidate";"Reference absente du catalogue Odoo; validation metier requise."
"3552ASMH";"JC PB FORD FIESTA V/MAZDA 121   96-02";"Joint";"product";"3";"";"";"";"";"";"create_candidate";"Reference absente du catalogue Odoo; validation metier requise."
"3555AGNZ";"PB VT FORD PUMA                    97-03";"Pare-brise";"product";"1";"";"";"";"";"";"create_candidate";"Reference absente du catalogue Odoo; validation metier requise."
"3555ASMC";"JC SUP PB FORD PUMA         97-03";"Joint";"product";"1";"";"";"";"";"";"create_candidate";"Reference absente du catalogue Odoo; validation metier requise."
"3556AGSVW";"PB VT FORD FOCUS 1                 98-04";"Pare-brise";"product";"5";"";"";"";"";"";"create_candidate";"Reference absente du catalogue Odoo; validation metier requise."
"3556ASMH";"JC PB FORD FOCUS 1                 98-04";"Joint";"product";"4";"";"";"";"";"";"create_candidate";"Reference absente du catalogue Odoo; validation metier requise."
"3556BGSS";"LUN VT FOCUS 1 BNE 4P COFFRE 98-04";"Lunette";"product";"1";"";"";"";"";"";"create_candidate";"Reference absente du catalogue Odoo; validation metier requise."
"3556LGSH5FD";"DESC AVG VT FOCUS 1 4/5P    BK     98-04";"Glace laterale";"product";"3";"";"";"";"";"";"create_candidate";"Reference absente du catalogue Odoo; validation metier requise."
"3556LGSH5RDW";"DESC ARG VT FOCUS 1 BNE 4/5 P      98-04";"Glace laterale";"product";"1";"";"";"";"";"";"create_candidate";"Reference absente du catalogue Odoo; validation metier requise."
"3559AGSVZ";"PB VT FORD MONDEO II               00-07";"Pare-brise";"product";"1";"";"";"";"";"";"create_candidate";"Reference absente du catalogue Odoo; validation metier requise."
"3559RGSH5FD";"DESC AVD VT FORD MONDEO 2   00-";"Glace laterale";"product";"1";"";"";"";"";"";"create_candidate";"Reference absente du catalogue Odoo; validation metier requise."
"3562AGSMVW1B";"PB VT FORD FIESTA V    CAPTEUR     05-08";"Pare-brise";"product";"1";"";"";"";"";"";"create_candidate";"Reference absente du catalogue Odoo; validation metier requise."
"3562AGSVW";"PB VT FORD FIESTA VI               02-08";"Pare-brise";"product";"8";"";"";"";"";"";"create_candidate";"Reference absente du catalogue Odoo; validation metier requise."
"3562ASMH";"JC PB FORD FIESTA VI               02-08";"Joint";"product";"1";"";"";"";"";"";"create_candidate";"Reference absente du catalogue Odoo; validation metier requise."
"3562BGSHI";"LUN VT FORD FIESTA VI 5P           02-08";"Lunette";"product";"1";"";"";"";"";"";"create_candidate";"Reference absente du catalogue Odoo; validation metier requise."
"3562BGSHI1J";"LUN.VT FORD FIESTA VI 3P 02-08";"Lunette";"product";"1";"";"";"";"";"";"create_candidate";"Reference absente du catalogue Odoo; validation metier requise."
"3562LGSH5FDW1M";"DESC AVG VT FORD FIESTA V 5P     02-08";"Glace laterale";"product";"1";"";"";"";"";"";"create_candidate";"Reference absente du catalogue Odoo; validation metier requise."
"3562LGSH5RD";"DESC ARG VT FORD FIESTA V 5P     02-08";"Glace laterale";"product";"1";"";"";"";"";"";"create_candidate";"Reference absente du catalogue Odoo; validation metier requise."
"3562LGSH5RQW";"CUST ARG VT FORD FIESTA V 5P     02-08";"Glace laterale";"product";"1";"";"";"";"";"";"create_candidate";"Reference absente du catalogue Odoo; validation metier requise."
"3562RGSH3RQW";"CUST.ARD VT FORD FIESTA V 3P     02-08";"Glace laterale";"product";"1";"";"";"";"";"";"create_candidate";"Reference absente du catalogue Odoo; validation metier requise."
"3562RGSH5FDW1M";"DESC AVD VT FORD FIESTA V 5P     02-08";"Glace laterale";"product";"1";"";"";"";"";"";"create_candidate";"Reference absente du catalogue Odoo; validation metier requise."
"3563LGSV5FDW1M";"DESC AVG VT FORD FUSION           02-11";"Glace laterale";"product";"1";"";"";"";"";"";"create_candidate";"Reference absente du catalogue Odoo; validation metier requise."
"3565AGSMVW2P";"PB VT FORD C-MAX   CAPTEUR       03-10";"Pare-brise";"product";"2";"";"";"";"";"";"create_candidate";"Reference absente du catalogue Odoo; validation metier requise."
"3566AGSHMVW7X";"PB VT FOCUS II CAPT CHAUFF     06-11";"Pare-brise";"product";"1";"";"";"";"";"";"create_candidate";"Reference absente du catalogue Odoo; validation metier requise."
"3566AGSMVW7X";"PB VT FORD FOCUS II CC  CAPT  06-11";"Pare-brise";"product";"5";"";"";"";"";"";"create_candidate";"Reference absente du catalogue Odoo; validation metier requise."
"3566AGSVW2R";"PB VT FORD FOCUS II + CC 06-11";"Pare-brise";"product";"9";"";"";"";"";"";"create_candidate";"Reference absente du catalogue Odoo; validation metier requise."
"3566ASMH";"JC PB FORD FOCUS II  CC     06-11";"Joint";"product";"2";"";"";"";"";"";"create_candidate";"Reference absente du catalogue Odoo; validation metier requise."
"3566ASMHB";"JC PB INF FORD FOCUS II  CC     06-";"Joint";"product";"4";"";"";"";"";"";"create_candidate";"Reference absente du catalogue Odoo; validation metier requise."
"3566RGSH3FD1M";"DESC AVD VT FOCUS II 3PTES      04-11";"Glace laterale";"product";"1";"";"";"";"";"";"create_candidate";"Reference absente du catalogue Odoo; validation metier requise."
"35670-54P00-000";"FEU ARG";"Autres";"product";"1";"";"";"";"";"";"create_candidate";"Reference absente du catalogue Odoo; validation metier requise."
"3570BYPP";"LUN PRIVACY FORD RANGER 07-12";"Lunette";"product";"1";"";"";"";"";"";"create_candidate";"Reference absente du catalogue Odoo; validation metier requise."
"3572AGAVW";"PARE-BRISE TEINTÉ VERT ACOUSTIQUE FORD FIESTA VI 08-12MO 1.50";"Pare-brise";"product";"1";"";"";"";"";"";"create_candidate";"Reference absente du catalogue Odoo; validation metier requise."
"3572AGAVW1B";"PB VT ACO FORD FIESTA VI      12-17";"Pare-brise";"product";"4";"";"";"";"";"";"create_candidate";"Reference absente du catalogue Odoo; validation metier requise."
"3572AGSMVW1P";"PB VT FORD FIESTA VI+CAPT      08-12";"Pare-brise";"product";"5";"";"";"";"";"";"create_candidate";"Reference absente du catalogue Odoo; validation metier requise."
"3572AGSMVW6P";"PB VT FORD FIESTA VI CAPT      12-17";"Pare-brise";"product";"4";"";"";"";"";"";"create_candidate";"Reference absente du catalogue Odoo; validation metier requise."
"3572AGSVW";"PB VT FORD FIESTA VI 08-12";"Pare-brise";"product";"17";"";"";"";"";"";"create_candidate";"Reference absente du catalogue Odoo; validation metier requise."
"3572AGSVW1B";"PB VT FORD FIESTA VI             12-17";"Pare-brise";"product";"11";"";"";"";"";"";"create_candidate";"Reference absente du catalogue Odoo; validation metier requise."
"3572AGSVW-O";"PB VT FORD FIESTA VI             08-12";"Pare-brise";"product";"1";"";"";"";"";"";"create_candidate";"Reference absente du catalogue Odoo; validation metier requise."
"3572AGSVW-T";"PB VT FORD FIESTA VI             08-12";"Pare-brise";"product";"1";"";"";"";"";"";"create_candidate";"Reference absente du catalogue Odoo; validation metier requise."
"3572BGPH";"LUN VT FONCEE FORD FIESTA 3/5P 08-17";"Lunette";"product";"2";"";"";"";"";"";"create_candidate";"Reference absente du catalogue Odoo; validation metier requise."
"3572BYPH";"LUN PRIVACY FORD FIESTA 3/5P 08-17";"Lunette";"product";"1";"";"";"";"";"";"create_candidate";"Reference absente du catalogue Odoo; validation metier requise."
"3572LYPH5RD";"DESC ARG PRIVACY FIESTA 5P     08-17";"Glace laterale";"product";"1";"";"";"";"";"";"create_candidate";"Reference absente du catalogue Odoo; validation metier requise."
"3572RGSH3FD1M";"DESC AVD VT FORD FIESTA 3P     08-17";"Glace laterale";"product";"1";"";"";"";"";"";"create_candidate";"Reference absente du catalogue Odoo; validation metier requise."
"3572RGSH3RQZ";"CUSTODE ARD FORD FIESTA 08-17";"Glace laterale";"product";"1";"";"";"";"";"";"create_candidate";"Reference absente du catalogue Odoo; validation metier requise."
"3572RGSH5FQZ";"CUST AVD VT FORD FIESTA 3/ 5P 08-17";"Glace laterale";"product";"1";"";"";"";"";"";"create_candidate";"Reference absente du catalogue Odoo; validation metier requise."
"3572RYPH3RQZ1D";"CUSTODE ARRIÈRE DROIT PRIVACY (NOIR) FIESTA 3 PORTES CHROME 08-17MO 1.30";"Glace laterale";"product";"1";"";"";"";"";"";"create_candidate";"Reference absente du catalogue Odoo; validation metier requise."
"3574ABLMVW1P";"PB BL FORD KUGA 1  CAPT    08-13";"Pare-brise";"product";"1";"";"";"";"";"";"create_candidate";"Reference absente du catalogue Odoo; validation metier requise."
"3574AGAVW";"PB VT ACO FORD KUGA 1         08-13";"Pare-brise";"product";"1";"";"";"";"";"";"create_candidate";"Reference absente du catalogue Odoo; validation metier requise."
"3574AGNMVW1P";"PB VT FORD KUGA 1 CAPT           08-13";"Pare-brise";"product";"3";"";"";"";"";"";"create_candidate";"Reference absente du catalogue Odoo; validation metier requise."
"3574AGSMVW1P";"PB VT FORD KUGA 1 CAPT           08-13";"Pare-brise";"product";"1";"";"";"";"";"";"create_candidate";"Reference absente du catalogue Odoo; validation metier requise."
"3574AGSVW";"PB VT FORD KUGA 1                08-13";"Pare-brise";"product";"5";"";"";"";"";"";"create_candidate";"Reference absente du catalogue Odoo; validation metier requise."
"3574ASMRL";"JC PB GAUCHE FORD KUGA    08-";"Joint";"product";"1";"";"";"";"";"";"create_candidate";"Reference absente du catalogue Odoo; validation metier requise."
"3574ASMRR";"JC PB DROIT FORD KUGA    08-";"Joint";"product";"1";"";"";"";"";"";"create_candidate";"Reference absente du catalogue Odoo; validation metier requise."
"3574BYPR";"LUN PRIVACY FORD KUGA 1    08-13";"Lunette";"product";"1";"";"";"";"";"";"create_candidate";"Reference absente du catalogue Odoo; validation metier requise."
"3575LGSH3RQZ";"CUSTODE TEINTÉ VERT GAUCHE FORD KA II          08-MO 1.10";"Pare-brise";"product";"2";"";"";"";"";"";"create_candidate";"Reference absente du catalogue Odoo; validation metier requise."
"3575RGSH3FDW";"GLACE DESCENDANTE AVANT DROIT TEINTÉ VERT FORD KA II 08-";"Glace laterale";"product";"1";"";"";"";"";"";"create_candidate";"Reference absente du catalogue Odoo; validation metier requise."
"3577AGSEMVW6T";"PB VT FORD C-MAX 2  CAPT  13-19";"Pare-brise";"product";"2";"";"";"";"";"";"create_candidate";"Reference absente du catalogue Odoo; validation metier requise."
"3577AGSVW";"PARE-BRISE TEINTÉ VERT FORD C-MAX II 10-MO 1.60";"Pare-brise";"product";"1";"";"";"";"";"";"create_candidate";"Reference absente du catalogue Odoo; validation metier requise."
"3578AGACMVW6Q";"PB VT ACO FOCUS 3 CAPT CAM         15-18";"Pare-brise";"product";"1";"";"";"";"";"";"create_candidate";"Reference absente du catalogue Odoo; validation metier requise."
"3578AGAEMVW96";"PB VT ACO FOCUS 3  CAPT EMS 15-";"Pare-brise";"product";"2";"";"";"";"";"";"create_candidate";"Reference absente du catalogue Odoo; validation metier requise."
"3578AGAVW";"PB VT ACO FOCUS 3       10-18";"Pare-brise";"product";"1";"";"";"";"";"";"create_candidate";"Reference absente du catalogue Odoo; validation metier requise."
"3578AGSCMVW6Q";"PB VT FORD FOCUS 3 CAPT CAM        15-18";"Pare-brise";"product";"1";"";"";"";"";"";"create_candidate";"Reference absente du catalogue Odoo; validation metier requise."
"3578AGSVW";"PB VT FORD FOCUS 3 10-";"Pare-brise";"product";"2";"";"";"";"";"";"create_candidate";"Reference absente du catalogue Odoo; validation metier requise."
"3578LGSH5FD";"DESC AVG VT FORD FOCUS 3 5P 10-18";"Glace laterale";"product";"1";"";"";"";"";"";"create_candidate";"Reference absente du catalogue Odoo; validation metier requise."
"3579AGACHMVW1E";"PB VT FORD RANGER CHAU CAPT CAM 18-02/19";"Pare-brise";"product";"1";"";"";"";"";"";"create_candidate";"Reference absente du catalogue Odoo; validation metier requise."
"3579AGACHMVW1L";"PB VT ACO RANGER CHAUF CAPT CAM 12-";"Pare-brise";"product";"1";"";"";"";"";"";"create_candidate";"Reference absente du catalogue Odoo; validation metier requise."
"3579AGACHMVW30";"PB VT FORD RANGER CHAUF CAPT CAM 20-21";"Pare-brise";"product";"1";"";"";"";"";"";"create_candidate";"Reference absente du catalogue Odoo; validation metier requise."
"3579AGACMVW1L";"PB VT FORD RANGER CAPT CAM         18-";"Pare-brise";"product";"1";"";"";"";"";"";"create_candidate";"Reference absente du catalogue Odoo; validation metier requise."
"3579AGNHMVW1C";"PB VT FORD RANGER CHAUF.+CAPT.12-16";"Pare-brise";"product";"6";"";"";"";"";"";"create_candidate";"Reference absente du catalogue Odoo; validation metier requise."
"3579AGNHMVW1C-O";"PB VT FORD RANGER CHAUF.+CAPT.12-16";"Pare-brise";"product";"1";"";"";"";"";"";"create_candidate";"Reference absente du catalogue Odoo; validation metier requise."
"3579AGNHMVW6P";"PB VT FORD RANGER CHAUF CAPT 16-";"Pare-brise";"product";"1";"";"";"";"";"";"create_candidate";"Reference absente du catalogue Odoo; validation metier requise."
"3579AGNMVW1C";"PB VT FORD RANGER +CAPT.12-";"Pare-brise";"product";"2";"";"";"";"";"";"create_candidate";"Reference absente du catalogue Odoo; validation metier requise."
"3579AGNMVW6P";"PB VT FORD RANGER  CAPT 16-";"Pare-brise";"product";"3";"";"";"";"";"";"create_candidate";"Reference absente du catalogue Odoo; validation metier requise."
"3579AGNVWZ";"PB VT FORD RANGER 12-";"Pare-brise";"product";"1";"";"";"";"";"";"create_candidate";"Reference absente du catalogue Odoo; validation metier requise."
"3579BGPP";"LUN VT FONCEE RANGER PICK UP 12-";"Lunette";"product";"3";"";"";"";"";"";"create_candidate";"Reference absente du catalogue Odoo; validation metier requise."
"3579BYPP";"LUN PRIV FORD RANGER PICK UP 12-";"Lunette";"product";"1";"";"";"";"";"";"create_candidate";"Reference absente du catalogue Odoo; validation metier requise."
"3579RGAP4FDKW";"DESC AVD VT FEUIL RANGER DBLE CAB 4P 18-";"Glace laterale";"product";"1";"";"";"";"";"";"create_candidate";"Reference absente du catalogue Odoo; validation metier requise."
"3579RGNP2FD";"DESC AVD VT FORD RANGER 2P 12-";"Glace laterale";"product";"1";"";"";"";"";"";"create_candidate";"Reference absente du catalogue Odoo; validation metier requise."
"3579RGNP4FD";"GLACE DESCENDANTE AVANT DROIT TEINTÉ VERT FORD RANGER 4 PORTES COFFRE 12-";"Glace laterale";"product";"1";"";"";"";"";"";"create_candidate";"Reference absente du catalogue Odoo; validation metier requise."
"3579RGNP4FD1J";"GLACE DESCENDANTE AVANT DROIT TEINTÉ VERT RANGER DOUBLE CABINE 4 PORTES COFFRE 12-MO 0.70";"Glace laterale";"product";"1";"";"";"";"";"";"create_candidate";"Reference absente du catalogue Odoo; validation metier requise."
"3580AGSVW1P";"PB VT FORD B MAX           12-17";"Pare-brise";"product";"1";"";"";"";"";"";"create_candidate";"Reference absente du catalogue Odoo; validation metier requise."
"3580RGSM5FQZ1D";"CUST AVD VT FORD B MAX CHROME 12-17";"Glace laterale";"product";"1";"";"";"";"";"";"create_candidate";"Reference absente du catalogue Odoo; validation metier requise."
"3581BYPRAIW";"LUN PRIV FORD KUGA II ANT 13-20";"Lunette";"product";"1";"";"";"";"";"";"create_candidate";"Reference absente du catalogue Odoo; validation metier requise."
"3581RYPR5RDW";"DESC ARD PRIV FORD KUGA II 13-20";"Glace laterale";"product";"1";"";"";"";"";"";"create_candidate";"Reference absente du catalogue Odoo; validation metier requise."
"3583AGACHMV7P";"PB VT AC ECOSPORT CHAUF CAPT CAM 19-22";"Pare-brise";"product";"1";"";"";"";"";"";"create_candidate";"Reference absente du catalogue Odoo; validation metier requise."
"3583AGACMV7P";"PB VT AC FORD ECOSPORT CAPT CAM 19-22";"Pare-brise";"product";"1";"";"";"";"";"";"create_candidate";"Reference absente du catalogue Odoo; validation metier requise."
"3583AGAMVZ1C";"PB VT ACO FORD ECOSPORT CAPT 14-";"Pare-brise";"product";"5";"";"";"";"";"";"create_candidate";"Reference absente du catalogue Odoo; validation metier requise."
"3583AGAMVZ6P";"PB VT FORD ECOSPORT 2EME EMB CAPT  18-";"Pare-brise";"product";"2";"";"";"";"";"";"create_candidate";"Reference absente du catalogue Odoo; validation metier requise."
"3583AGSVZ";"PB VT FORD ECOSPORT    14-";"Pare-brise";"product";"6";"";"";"";"";"";"create_candidate";"Reference absente du catalogue Odoo; validation metier requise."
"3583BGNR";"LUN VT FORD ECOSPORT   14-18";"Lunette";"product";"1";"";"";"";"";"";"create_candidate";"Reference absente du catalogue Odoo; validation metier requise."
"3583BYPR";"LUN PRIV FORD ECOSPORT   14-18";"Lunette";"product";"1";"";"";"";"";"";"create_candidate";"Reference absente du catalogue Odoo; validation metier requise."
"3583BYPRA";"LUN PRIV FORD ECOSPORT ANT   14-18";"Lunette";"product";"1";"";"";"";"";"";"create_candidate";"Reference absente du catalogue Odoo; validation metier requise."
"3583BYPRAI1J";"LUN PRIV FORD ECOSPORT ANT   18-";"Lunette";"product";"1";"";"";"";"";"";"create_candidate";"Reference absente du catalogue Odoo; validation metier requise."
"3583BYPRI1L";"LUNETTE PRIVACY FORD ECOSPORT       18-MO 1.20";"Lunette";"product";"1";"";"";"";"";"";"create_candidate";"Reference absente du catalogue Odoo; validation metier requise."
"3583LYPR5RD";"DESC ARG PRIVACY FORD ECOSPORT    14-";"Glace laterale";"product";"2";"";"";"";"";"";"create_candidate";"Reference absente du catalogue Odoo; validation metier requise."
"3583RGNR5FD";"DESC AVD VT FORD ECOSPORT    14-22";"Glace laterale";"product";"2";"";"";"";"";"";"create_candidate";"Reference absente du catalogue Odoo; validation metier requise."
"3583RGNR5RQ";"CUSTODE ARD VT FORD ECOSPORT";"Glace laterale";"product";"1";"";"";"";"";"";"create_candidate";"Reference absente du catalogue Odoo; validation metier requise."
"3590AGSV";"PB VT FORD KA   16-";"Pare-brise";"product";"5";"";"";"";"";"";"create_candidate";"Reference absente du catalogue Odoo; validation metier requise."
"3590BYPH";"LUN PRIVACY FORD KA   16-";"Lunette";"product";"1";"";"";"";"";"";"create_candidate";"Reference absente du catalogue Odoo; validation metier requise."
"3590LGNH5FD";"DESC AVG VT FORD KA   16-19";"Glace laterale";"product";"1";"";"";"";"";"";"create_candidate";"Reference absente du catalogue Odoo; validation metier requise."
"3590LGNH5RD";"DESC ARG VT FORD KA   16-19";"Glace laterale";"product";"1";"";"";"";"";"";"create_candidate";"Reference absente du catalogue Odoo; validation metier requise."
"3592AGACMVZ";"PB VT AC FORD FIESTA 7/PUMA CAPT CAM 17-";"Pare-brise";"product";"2";"";"";"";"";"";"create_candidate";"Reference absente du catalogue Odoo; validation metier requise."
"3592AGSCMVZ";"PB VT FORD FIESTA 7/PUMA 2 CAPT CAM 17-";"Pare-brise";"product";"5";"";"";"";"";"";"create_candidate";"Reference absente du catalogue Odoo; validation metier requise."
"3592BGSHAI";"LUN VT FORD FIESTA 7  ANT  17-";"Lunette";"product";"1";"";"";"";"";"";"create_candidate";"Reference absente du catalogue Odoo; validation metier requise."
"3592BYPHAI";"LUN PRIV FORD FIESTA 7  ANT  17-";"Lunette";"product";"2";"";"";"";"";"";"create_candidate";"Reference absente du catalogue Odoo; validation metier requise."
"3592LGSH5FD1M";"DESC AVG VT FORD FIESTA 7 5P   17-";"Glace laterale";"product";"2";"";"";"";"";"";"create_candidate";"Reference absente du catalogue Odoo; validation metier requise."
"3592LGSH5RQZ";"CUSTODE ARG FORD FIESTA - 17";"Glace laterale";"product";"1";"";"";"";"";"";"create_candidate";"Reference absente du catalogue Odoo; validation metier requise."
"3592RGSH3FQZ";"VITRE CUSTODE AVD FIXE";"Glace laterale";"product";"1";"";"";"";"";"";"create_candidate";"Reference absente du catalogue Odoo; validation metier requise."
"3592RYPH5RD";"DESC ARD PRIV FORD FIESTA 7 5P   17-";"Glace laterale";"product";"1";"";"";"";"";"";"create_candidate";"Reference absente du catalogue Odoo; validation metier requise."
"3593AGACMVZ";"PB VT ACO FORD FOCUS 4 CAM CAPT 18-";"Pare-brise";"product";"2";"";"";"";"";"";"create_candidate";"Reference absente du catalogue Odoo; validation metier requise."
"3594AGACMVZ";"PB VT AC FORD KUGA 3 LHD CAPT CAM 19-";"Pare-brise";"product";"1";"";"";"";"";"";"create_candidate";"Reference absente du catalogue Odoo; validation metier requise."
"3595LYPR5RQZ";"CUST ARG PRIV FORD PUMA 2    20-";"Glace laterale";"product";"1";"";"";"";"";"";"create_candidate";"Reference absente du catalogue Odoo; validation metier requise."
"3732RGNL2FD";"DESC AVD VT IVECO EUROCARGO     91-03";"Glace laterale";"product";"1";"";"";"";"";"";"create_candidate";"Reference absente du catalogue Odoo; validation metier requise."
"3735AGN1B";"PARE-BRISE TEINTÉ VERT BOXER 1 /JUMPER 1 94-06MO 4.50";"Pare-brise";"product";"1";"";"";"";"";"";"create_candidate";"Reference absente du catalogue Odoo; validation metier requise."
"3739ACLV1B";"PB CL FORD TRANSIT                 00-14";"Pare-brise";"product";"1";"";"";"";"";"";"create_candidate";"Reference absente du catalogue Odoo; validation metier requise."
"3739AGNV1P";"PB VT TRANSIT III   EMBASE         06-14";"Pare-brise";"product";"8";"";"";"";"";"";"create_candidate";"Reference absente du catalogue Odoo; validation metier requise."
"3739AKCVS1F";"CLIPS LAT  PB FORD TRANSIT IV     00-14";"Joint";"product";"8";"";"";"";"";"";"create_candidate";"Reference absente du catalogue Odoo; validation metier requise."
"3739ASMVT";"JC SUP PB FORD TRANSIT             00-14";"Joint";"product";"6";"";"";"";"";"";"create_candidate";"Reference absente du catalogue Odoo; validation metier requise."
"3739BGNVLU";"LUN VT GCHE TRANSIT III NON CHAUF  00-14";"Lunette";"product";"1";"";"";"";"";"";"create_candidate";"Reference absente du catalogue Odoo; validation metier requise."
"3739BGNVR";"LUN VT DTE CHAUF TRANSIT III     00-14";"Lunette";"product";"1";"";"";"";"";"";"create_candidate";"Reference absente du catalogue Odoo; validation metier requise."
"3739LCLV2FVZ";"DEFL AVG CL FORD TRANSIT III 01-14";"Glace laterale";"product";"1";"";"";"";"";"";"create_candidate";"Reference absente du catalogue Odoo; validation metier requise."
"3739LGNV2FD";"DESC AVG VT FORD TRANSIT III       01-14";"Glace laterale";"product";"2";"";"";"";"";"";"create_candidate";"Reference absente du catalogue Odoo; validation metier requise."
"3739LGSP4RD";"GLACE AR D+G VT TRANSIT DBLE CAB 01-";"Glace laterale";"product";"1";"";"";"";"";"";"create_candidate";"Reference absente du catalogue Odoo; validation metier requise."
"3739RCLV2FD";"DESC AVD CL FORD TRANSIT III       01-14";"Glace laterale";"product";"1";"";"";"";"";"";"create_candidate";"Reference absente du catalogue Odoo; validation metier requise."
"3739rclv4mqs";"3739rclv4mqs";"Autres";"product";"1";"";"";"";"";"";"create_candidate";"Reference absente du catalogue Odoo; validation metier requise."
"3739RGNV2FVZ";"DEFL AVD VT FORD TRANSIT III       01-14";"Glace laterale";"product";"1";"";"";"";"";"";"create_candidate";"Reference absente du catalogue Odoo; validation metier requise."
"3739RGSP4RD";"GLACE AR D+G VT TRANSIT DBLE CAB 01-";"Glace laterale";"product";"1";"";"";"";"";"";"create_candidate";"Reference absente du catalogue Odoo; validation metier requise."
"3741AGN";"PB VT IVECO DAILY II 98-";"Pare-brise";"product";"10";"";"";"";"";"";"create_candidate";"Reference absente du catalogue Odoo; validation metier requise."
"3741AKMV";"JC CALES KIT COMP PB IVECO DAILY II  98-";"Joint";"product";"8";"";"";"";"";"";"create_candidate";"Reference absente du catalogue Odoo; validation metier requise."
"3741AKMV9";"VO - JC+CALES KIT PB IVECO DAILY II  98-";"Joint";"product";"3";"";"";"";"";"";"create_candidate";"Reference absente du catalogue Odoo; validation metier requise."
"3741BGSPU";"LUN VT IVECO DAILY II BENNE   99-14";"Lunette";"product";"1";"";"";"";"";"";"create_candidate";"Reference absente du catalogue Odoo; validation metier requise."
"3743AGSV";"PB VT FORD TRANSIT CONNECT SS EMB 03-13";"Pare-brise";"product";"1";"";"";"";"";"";"create_candidate";"Reference absente du catalogue Odoo; validation metier requise."
"3743AGSV1C";"PB VT FORD TRANSIT CONNECT     03-13";"Pare-brise";"product";"4";"";"";"";"";"";"create_candidate";"Reference absente du catalogue Odoo; validation metier requise."
"3743ASMV";"JC PB FORD CONNECT                 03-13";"Joint";"product";"5";"";"";"";"";"";"create_candidate";"Reference absente du catalogue Odoo; validation metier requise."
"3743LGDV4RD";"GLACE ARG VT FONCEE CONNECT 09-13";"Glace laterale";"product";"1";"";"";"";"";"";"create_candidate";"Reference absente du catalogue Odoo; validation metier requise."
"3743LGDV4RD1J";"GLACE ARG FIXE VT FONC FORD CONNECT 09-1";"Glace laterale";"product";"1";"";"";"";"";"";"create_candidate";"Reference absente du catalogue Odoo; validation metier requise."
"3743LGNV2FD";"GLACE DESCENDANTE AVANT GAUCHE TEINTÉ VERT FORD CONNECT 02-13";"Glace laterale";"product";"1";"";"";"";"";"";"create_candidate";"Reference absente du catalogue Odoo; validation metier requise."
"3743RGNV2FD";"DESC AVD VT FORD CONNECT        02-13";"Glace laterale";"product";"1";"";"";"";"";"";"create_candidate";"Reference absente du catalogue Odoo; validation metier requise."
"3750AGSVZ";"PB VT BOXER/JUMPER2/DUCATO 3 06-14";"Pare-brise";"product";"30";"";"";"";"";"";"create_candidate";"Reference absente du catalogue Odoo; validation metier requise."
"3750AKSV1F";"CLIPS KIT PB BOXER/JUMPER2/DUC.3 06-";"Joint";"product";"4";"";"";"";"";"";"create_candidate";"Reference absente du catalogue Odoo; validation metier requise."
"3750AKSV1F9";"VO - CLIPS KIT PB BOXER/JUMP.2/DUC.3 06-";"Joint";"product";"4";"";"";"";"";"";"create_candidate";"Reference absente du catalogue Odoo; validation metier requise."
"3750BGSVIL";"LUN ARG VT CHAUF BOXE/JUMPER2 06-";"Lunette";"product";"2";"";"";"";"";"";"create_candidate";"Reference absente du catalogue Odoo; validation metier requise."
"3750BGSVIR";"LUN ARD VT CHAUF BOXE/JUMPER2  06-";"Lunette";"product";"1";"";"";"";"";"";"create_candidate";"Reference absente du catalogue Odoo; validation metier requise."
"3750BGSVLUW";"LUN ARG VT NON CHAUF BOXE/JUMPER2 06-";"Lunette";"product";"1";"";"";"";"";"";"create_candidate";"Reference absente du catalogue Odoo; validation metier requise."
"3750BGSVLW";"LUN ARG CHAUF BOXE/JUMPER2/DUCAT 3 06-";"Lunette";"product";"1";"";"";"";"";"";"create_candidate";"Reference absente du catalogue Odoo; validation metier requise."
"3750BGSVRUW";"LUN ARD NON-CH BOXE/JUMPER2/DUCAT 3 06-";"Lunette";"product";"2";"";"";"";"";"";"create_candidate";"Reference absente du catalogue Odoo; validation metier requise."
"3750LGSV3FV";"DFL AVG VT BOXER 2/JUMPER 2/DUCATO 06-";"Glace laterale";"product";"6";"";"";"";"";"";"create_candidate";"Reference absente du catalogue Odoo; validation metier requise."
"3750RGSV3FDW";"DESC AVD VT BOXER 2/JUMPER 2/DUC  06-";"Glace laterale";"product";"3";"";"";"";"";"";"create_candidate";"Reference absente du catalogue Odoo; validation metier requise."
"3750RGSV3FV";"DEFL AVD VT BOXER 2/JUMPER 2/DUC  06-";"Glace laterale";"product";"3";"";"";"";"";"";"create_candidate";"Reference absente du catalogue Odoo; validation metier requise."
"3750RGSV4RQS1J";"CUSTODE ARRIÈRE DROIT TEINTÉ VERT DUCATO 3";"Glace laterale";"product";"1";"";"";"";"";"";"create_candidate";"Reference absente du catalogue Odoo; validation metier requise."
"3752ACCVZ";"PB ATH SCUDO/EXPERT/JUMPY 2   07-16";"Pare-brise";"product";"2";"";"";"";"";"";"create_candidate";"Reference absente du catalogue Odoo; validation metier requise."
"3752AGSVZ";"PB VT SCUDO/EXPERT/JUMPY 07-";"Pare-brise";"product";"18";"";"";"";"";"";"create_candidate";"Reference absente du catalogue Odoo; validation metier requise."
"3752BGDVL";"LUNETTE GAUCHE TEINTÉ VERT FONCÉ JUMPY/EXPERT CHAUFFANT 06-16MO 0,90";"Lunette";"product";"1";"";"";"";"";"";"create_candidate";"Reference absente du catalogue Odoo; validation metier requise."
"3752BGSVLU";"LUN GCHE VT JUMPY/EXPERT NON CH.06-";"Lunette";"product";"4";"";"";"";"";"";"create_candidate";"Reference absente du catalogue Odoo; validation metier requise."
"3752BGSVRU";"LUNETTE DROITE TEINTÉ VERT JUMPY/EXPERT NON CHAUFFANT 06-";"Lunette";"product";"7";"";"";"";"";"";"create_candidate";"Reference absente du catalogue Odoo; validation metier requise."
"3752LGPV5RDF";"GLACE PTE ARG COULISS VT EXPERT/SC 07-16";"Glace laterale";"product";"1";"";"";"";"";"";"create_candidate";"Reference absente du catalogue Odoo; validation metier requise."
"3752LGSV5FD";"DESC.AVG VT EXPERT/SCUDO       07-";"Glace laterale";"product";"9";"";"";"";"";"";"create_candidate";"Reference absente du catalogue Odoo; validation metier requise."
"3752LGSV5RDF";"GLACE PTE ARG VT COUL VT EXPERT/SCU 07-1";"Glace laterale";"product";"1";"";"";"";"";"";"create_candidate";"Reference absente du catalogue Odoo; validation metier requise."
"3752RGSV5FD";"GLACE DESCENDANTE AVANT DROIT TEINTÉ VERT EXPERT/SCUDO 07-";"Glace laterale";"product";"3";"";"";"";"";"";"create_candidate";"Reference absente du catalogue Odoo; validation metier requise."
"3752RGSV5RDF";"GLACE PTE ARRIÈRE DROIT TEINTÉ VERT COULISSANTE TEINTÉ VERT EXPERT / SCUDO 07-1MO 0,80";"Glace laterale";"product";"1";"";"";"";"";"";"create_candidate";"Reference absente du catalogue Odoo; validation metier requise."
"3769AGSVW";"PARE-BRISE TEINTÉ VERT TRANSIT CUSTOM 13-MO 1.70";"Pare-brise";"product";"1";"";"";"";"";"";"create_candidate";"Reference absente du catalogue Odoo; validation metier requise."
"3769AGSVW1C";"PARE-BRISE TEINTÉ VERT TRANSIT CUSTOM  EMBASE RÉTRO      13-MO 1.70";"Pare-brise";"product";"3";"";"";"";"";"";"create_candidate";"Reference absente du catalogue Odoo; validation metier requise."
"3769BYPVI1Q";"LUN PRIV TR CUSTOM HAYON TROU 12-18";"Lunette";"product";"1";"";"";"";"";"";"create_candidate";"Reference absente du catalogue Odoo; validation metier requise."
"3769LGSV2FV";"DEFL AVG VT TRANSIT CUSTOM 13-";"Glace laterale";"product";"1";"";"";"";"";"";"create_candidate";"Reference absente du catalogue Odoo; validation metier requise."
"3769RGSV2FV";"DEFL AVD VT TRANSIT CUSTOM 13-";"Glace laterale";"product";"1";"";"";"";"";"";"create_candidate";"Reference absente du catalogue Odoo; validation metier requise."
"3770AGAVZ1C";"PB VT AC TRANSIT CONNECT 2  EMB 13-";"Pare-brise";"product";"1";"";"";"";"";"";"create_candidate";"Reference absente du catalogue Odoo; validation metier requise."
"3770AGSCEHMVZ2C";"PB VT CONNECT 2 CHAUF+GPS+LDW+CAPT13-";"Pare-brise";"product";"1";"";"";"";"";"";"create_candidate";"Reference absente du catalogue Odoo; validation metier requise."
"3770AGSEVZ1C";"PB VT TRANSIT CONNECT 2 EMB TRAPEZ  13-";"Pare-brise";"product";"1";"";"";"";"";"";"create_candidate";"Reference absente du catalogue Odoo; validation metier requise."
"3770AGSEVZ2C";"PB VT CONNECT 2  EMB RONDE UR 13-";"Pare-brise";"product";"1";"";"";"";"";"";"create_candidate";"Reference absente du catalogue Odoo; validation metier requise."
"3770AGSVZ1P";"PB VT FORD CONNECT 2   18-";"Pare-brise";"product";"1";"";"";"";"";"";"create_candidate";"Reference absente du catalogue Odoo; validation metier requise."
"3770LGSV5FD";"DESC AVG VT TRANSIT CONNECT 2 13-";"Glace laterale";"product";"1";"";"";"";"";"";"create_candidate";"Reference absente du catalogue Odoo; validation metier requise."
"3770RGSV5FD";"DESC AVD VT TRANSIT CONNECT 2 13-";"Glace laterale";"product";"1";"";"";"";"";"";"create_candidate";"Reference absente du catalogue Odoo; validation metier requise."
"3770RGSV5FV";"DEFL AVD VT TRANSIT CONNECT 2 13-";"Glace laterale";"product";"1";"";"";"";"";"";"create_candidate";"Reference absente du catalogue Odoo; validation metier requise."
"3771AGSCZ1C";"PB VT IVECO DAILY III CAM          14-19";"Pare-brise";"product";"3";"";"";"";"";"";"create_candidate";"Reference absente du catalogue Odoo; validation metier requise."
"3771AGSZ";"PB VT IVECO DAILY III         14-";"Pare-brise";"product";"3";"";"";"";"";"";"create_candidate";"Reference absente du catalogue Odoo; validation metier requise."
"3771AKCVS1F";"KIT AGRAFES PB IVECO DAILY III 14PCS 14-";"Joint";"product";"1";"";"";"";"";"";"create_candidate";"Reference absente du catalogue Odoo; validation metier requise."
"3771LGSV2FD";"DESC AVG VT IVECO DAILY III         14-";"Glace laterale";"product";"2";"";"";"";"";"";"create_candidate";"Reference absente du catalogue Odoo; validation metier requise."
"3771LGSV2FVZ";"DEFL AVG VT IVECO DAILY III         14-";"Glace laterale";"product";"3";"";"";"";"";"";"create_candidate";"Reference absente du catalogue Odoo; validation metier requise."
"3771RGSV2FVZ";"DEFL AVD VT IVECO DAILY III         14-";"Glace laterale";"product";"2";"";"";"";"";"";"create_candidate";"Reference absente du catalogue Odoo; validation metier requise."
"3772AGSCMVZ2C";"PB VT TRANSIT 4 BAS  CAPT LDW 14-";"Pare-brise";"product";"2";"";"";"";"";"";"create_candidate";"Reference absente du catalogue Odoo; validation metier requise."
"3772AGSVZ1C";"PARE-BRISE TEINTÉ VERT TRANSIT 4 BAS EMBASE 14-MO 1.80";"Pare-brise";"product";"1";"";"";"";"";"";"create_candidate";"Reference absente du catalogue Odoo; validation metier requise."
"3773BGDVIR1H";"LUNETTE DROITE TEINTÉ VERT FONCÉ TRANSIT 4 HAUT TROU 14-MO 0.90";"Lunette";"product";"1";"";"";"";"";"";"create_candidate";"Reference absente du catalogue Odoo; validation metier requise."
"3775931";"FEU ARG";"Autres";"product";"1";"";"";"";"";"";"create_candidate";"Reference absente du catalogue Odoo; validation metier requise."
"3930ABL";"PB BL HONDA CIVIC EC/ED 3P 87-91";"Pare-brise";"product";"1";"";"";"";"";"";"create_candidate";"Reference absente du catalogue Odoo; validation metier requise."
"3930ASMH1D";"JC PB HONDA CIVIC EC/ED 3P 87-91";"Joint";"product";"1";"";"";"";"";"";"create_candidate";"Reference absente du catalogue Odoo; validation metier requise."
"3940AGN";"PB VT HONDA CIVIC 4PTES            92-95";"Pare-brise";"product";"1";"";"";"";"";"";"create_candidate";"Reference absente du catalogue Odoo; validation metier requise."
"3940AKCS";"AGRAFES PB HONDA CIVIC 4PTES  92-95";"Joint";"product";"1";"";"";"";"";"";"create_candidate";"Reference absente du catalogue Odoo; validation metier requise."
"3940ASMST";"JC SUP PB HONDA CIVIC 3/4PTES VOIR 3941A";"Joint";"product";"1";"";"";"";"";"";"create_candidate";"Reference absente du catalogue Odoo; validation metier requise."
"3941ABL";"PB BL HONDA CIVIC 3PTES            92-95";"Pare-brise";"product";"1";"";"";"";"";"";"create_candidate";"Reference absente du catalogue Odoo; validation metier requise."
"3941ASMHT";"JC SUP  PB HONDA CIVIC 91-96";"Joint";"product";"2";"";"";"";"";"";"create_candidate";"Reference absente du catalogue Odoo; validation metier requise."
"3948RGNC2FDW";"DESC AVD VT CIVIC CRX DEL SOL 92-98";"Glace laterale";"product";"1";"";"";"";"";"";"create_candidate";"Reference absente du catalogue Odoo; validation metier requise."
"3954AGNGNVW";"PARE-BRISE TEINTÉ VERT DÉGRADÉ VERT ROV 400-45/HONDA CIVIC 5 PORTES HAYON 95-00MO 4.50";"Pare-brise";"product";"1";"";"";"";"";"";"create_candidate";"Reference absente du catalogue Odoo; validation metier requise."
"3956AGN";"PB VT HONDA CIVIC 3PTES            96-01";"Pare-brise";"product";"1";"";"";"";"";"";"create_candidate";"Reference absente du catalogue Odoo; validation metier requise."
"3956ASMH";"JC PB HONDA CIVIC 3PTES            96-01";"Joint";"product";"1";"";"";"";"";"";"create_candidate";"Reference absente du catalogue Odoo; validation metier requise."
"3962AGN";"PB VT HONDA CRV 97-02";"Pare-brise";"product";"2";"";"";"";"";"";"create_candidate";"Reference absente du catalogue Odoo; validation metier requise."
"3962ASMR";"JC PB HONDA CRV 97-02";"Joint";"product";"2";"";"";"";"";"";"create_candidate";"Reference absente du catalogue Odoo; validation metier requise."
"3969AGNV";"PB VT HONDA S2000                  99-09";"Pare-brise";"product";"1";"";"";"";"";"";"create_candidate";"Reference absente du catalogue Odoo; validation metier requise."
"3969ASMT";"JC SUP HONDA S 2000                99-09";"Joint";"product";"1";"";"";"";"";"";"create_candidate";"Reference absente du catalogue Odoo; validation metier requise."
"3976AGSV1C";"PB VT HONDA CIVIC 3P HBK           03-05";"Pare-brise";"product";"1";"";"";"";"";"";"create_candidate";"Reference absente du catalogue Odoo; validation metier requise."
"3976ASMHT";"JC SUP PB HONDA CIVIC 3 PTES       01-05";"Joint";"product";"1";"";"";"";"";"";"create_candidate";"Reference absente du catalogue Odoo; validation metier requise."
"3986AGNBLMV";"PARE-BRISE TEINTÉ VERT DÉGRADÉ BLEU HONDA ACCORD BERLINE ET BREAK CAPTEUR DE PLUIE 03-08MO 4.40";"Pare-brise";"product";"1";"";"";"";"";"";"create_candidate";"Reference absente du catalogue Odoo; validation metier requise."
"3992AGNV";"PB VT HONDA FR-V                   04-10";"Pare-brise";"product";"1";"";"";"";"";"";"create_candidate";"Reference absente du catalogue Odoo; validation metier requise."
"3998AGSIMV1P";"PB VT CIVIC 3/5PTES LHD CAPT ELECT 06-11";"Pare-brise";"product";"1";"";"";"";"";"";"create_candidate";"Reference absente du catalogue Odoo; validation metier requise."
"3998AGSMV1B";"PB VT HONDA CIVIC 3/5PTES LHD CAPT 06-11";"Pare-brise";"product";"2";"";"";"";"";"";"create_candidate";"Reference absente du catalogue Odoo; validation metier requise."
"3998AGSV";"PB VT HONDA CIVIC 3/5PTES          06-11";"Pare-brise";"product";"1";"";"";"";"";"";"create_candidate";"Reference absente du catalogue Odoo; validation metier requise."
"3998AKCH1F";"CLIPS KIT PB COMP  HONDA CIVIC 5P 05-11";"Joint";"product";"3";"";"";"";"";"";"create_candidate";"Reference absente du catalogue Odoo; validation metier requise."
"3998ASMHT";"JC SUP PB HONDA CIVIC 3/5P       05-11";"Joint";"product";"6";"";"";"";"";"";"create_candidate";"Reference absente du catalogue Odoo; validation metier requise."
"3999AGSV";"PARE-BRISE TEINTÉ VERT HONDA CIVIC HYBRID 4 PORTES COFFRE 05-11MO 3,70";"Pare-brise";"product";"1";"";"";"";"";"";"create_candidate";"Reference absente du catalogue Odoo; validation metier requise."
"3999ASMST";"ENJOLIVEUR SUPÉRIEUR PARE-BRISE CIVIC HYBRID 4 PORTES COFFRE 05-11";"Joint";"product";"1";"";"";"";"";"";"create_candidate";"Reference absente du catalogue Odoo; validation metier requise."
"4000AGAIMVW6N";"PB VT HONDA CRV III   CAPT      10-12";"Pare-brise";"product";"1";"";"";"";"";"";"create_candidate";"Reference absente du catalogue Odoo; validation metier requise."
"4000AGAMV95";"PB VT HONDA CRV III   CAPT      07-10";"Pare-brise";"product";"1";"";"";"";"";"";"create_candidate";"Reference absente du catalogue Odoo; validation metier requise."
"4000ASMRT";"JC SUP PB HONDA CRV III            07-12";"Joint";"product";"3";"";"";"";"";"";"create_candidate";"Reference absente du catalogue Odoo; validation metier requise."
"4004AGSV";"PB VT HONDA JAZZ 2 LHD            09-15";"Pare-brise";"product";"2";"";"";"";"";"";"create_candidate";"Reference absente du catalogue Odoo; validation metier requise."
"4004AGSV1P";"PB VT HONDA JAZZ 2 LHD            09-15";"Pare-brise";"product";"2";"";"";"";"";"";"create_candidate";"Reference absente du catalogue Odoo; validation metier requise."
"4004ASMH1H";"JC PB HONDA JAZZ TOIT TOLE   08-15";"Joint";"product";"4";"";"";"";"";"";"create_candidate";"Reference absente du catalogue Odoo; validation metier requise."
"4004BGSHB";"LUN VT HONDA JAZZ 09-15";"Lunette";"product";"1";"";"";"";"";"";"create_candidate";"Reference absente du catalogue Odoo; validation metier requise."
"4004LGSH5FQ";"DEFL AVG VT HONDA JAZZ 09-15";"Glace laterale";"product";"1";"";"";"";"";"";"create_candidate";"Reference absente du catalogue Odoo; validation metier requise."
"4004RGSH5FDW1M";"DESC AVD VT HONDA JAZZ 09-15";"Glace laterale";"product";"1";"";"";"";"";"";"create_candidate";"Reference absente du catalogue Odoo; validation metier requise."
"4011AGAIMV1P";"PB VT ACO HONDA CRV LHD CAPT 12-18";"Pare-brise";"product";"1";"";"";"";"";"";"create_candidate";"Reference absente du catalogue Odoo; validation metier requise."
"4011ASGRT";"JC SUP PB HONDA CRV     12-18";"Joint";"product";"1";"";"";"";"";"";"create_candidate";"Reference absente du catalogue Odoo; validation metier requise."
"4017LYPR5RDW";"DESC ARG PRIV HONDA HR-V 15-";"Glace laterale";"product";"1";"";"";"";"";"";"create_candidate";"Reference absente du catalogue Odoo; validation metier requise."
"4021BYPR";"LUN PRIVACY HONDA CRV  18-";"Lunette";"product";"1";"";"";"";"";"";"create_candidate";"Reference absente du catalogue Odoo; validation metier requise."
"4105ACL";"PARE-BRISE CLAIR HYUNDAI PONY/EXCEL 89-94MO 2,90";"Pare-brise";"product";"1";"";"";"";"";"";"create_candidate";"Reference absente du catalogue Odoo; validation metier requise."
"4105AKMH";"KIT ENJOLIVEUR PARE-BRISE HYUNDAI PONY/EXCEL 89-94";"Joint";"product";"1";"";"";"";"";"";"create_candidate";"Reference absente du catalogue Odoo; validation metier requise."
"4109AGNBL";"PB VTBL PONY/ACCENT/EXCEL        94-96";"Pare-brise";"product";"2";"";"";"";"";"";"create_candidate";"Reference absente du catalogue Odoo; validation metier requise."
"4109ASMH";"JC PB PONY/ACCENT/EXCEL            94-99";"Joint";"product";"2";"";"";"";"";"";"create_candidate";"Reference absente du catalogue Odoo; validation metier requise."
"4115ALGBL";"PARE-BRISE TEINTÉ VERT DÉGRADÉ BLEU HYUNDAI ATOS 98-08MO 2,80";"Pare-brise";"product";"1";"";"";"";"";"";"create_candidate";"Reference absente du catalogue Odoo; validation metier requise."
"4116AGNBL";"PB VTBL HYUNDAI SATELLITE/H200/H1 98-08";"Pare-brise";"product";"3";"";"";"";"";"";"create_candidate";"Reference absente du catalogue Odoo; validation metier requise."
"4116ASMV";"JC PB HYUNDAI SATELLITE/H200/H1   98-08";"Joint";"product";"3";"";"";"";"";"";"create_candidate";"Reference absente du catalogue Odoo; validation metier requise."
"4118AGNBL";"PB VTBL HYUNDAI ACCENT 4/5P 00-05";"Pare-brise";"product";"4";"";"";"";"";"";"create_candidate";"Reference absente du catalogue Odoo; validation metier requise."
"4118ASMH";"JC PB HYUNDAI ACCENT 4/5P 00-05";"Joint";"product";"3";"";"";"";"";"";"create_candidate";"Reference absente du catalogue Odoo; validation metier requise."
"4118BGNHW1H";"LUN VT HYUNDAI ACCENT 5P  TROU 00-01";"Lunette";"product";"1";"";"";"";"";"";"create_candidate";"Reference absente du catalogue Odoo; validation metier requise."
"4118BGNHW1R";"LUN VT HYUNDAI ACCENT 5P  TROU 01-05";"Lunette";"product";"1";"";"";"";"";"";"create_candidate";"Reference absente du catalogue Odoo; validation metier requise."
"4120AGNBLW";"PB VTBL TRAJET/HIGHWAY VAN       00-07";"Pare-brise";"product";"1";"";"";"";"";"";"create_candidate";"Reference absente du catalogue Odoo; validation metier requise."
"4120ASMV";"JC PB HYUNDAI TRAJET               00-07";"Joint";"product";"1";"";"";"";"";"";"create_candidate";"Reference absente du catalogue Odoo; validation metier requise."
"4124AGNBL";"PB VTBL HYUNDAI TERRACAN         01-07";"Pare-brise";"product";"2";"";"";"";"";"";"create_candidate";"Reference absente du catalogue Odoo; validation metier requise."
"4124ASMR";"JC PB HYUNDAI TERRACAN             01-07";"Joint";"product";"1";"";"";"";"";"";"create_candidate";"Reference absente du catalogue Odoo; validation metier requise."
"4125AGNBL";"PB VTBL HYUNDAI MATRIX MPV    01-10";"Pare-brise";"product";"2";"";"";"";"";"";"create_candidate";"Reference absente du catalogue Odoo; validation metier requise."
"4125ASMH";"JC PB HYUNDAI MATRIX MPV       01-10";"Joint";"product";"2";"";"";"";"";"";"create_candidate";"Reference absente du catalogue Odoo; validation metier requise."
"4125LGNH5FD";"DESC.AVG VT HYUNDAI MATRIX  01-10";"Glace laterale";"product";"1";"";"";"";"";"";"create_candidate";"Reference absente du catalogue Odoo; validation metier requise."
"4128AGSBL";"PB VTBL HYUNDAI GETZ               02-10";"Pare-brise";"product";"7";"";"";"";"";"";"create_candidate";"Reference absente du catalogue Odoo; validation metier requise."
"4128ASMH";"JC PB HYUNDAI GETZ                 02-10";"Joint";"product";"7";"";"";"";"";"";"create_candidate";"Reference absente du catalogue Odoo; validation metier requise."
"4128ASMH-PERDU";"JC PB HYUNDAI GETZ                 02-10";"Joint";"product";"1";"";"";"";"";"";"create_candidate";"Reference absente du catalogue Odoo; validation metier requise."
"4128BGSHW1H";"LUN VT HYUNDAI GETZ 3/5P TROU  02-10";"Lunette";"product";"3";"";"";"";"";"";"create_candidate";"Reference absente du catalogue Odoo; validation metier requise."
"4128LGSH5FDW";"DESC AVG VT HYUNDAI GETZ 5PTES  02-10";"Glace laterale";"product";"1";"";"";"";"";"";"create_candidate";"Reference absente du catalogue Odoo; validation metier requise."
"4128LGSH5RV";"DEFL ARG VT HUYNDAI GETZ 5PTES  02-10";"Glace laterale";"product";"2";"";"";"";"";"";"create_candidate";"Reference absente du catalogue Odoo; validation metier requise."
"4128RGSH3FDW";"DESC AVD VT HYUNDAI GETZ 3PTES  02-10";"Glace laterale";"product";"1";"";"";"";"";"";"create_candidate";"Reference absente du catalogue Odoo; validation metier requise."
"4128RGSH5FDW";"DESC AVD VT HYUNDAI GETZ 5PTES 02-10";"Glace laterale";"product";"2";"";"";"";"";"";"create_candidate";"Reference absente du catalogue Odoo; validation metier requise."
"4128RGSH5RV";"DEFL ARD VT HYUNDAI GETZ 5PTES  02-10";"Glace laterale";"product";"2";"";"";"";"";"";"create_candidate";"Reference absente du catalogue Odoo; validation metier requise."
"4129AGNBLHV";"PB VTBL TUCSON CHAUF.EMB 6CM 04-10";"Pare-brise";"product";"1";"";"";"";"";"";"create_candidate";"Reference absente du catalogue Odoo; validation metier requise."
"4129AGNBLV";"PB VTBL HYUNDAI TUCSON 04-10";"Pare-brise";"product";"7";"";"";"";"";"";"create_candidate";"Reference absente du catalogue Odoo; validation metier requise."
"4129ASMR";"JC PB HYUNDAI TUCSON 04-10";"Joint";"product";"7";"";"";"";"";"";"create_candidate";"Reference absente du catalogue Odoo; validation metier requise."
"4129BGNRBO2Q";"LUN.VT HYUNDAI TUCSON OUVR. 04-10";"Lunette";"product";"1";"";"";"";"";"";"create_candidate";"Reference absente du catalogue Odoo; validation metier requise."
"4129BYPROB";"LUNETTE PRIVACY HYUNDAÏ TUCSON OUVRANT(E) 04-10";"Lunette";"product";"1";"";"";"";"";"";"create_candidate";"Reference absente du catalogue Odoo; validation metier requise."
"4133AGNBLV";"PARE-BRISE TEINTÉ VERT DÉGRADÉ BLEU HYUNDAI SANTA FE 2 05-10";"Pare-brise";"product";"2";"";"";"";"";"";"create_candidate";"Reference absente du catalogue Odoo; validation metier requise."
"4133AGSBLMV1B";"PB VTBL HYUNDAI SANTA FE 2+CAPT.05-12";"Pare-brise";"product";"4";"";"";"";"";"";"create_candidate";"Reference absente du catalogue Odoo; validation metier requise."
"4133ASMR";"JC PB HYUNDAI SANTA FE II 05-12";"Joint";"product";"3";"";"";"";"";"";"create_candidate";"Reference absente du catalogue Odoo; validation metier requise."
"4133BYPR";"LUN PRIV HYUNDAI SANTA FE II       05-12";"Lunette";"product";"1";"";"";"";"";"";"create_candidate";"Reference absente du catalogue Odoo; validation metier requise."
"4133LGSR5FD";"GLACE DESCENDANTE AVANT GAUCHE TEINTÉ VERT HYUNDAI SANTA FE II 05-12";"Glace laterale";"product";"1";"";"";"";"";"";"create_candidate";"Reference absente du catalogue Odoo; validation metier requise."
"4133LYPR5RDW";"DESC ARG PRIVACY SANTA FE II 05-12";"Glace laterale";"product";"1";"";"";"";"";"";"create_candidate";"Reference absente du catalogue Odoo; validation metier requise."
"4134AGNBLV";"PB VTBL HYUNDAI ACCENT          06-11";"Pare-brise";"product";"1";"";"";"";"";"";"create_candidate";"Reference absente du catalogue Odoo; validation metier requise."
"4134ASMHT";"JC SUP PB HYUNDAI ACCENT           06-11";"Joint";"product";"1";"";"";"";"";"";"create_candidate";"Reference absente du catalogue Odoo; validation metier requise."
"4135AGNHMV6G";"PB VT HY I30 CHAUF  CAPT VIN 12CM  07-12";"Pare-brise";"product";"1";"";"";"";"";"";"create_candidate";"Reference absente du catalogue Odoo; validation metier requise."
"4135AGNV1G";"PB VT HYUNDAI I30 VIN A 12CM     07-12";"Pare-brise";"product";"4";"";"";"";"";"";"create_candidate";"Reference absente du catalogue Odoo; validation metier requise."
"4135AGSV";"PARE-BRISE TEINTÉ VERT HYUNDAI I30 07-12";"Pare-brise";"product";"4";"";"";"";"";"";"create_candidate";"Reference absente du catalogue Odoo; validation metier requise."
"4135ASMHL";"JC GAUCHE  PB HYUNDAI I30         07-12";"Joint";"product";"1";"";"";"";"";"";"create_candidate";"Reference absente du catalogue Odoo; validation metier requise."
"4135ASMHT";"JC SUP PB HYUNDAI I30              07-12";"Joint";"product";"6";"";"";"";"";"";"create_candidate";"Reference absente du catalogue Odoo; validation metier requise."
"4135BGNH";"LUN VT HYUNDAI I30 5P    08-12";"Lunette";"product";"1";"";"";"";"";"";"create_candidate";"Reference absente du catalogue Odoo; validation metier requise."
"4135LGNH5FD";"DESC AVG VT HYUNDAI I30 5PTES 07-12";"Glace laterale";"product";"1";"";"";"";"";"";"create_candidate";"Reference absente du catalogue Odoo; validation metier requise."
"4135RGNH5FD";"DESC AVD VT HYUNDAI I30 5PTES 07-12";"Glace laterale";"product";"2";"";"";"";"";"";"create_candidate";"Reference absente du catalogue Odoo; validation metier requise."
"4136AGNBLV";"PB VTBL HYU SATELLITE/H1/I800  08-";"Pare-brise";"product";"3";"";"";"";"";"";"create_candidate";"Reference absente du catalogue Odoo; validation metier requise."
"4136AGNV";"PB VT HYUNDAI SATELLITE/H1/I800  08-";"Pare-brise";"product";"2";"";"";"";"";"";"create_candidate";"Reference absente du catalogue Odoo; validation metier requise."
"4136ASMVT";"JC SUP PB HYUNDAI H1            07-";"Joint";"product";"5";"";"";"";"";"";"create_candidate";"Reference absente du catalogue Odoo; validation metier requise."
"4136BGNVL";"LUN ARG VT CHAUF HYUNDAI H1 07-";"Lunette";"product";"1";"";"";"";"";"";"create_candidate";"Reference absente du catalogue Odoo; validation metier requise."
"4136BGNVR";"LUN ARD VT CHAUF HYUNDAI H1 07-";"Lunette";"product";"1";"";"";"";"";"";"create_candidate";"Reference absente du catalogue Odoo; validation metier requise."
"4136BGPVR";"LUN ARD VT FONCEE HYUNDAI H1 07-";"Lunette";"product";"2";"";"";"";"";"";"create_candidate";"Reference absente du catalogue Odoo; validation metier requise."
"4137AGNGNV";"PB VTVT HYUNDAI I10                08-13";"Pare-brise";"product";"2";"";"";"";"";"";"create_candidate";"Reference absente du catalogue Odoo; validation metier requise."
"4137ASMH";"JC PB HYUNDAI  I10          09-13";"Joint";"product";"3";"";"";"";"";"";"create_candidate";"Reference absente du catalogue Odoo; validation metier requise."
"4137RGNH5RDW";"DESC ARD VT HYUNDAI   I10 5PTES 07-13";"Glace laterale";"product";"1";"";"";"";"";"";"create_candidate";"Reference absente du catalogue Odoo; validation metier requise."
"4137RGNH5RV";"DEFL ARD VT  HYUNDAI I10 5PTES 07-13";"Glace laterale";"product";"2";"";"";"";"";"";"create_candidate";"Reference absente du catalogue Odoo; validation metier requise."
"4139AGSV";"PB VT HYUNDAI I20 09-15";"Pare-brise";"product";"7";"";"";"";"";"";"create_candidate";"Reference absente du catalogue Odoo; validation metier requise."
"4139ASMH";"JC PB HYUNDAI I20 09-15";"Joint";"product";"7";"";"";"";"";"";"create_candidate";"Reference absente du catalogue Odoo; validation metier requise."
"4139LGSH3FD";"DESC AVG VT HYUNDAI I20 3P 09-15";"Glace laterale";"product";"2";"";"";"";"";"";"create_candidate";"Reference absente du catalogue Odoo; validation metier requise."
"4139LGSH5FD";"DESC AVG VT HYUNDAI I20 09-15";"Glace laterale";"product";"4";"";"";"";"";"";"create_candidate";"Reference absente du catalogue Odoo; validation metier requise."
"4141AGNHMV1B";"PB VT HYUNDAI IX35 CHAUF+CAPT.10-";"Pare-brise";"product";"5";"";"";"";"";"";"create_candidate";"Reference absente du catalogue Odoo; validation metier requise."
"4141AGSBLHMV";"PB VTBL HYUNDAI IX35 CHAUF CAPT 10-15";"Pare-brise";"product";"2";"";"";"";"";"";"create_candidate";"Reference absente du catalogue Odoo; validation metier requise."
"4141AGSBLHMV1B";"PB VTBL HYUNDAI IX35 CHAUF CAPT 10-";"Pare-brise";"product";"1";"";"";"";"";"";"create_candidate";"Reference absente du catalogue Odoo; validation metier requise."
"4141AGSBLHV";"PB VTBL HYUNDAI IX35 CHAUFF  09-15";"Pare-brise";"product";"1";"";"";"";"";"";"create_candidate";"Reference absente du catalogue Odoo; validation metier requise."
"4141AGSBLV";"PB VTBL HYUNDAI IX35       10-";"Pare-brise";"product";"10";"";"";"";"";"";"create_candidate";"Reference absente du catalogue Odoo; validation metier requise."
"4141AGSV";"PB VT HYUNDAI IX35 10-";"Pare-brise";"product";"5";"";"";"";"";"";"create_candidate";"Reference absente du catalogue Odoo; validation metier requise."
"4141ASMR";"JC PB HYUNDAI IX35                 10-";"Joint";"product";"21";"";"";"";"";"";"create_candidate";"Reference absente du catalogue Odoo; validation metier requise."
"4141BGSR";"LUN VT HYUNDAI IX35       10-15";"Lunette";"product";"1";"";"";"";"";"";"create_candidate";"Reference absente du catalogue Odoo; validation metier requise."
"4141BYPR";"LUNETTE PRIVACY HYUNDAI IX35 10-";"Lunette";"product";"4";"";"";"";"";"";"create_candidate";"Reference absente du catalogue Odoo; validation metier requise."
"4141LGDR5RDW";"DESC ARG VT FONCEE HYUNDAI IX35      10-";"Glace laterale";"product";"1";"";"";"";"";"";"create_candidate";"Reference absente du catalogue Odoo; validation metier requise."
"4141LGSR5FD";"DESC AVG VT HYUNDAI IX35       10-";"Glace laterale";"product";"1";"";"";"";"";"";"create_candidate";"Reference absente du catalogue Odoo; validation metier requise."
"4141LYPR5RQZ";"CUST ARG PRIVACY HYUNDAI IX35   10-15";"Glace laterale";"product";"1";"";"";"";"";"";"create_candidate";"Reference absente du catalogue Odoo; validation metier requise."
"4141RGSR5FD";"DESC AVD VT HYUNDAI IX35       10-15";"Glace laterale";"product";"1";"";"";"";"";"";"create_candidate";"Reference absente du catalogue Odoo; validation metier requise."
"4141RYPR5RDW";"DESC ARD PRIVACY HYUNDAI IX35       10-";"Glace laterale";"product";"2";"";"";"";"";"";"create_candidate";"Reference absente du catalogue Odoo; validation metier requise."
"4141RYPR5RQZ";"CUSTODE ARRIÈRE DROIT PRIVACY HYUNDAI IX35       10-MO 0,90";"Glace laterale";"product";"1";"";"";"";"";"";"create_candidate";"Reference absente du catalogue Odoo; validation metier requise."
"4147AGNBLV";"PB VTBL HYUNDAI VELOSTER  11-19";"Pare-brise";"product";"1";"";"";"";"";"";"create_candidate";"Reference absente du catalogue Odoo; validation metier requise."
"4147ASMHT";"JC SUP PB HYUNDAI VELOSTER  11-19";"Joint";"product";"1";"";"";"";"";"";"create_candidate";"Reference absente du catalogue Odoo; validation metier requise."
"4147GZPH4PRB";"TOIT VITRE PARTIE ARR FIXE VELOSTER  11-";"Autres";"product";"1";"";"";"";"";"";"create_candidate";"Reference absente du catalogue Odoo; validation metier requise."
"4147LGNH4RQZ";"CUST ARG VT HYUNDAI VELOSTER 11-19";"Glace laterale";"product";"1";"";"";"";"";"";"create_candidate";"Reference absente du catalogue Odoo; validation metier requise."
"4151BGNHI";"LUN VT HYUNDAI I30 3/5P 12-17";"Lunette";"product";"1";"";"";"";"";"";"create_candidate";"Reference absente du catalogue Odoo; validation metier requise."
"4151RGNH5FDW1M";"DESC AVD VT HYUNDAI I30 12-17";"Glace laterale";"product";"1";"";"";"";"";"";"create_candidate";"Reference absente du catalogue Odoo; validation metier requise."
"4153AGABLHMOV";"PB VTBL ACO SANTA FE CHAU  CAPT    12-19";"Pare-brise";"product";"1";"";"";"";"";"";"create_candidate";"Reference absente du catalogue Odoo; validation metier requise."
"4153AGCBLHMOV";"PB VTBL AC SANTA FE CHAU CAPT VAP12-19";"Pare-brise";"product";"1";"";"";"";"";"";"create_candidate";"Reference absente du catalogue Odoo; validation metier requise."
"4153AGNBLHMOV";"PB VTBL HYUNDAI SANTA FE CHAUF CAPT 12-1";"Pare-brise";"product";"5";"";"";"";"";"";"create_candidate";"Reference absente du catalogue Odoo; validation metier requise."
"4153ASMHT";"JC SUP  PB SANTA FE 3   12-19";"Joint";"product";"4";"";"";"";"";"";"create_candidate";"Reference absente du catalogue Odoo; validation metier requise."
"4153LGSR5FDW1M";"DESC AVG VT HYUNDAI SANTA FE 12-19";"Glace laterale";"product";"1";"";"";"";"";"";"create_candidate";"Reference absente du catalogue Odoo; validation metier requise."
"4155AGNV";"PB VT HYUNDAI I10                13-";"Pare-brise";"product";"2";"";"";"";"";"";"create_candidate";"Reference absente du catalogue Odoo; validation metier requise."
"4155ASMH";"JC PB HYUNDAI I10                13-";"Joint";"product";"2";"";"";"";"";"";"create_candidate";"Reference absente du catalogue Odoo; validation metier requise."
"4155BGNHI";"LUN VT HYUNDAI I10 1 TROU  13-";"Lunette";"product";"2";"";"";"";"";"";"create_candidate";"Reference absente du catalogue Odoo; validation metier requise."
"4155LGNH5FDW";"DESC AVG VT HYUNDAI I10      13-20";"Glace laterale";"product";"1";"";"";"";"";"";"create_candidate";"Reference absente du catalogue Odoo; validation metier requise."
"4155LGNH5RDW";"DESC ARG VT HYUNDAI I10      13-20";"Glace laterale";"product";"1";"";"";"";"";"";"create_candidate";"Reference absente du catalogue Odoo; validation metier requise."
"4155LGNH5RVZ";"DEFL ARG VT HYUNDAI I10      13-";"Glace laterale";"product";"1";"";"";"";"";"";"create_candidate";"Reference absente du catalogue Odoo; validation metier requise."
"4155RGNH5FDW";"GLACE DESCENDANTE AVANT DROIT TEINTÉ VERT HYUNDAI I10 13-20MO 0,40";"Glace laterale";"product";"1";"";"";"";"";"";"create_candidate";"Reference absente du catalogue Odoo; validation metier requise."
"4155RGNH5RDW";"DESC ARD VT HYUNDAI I10      13-20";"Glace laterale";"product";"3";"";"";"";"";"";"create_candidate";"Reference absente du catalogue Odoo; validation metier requise."
"4157BGNHI";"LUN.VT HYUNDAI I20 5P. 14-";"Lunette";"product";"3";"";"";"";"";"";"create_candidate";"Reference absente du catalogue Odoo; validation metier requise."
"4157BYPHI";"LUN PRIVACY HYUNDAI I20 5P      14-20";"Lunette";"product";"1";"";"";"";"";"";"create_candidate";"Reference absente du catalogue Odoo; validation metier requise."
"4157LGNH5RDW";"DESC ARG VT HYUNDAI I20 5P          14-";"Glace laterale";"product";"1";"";"";"";"";"";"create_candidate";"Reference absente du catalogue Odoo; validation metier requise."
"4157LGNH5RV";"DEFL ARG VT HYUNDAI I20 5P         14-20";"Glace laterale";"product";"2";"";"";"";"";"";"create_candidate";"Reference absente du catalogue Odoo; validation metier requise."
"4157RGNH5RDW";"DESC ARD VT HYUNDAI I20 5P         14-20";"Glace laterale";"product";"1";"";"";"";"";"";"create_candidate";"Reference absente du catalogue Odoo; validation metier requise."
"4157RGNH5RV";"DEFL ARD VT HYUNDAI I20 5P        14-20";"Glace laterale";"product";"1";"";"";"";"";"";"create_candidate";"Reference absente du catalogue Odoo; validation metier requise."
"4159AGABLOVW";"PB VTBL AC.TUCSON 2 +HUMID.15-";"Pare-brise";"product";"2";"";"";"";"";"";"create_candidate";"Reference absente du catalogue Odoo; validation metier requise."
"4159AGABLVW";"PB VTBL AC TUCSON 2     15-";"Pare-brise";"product";"8";"";"";"";"";"";"create_candidate";"Reference absente du catalogue Odoo; validation metier requise."
"4159AGRBLCHMOVW";"PB VTBL ABS AC TUCSON 2 CHAU CAP CAM 15-";"Pare-brise";"product";"1";"";"";"";"";"";"create_candidate";"Reference absente du catalogue Odoo; validation metier requise."
"4159AGRBLMOVW";"PB VTBL TUCSON 2 +CAPT 15-";"Pare-brise";"product";"5";"";"";"";"";"";"create_candidate";"Reference absente du catalogue Odoo; validation metier requise."
"4159AGRBLOVW";"PB VTBL ABS AC TUCSON 2 VAP 15-";"Pare-brise";"product";"1";"";"";"";"";"";"create_candidate";"Reference absente du catalogue Odoo; validation metier requise."
"4159ASMR";"ENJOLIVEUR PARE-BRISE HYUNDAI TUCSON 2 15-";"Joint";"product";"10";"";"";"";"";"";"create_candidate";"Reference absente du catalogue Odoo; validation metier requise."
"4159BGPRI1H";"LUN VT FONCEE HYUNDAI TUCSON 2 TROU 15-";"Lunette";"product";"3";"";"";"";"";"";"create_candidate";"Reference absente du catalogue Odoo; validation metier requise."
"4159LGSR5FDW1M";"DESC AVG VT HYUNDAI TUCSON 2 15-";"Glace laterale";"product";"1";"";"";"";"";"";"create_candidate";"Reference absente du catalogue Odoo; validation metier requise."
"4159RGSR5FDW";"GLACE DESCENDANTE AVANT DROIT TEINTÉ VERT HYUNDAI TUCSON 2 15-MO 0.40";"Glace laterale";"product";"1";"";"";"";"";"";"create_candidate";"Reference absente du catalogue Odoo; validation metier requise."
"4163AGRBLCMOV";"PB VTBL HYUNDAI IONIQ   CAPT CAM 16-";"Pare-brise";"product";"1";"";"";"";"";"";"create_candidate";"Reference absente du catalogue Odoo; validation metier requise."
"4163ASMH";"JC PB HYUNDAI IONIQ  16-";"Joint";"product";"1";"";"";"";"";"";"create_candidate";"Reference absente du catalogue Odoo; validation metier requise."
"4167AGNBLCIMOV";"PB VTBL HYUNDAI KONA LHD CAPT CAM   17-";"Pare-brise";"product";"1";"";"";"";"";"";"create_candidate";"Reference absente du catalogue Odoo; validation metier requise."
"4167AGSBLCIMO1Z";"PB VTBL KONA LHD CAPT CAM 09/17-";"Pare-brise";"product";"2";"";"";"";"";"";"create_candidate";"Reference absente du catalogue Odoo; validation metier requise."
"4167AGSBLCIMO2Z";"PB VTBL KONA LHD CAPT CAM 17-";"Pare-brise";"product";"1";"";"";"";"";"";"create_candidate";"Reference absente du catalogue Odoo; validation metier requise."
"4167AGSBLCIMO3Z";"PB VTBL KONA LHD CAPT CAM VAP 21-";"Pare-brise";"product";"1";"";"";"";"";"";"create_candidate";"Reference absente du catalogue Odoo; validation metier requise."
"4167ASMR";"JC PB HYUNDAI KONA    17-";"Joint";"product";"4";"";"";"";"";"";"create_candidate";"Reference absente du catalogue Odoo; validation metier requise."
"4167RGNR5FDW1M";"DESC AVD VT HYUNDAI KONA    17-";"Glace laterale";"product";"1";"";"";"";"";"";"create_candidate";"Reference absente du catalogue Odoo; validation metier requise."
"4177RGNH5RV";"DEFL ARD VT HYUNDAI I10  20-";"Glace laterale";"product";"1";"";"";"";"";"";"create_candidate";"Reference absente du catalogue Odoo; validation metier requise."
"4178AGNV";"PB VT HYUNDAI I20 LHD 5PTES / BAYON 20-";"Pare-brise";"product";"1";"";"";"";"";"";"create_candidate";"Reference absente du catalogue Odoo; validation metier requise."
"4178BGNHI";"LUN VT HYUNDAI I20 5PTES  20-";"Lunette";"product";"1";"";"";"";"";"";"create_candidate";"Reference absente du catalogue Odoo; validation metier requise."
"4178RGNH5FDW";"DESC AVD VT HYUNDAI I20 5P / BAYON  20-";"Glace laterale";"product";"1";"";"";"";"";"";"create_candidate";"Reference absente du catalogue Odoo; validation metier requise."
"4179AGACIMOV";"PB VT ACO TUCSON CAPT CAM HUM 21-";"Pare-brise";"product";"1";"";"";"";"";"";"create_candidate";"Reference absente du catalogue Odoo; validation metier requise."
"4179AGRCIMOV";"PB VT ACO ABS TUCSON CAPT CAM HUM 21-";"Pare-brise";"product";"1";"";"";"";"";"";"create_candidate";"Reference absente du catalogue Odoo; validation metier requise."
"4179ASMRT";"JC SUP PB HYUNDAI TUCSON  21-";"Joint";"product";"2";"";"";"";"";"";"create_candidate";"Reference absente du catalogue Odoo; validation metier requise."
"4179RYPR5RQZ";"CUST ARD PRIVACY HYUNDAI TUCSON 21-";"Glace laterale";"product";"1";"";"";"";"";"";"create_candidate";"Reference absente du catalogue Odoo; validation metier requise."
"4340AGSCMVZ";"PB VT JAGUAR F-PACE  CAPT  CAM 15-";"Pare-brise";"product";"1";"";"";"";"";"";"create_candidate";"Reference absente du catalogue Odoo; validation metier requise."
"4340LGSR5FD1M";"DESC AVG VT JAGUAR F-PACE  15-";"Glace laterale";"product";"1";"";"";"";"";"";"create_candidate";"Reference absente du catalogue Odoo; validation metier requise."
"4340RGSR5FD1M";"DESC AVD VT JAGUAR F-PACE  15-";"Glace laterale";"product";"1";"";"";"";"";"";"create_candidate";"Reference absente du catalogue Odoo; validation metier requise."
"4402AGNBL";"PARE-BRISE TEINTÉ VERT DÉGRADÉ BLEU KIA SPORTAGE 95-04MO 2.00";"Pare-brise";"product";"1";"";"";"";"";"";"create_candidate";"Reference absente du catalogue Odoo; validation metier requise."
"4418AGNBLV";"PB VTBL KIA SORENTO 1             02-09";"Pare-brise";"product";"12";"";"";"";"";"";"create_candidate";"Reference absente du catalogue Odoo; validation metier requise."
"4418ASMR";"JC PB KIA SORENTO 1                02-09";"Joint";"product";"10";"";"";"";"";"";"create_candidate";"Reference absente du catalogue Odoo; validation metier requise."
"4418RGNR5FDW";"GLACE DESCENDANTE AVANT DROIT TEINTÉ VERT KIA SORENTO 1 02-09";"Glace laterale";"product";"1";"";"";"";"";"";"create_candidate";"Reference absente du catalogue Odoo; validation metier requise."
"4418RGPR5RVZ";"DÉFLECTEUR ARRIÈRE DROIT TEINTÉ VERT FONCE KIA SORENTO 1 02-09";"Glace laterale";"product";"1";"";"";"";"";"";"create_candidate";"Reference absente du catalogue Odoo; validation metier requise."
"4422AGN1P";"PB VT KIA PICANTO NOUV EMB  09-11";"Pare-brise";"product";"3";"";"";"";"";"";"create_candidate";"Reference absente du catalogue Odoo; validation metier requise."
"4422ASMH";"JC PB KIA PICANTO                  04-11";"Joint";"product";"4";"";"";"";"";"";"create_candidate";"Reference absente du catalogue Odoo; validation metier requise."
"4422BGNH1H";"LUN VT KIA PICANTO                 04-11";"Lunette";"product";"2";"";"";"";"";"";"create_candidate";"Reference absente du catalogue Odoo; validation metier requise."
"4422LGNH5RV";"DEFL ARG VT KIA PICANTO     04-11";"Glace laterale";"product";"1";"";"";"";"";"";"create_candidate";"Reference absente du catalogue Odoo; validation metier requise."
"4422RGNH5RV";"DEFL.ARD VT KIA PICANTO        04-11";"Glace laterale";"product";"2";"";"";"";"";"";"create_candidate";"Reference absente du catalogue Odoo; validation metier requise."
"4423AGNBL";"PB VTBL KIA K2500/K2700K2900 PU  00-";"Pare-brise";"product";"13";"";"";"";"";"";"create_candidate";"Reference absente du catalogue Odoo; validation metier requise."
"4424AGNBL";"PB VTBL KIA SPORTAGE II            05-10";"Pare-brise";"product";"1";"";"";"";"";"";"create_candidate";"Reference absente du catalogue Odoo; validation metier requise."
"4424AGNBLH";"PB VTBL KIA SPORTAGE II CHAUFF     05-10";"Pare-brise";"product";"2";"";"";"";"";"";"create_candidate";"Reference absente du catalogue Odoo; validation metier requise."
"4424ASMR";"JC PB KIA SPORTAGE II              04-10";"Joint";"product";"2";"";"";"";"";"";"create_candidate";"Reference absente du catalogue Odoo; validation metier requise."
"4424LLGR5FDW";"DESC AVG VT KIA SPORTAGE  05-10";"Glace laterale";"product";"1";"";"";"";"";"";"create_candidate";"Reference absente du catalogue Odoo; validation metier requise."
"4424LLGR5RDW";"DESC ARG VT SPORTAGE 05-10";"Glace laterale";"product";"1";"";"";"";"";"";"create_candidate";"Reference absente du catalogue Odoo; validation metier requise."
"4424LYPR5RDW";"DESC ARG PRIVACY SPORTAGE 05-10";"Glace laterale";"product";"1";"";"";"";"";"";"create_candidate";"Reference absente du catalogue Odoo; validation metier requise."
"4429BYPM";"LUN PRIVACY KIA CARNIVAL II       06-";"Lunette";"product";"1";"";"";"";"";"";"create_candidate";"Reference absente du catalogue Odoo; validation metier requise."
"4430AGNBLHMV1P";"PB VTBL CARENS 3 CHAUF CAPT 07-13";"Pare-brise";"product";"1";"";"";"";"";"";"create_candidate";"Reference absente du catalogue Odoo; validation metier requise."
"4430ASMM";"JC PB KIA CARENS 3                07-13";"Joint";"product";"1";"";"";"";"";"";"create_candidate";"Reference absente du catalogue Odoo; validation metier requise."
"4430RGNM5FD";"DESC AVD VT KIA CARENS 3  06-13";"Glace laterale";"product";"1";"";"";"";"";"";"create_candidate";"Reference absente du catalogue Odoo; validation metier requise."
"4431AGNMV1P";"PB VT KIA CEE D  CAPT           07-12";"Pare-brise";"product";"3";"";"";"";"";"";"create_candidate";"Reference absente du catalogue Odoo; validation metier requise."
"4431ASMH";"JC PB KIA CEE D                    07-12";"Joint";"product";"3";"";"";"";"";"";"create_candidate";"Reference absente du catalogue Odoo; validation metier requise."
"4431BGNHW1H";"LUN VT KIA CEE D 3/5P TROU   07-12";"Lunette";"product";"1";"";"";"";"";"";"create_candidate";"Reference absente du catalogue Odoo; validation metier requise."
"4433AGNMV1P";"PB VT KIA PRO CEE D  CAPT    07-13";"Pare-brise";"product";"5";"";"";"";"";"";"create_candidate";"Reference absente du catalogue Odoo; validation metier requise."
"4433ASMH";"JC PB KIA PRO CEE D                07-13";"Joint";"product";"6";"";"";"";"";"";"create_candidate";"Reference absente du catalogue Odoo; validation metier requise."
"4433BGNH1H";"LUN VT KIA PRO CEE D 3P  TROU EG 07-10";"Lunette";"product";"1";"";"";"";"";"";"create_candidate";"Reference absente du catalogue Odoo; validation metier requise."
"4433LGNH3FD1M";"GLACE DESCENDANTE AVANT GAUCHE TEINTÉ VERT KIA PRO CEE D 3 PORTES 10-13MO 0.40";"Glace laterale";"product";"2";"";"";"";"";"";"create_candidate";"Reference absente du catalogue Odoo; validation metier requise."
"4434AGS";"PB VT KIA SOUL I LHD               09-14";"Pare-brise";"product";"5";"";"";"";"";"";"create_candidate";"Reference absente du catalogue Odoo; validation metier requise."
"4434AGSBL";"PB VTBL KIA SOUL I LHD          09-14";"Pare-brise";"product";"2";"";"";"";"";"";"create_candidate";"Reference absente du catalogue Odoo; validation metier requise."
"4434ASMHT";"JC SUP.PB KIA SOUL I               09-14";"Joint";"product";"7";"";"";"";"";"";"create_candidate";"Reference absente du catalogue Odoo; validation metier requise."
"4434BGSHB";"LUN VT KIA SOUL I                  09-14";"Lunette";"product";"1";"";"";"";"";"";"create_candidate";"Reference absente du catalogue Odoo; validation metier requise."
"4434BYDHB";"LUN PRIVACY KIA SOUL I       09-14";"Lunette";"product";"1";"";"";"";"";"";"create_candidate";"Reference absente du catalogue Odoo; validation metier requise."
"4434RYDH5RD";"GLACE DESCENDANTE ARRIÈRE DROIT PRIVACY KIA SOUL I 09-14";"Glace laterale";"product";"1";"";"";"";"";"";"create_candidate";"Reference absente du catalogue Odoo; validation metier requise."
"4435AGSMV1B";"PB VT KIA VENGA  CAPT          09-18";"Pare-brise";"product";"2";"";"";"";"";"";"create_candidate";"Reference absente du catalogue Odoo; validation metier requise."
"4435AGSV";"PB VT KIA VENGA                 09-18";"Pare-brise";"product";"2";"";"";"";"";"";"create_candidate";"Reference absente du catalogue Odoo; validation metier requise."
"4435ASMML";"JC PB GAUCHE KIA VENGA T TOLE 09-18";"Joint";"product";"1";"";"";"";"";"";"create_candidate";"Reference absente du catalogue Odoo; validation metier requise."
"4435ASMMR";"JC PB DROIT KIA VENGA T TOLE 09-18";"Joint";"product";"1";"";"";"";"";"";"create_candidate";"Reference absente du catalogue Odoo; validation metier requise."
"4435BGNM";"LUN VT KIA VENGA           09-18";"Lunette";"product";"2";"";"";"";"";"";"create_candidate";"Reference absente du catalogue Odoo; validation metier requise."
"4435LGNM5RD";"DESC ARG VT KIA VENGA    09-18";"Glace laterale";"product";"1";"";"";"";"";"";"create_candidate";"Reference absente du catalogue Odoo; validation metier requise."
"4437AGSBLHMV1B";"PB VTBL KIA SORENTO 2 CHAUF CAPT 10-12";"Pare-brise";"product";"1";"";"";"";"";"";"create_candidate";"Reference absente du catalogue Odoo; validation metier requise."
"4437AGSHMV1B";"PB VT KIA SORENTO LHD CHAUF/CAP 10-15";"Pare-brise";"product";"1";"";"";"";"";"";"create_candidate";"Reference absente du catalogue Odoo; validation metier requise."
"4437ASMRT";"JC SUP PB KIA SORENTO II       09-15";"Joint";"product";"1";"";"";"";"";"";"create_candidate";"Reference absente du catalogue Odoo; validation metier requise."
"4437BGNRI1J";"LUN VT KIA SORENTO 12-15";"Lunette";"product";"1";"";"";"";"";"";"create_candidate";"Reference absente du catalogue Odoo; validation metier requise."
"4437BYPR";"LUN.PRIVACY KIA SORENTO 10-12";"Lunette";"product";"1";"";"";"";"";"";"create_candidate";"Reference absente du catalogue Odoo; validation metier requise."
"4438AGABLMV1B";"PB VTBL ACO SPORTAGE III  CAPT  14-16";"Pare-brise";"product";"15";"";"";"";"";"";"create_candidate";"Reference absente du catalogue Odoo; validation metier requise."
"4438AGABLV";"PB VTBL ACO KIA SPORTAGE III       14-16";"Pare-brise";"product";"1";"";"";"";"";"";"create_candidate";"Reference absente du catalogue Odoo; validation metier requise."
"4438AGABLV1B";"PB VTBL ACO KIA SPORTAGE III       14-16";"Pare-brise";"product";"1";"";"";"";"";"";"create_candidate";"Reference absente du catalogue Odoo; validation metier requise."
"4438AGNBLHMV";"PB VTBL KIA SPORTAGE LHD CHAUF/CAP 10-16";"Pare-brise";"product";"3";"";"";"";"";"";"create_candidate";"Reference absente du catalogue Odoo; validation metier requise."
"4438AGNBLMV1B";"PB VTBL KIA SPORTAGE III  CAPT 10-16";"Pare-brise";"product";"1";"";"";"";"";"";"create_candidate";"Reference absente du catalogue Odoo; validation metier requise."
"4438ASMR";"JC PB KIA SPORTAGE 3           10-16";"Joint";"product";"16";"";"";"";"";"";"create_candidate";"Reference absente du catalogue Odoo; validation metier requise."
"4438BGNRB";"LUN.VT KIA SPORTAGE 10-";"Lunette";"product";"4";"";"";"";"";"";"create_candidate";"Reference absente du catalogue Odoo; validation metier requise."
"4438BGNRB1J";"LUN VT KIA SPORTAGE SS BECQUET 10-16";"Lunette";"product";"2";"";"";"";"";"";"create_candidate";"Reference absente du catalogue Odoo; validation metier requise."
"4438BYPRB";"LUNETTE PRIVACY KIA SPORTAGE 10-16";"Lunette";"product";"3";"";"";"";"";"";"create_candidate";"Reference absente du catalogue Odoo; validation metier requise."
"4438LGNR5FD";"DESC AVG VT KIA SPORTAGE 10-16";"Glace laterale";"product";"5";"";"";"";"";"";"create_candidate";"Reference absente du catalogue Odoo; validation metier requise."
"4438RGNR5FD";"GLACE DESCENDANTE AVANT DROIT TEINTÉ VERT KIA SPORTAGE 10-16";"Glace laterale";"product";"1";"";"";"";"";"";"create_candidate";"Reference absente du catalogue Odoo; validation metier requise."
"4438RGNR5FD1M";"DESC.AVD VT KIA SPORTAGE 10-";"Glace laterale";"product";"3";"";"";"";"";"";"create_candidate";"Reference absente du catalogue Odoo; validation metier requise."
"4438RGNR5RD";"DESC ARD VT KIA SPORTAGE 10-16";"Glace laterale";"product";"1";"";"";"";"";"";"create_candidate";"Reference absente du catalogue Odoo; validation metier requise."
"4438RGNR5RV";"DFL ARD KIA SPORTAGE";"Glace laterale";"product";"2";"";"";"";"";"";"create_candidate";"Reference absente du catalogue Odoo; validation metier requise."
"4438RGPR5RD";"DESC ARD VT FONC KIA SPORTAGE 10-16";"Glace laterale";"product";"1";"";"";"";"";"";"create_candidate";"Reference absente du catalogue Odoo; validation metier requise."
"4438RYPR5RD";"DESC ARD PRIVACY KIA SPORTAGE 10-16";"Glace laterale";"product";"1";"";"";"";"";"";"create_candidate";"Reference absente du catalogue Odoo; validation metier requise."
"4439AGN";"PB VT KIA PICANTO 3/5P LHD 11-";"Pare-brise";"product";"16";"";"";"";"";"";"create_candidate";"Reference absente du catalogue Odoo; validation metier requise."
"4439AGN-PERDU";"PB VT KIA PICANTO 3/5P LHD 11-17";"Pare-brise";"product";"1";"";"";"";"";"";"create_candidate";"Reference absente du catalogue Odoo; validation metier requise."
"4439ASMH";"JC KIA PICANTO 11-";"Joint";"product";"14";"";"";"";"";"";"create_candidate";"Reference absente du catalogue Odoo; validation metier requise."
"4439ASMH-PERDU";"JC KIA PICANTO 11-17";"Joint";"product";"1";"";"";"";"";"";"create_candidate";"Reference absente du catalogue Odoo; validation metier requise."
"4439BGNHI1H";"LUNETTE TEINTÉ VERT KIA PICANTO 3 ET 5 PORTES 11-17";"Lunette";"product";"5";"";"";"";"";"";"create_candidate";"Reference absente du catalogue Odoo; validation metier requise."
"4439BYPHI1H";"LUN PRIV KIA PICANTO 3/5P 11-17";"Lunette";"product";"1";"";"";"";"";"";"create_candidate";"Reference absente du catalogue Odoo; validation metier requise."
"4439LGNH3FDW1M";"DESC AVG KIA PICANTO 11-17";"Glace laterale";"product";"3";"";"";"";"";"";"create_candidate";"Reference absente du catalogue Odoo; validation metier requise."
"4439LGNH5FDW1M";"DESC AVG VT KIA PICANTO 5P 11-17";"Glace laterale";"product";"4";"";"";"";"";"";"create_candidate";"Reference absente du catalogue Odoo; validation metier requise."
"4439LGNH5RV";"DEFL ARG VT KIA PICANTO 5P 11-17";"Glace laterale";"product";"1";"";"";"";"";"";"create_candidate";"Reference absente du catalogue Odoo; validation metier requise."
"4439RGNH3FDW1M";"DESC AVD VT KIA PICANTO 3P 11-17";"Glace laterale";"product";"1";"";"";"";"";"";"create_candidate";"Reference absente du catalogue Odoo; validation metier requise."
"4439RGNH5FDW1M";"DESC AVD VT KIA PICANTO 5P 11-17";"Glace laterale";"product";"1";"";"";"";"";"";"create_candidate";"Reference absente du catalogue Odoo; validation metier requise."
"4439RGNH5RV";"DEFL ARD VT KIA PICANTO 5P 11-17";"Glace laterale";"product";"4";"";"";"";"";"";"create_candidate";"Reference absente du catalogue Odoo; validation metier requise."
"4440AGNMV1B";"PB VT KIA RIO III LHD CAPT      11-17";"Pare-brise";"product";"1";"";"";"";"";"";"create_candidate";"Reference absente du catalogue Odoo; validation metier requise."
"4440AGSBLMOV1B";"PB VTBL KIA RIO III LHD CAPT HUMID 11-17";"Pare-brise";"product";"1";"";"";"";"";"";"create_candidate";"Reference absente du catalogue Odoo; validation metier requise."
"4440ASMH";"JC PB VT KIA RIO III 5P 11-17";"Joint";"product";"1";"";"";"";"";"";"create_candidate";"Reference absente du catalogue Odoo; validation metier requise."
"4440BGNHI";"LUN VT KIA RIO III 5P AVEC TROU 11-17";"Lunette";"product";"1";"";"";"";"";"";"create_candidate";"Reference absente du catalogue Odoo; validation metier requise."
"4442AGNBLPV";"PARE-BRISE TEINTÉ VERT DÉGRADÉ BLEU KIA CEE D CONDUITE À GAUCHE 12-15";"Pare-brise";"product";"2";"";"";"";"";"";"create_candidate";"Reference absente du catalogue Odoo; validation metier requise."
"4442AGNV";"PB VT KIA CEE D LHD         12-";"Pare-brise";"product";"1";"";"";"";"";"";"create_candidate";"Reference absente du catalogue Odoo; validation metier requise."
"4442ASMH";"JC PB KIA CEED  12-";"Joint";"product";"2";"";"";"";"";"";"create_candidate";"Reference absente du catalogue Odoo; validation metier requise."
"4442BGNHI";"LUN VT KIA CEE D 5P          12-";"Lunette";"product";"1";"";"";"";"";"";"create_candidate";"Reference absente du catalogue Odoo; validation metier requise."
"4442BYPHI";"LUNETTE PRIVACY KIA CEE D 5 PORTES HAYON 12-MO 1.50";"Lunette";"product";"1";"";"";"";"";"";"create_candidate";"Reference absente du catalogue Odoo; validation metier requise."
"4442LGNH5FQZ1D";"CUSTODE AVANT GAUCHE TEINTÉ VERT CEE D 5 PORTES HAYON BREAK CHROME 12-";"Glace laterale";"product";"1";"";"";"";"";"";"create_candidate";"Reference absente du catalogue Odoo; validation metier requise."
"4442RGNH5RDW";"DESC ARD VT KIA CEE D 5P 12-";"Glace laterale";"product";"1";"";"";"";"";"";"create_candidate";"Reference absente du catalogue Odoo; validation metier requise."
"4443AGNBLMOV";"PB VTBL KIA CARENS CAPT VAP 13-";"Pare-brise";"product";"1";"";"";"";"";"";"create_candidate";"Reference absente du catalogue Odoo; validation metier requise."
"4443BYPMI";"LUN PRIV KIA CARENS     13-";"Lunette";"product";"1";"";"";"";"";"";"create_candidate";"Reference absente du catalogue Odoo; validation metier requise."
"4444AGNBLPV";"PARE-BRISE TEINTÉ VERT DÉGRADÉ BLEU KIA PRO CEE D 3 PORTES CAPTEUR DE PLUIE";"Pare-brise";"product";"1";"";"";"";"";"";"create_candidate";"Reference absente du catalogue Odoo; validation metier requise."
"4444AGNBLPV1B";"PB VTBL KIA PRO CEE D 3P  CAPT     15-18";"Pare-brise";"product";"1";"";"";"";"";"";"create_candidate";"Reference absente du catalogue Odoo; validation metier requise."
"4444ASMH";"JC PB KIA PRO CEE D 3P             12-18";"Joint";"product";"1";"";"";"";"";"";"create_candidate";"Reference absente du catalogue Odoo; validation metier requise."
"4445AGSBLV";"PARE-BRISE TEINTÉ VERT DÉGRADÉ BLEU KIA SOUL II CONDUITE À GAUCHE 14-2.2";"Pare-brise";"product";"3";"";"";"";"";"";"create_candidate";"Reference absente du catalogue Odoo; validation metier requise."
"4445ASMHL";"ENJOLIVEUR PARE-BRISE GAUCHE KIA SOUL II      14-";"Joint";"product";"1";"";"";"";"";"";"create_candidate";"Reference absente du catalogue Odoo; validation metier requise."
"4445ASMHR";"ENJOLIVEUR PARE-BRISE DROIT KIA SOUL II      14-";"Joint";"product";"1";"";"";"";"";"";"create_candidate";"Reference absente du catalogue Odoo; validation metier requise."
"4445ASMHT";"JC SUP PB KIA SOUL II      14-19";"Joint";"product";"2";"";"";"";"";"";"create_candidate";"Reference absente du catalogue Odoo; validation metier requise."
"4446AGRBLHMVW";"PB VTBL KIA SORENTO CHAUF CAPT 15-20";"Pare-brise";"product";"3";"";"";"";"";"";"create_candidate";"Reference absente du catalogue Odoo; validation metier requise."
"4446ASMRT";"JC SUP PB KIA SORENTO III 15-20";"Joint";"product";"2";"";"";"";"";"";"create_candidate";"Reference absente du catalogue Odoo; validation metier requise."
"4446BYPRI";"LUN PRIVACY KIA SORENTO III 15-";"Lunette";"product";"3";"";"";"";"";"";"create_candidate";"Reference absente du catalogue Odoo; validation metier requise."
"4447AGABLIMOVW";"PB VTBL AC SPORTAGE 4   CAPT  16-";"Pare-brise";"product";"7";"";"";"";"";"";"create_candidate";"Reference absente du catalogue Odoo; validation metier requise."
"4447AGABLVW";"PB VTBL AC SPORTAGE 4   16-";"Pare-brise";"product";"7";"";"";"";"";"";"create_candidate";"Reference absente du catalogue Odoo; validation metier requise."
"4447ASMR";"JC SUP  PB KIA SPORTAGE 4      16-";"Joint";"product";"9";"";"";"";"";"";"create_candidate";"Reference absente du catalogue Odoo; validation metier requise."
"4447BGSRI";"LUN VT KIA SPORTAGE 4  16-21";"Lunette";"product";"1";"";"";"";"";"";"create_candidate";"Reference absente du catalogue Odoo; validation metier requise."
"4447LGSR5FDW1M";"DESC AVG VT KIA  SPORTAGE 4  16-21";"Glace laterale";"product";"3";"";"";"";"";"";"create_candidate";"Reference absente du catalogue Odoo; validation metier requise."
"4447LGSR5RV";"DEFL ARG VT KIA SPORTAGE 4  16-";"Glace laterale";"product";"1";"";"";"";"";"";"create_candidate";"Reference absente du catalogue Odoo; validation metier requise."
"4447RGPR5RDW";"DESC ARD VT FONCEE SPORTAGE 4  16-21";"Glace laterale";"product";"1";"";"";"";"";"";"create_candidate";"Reference absente du catalogue Odoo; validation metier requise."
"4447RGPR5RV";"DEFL ARD VT FONCEE SPORTAGE 4  16-21";"Glace laterale";"product";"1";"";"";"";"";"";"create_candidate";"Reference absente du catalogue Odoo; validation metier requise."
"4447RGSR5FDW1M";"DESC AVD VT KIA  SPORTAGE 4  16-21";"Glace laterale";"product";"1";"";"";"";"";"";"create_candidate";"Reference absente du catalogue Odoo; validation metier requise."
"4450AGRBLOV";"PB VTBL AC KIA NIRO LHD HUMIDITE   16-22";"Pare-brise";"product";"2";"";"";"";"";"";"create_candidate";"Reference absente du catalogue Odoo; validation metier requise."
"4450ASMR";"JC PB KIA NIRO       16-22";"Joint";"product";"2";"";"";"";"";"";"create_candidate";"Reference absente du catalogue Odoo; validation metier requise."
"4453AGNV";"PB VT KIA RIO IV / STONIC      17-";"Pare-brise";"product";"4";"";"";"";"";"";"create_candidate";"Reference absente du catalogue Odoo; validation metier requise."
"4453AGSBLV";"PB VTBL KIA RIO IV / STONIC      17-";"Pare-brise";"product";"1";"";"";"";"";"";"create_candidate";"Reference absente du catalogue Odoo; validation metier requise."
"4453ASMH";"JC PB KIA RIO IV/STONIC         17-";"Joint";"product";"5";"";"";"";"";"";"create_candidate";"Reference absente du catalogue Odoo; validation metier requise."
"4453LGNH5FDW1M";"DESC AVG VT KIA RIO IV / STONIC   17-";"Glace laterale";"product";"1";"";"";"";"";"";"create_candidate";"Reference absente du catalogue Odoo; validation metier requise."
"4453LYPR5RV";"DEFL ARG PRIV KIA STONIC    17-";"Glace laterale";"product";"1";"";"";"";"";"";"create_candidate";"Reference absente du catalogue Odoo; validation metier requise."
"4453RGNH5FDW1M";"DESC AVD VT KIA RIO IV / STONIC   17-";"Glace laterale";"product";"2";"";"";"";"";"";"create_candidate";"Reference absente du catalogue Odoo; validation metier requise."
"4453RGNR5RDW";"DESC ARD VT KIA STONIC    17-";"Glace laterale";"product";"1";"";"";"";"";"";"create_candidate";"Reference absente du catalogue Odoo; validation metier requise."
"4453RGNR5RV";"DÉFLECTEUR ARRIÈRE DROIT TEINTÉ VERT KIA STONIC 17-MO 0,40";"Glace laterale";"product";"2";"";"";"";"";"";"create_candidate";"Reference absente du catalogue Odoo; validation metier requise."
"4455AGN";"PB VT KIA PICANTO 3   17-";"Pare-brise";"product";"12";"";"";"";"";"";"create_candidate";"Reference absente du catalogue Odoo; validation metier requise."
"4455ASMH";"JC PB KIA PICANTO 3   17-";"Joint";"product";"12";"";"";"";"";"";"create_candidate";"Reference absente du catalogue Odoo; validation metier requise."
"4455BGNHI";"LUN VT KIA PICANTO 3   17-";"Lunette";"product";"13";"";"";"";"";"";"create_candidate";"Reference absente du catalogue Odoo; validation metier requise."
"4455LGNH5FDW";"DESC AVG VT KIA PICANTO 3   17-";"Glace laterale";"product";"2";"";"";"";"";"";"create_candidate";"Reference absente du catalogue Odoo; validation metier requise."
"4455LGNH5RDW";"GLACE DESCENDANTE ARRIÈRE GAUCHE TEINTÉ VERT KIA PICANTO 3   17-MO 0.60";"Glace laterale";"product";"3";"";"";"";"";"";"create_candidate";"Reference absente du catalogue Odoo; validation metier requise."
"4455LGNH5RV";"DEFL ARG VT KIA PICANTO 3   17-";"Glace laterale";"product";"4";"";"";"";"";"";"create_candidate";"Reference absente du catalogue Odoo; validation metier requise."
"4455LYPH5RV";"DEFL ARG PRIVACY KIA PICANTO 3   17-";"Glace laterale";"product";"1";"";"";"";"";"";"create_candidate";"Reference absente du catalogue Odoo; validation metier requise."
"4455RGNH5FDW";"DESC AVD VT KIA PICANTO 3   17-";"Glace laterale";"product";"6";"";"";"";"";"";"create_candidate";"Reference absente du catalogue Odoo; validation metier requise."
"4455RGNH5RDW";"DESC ARD VT KIA PICANTO 3   17-";"Glace laterale";"product";"1";"";"";"";"";"";"create_candidate";"Reference absente du catalogue Odoo; validation metier requise."
"4455RGNH5RV";"DEFL ARD VT KIA PICANTO 3   17-";"Glace laterale";"product";"3";"";"";"";"";"";"create_candidate";"Reference absente du catalogue Odoo; validation metier requise."
"4457AGNMOV";"PB VT KIA CEED 5P/XCEED CAPT HUM 18-";"Pare-brise";"product";"2";"";"";"";"";"";"create_candidate";"Reference absente du catalogue Odoo; validation metier requise."
"4457AGNV";"PB VT KIA CEED 5P /XCEED        18-";"Pare-brise";"product";"1";"";"";"";"";"";"create_candidate";"Reference absente du catalogue Odoo; validation metier requise."
"4457ASMHT";"JC PB KIA CEED 5P /XCEED        18-";"Joint";"product";"1";"";"";"";"";"";"create_candidate";"Reference absente du catalogue Odoo; validation metier requise."
"4457BYPHI";"LUN PRIV KIA CEED 5P              18-";"Lunette";"product";"1";"";"";"";"";"";"create_candidate";"Reference absente du catalogue Odoo; validation metier requise."
"4457LGNH5FDW1M";"DESC AVG VT KIA CEED/XCEED 5P   18-";"Glace laterale";"product";"1";"";"";"";"";"";"create_candidate";"Reference absente du catalogue Odoo; validation metier requise."
"4625AGN";"PB VT DAF 65/75/85-CF                93-";"Pare-brise";"product";"1";"";"";"";"";"";"create_candidate";"Reference absente du catalogue Odoo; validation metier requise."
"4625ASML";"JC PB DAF 65/75/85-CF                93-";"Joint";"product";"1";"";"";"";"";"";"create_candidate";"Reference absente du catalogue Odoo; validation metier requise."
"4911AGN";"PB VT MAN TG BAS/TGS/TGL/TGM   00-";"Pare-brise";"product";"1";"";"";"";"";"";"create_candidate";"Reference absente du catalogue Odoo; validation metier requise."
"4911AKMLT";"KIT ENJO PB MAN TG BAS /TGS/TGL/TGM  00-";"Joint";"product";"1";"";"";"";"";"";"create_candidate";"Reference absente du catalogue Odoo; validation metier requise."
"5127ABLBL";"PARE-BRISE TEINTÉ BLEU DÉGRADÉ BLEU MAZDA B2000 / 2200 85-95MO 2,75";"Pare-brise";"product";"1";"";"";"";"";"";"create_candidate";"Reference absente du catalogue Odoo; validation metier requise."
"5127ACL";"PB CL MAZDA B2000 / 2200           85-95";"Pare-brise";"product";"1";"";"";"";"";"";"create_candidate";"Reference absente du catalogue Odoo; validation metier requise."
"51317240671";"JONIT PARE BRISE BMW SERIE 1";"Joint";"product";"1";"";"";"";"";"";"create_candidate";"Reference absente du catalogue Odoo; validation metier requise."
"5142AGN";"PB VT MAZDA 626 GE 5PTES 92-97";"Pare-brise";"product";"2";"";"";"";"";"";"create_candidate";"Reference absente du catalogue Odoo; validation metier requise."
"5153AGN";"PB VT MAZDA 626 GF 97-03";"Pare-brise";"product";"1";"";"";"";"";"";"create_candidate";"Reference absente du catalogue Odoo; validation metier requise."
"5153ASMH";"JC PB MAZDA 626 GF 97-03";"Joint";"product";"1";"";"";"";"";"";"create_candidate";"Reference absente du catalogue Odoo; validation metier requise."
"5158AGN";"PB VT MAZDA B2500/BT 50 PICK UP 98-12";"Pare-brise";"product";"14";"";"";"";"";"";"create_candidate";"Reference absente du catalogue Odoo; validation metier requise."
"5158ASMPT";"JC PB MAZDA B2500/BT50/FORD RANGER 99-12";"Joint";"product";"11";"";"";"";"";"";"create_candidate";"Reference absente du catalogue Odoo; validation metier requise."
"5158RGNP2FD";"DESC AVD VT B2500/RANGER 2/4P  99-07";"Glace laterale";"product";"1";"";"";"";"";"";"create_candidate";"Reference absente du catalogue Odoo; validation metier requise."
"5166BGNH";"LUN VT MAZDA 3 5P                  03-06";"Lunette";"product";"2";"";"";"";"";"";"create_candidate";"Reference absente du catalogue Odoo; validation metier requise."
"5166BGNH-PERDU";"LUN VT MAZDA 3 5P                  03-06";"Lunette";"product";"1";"";"";"";"";"";"create_candidate";"Reference absente du catalogue Odoo; validation metier requise."
"5166RGNS4RD";"DESC ARD VT MAZDA 3 4 PORTES       03-09";"Glace laterale";"product";"1";"";"";"";"";"";"create_candidate";"Reference absente du catalogue Odoo; validation metier requise."
"5168AGNM1B";"PB VT MAZDA 5 + CAPT 05-10";"Pare-brise";"product";"2";"";"";"";"";"";"create_candidate";"Reference absente du catalogue Odoo; validation metier requise."
"5168ASMV";"JC PB MAZDA 5 05-10";"Joint";"product";"2";"";"";"";"";"";"create_candidate";"Reference absente du catalogue Odoo; validation metier requise."
"5168RGNV5FD";"DESC AVD VT MAZDA 5        05-10";"Glace laterale";"product";"2";"";"";"";"";"";"create_candidate";"Reference absente du catalogue Odoo; validation metier requise."
"51717240672";"BAIE DE PB BMW SERIE 1";"Autres";"product";"1";"";"";"";"";"";"create_candidate";"Reference absente du catalogue Odoo; validation metier requise."
"5172AGN";"PB VT BT 50 PICK UP/RANGER 07-12";"Pare-brise";"product";"18";"";"";"";"";"";"create_candidate";"Reference absente du catalogue Odoo; validation metier requise."
"5172ASMPT";"JC SUP PB BT 50 PICK UP/RANGER     07-12";"Joint";"product";"5";"";"";"";"";"";"create_candidate";"Reference absente du catalogue Odoo; validation metier requise."
"5172RYPP4RDW";"DESC ARD PRIV BT 50/RANGER 4P  07-12";"Glace laterale";"product";"2";"";"";"";"";"";"create_candidate";"Reference absente du catalogue Odoo; validation metier requise."
"5173AGNW";"PB VT MAZDA 2                      07-13";"Pare-brise";"product";"3";"";"";"";"";"";"create_candidate";"Reference absente du catalogue Odoo; validation metier requise."
"5173ASMH";"JC PB MAZDA 2 *                    07-13";"Joint";"product";"3";"";"";"";"";"";"create_candidate";"Reference absente du catalogue Odoo; validation metier requise."
"5173BYPH";"LUN PRIVACY MAZDA 2               07-13";"Lunette";"product";"1";"";"";"";"";"";"create_candidate";"Reference absente du catalogue Odoo; validation metier requise."
"5173LGNH5FD";"DESC.AVG VT MAZDA 2 5P. 07-13";"Glace laterale";"product";"2";"";"";"";"";"";"create_candidate";"Reference absente du catalogue Odoo; validation metier requise."
"5174AGNMW1B";"PB VT MAZDA 6 LHD CAPT             07-12";"Pare-brise";"product";"1";"";"";"";"";"";"create_candidate";"Reference absente du catalogue Odoo; validation metier requise."
"5174ASMH";"JC PB MAZDA 6                      07-12";"Joint";"product";"2";"";"";"";"";"";"create_candidate";"Reference absente du catalogue Odoo; validation metier requise."
"5175AGNVW";"PB VT MAZDA 3                 09-13";"Pare-brise";"product";"1";"";"";"";"";"";"create_candidate";"Reference absente du catalogue Odoo; validation metier requise."
"5175ASMH";"JC PB MAZDA 3       09-13";"Joint";"product";"1";"";"";"";"";"";"create_candidate";"Reference absente du catalogue Odoo; validation metier requise."
"5175RGNH5FD";"DESC AVD VT MAZDA 3     09-";"Glace laterale";"product";"1";"";"";"";"";"";"create_candidate";"Reference absente du catalogue Odoo; validation metier requise."
"5179AGACIMW3V";"PB VT ACO MAZDA CX-5 CAPT LDW 12-17";"Pare-brise";"product";"1";"";"";"";"";"";"create_candidate";"Reference absente du catalogue Odoo; validation metier requise."
"5179AGACIMW5V";"PB VT ACO MAZDA CX-5 CAPT LDW 12-17";"Pare-brise";"product";"10";"";"";"";"";"";"create_candidate";"Reference absente du catalogue Odoo; validation metier requise."
"5179AGAMW1B";"PB VT ACOUS MAZDA CX-5 CAPT    12-17";"Pare-brise";"product";"2";"";"";"";"";"";"create_candidate";"Reference absente du catalogue Odoo; validation metier requise."
"5179BGSRA1B";"LUN VT MAZDA CX-5    12-17";"Lunette";"product";"1";"";"";"";"";"";"create_candidate";"Reference absente du catalogue Odoo; validation metier requise."
"5179BYPRA1B";"LUN PRIVACY MAZDA CX-5    12-17";"Lunette";"product";"3";"";"";"";"";"";"create_candidate";"Reference absente du catalogue Odoo; validation metier requise."
"5179LGSR5FDW";"DESC AVG VT MAZDA CX 5   12-17";"Glace laterale";"product";"1";"";"";"";"";"";"create_candidate";"Reference absente du catalogue Odoo; validation metier requise."
"5179RYPR5RV";"DFL  ARD PRIVACY MAZDA CX 5 12-17";"Glace laterale";"product";"1";"";"";"";"";"";"create_candidate";"Reference absente du catalogue Odoo; validation metier requise."
"5181AGACMVW95";"PB VT ACO MAZDA 3 LHD  CAPT  CAM  16-";"Pare-brise";"product";"1";"";"";"";"";"";"create_candidate";"Reference absente du catalogue Odoo; validation metier requise."
"5181AGAMVW";"PB VT ACO MAZDA 3   CAPT         13-16";"Pare-brise";"product";"1";"";"";"";"";"";"create_candidate";"Reference absente du catalogue Odoo; validation metier requise."
"5181AGAVW";"PB VT ACO MAZDA 3            13-";"Pare-brise";"product";"1";"";"";"";"";"";"create_candidate";"Reference absente du catalogue Odoo; validation metier requise."
"5181BGSHAZ";"LUN VT MAZDA 3 5P ANT              13-";"Lunette";"product";"1";"";"";"";"";"";"create_candidate";"Reference absente du catalogue Odoo; validation metier requise."
"5181LGSH5FDW";"DESC AVG VT MAZDA 3 5P        13-";"Glace laterale";"product";"1";"";"";"";"";"";"create_candidate";"Reference absente du catalogue Odoo; validation metier requise."
"5181RGSH5RV";"DEFL ARD VT MAZDA 3 5P      13-";"Glace laterale";"product";"2";"";"";"";"";"";"create_candidate";"Reference absente du catalogue Odoo; validation metier requise."
"5183AGACMVW1L";"PB VT AC MAZDA 2 LHD  CAPT LDW  15-";"Pare-brise";"product";"1";"";"";"";"";"";"create_candidate";"Reference absente du catalogue Odoo; validation metier requise."
"5183AGACMVW97";"PB VT AC MAZDA 2 LHD  CAPT CAM  15-";"Pare-brise";"product";"2";"";"";"";"";"";"create_candidate";"Reference absente du catalogue Odoo; validation metier requise."
"5183LGSH5FDW";"DESC AVG VT MAZDA 2         15-";"Glace laterale";"product";"1";"";"";"";"";"";"create_candidate";"Reference absente du catalogue Odoo; validation metier requise."
"5184AGACMVW1L";"PB VT AC MAZDA CX 3 LHD CAPT CAM 15-21";"Pare-brise";"product";"1";"";"";"";"";"";"create_candidate";"Reference absente du catalogue Odoo; validation metier requise."
"5184AGACMVW2L";"PB VT AC MAZDA CX 3 LHD  CAPT LDW  16-";"Pare-brise";"product";"6";"";"";"";"";"";"create_candidate";"Reference absente du catalogue Odoo; validation metier requise."
"5184AGACMVW3L";"PB VT AC MAZDA CX 3 LHD  CAPT LDW  16-";"Pare-brise";"product";"1";"";"";"";"";"";"create_candidate";"Reference absente du catalogue Odoo; validation metier requise."
"5184BYPRA";"LUN PRIVACY MAZDA CX 3 ANT  15-21";"Lunette";"product";"2";"";"";"";"";"";"create_candidate";"Reference absente du catalogue Odoo; validation metier requise."
"5184LGSR5FDW";"DESC AVG VT MAZDA CX 3   15-21";"Glace laterale";"product";"1";"";"";"";"";"";"create_candidate";"Reference absente du catalogue Odoo; validation metier requise."
"5187AGACMVZ1L";"PB VT AC MAZDA CX-5 CAPT CAM  17-";"Pare-brise";"product";"1";"";"";"";"";"";"create_candidate";"Reference absente du catalogue Odoo; validation metier requise."
"5187AGAMVZ";"PB VT AC MAZDA CX-5  CAPT          17-";"Pare-brise";"product";"2";"";"";"";"";"";"create_candidate";"Reference absente du catalogue Odoo; validation metier requise."
"5187BYPRA";"LUN PRIV MAZDA CX-5  ANTENNE  17-";"Lunette";"product";"3";"";"";"";"";"";"create_candidate";"Reference absente du catalogue Odoo; validation metier requise."
"5187RGAR5FDKW";"DESC AVD VT FEUILL ACO MAZDA CX-5   17-";"Glace laterale";"product";"1";"";"";"";"";"";"create_candidate";"Reference absente du catalogue Odoo; validation metier requise."
"52174843";"FEU ANTIBROULLARD AVG FIAT PANDA";"Autres";"product";"1";"";"";"";"";"";"create_candidate";"Reference absente du catalogue Odoo; validation metier requise."
"52185922 (CODE CONSTRUCTEUR)";"FEU INT ARD FIAT TIPO II PHASE 1 - 5P 2016-06-> 1.3JTD 95 FAP";"Autres";"product";"1";"";"";"";"";"";"create_candidate";"Reference absente du catalogue Odoo; validation metier requise."
"52193555";"PHARE AVG";"Autres";"product";"1";"";"";"";"";"";"create_candidate";"Reference absente du catalogue Odoo; validation metier requise."
"52214462";"OPTIQUE PHARE GAUCHE FIAT TIPO II PHASE 1 - 5P 2016-06-> 1.3JTD 95 FAP";"Autres";"product";"1";"";"";"";"";"";"create_candidate";"Reference absente du catalogue Odoo; validation metier requise."
"5326AGNGN";"PB VTVT MERCEDES W201              83-84";"Pare-brise";"product";"1";"";"";"";"";"";"create_candidate";"Reference absente du catalogue Odoo; validation metier requise."
"5328AGN";"PB VT MERCEDES W124 BNE/BK     85-95";"Pare-brise";"product";"1";"";"";"";"";"";"create_candidate";"Reference absente du catalogue Odoo; validation metier requise."
"5328BGNS";"LUN.VT MERCEDES W124 BNE  85-95";"Lunette";"product";"1";"";"";"";"";"";"create_candidate";"Reference absente du catalogue Odoo; validation metier requise."
"5328BGNSK";"LUN.VT FEUIL.MERCEDES W124 BNE  85-95";"Lunette";"product";"1";"";"";"";"";"";"create_candidate";"Reference absente du catalogue Odoo; validation metier requise."
"5329RGNS4RV";"DEFL ARD VT MERCEDES W201 85-93";"Glace laterale";"product";"1";"";"";"";"";"";"create_candidate";"Reference absente du catalogue Odoo; validation metier requise."
"5334BGNSA";"LUN VT MERCEDES W202 BNE  ANT  93-00";"Lunette";"product";"1";"";"";"";"";"";"create_candidate";"Reference absente du catalogue Odoo; validation metier requise."
"5337AGNGYMV";"PB VTGR MB W210  CAPT    95-03";"Pare-brise";"product";"2";"";"";"";"";"";"create_candidate";"Reference absente du catalogue Odoo; validation metier requise."
"5337ASMST";"JC SUP PB MERCEDES W210            95-03";"Joint";"product";"1";"";"";"";"";"";"create_candidate";"Reference absente du catalogue Odoo; validation metier requise."
"5339AGNV";"PB VT MERCEDES SLK W170            96-05";"Pare-brise";"product";"1";"";"";"";"";"";"create_candidate";"Reference absente du catalogue Odoo; validation metier requise."
"5339ASMTT";"JC PB MERCEDES SLK W170     96-05";"Joint";"product";"1";"";"";"";"";"";"create_candidate";"Reference absente du catalogue Odoo; validation metier requise."
"5341AGNGYV";"PARE-BRISE VTGR MERCEDES CLK W208 COUPÉ 97-02MO 3.50";"Pare-brise";"product";"1";"";"";"";"";"";"create_candidate";"Reference absente du catalogue Odoo; validation metier requise."
"5341AGNGYV1P";"PARE-BRISE VTGR CLK W208 CABRIOLET 97-02MO 3.50";"Pare-brise";"product";"1";"";"";"";"";"";"create_candidate";"Reference absente du catalogue Odoo; validation metier requise."
"5342BGNHAB";"LUN VT MERCEDES CLASSE A        97-04";"Lunette";"product";"1";"";"";"";"";"";"create_candidate";"Reference absente du catalogue Odoo; validation metier requise."
"5343AGSGYMVZ1C";"PB VTGR MB W163 CLASSE M+CAPT 98-05";"Pare-brise";"product";"1";"";"";"";"";"";"create_candidate";"Reference absente du catalogue Odoo; validation metier requise."
"5343BYPRAB";"LUN PRIVACY MERCEDES CLASSE M 98-05";"Lunette";"product";"1";"";"";"";"";"";"create_candidate";"Reference absente du catalogue Odoo; validation metier requise."
"5344ACCGYHMVW1T";"PB ATHGR W220 SIE S BNE CHAUF CAPT 98-02";"Pare-brise";"product";"1";"";"";"";"";"";"create_candidate";"Reference absente du catalogue Odoo; validation metier requise."
"5344AGNGYHMVW1T";"PB VTGR W220 SIE S BNE CHAUF CAPT  98-02";"Pare-brise";"product";"1";"";"";"";"";"";"create_candidate";"Reference absente du catalogue Odoo; validation metier requise."
"5347ACCMVW1K";"PB ATH MB W211 CLASSE E   CAP 01-09";"Pare-brise";"product";"2";"";"";"";"";"";"create_candidate";"Reference absente du catalogue Odoo; validation metier requise."
"5347AKCSB";"AGRAFES PB CACHE MOT W211   02-09";"Joint";"product";"1";"";"";"";"";"";"create_candidate";"Reference absente du catalogue Odoo; validation metier requise."
"5347BGSSAGJPZ";"LUN VT MERCEDES W211 BNE  ANT  01-09";"Lunette";"product";"1";"";"";"";"";"";"create_candidate";"Reference absente du catalogue Odoo; validation metier requise."
"5351AGSGYMVW";"PB VTGY W203 +CAP.PL/LUM. BNE/BK 00-03";"Pare-brise";"product";"4";"";"";"";"";"";"create_candidate";"Reference absente du catalogue Odoo; validation metier requise."
"5351AGSMVW6T";"PB VT MB W203 CLASSE C CAP LUMIERE 03-07";"Pare-brise";"product";"1";"";"";"";"";"";"create_candidate";"Reference absente du catalogue Odoo; validation metier requise."
"5351ASMSB";"PB VT RENAULT KANGOO 98-07";"Joint";"product";"2";"";"";"";"";"";"create_candidate";"Reference absente du catalogue Odoo; validation metier requise."
"5351ASMST";"JC SUP.PB MERCEDES W203            00-07";"Joint";"product";"5";"";"";"";"";"";"create_candidate";"Reference absente du catalogue Odoo; validation metier requise."
"5351BGSSAGJPX";"LUN VT MERCEDES W203 BNE ANT  00-07";"Lunette";"product";"1";"";"";"";"";"";"create_candidate";"Reference absente du catalogue Odoo; validation metier requise."
"5351RGSS4FD";"DESC AVD VT W203 BNE/BK            00-07";"Glace laterale";"product";"1";"";"";"";"";"";"create_candidate";"Reference absente du catalogue Odoo; validation metier requise."
"5351RGSS4RD";"DESC ARD VT W203 BNE            00-07";"Glace laterale";"product";"1";"";"";"";"";"";"create_candidate";"Reference absente du catalogue Odoo; validation metier requise."
"5352AGSGYMVW6T";"PB VTGR W203 SPORT CPE+CAPT P/L.03-11";"Pare-brise";"product";"2";"";"";"";"";"";"create_candidate";"Reference absente du catalogue Odoo; validation metier requise."
"5352AGSMVW6T";"PB VT W203 SPORT CPE CAPT P/L 03-11";"Pare-brise";"product";"1";"";"";"";"";"";"create_candidate";"Reference absente du catalogue Odoo; validation metier requise."
"5352ASMCT";"JC SUP PB W203 C SPORT COUPE   01-11";"Joint";"product";"3";"";"";"";"";"";"create_candidate";"Reference absente du catalogue Odoo; validation metier requise."
"5352BGSCAGPW";"LUN.VT MB W203 COUPE +ANT/GPS 01-11";"Lunette";"product";"1";"";"";"";"";"";"create_candidate";"Reference absente du catalogue Odoo; validation metier requise."
"5352LGSC2FD1H";"DESC AVG VT W203 SPORTCOUPE  00-11";"Glace laterale";"product";"1";"";"";"";"";"";"create_candidate";"Reference absente du catalogue Odoo; validation metier requise."
"5352RGSC2FD1H";"DESC AVD VT W203 SPORTCOUPE  00-11";"Glace laterale";"product";"1";"";"";"";"";"";"create_candidate";"Reference absente du catalogue Odoo; validation metier requise."
"5353AGSGYMVW";"PB VTGY MERCEDES W209 CLK +CAPT 02-09";"Pare-brise";"product";"1";"";"";"";"";"";"create_candidate";"Reference absente du catalogue Odoo; validation metier requise."
"5353LBSC2RQOW";"CUST ARG BL OUV W209 CLK CPE 02-09";"Glace laterale";"product";"1";"";"";"";"";"";"create_candidate";"Reference absente du catalogue Odoo; validation metier requise."
"5356LGST2FD";"DESC AVG VT MB SLK W171  04-11";"Glace laterale";"product";"4";"";"";"";"";"";"create_candidate";"Reference absente du catalogue Odoo; validation metier requise."
"5358AGSBLMV1B";"PB VTBL CLASSE A/B W169/245+CAPT 04-12";"Pare-brise";"product";"1";"";"";"";"";"";"create_candidate";"Reference absente du catalogue Odoo; validation metier requise."
"5358AGSMV1B";"PB VT CLASSE A/B W169/245+CAPT 04-12
PB VTBL CLASSE A/B W169/245+CAPT 04-12";"Pare-brise";"product";"7";"";"";"";"";"";"create_candidate";"Reference absente du catalogue Odoo; validation metier requise."
"5358AGSV";"PB VT MB CLASSE A/B  - W169/245   04-12";"Pare-brise";"product";"1";"";"";"";"";"";"create_candidate";"Reference absente du catalogue Odoo; validation metier requise."
"5358AKCHD1F";"KIT AGR.PB CLASSE A/B W169   04-12";"Joint";"product";"6";"";"";"";"";"";"create_candidate";"Reference absente du catalogue Odoo; validation metier requise."
"5358AKCHS";"CLIPS LAT. KIT PB CLASSE A/B W169  04-12";"Joint";"product";"4";"";"";"";"";"";"create_candidate";"Reference absente du catalogue Odoo; validation metier requise."
"5358BGSHB";"LUN VT MB CLASSE A W169  STOP 04-12";"Lunette";"product";"1";"";"";"";"";"";"create_candidate";"Reference absente du catalogue Odoo; validation metier requise."
"5358BGSHBGX";"LUN.VT CLASSE A W169+GPS+STOP 04-12";"Lunette";"product";"1";"";"";"";"";"";"create_candidate";"Reference absente du catalogue Odoo; validation metier requise."
"5358RGSV5RD";"DESC.ARD VT MB CLASS B W245 5P.04-11";"Glace laterale";"product";"1";"";"";"";"";"";"create_candidate";"Reference absente du catalogue Odoo; validation metier requise."
"5361AGSMVZ";"PB VT MERCEDES ML W164  CAPT 05-12";"Pare-brise";"product";"2";"";"";"";"";"";"create_candidate";"Reference absente du catalogue Odoo; validation metier requise."
"5361BYPRA";"LUN PRIV MERCEDES ML W164 ANT   05-12";"Lunette";"product";"1";"";"";"";"";"";"create_candidate";"Reference absente du catalogue Odoo; validation metier requise."
"5361LGSR5RD";"DESC ARG VT MERCEDES W164     05-12";"Glace laterale";"product";"1";"";"";"";"";"";"create_candidate";"Reference absente du catalogue Odoo; validation metier requise."
"5361RGSR5FD";"DESC AVD VT MERCEDES W164     05-12";"Glace laterale";"product";"1";"";"";"";"";"";"create_candidate";"Reference absente du catalogue Odoo; validation metier requise."
"5364AGSMVZ1K";"PB VT W204 CLAS C CAPT BNE/BK 10-13";"Pare-brise";"product";"1";"";"";"";"";"";"create_candidate";"Reference absente du catalogue Odoo; validation metier requise."
"5364ASMST";"JC SUP MB CLASSE C W204 BNE/BK 07-13";"Joint";"product";"1";"";"";"";"";"";"create_candidate";"Reference absente du catalogue Odoo; validation metier requise."
"5368AGSV";"PB VT MCC SMART FORTWO II     07-14";"Pare-brise";"product";"1";"";"";"";"";"";"create_candidate";"Reference absente du catalogue Odoo; validation metier requise."
"5369BGNRAB";"LUN VT MB W204 GLK ANT STOP    07-15";"Lunette";"product";"1";"";"";"";"";"";"create_candidate";"Reference absente du catalogue Odoo; validation metier requise."
"5369RGNR5FD";"DESC AVD VT MB W204 GLK   08-15";"Glace laterale";"product";"1";"";"";"";"";"";"create_candidate";"Reference absente du catalogue Odoo; validation metier requise."
"5370AGACMVW1K";"PB VT AC CLAS E W207 CPE CAP LDW 09-13";"Pare-brise";"product";"1";"";"";"";"";"";"create_candidate";"Reference absente du catalogue Odoo; validation metier requise."
"5370AGACMVZ1B";"PB VT AC MB W207 CPE  CAM CAPT 09-13";"Pare-brise";"product";"1";"";"";"";"";"";"create_candidate";"Reference absente du catalogue Odoo; validation metier requise."
"5370AGAMVW1K";"PB VT AC.W207 CLAS.E CPE +CAPT.09-";"Pare-brise";"product";"4";"";"";"";"";"";"create_candidate";"Reference absente du catalogue Odoo; validation metier requise."
"5370BGNCAW";"LUN VT MB W207 COUPE  ANT 09-";"Lunette";"product";"1";"";"";"";"";"";"create_candidate";"Reference absente du catalogue Odoo; validation metier requise."
"5374AGAAMVZ";"PB VT AC W207 CABR  ANT  CAPT 09-";"Pare-brise";"product";"1";"";"";"";"";"";"create_candidate";"Reference absente du catalogue Odoo; validation metier requise."
"5376AGAAMVW";"PB VT AC W204 COUPE ANT CAP   11-15";"Pare-brise";"product";"1";"";"";"";"";"";"create_candidate";"Reference absente du catalogue Odoo; validation metier requise."
"5377AGAMVW";"PB VT ACO CLASSE B W246 CAPT 11-15";"Pare-brise";"product";"1";"";"";"";"";"";"create_candidate";"Reference absente du catalogue Odoo; validation metier requise."
"5377BGSHAJQ2F";"LUN VT MB B W246  ANT TV ALAR DIST 11-18";"Lunette";"product";"1";"";"";"";"";"";"create_candidate";"Reference absente du catalogue Odoo; validation metier requise."
"5377LYPH5RD";"GLACE DESCENDANTE ARRIÈRE GAUCHE PRIVACY CLASSE B W246 11-18";"Glace laterale";"product";"1";"";"";"";"";"";"create_candidate";"Reference absente du catalogue Odoo; validation metier requise."
"5381AGAACMVW1T";"PB VT MB A/CLA/GLA W176 CAPT ANT LDW 15-";"Pare-brise";"product";"1";"";"";"";"";"";"create_candidate";"Reference absente du catalogue Odoo; validation metier requise."
"5381AGACMVW1B";"PB VT ACO CLAS A /CLA/GLA CAPT LDW 12-15";"Pare-brise";"product";"6";"";"";"";"";"";"create_candidate";"Reference absente du catalogue Odoo; validation metier requise."
"5381AGACMVW1T";"PB VT ACO CLASS A /CLA/GLA CAPT CAM 15";"Pare-brise";"product";"2";"";"";"";"";"";"create_candidate";"Reference absente du catalogue Odoo; validation metier requise."
"5381AGAMVW";"PB VT MB A/CLA/GLA W176+CAPT 12-15";"Pare-brise";"product";"14";"";"";"";"";"";"create_candidate";"Reference absente du catalogue Odoo; validation metier requise."
"5381AGAMVW1T";"PB VT MB A/CLA/GLA W176/117/156+CAPT 15-";"Pare-brise";"product";"8";"";"";"";"";"";"create_candidate";"Reference absente du catalogue Odoo; validation metier requise."
"5381AGAMVW-PERDU";"PB VT MB A/CLA/GLA W176 CAPT 12-15";"Pare-brise";"product";"1";"";"";"";"";"";"create_candidate";"Reference absente du catalogue Odoo; validation metier requise."
"5381AGSCMVW1T";"PB VT CLASS A /CLA/GLA CAPT CAM 15-";"Pare-brise";"product";"3";"";"";"";"";"";"create_candidate";"Reference absente du catalogue Odoo; validation metier requise."
"5381BGSCABJZ";"LUN.VT CLA C117 4P.+ANT TV 12-";"Lunette";"product";"1";"";"";"";"";"";"create_candidate";"Reference absente du catalogue Odoo; validation metier requise."
"5381BGSHAQ";"LUN VT MB W176 CLASSE A ANT 12-";"Lunette";"product";"1";"";"";"";"";"";"create_candidate";"Reference absente du catalogue Odoo; validation metier requise."
"5381BYPCABJQZ";"LUN PRIV CLA C117 4P  ANT TV 12-";"Lunette";"product";"1";"";"";"";"";"";"create_candidate";"Reference absente du catalogue Odoo; validation metier requise."
"5381BYPCABQZ";"LUN PRIV MB CLA C117 4P  ANT  12-";"Lunette";"product";"1";"";"";"";"";"";"create_candidate";"Reference absente du catalogue Odoo; validation metier requise."
"5381BYPRAX1F";"LUN PRIV MB GLA W156 ANT ALARM 14-";"Lunette";"product";"1";"";"";"";"";"";"create_candidate";"Reference absente du catalogue Odoo; validation metier requise."
"5381RGNR5RVWZ1M";"DÉFLECTEUR ARRIÈRE DROIT TEINTÉ VERT MERCEDES GLACE W156 14-MO 0.80";"Glace laterale";"product";"1";"";"";"";"";"";"create_candidate";"Reference absente du catalogue Odoo; validation metier requise."
"5381RGSC4FD";"DESC AVD VT MB CLA C117 4P  12-";"Glace laterale";"product";"1";"";"";"";"";"";"create_candidate";"Reference absente du catalogue Odoo; validation metier requise."
"5381RYPR5RD";"DESC ARD PRIV MB GLA W156 14-";"Glace laterale";"product";"1";"";"";"";"";"";"create_candidate";"Reference absente du catalogue Odoo; validation metier requise."
"5382AGSGYACMZ";"PB VTGY VITO 3 W447 ANT CAPT LDW 14-";"Pare-brise";"product";"1";"";"";"";"";"";"create_candidate";"Reference absente du catalogue Odoo; validation metier requise."
"5382RGSM5FD";"DESC AVD VT MERCEDES VITO 3 /CLASSE V W447 14-";"Glace laterale";"product";"2";"";"";"";"";"";"create_candidate";"Reference absente du catalogue Odoo; validation metier requise."
"5391AGAACMUVZ1L";"PB VT AC GLC X253 ANT C/C/H 16-19";"Pare-brise";"product";"1";"";"";"";"";"";"create_candidate";"Reference absente du catalogue Odoo; validation metier requise."
"5391AGACMUVZ1L";"PB VT AC GLC X253 CAPT CAM HUD  15-19";"Pare-brise";"product";"1";"";"";"";"";"";"create_candidate";"Reference absente du catalogue Odoo; validation metier requise."
"5391AGACMVZ";"PB VT AC GLC X253  CAPT CAM  15-19";"Pare-brise";"product";"2";"";"";"";"";"";"create_candidate";"Reference absente du catalogue Odoo; validation metier requise."
"5391AGACMVZ3L";"PB VT AC GLC X253  CAPT CAM  19-";"Pare-brise";"product";"1";"";"";"";"";"";"create_candidate";"Reference absente du catalogue Odoo; validation metier requise."
"5391AGAMVZ";"PB VT ACOUST GLC X253  CAPT    15-";"Pare-brise";"product";"1";"";"";"";"";"";"create_candidate";"Reference absente du catalogue Odoo; validation metier requise."
"5391RGAR5FDKW";"DESC AVD VT AC FEUIL  GLC X253  15-";"Glace laterale";"product";"1";"";"";"";"";"";"create_candidate";"Reference absente du catalogue Odoo; validation metier requise."
"5395AGSMVZ";"PB VT MERCEDES C205 COUPE CAPT 15-21";"Pare-brise";"product";"1";"";"";"";"";"";"create_candidate";"Reference absente du catalogue Odoo; validation metier requise."
"5397AGACMVZ";"PARE-BRISE TEINTÉ VERT AC GLC COUPE X 253 CAPTEUR DE PLUIE CAMÉRA(S) 16-MO 2.80";"Pare-brise";"product";"1";"";"";"";"";"";"create_candidate";"Reference absente du catalogue Odoo; validation metier requise."
"5397AGAMVZ";"PB VT AC MB GLC COUPE X 253 CAPT  16-";"Pare-brise";"product";"1";"";"";"";"";"";"create_candidate";"Reference absente du catalogue Odoo; validation metier requise."
"5399AGACMUVZ";"PARE-BRISE TEINTÉ VERT AC MERCEDES A W177 CAPTEUR DE PLUIE CAMÉRA(S) AFFICHAGE TÊTE HAUTE 18-MO 2.60";"Pare-brise";"product";"3";"";"";"";"";"";"create_candidate";"Reference absente du catalogue Odoo; validation metier requise."
"5399AGACMVZ";"PARE-BRISE TEINTÉ VERT AC MERCEDES CLASSE A W177 CAPTEUR DE PLUIE CAMÉRA(S) 18-MO 3.70";"Pare-brise";"product";"5";"";"";"";"";"";"create_candidate";"Reference absente du catalogue Odoo; validation metier requise."
"5399AGNCMVZ1L";"PB VT MB CLASSE A W177 CAPT CAM  18-";"Pare-brise";"product";"2";"";"";"";"";"";"create_candidate";"Reference absente du catalogue Odoo; validation metier requise."
"5399BYPCABJZ";"LUN PRIV CLASSE CLA W118 ANT TV  18-";"Lunette";"product";"1";"";"";"";"";"";"create_candidate";"Reference absente du catalogue Odoo; validation metier requise."
"5399BYPHAX";"LUN PRIV CLASSE A W177 5P ANT  18-";"Lunette";"product";"2";"";"";"";"";"";"create_candidate";"Reference absente du catalogue Odoo; validation metier requise."
"5399BYPSABJZ";"LUNETTE PRIVACY (NOIR) CLASSE A W177 4 PORTES COFFRE ANTENNE INTÉGRÉE ANTENNE TV 18-";"Lunette";"product";"2";"";"";"";"";"";"create_candidate";"Reference absente du catalogue Odoo; validation metier requise."
"5399RGSH5FD";"LAT AVD TV  MERCEDES A CLA W177/118";"Glace laterale";"product";"1";"";"";"";"";"";"create_candidate";"Reference absente du catalogue Odoo; validation metier requise."
"5419AGNGN";"PARE-BRISE TEINTÉ VERT DÉGRADÉ VERT MERCEDES CABINE 601 77-95MO 1,80";"Pare-brise";"product";"1";"";"";"";"";"";"create_candidate";"Reference absente du catalogue Odoo; validation metier requise."
"5426AGNGN1C";"PB VTVT SPRINTER PM + EMB CH.CAB. 95-06";"Pare-brise";"product";"5";"";"";"";"";"";"create_candidate";"Reference absente du catalogue Odoo; validation metier requise."
"5426ASMV";"JC PB MERCEDES SPRINTER PM 95-06";"Joint";"product";"3";"";"";"";"";"";"create_candidate";"Reference absente du catalogue Odoo; validation metier requise."
"5426ASMV9";"VO - JC PB MERCEDES SPRINTER PM    95-06";"Joint";"product";"4";"";"";"";"";"";"create_candidate";"Reference absente du catalogue Odoo; validation metier requise."
"5427AGN1C";"PB VT SPRINTER GM + EMBASE FOURG. 95-06";"Pare-brise";"product";"3";"";"";"";"";"";"create_candidate";"Reference absente du catalogue Odoo; validation metier requise."
"5427AGNGN1C";"PB VTVT SPRINTER GM + EMB FOURG. 95-06";"Pare-brise";"product";"3";"";"";"";"";"";"create_candidate";"Reference absente du catalogue Odoo; validation metier requise."
"5427ASMV";"JC PB MERCEDES SPRINTER GM         95-06";"Joint";"product";"5";"";"";"";"";"";"create_candidate";"Reference absente du catalogue Odoo; validation metier requise."
"5428ACL1C";"PB CL MB W638 VITO I  EMBASE       96-04";"Pare-brise";"product";"3";"";"";"";"";"";"create_candidate";"Reference absente du catalogue Odoo; validation metier requise."
"5428AKCVS";"AGRAFES PB MB VITO I W638          96-04";"Joint";"product";"3";"";"";"";"";"";"create_candidate";"Reference absente du catalogue Odoo; validation metier requise."
"5428ASMVT";"JC SUP PB MB VITO I W638           96-04";"Joint";"product";"3";"";"";"";"";"";"create_candidate";"Reference absente du catalogue Odoo; validation metier requise."
"5428BGNVR";"LUN DROITE CHAUFF VT VITO W638 96-04";"Lunette";"product";"1";"";"";"";"";"";"create_candidate";"Reference absente du catalogue Odoo; validation metier requise."
"5429AGN";"PB VT MERCEDES ACTROS              96-13";"Pare-brise";"product";"2";"";"";"";"";"";"create_candidate";"Reference absente du catalogue Odoo; validation metier requise."
"5429AGNGN";"PB VTVT MERCEDES ACTROS          96-13";"Pare-brise";"product";"1";"";"";"";"";"";"create_candidate";"Reference absente du catalogue Odoo; validation metier requise."
"5429ASRL";"JT PB MERCEDES ACTROS              96-13";"Joint";"product";"3";"";"";"";"";"";"create_candidate";"Reference absente du catalogue Odoo; validation metier requise."
"5430AGN";"PB VT MERCEDES ATEGO / AXOR 98-";"Pare-brise";"product";"1";"";"";"";"";"";"create_candidate";"Reference absente du catalogue Odoo; validation metier requise."
"5430ASML";"JC PB MERCEDES ATEGO II 05-";"Joint";"product";"1";"";"";"";"";"";"create_candidate";"Reference absente du catalogue Odoo; validation metier requise."
"5438AGSGNA";"PB VTVT MB VITO II/ VIANO   ANT   03-12";"Pare-brise";"product";"1";"";"";"";"";"";"create_candidate";"Reference absente du catalogue Odoo; validation metier requise."
"5438AGSGNAM1B";"PB VTVT VITO II W639 ANT CAPT   03-12";"Pare-brise";"product";"1";"";"";"";"";"";"create_candidate";"Reference absente du catalogue Odoo; validation metier requise."
"5438ASMV";"JC PB MB VITO II / VIANO W639   03-14";"Joint";"product";"2";"";"";"";"";"";"create_candidate";"Reference absente du catalogue Odoo; validation metier requise."
"5438BGSV";"LUN VT CLASSE V  W639              03-14";"Lunette";"product";"1";"";"";"";"";"";"create_candidate";"Reference absente du catalogue Odoo; validation metier requise."
"5438BYPV1J";"LUN PRIV CLASSE V  W639           10-14";"Lunette";"product";"1";"";"";"";"";"";"create_candidate";"Reference absente du catalogue Odoo; validation metier requise."
"5438RGSV2FD";"DESC AVD VT VITO II                03-14";"Glace laterale";"product";"1";"";"";"";"";"";"create_candidate";"Reference absente du catalogue Odoo; validation metier requise."
"5439ACL";"PB CL SPRINTER W906/VW CRAFTER 06-18";"Pare-brise";"product";"1";"";"";"";"";"";"create_candidate";"Reference absente du catalogue Odoo; validation metier requise."
"5439AGS";"PB VT SPRINTER W906 / VW CRAFTER 06-18";"Pare-brise";"product";"2";"";"";"";"";"";"create_candidate";"Reference absente du catalogue Odoo; validation metier requise."
"5439AGSBL";"PB VTBL SPRINTER W906/VW CRAFTER 06-";"Pare-brise";"product";"9";"";"";"";"";"";"create_candidate";"Reference absente du catalogue Odoo; validation metier requise."
"5439AGSBLM1B";"PB VTBL SPRINTER W906  CAPT /CRAFT 06-18";"Pare-brise";"product";"1";"";"";"";"";"";"create_candidate";"Reference absente du catalogue Odoo; validation metier requise."
"5439AGSM1B";"PB VT SPRINTER W906/CRAFT+ CAPT 06-";"Pare-brise";"product";"2";"";"";"";"";"";"create_candidate";"Reference absente du catalogue Odoo; validation metier requise."
"5439AGSMV";"JC PB SPRINTER W906 /CRAFTER 06-";"Pare-brise";"product";"1";"";"";"";"";"";"create_candidate";"Reference absente du catalogue Odoo; validation metier requise."
"5439ASMV";"JC PB SPRINTER W906 /CRAFTER 06-";"Joint";"product";"13";"";"";"";"";"";"create_candidate";"Reference absente du catalogue Odoo; validation metier requise."
"5439BGSPU";"LUN VT CABINE SPRINTER W906 06-";"Lunette";"product";"2";"";"";"";"";"";"create_candidate";"Reference absente du catalogue Odoo; validation metier requise."
"5439BGSVL";"LUN VT GCHE SPRINTER W906          06-18";"Lunette";"product";"1";"";"";"";"";"";"create_candidate";"Reference absente du catalogue Odoo; validation metier requise."
"5439BGSVR";"LUN VT DTE SPRINTER W906           06-18";"Lunette";"product";"1";"";"";"";"";"";"create_candidate";"Reference absente du catalogue Odoo; validation metier requise."
"5439BYPVR";"LUN PRIVACY DTE SPRINTER W906      06-18";"Lunette";"product";"1";"";"";"";"";"";"create_candidate";"Reference absente du catalogue Odoo; validation metier requise."
"5439LGSV3FD";"DESC AVG VT SPRINTER/VW CRAFTER 06-18";"Glace laterale";"product";"1";"";"";"";"";"";"create_candidate";"Reference absente du catalogue Odoo; validation metier requise."
"5439RGSV3FD";"DESC AVD VT SPRINTER/VW CRAFTER 06-";"Glace laterale";"product";"1";"";"";"";"";"";"create_candidate";"Reference absente du catalogue Odoo; validation metier requise."
"5447AGSBLCHM2C";"PB VTBL SPRINTER W910 CHAUF CAPT LDW 18-";"Pare-brise";"product";"2";"";"";"";"";"";"create_candidate";"Reference absente du catalogue Odoo; validation metier requise."
"5447AGSBLCM1L";"PB VTBL SPRINTER W910 CAPT CAM 18-";"Pare-brise";"product";"4";"";"";"";"";"";"create_candidate";"Reference absente du catalogue Odoo; validation metier requise."
"5447LGSV3FD";"DESC AVG VT SPRINTER W910   18-";"Glace laterale";"product";"2";"";"";"";"";"";"create_candidate";"Reference absente du catalogue Odoo; validation metier requise."
"5447LGSV3FV";"DEFL AVG VT SPRINTER W910   18-";"Glace laterale";"product";"1";"";"";"";"";"";"create_candidate";"Reference absente du catalogue Odoo; validation metier requise."
"5500AGABLCIMV75";"PARE-BRISE TEINTÉ VERT DÉGRADÉ BLEU AC MERCEDES CLASSE X CAPTEUR DE PLUIE CAMÉRA 17-";"Pare-brise";"product";"2";"";"";"";"";"";"create_candidate";"Reference absente du catalogue Odoo; validation metier requise."
"5502LGNR5FD";"DESC AVG VT GLA H247 / EQA   20-";"Glace laterale";"product";"1";"";"";"";"";"";"create_candidate";"Reference absente du catalogue Odoo; validation metier requise."
"5505AGACMVZ1L";"PB VT AC GLB / EQB CAPT CAM 22-";"Pare-brise";"product";"3";"";"";"";"";"";"create_candidate";"Reference absente du catalogue Odoo; validation metier requise."
"5505BYPRAX";"LUN PRIV MECEDES GLB / EQB ANT ALAR 19-";"Lunette";"product";"1";"";"";"";"";"";"create_candidate";"Reference absente du catalogue Odoo; validation metier requise."
"5505BYPRAX1";"LUN PRIV MECEDES GLB / EQB ANT ALAR 19-";"Lunette";"product";"1";"";"";"";"";"";"create_candidate";"Reference absente du catalogue Odoo; validation metier requise."
"5505GYPR5PRBOW";"TOIT VITRE PARTIRE ARR OUV  PRIV GLB 19-";"Autres";"product";"1";"";"";"";"";"";"create_candidate";"Reference absente du catalogue Odoo; validation metier requise."
"5505GYPR5PRF";"TOIT VITRE PARTIE AV PRIV GLB 19-";"Autres";"product";"1";"";"";"";"";"";"create_candidate";"Reference absente du catalogue Odoo; validation metier requise."
"5505RGSR5RD";"DESC ARD VT MECEDES GLB  19-";"Glace laterale";"product";"1";"";"";"";"";"";"create_candidate";"Reference absente du catalogue Odoo; validation metier requise."
"5505RYPR5RD";"DESC ARD PRIV MECEDES GLB  19-";"Glace laterale";"product";"1";"";"";"";"";"";"create_candidate";"Reference absente du catalogue Odoo; validation metier requise."
"5512AGACMUVZ1L";"PB VT AC GLC X254 CAPT CAM HUD 22-";"Pare-brise";"product";"1";"";"";"";"";"";"create_candidate";"Reference absente du catalogue Odoo; validation metier requise."
"5512AGACMVZ";"PB VT AC GLC X254 CAPT CAM 22-";"Pare-brise";"product";"1";"";"";"";"";"";"create_candidate";"Reference absente du catalogue Odoo; validation metier requise."
"561010DF41";"PARE BRISE YARIS 2024";"Pare-brise";"product";"1";"";"";"";"";"";"create_candidate";"Reference absente du catalogue Odoo; validation metier requise."
"5610160F50";"PB LAND CRUISER + KIT MONTAGE";"Pare-brise";"product";"1";"";"";"";"";"";"create_candidate";"Reference absente du catalogue Odoo; validation metier requise."
"5621AGNBL";"PB VTBL MITSUBISHI PAJERO I        82-91";"Pare-brise";"product";"3";"";"";"";"";"";"create_candidate";"Reference absente du catalogue Odoo; validation metier requise."
"5621ASRR";"JT PB PAJERO I SS ENJO             82-91";"Joint";"product";"1";"";"";"";"";"";"create_candidate";"Reference absente du catalogue Odoo; validation metier requise."
"5621ASRRC";"JT PB PAJERO I A ENJO              82-91";"Joint";"product";"1";"";"";"";"";"";"create_candidate";"Reference absente du catalogue Odoo; validation metier requise."
"5621ASSR";"JOINT PARE-BRISE PAJERO I SANS ENJOLIVEUR             82-91MO NC";"Joint";"product";"1";"";"";"";"";"";"create_candidate";"Reference absente du catalogue Odoo; validation metier requise."
"5628ABL";"PB BL MITSUBIHI L 200              87-96";"Pare-brise";"product";"1";"";"";"";"";"";"create_candidate";"Reference absente du catalogue Odoo; validation metier requise."
"5637AGN";"PB VT MITSUBISHI PAJERO II         91-00";"Pare-brise";"product";"18";"";"";"";"";"";"create_candidate";"Reference absente du catalogue Odoo; validation metier requise."
"5637AGNBL";"PB VTBL MITSUBISHI PAJERO II       91-00";"Pare-brise";"product";"1";"";"";"";"";"";"create_candidate";"Reference absente du catalogue Odoo; validation metier requise."
"5637AKCR1";"CLIPS KIT PB MITSUBISHI PAJERO";"Joint";"product";"9";"";"";"";"";"";"create_candidate";"Reference absente du catalogue Odoo; validation metier requise."
"5637ASMRB";"JC INF. PB MITSUBISHI PAJERO II  92-00";"Joint";"product";"17";"";"";"";"";"";"create_candidate";"Reference absente du catalogue Odoo; validation metier requise."
"5637ASMRT";"JC SUP PB MITSUBISHI PAJERO II 92-00";"Joint";"product";"8";"";"";"";"";"";"create_candidate";"Reference absente du catalogue Odoo; validation metier requise."
"5637BGNR";"LUN VT MITSUBISHI PAJERO II    91-";"Lunette";"product";"1";"";"";"";"";"";"create_candidate";"Reference absente du catalogue Odoo; validation metier requise."
"5637RGNR3FD";"DESC AVD VT PAJERO II 3/5P  91-";"Glace laterale";"product";"1";"";"";"";"";"";"create_candidate";"Reference absente du catalogue Odoo; validation metier requise."
"5646AGN";"PB VT MITSUBISHI CARISMA           95-04";"Pare-brise";"product";"1";"";"";"";"";"";"create_candidate";"Reference absente du catalogue Odoo; validation metier requise."
"5646BGNH";"LUN VT MITSUBISHI CARISMA 5P    95-02";"Lunette";"product";"1";"";"";"";"";"";"create_candidate";"Reference absente du catalogue Odoo; validation metier requise."
"5646BGNH1J";"LUN VT MITSUBISHI CARISMA 5P    02-05";"Lunette";"product";"1";"";"";"";"";"";"create_candidate";"Reference absente du catalogue Odoo; validation metier requise."
"5650AGN";"PB VT MITSUBISHI L200 96-05";"Pare-brise";"product";"8";"";"";"";"";"";"create_candidate";"Reference absente du catalogue Odoo; validation metier requise."
"5650AGN2P";"PB VT MITSUBISHI L200   EMB        03-05";"Pare-brise";"product";"2";"";"";"";"";"";"create_candidate";"Reference absente du catalogue Odoo; validation metier requise."
"5650AGN-O";"PB VT MITSUBISHI L200              96-05";"Pare-brise";"product";"2";"";"";"";"";"";"create_candidate";"Reference absente du catalogue Odoo; validation metier requise."
"5650ASMP";"JC PB MITSUBISHI L200 NOIR         96-05";"Joint";"product";"8";"";"";"";"";"";"create_candidate";"Reference absente du catalogue Odoo; validation metier requise."
"5650ASMPC";"JC PB MITSUBISHI L200 CHROME 96-05";"Joint";"product";"1";"";"";"";"";"";"create_candidate";"Reference absente du catalogue Odoo; validation metier requise."
"5650LGNR5FD";"DESC AVG VT PAJERO SPORT 5P   00-05";"Glace laterale";"product";"1";"";"";"";"";"";"create_candidate";"Reference absente du catalogue Odoo; validation metier requise."
"5655asmvt";"5655asmvt";"Autres";"product";"1";"";"";"";"";"";"create_candidate";"Reference absente du catalogue Odoo; validation metier requise."
"5655BGNV";"LUN VT MITSUBISHI SPACE STAR   98-05";"Lunette";"product";"1";"";"";"";"";"";"create_candidate";"Reference absente du catalogue Odoo; validation metier requise."
"5658AGN";"PB VT MITSUBISHI SPACE WAGON    98-02";"Pare-brise";"product";"1";"";"";"";"";"";"create_candidate";"Reference absente du catalogue Odoo; validation metier requise."
"5658ASMVT";"JC SUP PB MITSU SPACE WAGON 98-02";"Joint";"product";"1";"";"";"";"";"";"create_candidate";"Reference absente du catalogue Odoo; validation metier requise."
"5661AGABL1C";"PB VTBL ACO PAJERO 3/5P NOUV EMB  07-21";"Pare-brise";"product";"1";"";"";"";"";"";"create_candidate";"Reference absente du catalogue Odoo; validation metier requise."
"5661AGABLH1C";"PB VTBL ACO MITSU PAJERO III CHAUF 07-21";"Pare-brise";"product";"2";"";"";"";"";"";"create_candidate";"Reference absente du catalogue Odoo; validation metier requise."
"5661AGNBL";"PB VTBL MITSUBISHI PAJERO 3/5P     00-04";"Pare-brise";"product";"2";"";"";"";"";"";"create_candidate";"Reference absente du catalogue Odoo; validation metier requise."
"5661ASMR";"JC PB MITSUBISHI PAJERO 3/5P       00-07";"Joint";"product";"3";"";"";"";"";"";"create_candidate";"Reference absente du catalogue Odoo; validation metier requise."
"5661ASMR1H";"ENJOLIVEUR PARE-BRISE MITSUBISHI PAJERO 3 ET 5 PORTES 07-MO NC";"Joint";"product";"2";"";"";"";"";"";"create_candidate";"Reference absente du catalogue Odoo; validation metier requise."
"5661BYDR1J";"LUN PRIVACY MITSUBISHI PAJERO 07-";"Lunette";"product";"1";"";"";"";"";"";"create_candidate";"Reference absente du catalogue Odoo; validation metier requise."
"5676AGN7Z";"PB VT MITSUBISHI COLT 3PTES  11/08-";"Pare-brise";"product";"1";"";"";"";"";"";"create_candidate";"Reference absente du catalogue Odoo; validation metier requise."
"5676ASMHT";"JC SUP PB MITSUBISHI COLT 3PTES 05-08";"Joint";"product";"1";"";"";"";"";"";"create_candidate";"Reference absente du catalogue Odoo; validation metier requise."
"5677AGN";"PB VT CANTER CHASSIS CABINE PM 05-";"Pare-brise";"product";"1";"";"";"";"";"";"create_candidate";"Reference absente du catalogue Odoo; validation metier requise."
"5679AGN";"PB VT MITSUBISHI L200 05-15";"Pare-brise";"product";"2";"";"";"";"";"";"create_candidate";"Reference absente du catalogue Odoo; validation metier requise."
"5679AGS";"PB VT MITSUBISHI L200              05-15";"Pare-brise";"product";"1";"";"";"";"";"";"create_candidate";"Reference absente du catalogue Odoo; validation metier requise."
"5679AGSM1B";"PB VT MITSUBISHI L200 CAPT  06-15";"Pare-brise";"product";"1";"";"";"";"";"";"create_candidate";"Reference absente du catalogue Odoo; validation metier requise."
"5679ASMPT";"JC SUP PB MITSUBISHI L200          06-15";"Joint";"product";"4";"";"";"";"";"";"create_candidate";"Reference absente du catalogue Odoo; validation metier requise."
"5679LGSP2FDW";"DESC AVG VT MITSUBISHI L200 06-15";"Glace laterale";"product";"1";"";"";"";"";"";"create_candidate";"Reference absente du catalogue Odoo; validation metier requise."
"5680BYPR";"LUN PRIV OUTLANDER      07-13";"Lunette";"product";"1";"";"";"";"";"";"create_candidate";"Reference absente du catalogue Odoo; validation metier requise."
"5681AGN";"PB VT CANTER CHASSIS CABINE GM   06-";"Pare-brise";"product";"1";"";"";"";"";"";"create_candidate";"Reference absente du catalogue Odoo; validation metier requise."
"5681ASMV";"ENJOLIVEUR PARE-BRISE MITSUBISHI CANTER 05-MO NC";"Joint";"product";"1";"";"";"";"";"";"create_candidate";"Reference absente du catalogue Odoo; validation metier requise."
"5689AGNMV1B";"PB VT MITSUBISHI ASX LHD CAPT 10-";"Pare-brise";"product";"1";"";"";"";"";"";"create_candidate";"Reference absente du catalogue Odoo; validation metier requise."
"5689AGNMV2B";"PB VT  ASX/C4 AIRCROSS/4008 LHD CAPT 10-";"Pare-brise";"product";"1";"";"";"";"";"";"create_candidate";"Reference absente du catalogue Odoo; validation metier requise."
"5689ASMR";"JC PB MITSUBISHI ASX             10-";"Joint";"product";"1";"";"";"";"";"";"create_candidate";"Reference absente du catalogue Odoo; validation metier requise."
"5689BGNR";"LUN VT MITSUBISHI ASX              10-";"Lunette";"product";"1";"";"";"";"";"";"create_candidate";"Reference absente du catalogue Odoo; validation metier requise."
"5689BYPR";"LUN PRIV MITSUBISHI ASX            10-";"Lunette";"product";"1";"";"";"";"";"";"create_candidate";"Reference absente du catalogue Odoo; validation metier requise."
"5689RGNR5FDW";"DESC AVD VT MITSUBISHI ASX 10-";"Glace laterale";"product";"1";"";"";"";"";"";"create_candidate";"Reference absente du catalogue Odoo; validation metier requise."
"5697AGAMV";"PB VT ACO OUTLANDER PHEV  CAPT 13-21";"Pare-brise";"product";"1";"";"";"";"";"";"create_candidate";"Reference absente du catalogue Odoo; validation metier requise."
"5697ASMR";"JC PB OUTLANDER 3          13-21";"Joint";"product";"1";"";"";"";"";"";"create_candidate";"Reference absente du catalogue Odoo; validation metier requise."
"5698BGNH";"LUN VT MITSUBISHI SPACE STAR     13-";"Lunette";"product";"1";"";"";"";"";"";"create_candidate";"Reference absente du catalogue Odoo; validation metier requise."
"5698LGNH5FDW";"DESC AVG VT SPACE STAR 13-";"Glace laterale";"product";"1";"";"";"";"";"";"create_candidate";"Reference absente du catalogue Odoo; validation metier requise."
"5698RGNH5FDW";"GLACE DESC AVD TV SPACE STAR 13-";"Glace laterale";"product";"1";"";"";"";"";"";"create_candidate";"Reference absente du catalogue Odoo; validation metier requise."
"5701AGACMVZ";"PB VT ACO MITSUBISHI L200  CAPT CAM  15-";"Pare-brise";"product";"1";"";"";"";"";"";"create_candidate";"Reference absente du catalogue Odoo; validation metier requise."
"5701AGNCMVZ";"PB VT MITSUBISHI L200  CAPT CAM  15-";"Pare-brise";"product";"1";"";"";"";"";"";"create_candidate";"Reference absente du catalogue Odoo; validation metier requise."
"5701ASGRT";"JC SUP PB MITSUBISHI L200          15-";"Joint";"product";"2";"";"";"";"";"";"create_candidate";"Reference absente du catalogue Odoo; validation metier requise."
"5701LGNP4RDW";"GLACE DESCENDANTE ARRIÈRE GAUCHE TEINTÉ VERT MITSUBISHI L200 4 PORTES COFFRE 15-MO 0.60";"Glace laterale";"product";"1";"";"";"";"";"";"create_candidate";"Reference absente du catalogue Odoo; validation metier requise."
"5957ASRR";"JT PB NISSAN PATROL I              80-97";"Joint";"product";"1";"";"";"";"";"";"create_candidate";"Reference absente du catalogue Odoo; validation metier requise."
"5966ABL";"PB BL PICK-UP D21 / TERRANO I  85-93";"Pare-brise";"product";"1";"";"";"";"";"";"create_candidate";"Reference absente du catalogue Odoo; validation metier requise."
"5966AGN1B";"PB VT NISS.NAVARA D22/NP300 98-";"Pare-brise";"product";"22";"";"";"";"";"";"create_candidate";"Reference absente du catalogue Odoo; validation metier requise."
"5966AGN1B-PERDU";"PB VT NISS NAVARA D22/NP300 98-";"Pare-brise";"product";"1";"";"";"";"";"";"create_candidate";"Reference absente du catalogue Odoo; validation metier requise."
"5966AGNBL1B";"PB VTBL NAVARA D22/NP300  98-";"Pare-brise";"product";"1";"";"";"";"";"";"create_candidate";"Reference absente du catalogue Odoo; validation metier requise."
"5966AKCP";"AGRAFES PB PICK-UP D21/TERRANO 85-";"Joint";"product";"6";"";"";"";"";"";"create_candidate";"Reference absente du catalogue Odoo; validation metier requise."
"5966ASMPT";"JC PB PICK-UP D21/D22/TERRANO I NOIR";"Joint";"product";"20";"";"";"";"";"";"create_candidate";"Reference absente du catalogue Odoo; validation metier requise."
"5966ASMPTC";"JC PB PICK-UP D21/D22/TERRANO I CHROME";"Joint";"product";"1";"";"";"";"";"";"create_candidate";"Reference absente du catalogue Odoo; validation metier requise."
"5966ASMPT-PERDU";"JC PB PICK-UP D21/D22/TERRANO I NOIR";"Joint";"product";"1";"";"";"";"";"";"create_candidate";"Reference absente du catalogue Odoo; validation metier requise."
"5966BGNP";"LUN VT CABINE NISSAN D21/22 PICK UP 85-";"Lunette";"product";"1";"";"";"";"";"";"create_candidate";"Reference absente du catalogue Odoo; validation metier requise."
"5981AGN";"PB VT NISSAN PRIMERA P10 BNE 91-96";"Pare-brise";"product";"1";"";"";"";"";"";"create_candidate";"Reference absente du catalogue Odoo; validation metier requise."
"5981ASMHT";"JC SUP PB PRIMERA P10 BNE      90-96";"Joint";"product";"1";"";"";"";"";"";"create_candidate";"Reference absente du catalogue Odoo; validation metier requise."
"5988AGNBL1B";"PB VTBL NISSAN MICRA K11           93-03";"Pare-brise";"product";"2";"";"";"";"";"";"create_candidate";"Reference absente du catalogue Odoo; validation metier requise."
"5988ASGH";"SUP JC PB NISSAN MICRA K11   93-03";"Joint";"product";"1";"";"";"";"";"";"create_candidate";"Reference absente du catalogue Odoo; validation metier requise."
"5988ASMH6A";"JC PB NISSAN MICRA K11             93-03";"Joint";"product";"1";"";"";"";"";"";"create_candidate";"Reference absente du catalogue Odoo; validation metier requise."
"5988RGNH5FDW";"DESC AVD VT MICRA K11 5PTES  93-03";"Glace laterale";"product";"1";"";"";"";"";"";"create_candidate";"Reference absente du catalogue Odoo; validation metier requise."
"5990BGPRZ1Q";"LUN VT FONCEE NISSAN TERRANO II 00-06";"Lunette";"product";"1";"";"";"";"";"";"create_candidate";"Reference absente du catalogue Odoo; validation metier requise."
"5991ASRP";"JOINT PARE-BRISE NISSAN CABSTAR  E            99-06";"Joint";"product";"1";"";"";"";"";"";"create_candidate";"Reference absente du catalogue Odoo; validation metier requise."
"5992AGN";"PB VT SERENA / VANETTE CARGO 93-02";"Pare-brise";"product";"1";"";"";"";"";"";"create_candidate";"Reference absente du catalogue Odoo; validation metier requise."
"5992AKMV";"JCS PB KIT C. SERENA/VANETTE CARGO 92-02";"Joint";"product";"1";"";"";"";"";"";"create_candidate";"Reference absente du catalogue Odoo; validation metier requise."
"5F0857521A - 5F0857537B GRU - 6F1857507AC9B9";"RETROVISEUR AVG + VITRE RETRO G + COUVERCLE RETRO G SEAT IBIZA V (KJ) - 5P 2017-02-> 1.0TSI 115 FAP";"Autres";"product";"1";"";"";"";"";"";"create_candidate";"Reference absente du catalogue Odoo; validation metier requise."
"5F4837462D";"LEVE GLACE AVD";"Autres";"product";"1";"";"";"";"";"";"create_candidate";"Reference absente du catalogue Odoo; validation metier requise."
"5J6853264A";"ENJO DROIT SKODA FABIA";"Joint";"product";"1";"";"";"";"";"";"create_candidate";"Reference absente du catalogue Odoo; validation metier requise."
"6001AGN";"PB VT NISSAN ALMERA N15  96-99";"Pare-brise";"product";"1";"";"";"";"";"";"create_candidate";"Reference absente du catalogue Odoo; validation metier requise."
"6001ASMHT";"ENJ SUP PB NISSAN ALMERA N15     96-99";"Joint";"product";"1";"";"";"";"";"";"create_candidate";"Reference absente du catalogue Odoo; validation metier requise."
"6002AGN";"PB VT PRIMERA P11 / W11 BNE/BK     96-02";"Pare-brise";"product";"1";"";"";"";"";"";"create_candidate";"Reference absente du catalogue Odoo; validation metier requise."
"6002ASMHT";"JC SUP PB NISSAN PRIMERA P11       96-02";"Joint";"product";"1";"";"";"";"";"";"create_candidate";"Reference absente du catalogue Odoo; validation metier requise."
"6002BGNS1B";"LUN VT NISSAN PRIMERA BNE 4P    00-02";"Lunette";"product";"1";"";"";"";"";"";"create_candidate";"Reference absente du catalogue Odoo; validation metier requise."
"6002RGNH5FDW";"DESC AVD VT PRIMERA 4/5P  BK  96-02";"Glace laterale";"product";"1";"";"";"";"";"";"create_candidate";"Reference absente du catalogue Odoo; validation metier requise."
"6004AGN";"PB VT NISSAN SKYLINE R33 93-99";"Pare-brise";"product";"1";"";"";"";"";"";"create_candidate";"Reference absente du catalogue Odoo; validation metier requise."
"6006AGN";"PB VT NISSAN PATROL Y61            98-11";"Joint";"product";"1";"";"";"";"";"";"create_candidate";"Reference absente du catalogue Odoo; validation metier requise."
"6006ASMR";"JC PB NISSAN PATROL Y61            98-11";"Joint";"product";"1";"";"";"";"";"";"create_candidate";"Reference absente du catalogue Odoo; validation metier requise."
"6006BGNRRZ";"LUN.ARD VT NISSAN PATROL Y61      98-11";"Lunette";"product";"3";"";"";"";"";"";"create_candidate";"Reference absente du catalogue Odoo; validation metier requise."
"6007AGN";"PB VT NISSAN ALMERA N16 3/5P 00-06";"Pare-brise";"product";"2";"";"";"";"";"";"create_candidate";"Reference absente du catalogue Odoo; validation metier requise."
"6007ASMHT";"JC SUP PB NISSAN ALMERA N16        00-06";"Joint";"product";"2";"";"";"";"";"";"create_candidate";"Reference absente du catalogue Odoo; validation metier requise."
"6010AGN";"PB VT NISSAN CABSTAR  E            99-06";"Pare-brise";"product";"2";"";"";"";"";"";"create_candidate";"Reference absente du catalogue Odoo; validation metier requise."
"6010ASRD";"JOINT NISSAN CABSTAR";"Joint";"product";"1";"";"";"";"";"";"create_candidate";"Reference absente du catalogue Odoo; validation metier requise."
"6010LGNV2FDW";"DESC AVG VT CABSTAR      99-06";"Glace laterale";"product";"1";"";"";"";"";"";"create_candidate";"Reference absente du catalogue Odoo; validation metier requise."
"6011AGNMV1B";"PB VT NISSAN MICRA K12 CAPT  03-10";"Pare-brise";"product";"5";"";"";"";"";"";"create_candidate";"Reference absente du catalogue Odoo; validation metier requise."
"6011AGNV";"PB VT NISSAN MICRA K12 03-10";"Pare-brise";"product";"5";"";"";"";"";"";"create_candidate";"Reference absente du catalogue Odoo; validation metier requise."
"6011ASMH";"JC PB NISSAN MICRA K12 03-10";"Joint";"product";"6";"";"";"";"";"";"create_candidate";"Reference absente du catalogue Odoo; validation metier requise."
"6011LGNH3FDW";"DESC AVG VT MICRA K12 3PTES      03-10";"Glace laterale";"product";"1";"";"";"";"";"";"create_candidate";"Reference absente du catalogue Odoo; validation metier requise."
"6011LGNH3RQ";"CUST ARG VT MICRA K12 3PTES      03-10";"Glace laterale";"product";"2";"";"";"";"";"";"create_candidate";"Reference absente du catalogue Odoo; validation metier requise."
"6011RGNH5RV";"DEFL ARD VT MICRA K12 5PTES      03-10";"Glace laterale";"product";"2";"";"";"";"";"";"create_candidate";"Reference absente du catalogue Odoo; validation metier requise."
"6014AGS";"PB VT NISSAN ALMERA TINO 00-05";"Pare-brise";"product";"1";"";"";"";"";"";"create_candidate";"Reference absente du catalogue Odoo; validation metier requise."
"6014ASMVT";"JC SUP PB NISSAN ALMERA TINO 00-05";"Joint";"product";"1";"";"";"";"";"";"create_candidate";"Reference absente du catalogue Odoo; validation metier requise."
"6018AGN";"PB VT NISSAN X TRAIL 00-07";"Pare-brise";"product";"4";"";"";"";"";"";"create_candidate";"Reference absente du catalogue Odoo; validation metier requise."
"6018AGNBL";"PB VTBL NISSAN X TRAIL LHD         00-07";"Pare-brise";"product";"1";"";"";"";"";"";"create_candidate";"Reference absente du catalogue Odoo; validation metier requise."
"6018ASMR";"JC PB NISSAN X-TRAIL 00-07";"Joint";"product";"5";"";"";"";"";"";"create_candidate";"Reference absente du catalogue Odoo; validation metier requise."
"6018LGNR5RQZ";"CUST ARG VT X TRAIL 1      00-07";"Glace laterale";"product";"1";"";"";"";"";"";"create_candidate";"Reference absente du catalogue Odoo; validation metier requise."
"6018LGPR5RQZ";"CUST ARG VT FONCEE X TRAIL 1      00-07";"Glace laterale";"product";"1";"";"";"";"";"";"create_candidate";"Reference absente du catalogue Odoo; validation metier requise."
"6018RGPR5RQZ";"CUSTODE ARRIÈRE DROIT TEINTÉ VERT FONCEE X TRAIL 1      00-07";"Glace laterale";"product";"1";"";"";"";"";"";"create_candidate";"Reference absente du catalogue Odoo; validation metier requise."
"6032BYPRW";"LUN  PRIV NISSAN MURANO         04-08";"Lunette";"product";"1";"";"";"";"";"";"create_candidate";"Reference absente du catalogue Odoo; validation metier requise."
"6033AGSBLV";"PB VTBL INFINITY FX35-45           03-08";"Pare-brise";"product";"1";"";"";"";"";"";"create_candidate";"Reference absente du catalogue Odoo; validation metier requise."
"6033ASMVT";"JC SUP.PB INFINITI FX35/45 03-08";"Joint";"product";"1";"";"";"";"";"";"create_candidate";"Reference absente du catalogue Odoo; validation metier requise."
"6037AGABLMVZ1B-O";"PB VTDÉGRADÉ BLEU AC PATHFINDER/NAVA CAPTEUR DE PLUIE 05-";"Pare-brise";"product";"1";"";"";"";"";"";"create_candidate";"Reference absente du catalogue Odoo; validation metier requise."
"6037AGSBLMVZ1B";"PB VTBL PATHFINDER/NAVARA +CAPT 05-";"Pare-brise";"product";"7";"";"";"";"";"";"create_candidate";"Reference absente du catalogue Odoo; validation metier requise."
"6037AGSBLVZ";"PB VTBL PATHFINDER/NAVARA       05-";"Pare-brise";"product";"6";"";"";"";"";"";"create_candidate";"Reference absente du catalogue Odoo; validation metier requise."
"6037BGSP1B";"LUN VT CABINE NAVARA D40 PICK UP 05-";"Lunette";"product";"4";"";"";"";"";"";"create_candidate";"Reference absente du catalogue Odoo; validation metier requise."
"6037BYPP1B";"LUNETTE PRIVACY (NOIR) CABINE NAVARA D40 PICKUP 05-";"Lunette";"product";"3";"";"";"";"";"";"create_candidate";"Reference absente du catalogue Odoo; validation metier requise."
"6037LGNP4RV";"DEFL ARG VT NIS NAVARA DOUBLE CAB 05-";"Glace laterale";"product";"1";"";"";"";"";"";"create_candidate";"Reference absente du catalogue Odoo; validation metier requise."
"6037LGNR5RV";"DEFL ARG VT NIS PATHFINDER 05-";"Glace laterale";"product";"1";"";"";"";"";"";"create_candidate";"Reference absente du catalogue Odoo; validation metier requise."
"6037LYPP4RDW";"DESC ARG PRIV NAVARA DOUBLE CAB 05-";"Glace laterale";"product";"1";"";"";"";"";"";"create_candidate";"Reference absente du catalogue Odoo; validation metier requise."
"6037LYPP4RV";"DEFL ARG PRIV NAVARA DOUBLE CAB 05-";"Glace laterale";"product";"1";"";"";"";"";"";"create_candidate";"Reference absente du catalogue Odoo; validation metier requise."
"6037LYPR5RDW";"DESC ARG PRIV PATHFINDER 04/10-";"Glace laterale";"product";"1";"";"";"";"";"";"create_candidate";"Reference absente du catalogue Odoo; validation metier requise."
"6037RGNP4RDW";"DESC ARD VT NAVARA P UP 4P      05-";"Glace laterale";"product";"1";"";"";"";"";"";"create_candidate";"Reference absente du catalogue Odoo; validation metier requise."
"6037RGNP4RDW1J";"DESC ARD VT NIS NAVARA KING CAB 05-";"Glace laterale";"product";"1";"";"";"";"";"";"create_candidate";"Reference absente du catalogue Odoo; validation metier requise."
"6037RGNP4RV";"DEFL ARD VT NIS NAVARA DOUBLE CAB 05-";"Glace laterale";"product";"2";"";"";"";"";"";"create_candidate";"Reference absente du catalogue Odoo; validation metier requise."
"6037RGSR5FDW";"DESC AVD VT PATHFINDER/NAVARA 05-";"Glace laterale";"product";"1";"";"";"";"";"";"create_candidate";"Reference absente du catalogue Odoo; validation metier requise."
"6037RYPP4RDW";"DESC.ARD PRIV.NAVARA DOUBLE CAB 05-";"Glace laterale";"product";"1";"";"";"";"";"";"create_candidate";"Reference absente du catalogue Odoo; validation metier requise."
"6037RYPP4RV";"DEFL ARD PRIV NAVARA DOUBLE CAB 05-";"Glace laterale";"product";"1";"";"";"";"";"";"create_candidate";"Reference absente du catalogue Odoo; validation metier requise."
"6037RYPR5RV";"DEFL ARD PRIV PATHFINDER 04/10-";"Glace laterale";"product";"1";"";"";"";"";"";"create_candidate";"Reference absente du catalogue Odoo; validation metier requise."
"6041AGSMV1B";"PB VT NISSAN NOTE   CAPT           06-13";"Pare-brise";"product";"2";"";"";"";"";"";"create_candidate";"Reference absente du catalogue Odoo; validation metier requise."
"6041AGSV";"PB VT NISSAN NOTE 06-13";"Pare-brise";"product";"3";"";"";"";"";"";"create_candidate";"Reference absente du catalogue Odoo; validation metier requise."
"6041ASMH";"JC PB NISSAN NOTE 06-13";"Joint";"product";"6";"";"";"";"";"";"create_candidate";"Reference absente du catalogue Odoo; validation metier requise."
"6041BGSHW";"LUN VT NISSAN NOTE                06-13";"Lunette";"product";"6";"";"";"";"";"";"create_candidate";"Reference absente du catalogue Odoo; validation metier requise."
"6041RGSH5RQW";"CUST ARD VT NISSAN NOTE 5P 06-13";"Glace laterale";"product";"1";"";"";"";"";"";"create_candidate";"Reference absente du catalogue Odoo; validation metier requise."
"6044AGAMV1P";"PB VT ACOUST.QASHQAI +CAPT 07-14";"Pare-brise";"product";"16";"";"";"";"";"";"create_candidate";"Reference absente du catalogue Odoo; validation metier requise."
"6044AGAMV1P-O";"PB VT ACOUST QASHQAI 1 CAPT       07-14";"Pare-brise";"product";"1";"";"";"";"";"";"create_candidate";"Reference absente du catalogue Odoo; validation metier requise."
"6044AGAV";"PB VT ACOUS.NISSAN QASHQAI 07-14";"Pare-brise";"product";"3";"";"";"";"";"";"create_candidate";"Reference absente du catalogue Odoo; validation metier requise."
"6044AGSMV1P";"PB VT NISSAN QASHQAI +CAPT 07-14";"Pare-brise";"product";"22";"";"";"";"";"";"create_candidate";"Reference absente du catalogue Odoo; validation metier requise."
"6044AGSMV1P-O";"PB VT NISSAN QASHQAI +CAPT 07-14";"Pare-brise";"product";"1";"";"";"";"";"";"create_candidate";"Reference absente du catalogue Odoo; validation metier requise."
"6044AGSV";"PB VT NISSAN QASHQAI 1             07-14";"Pare-brise";"product";"3";"";"";"";"";"";"create_candidate";"Reference absente du catalogue Odoo; validation metier requise."
"6044ASMR";"JC PB NISSAN QASHQAI  TOIT TOLE 07-14";"Joint";"product";"19";"";"";"";"";"";"create_candidate";"Reference absente du catalogue Odoo; validation metier requise."
"6044ASMR1D";"JC PB NISSAN QASHQAI TOIT VITRE 07-14";"Joint";"product";"20";"";"";"";"";"";"create_candidate";"Reference absente du catalogue Odoo; validation metier requise."
"6044ASMRBKL1H";"JC INF COIN G NISSAN QASHQAI TOLE 07-14";"Joint";"product";"1";"";"";"";"";"";"create_candidate";"Reference absente du catalogue Odoo; validation metier requise."
"6044ASMRBKR1H";"JC INF COIN D NISSAN QASHQAI TOLE";"Joint";"product";"1";"";"";"";"";"";"create_candidate";"Reference absente du catalogue Odoo; validation metier requise."
"6044BGSRW";"LUN VT QASHQAI 1  5 PLACES     06-14";"Lunette";"product";"3";"";"";"";"";"";"create_candidate";"Reference absente du catalogue Odoo; validation metier requise."
"6044BYPRW";"LUN PRIV NISSAN QASHQAI 1 5 PLACES 06-14";"Lunette";"product";"2";"";"";"";"";"";"create_candidate";"Reference absente du catalogue Odoo; validation metier requise."
"6044LGSR5FDW";"DESC.AVG VT NISSAN QASHQAI 06-14";"Glace laterale";"product";"4";"";"";"";"";"";"create_candidate";"Reference absente du catalogue Odoo; validation metier requise."
"6044LGSR5RDW";"DESC ARG VT NISSAN QASHQAI 06-14";"Glace laterale";"product";"1";"";"";"";"";"";"create_candidate";"Reference absente du catalogue Odoo; validation metier requise."
"6044LGSR5RQ";"CUSTODE ARRIÈRE GAUCHE TEINTÉ VERT NISSAN QASHQAI 1     06-14MO 1.70";"Glace laterale";"product";"1";"";"";"";"";"";"create_candidate";"Reference absente du catalogue Odoo; validation metier requise."
"6044RGSR5FDW";"DESC.AVD VT NISSAN QASHQAI 06-14";"Glace laterale";"product";"1";"";"";"";"";"";"create_candidate";"Reference absente du catalogue Odoo; validation metier requise."
"6045AGS";"PB VT NISSAN CABSTAR/RVI MAXITY 07-14";"Pare-brise";"product";"16";"";"";"";"";"";"create_candidate";"Reference absente du catalogue Odoo; validation metier requise."
"6045ASML";"JC PB NISSAN CABSTAR/RVI MAXITY 07-14";"Joint";"product";"5";"";"";"";"";"";"create_candidate";"Reference absente du catalogue Odoo; validation metier requise."
"6045ASMV";"JC PB NISS.CABSTAR/RENAULT MAXITY 07-14";"Joint";"product";"6";"";"";"";"";"";"create_candidate";"Reference absente du catalogue Odoo; validation metier requise."
"6045BGSLU";"LUN VT CABINE NISSAN CABSTAR 07-14";"Lunette";"product";"1";"";"";"";"";"";"create_candidate";"Reference absente du catalogue Odoo; validation metier requise."
"6045LGSV2FDW";"DESC AVG VT CABSTAR/MAXITY   07-14";"Glace laterale";"product";"1";"";"";"";"";"";"create_candidate";"Reference absente du catalogue Odoo; validation metier requise."
"6045RGSV2FDW";"DESC AVD VT CABSTAR/MAXITY   07-14";"Glace laterale";"product";"1";"";"";"";"";"";"create_candidate";"Reference absente du catalogue Odoo; validation metier requise."
"6046AGSV";"PB VT NISSAN TIIDA VISA    07-";"Pare-brise";"product";"3";"";"";"";"";"";"create_candidate";"Reference absente du catalogue Odoo; validation metier requise."
"6046ASMH";"JT PB NISSAN TIIDA VISA      07-";"Joint";"product";"2";"";"";"";"";"";"create_candidate";"Reference absente du catalogue Odoo; validation metier requise."
"6046BGSHW";"LUN VT NISSAN TIIDA 5P HAYON 07-";"Lunette";"product";"2";"";"";"";"";"";"create_candidate";"Reference absente du catalogue Odoo; validation metier requise."
"6046RGSH5FDW";"DESC AVD VT NISSAN TIIDA 4/5P 07-";"Glace laterale";"product";"1";"";"";"";"";"";"create_candidate";"Reference absente du catalogue Odoo; validation metier requise."
"6046RGSH5RDW";"DESC ARD VT TIIDA 5P HAYON 07-";"Glace laterale";"product";"1";"";"";"";"";"";"create_candidate";"Reference absente du catalogue Odoo; validation metier requise."
"6047AGAM2B";"PB VT NISSAN X TRAIL 2  CAPT    11-14";"Pare-brise";"product";"1";"";"";"";"";"";"create_candidate";"Reference absente du catalogue Odoo; validation metier requise."
"6047BGNR";"LUN VT NISSAN X TRAIL II       07-14";"Lunette";"product";"1";"";"";"";"";"";"create_candidate";"Reference absente du catalogue Odoo; validation metier requise."
"6047LGNR5RQZ";"CUST ARG VT NISSAN X-TRAIL II 07-14";"Glace laterale";"product";"1";"";"";"";"";"";"create_candidate";"Reference absente du catalogue Odoo; validation metier requise."
"6058AGS";"PB VT NISSAN PIXO / SUZUKI ALTO 09-";"Pare-brise";"product";"2";"";"";"";"";"";"create_candidate";"Reference absente du catalogue Odoo; validation metier requise."
"6058ASMH";"JC PB NISSAN PIXO/ALTO            10-";"Joint";"product";"2";"";"";"";"";"";"create_candidate";"Reference absente du catalogue Odoo; validation metier requise."
"6058BGSH";"LUN.VT NISSAN PIXO      09-";"Lunette";"product";"1";"";"";"";"";"";"create_candidate";"Reference absente du catalogue Odoo; validation metier requise."
"6058LGSH5RDOW";"GLACE PTE ARG VT NISSAN PIXO 09-";"Glace laterale";"product";"1";"";"";"";"";"";"create_candidate";"Reference absente du catalogue Odoo; validation metier requise."
"6058RGSH5RDOW";"GLACE PTE ARD VT NISSAN PIXO 09-";"Glace laterale";"product";"1";"";"";"";"";"";"create_candidate";"Reference absente du catalogue Odoo; validation metier requise."
"6062AGNBLMV1B";"PB VTBL NISSAN NV200   CAPT      10-";"Pare-brise";"product";"1";"";"";"";"";"";"create_candidate";"Reference absente du catalogue Odoo; validation metier requise."
"6062AGNBLV";"PB VTBL NISSAN NV200    10-";"Pare-brise";"product";"1";"";"";"";"";"";"create_candidate";"Reference absente du catalogue Odoo; validation metier requise."
"6062AGNMV1B";"PB VT NISSAN NV200   CAPT      10-";"Pare-brise";"product";"2";"";"";"";"";"";"create_candidate";"Reference absente du catalogue Odoo; validation metier requise."
"6062AGNV";"PB VT NISSAN NV200      10-";"Pare-brise";"product";"3";"";"";"";"";"";"create_candidate";"Reference absente du catalogue Odoo; validation metier requise."
"6062AGNV-PERDU";"PB VT NISSAN NV200      10-";"Pare-brise";"product";"1";"";"";"";"";"";"create_candidate";"Reference absente du catalogue Odoo; validation metier requise."
"6062BYPV";"LUN PRIVACY NV200 HAYON  09-";"Lunette";"product";"1";"";"";"";"";"";"create_candidate";"Reference absente du catalogue Odoo; validation metier requise."
"6062RGSV2FDW";"DESC AVD VT NISSAN NV200 09-";"Glace laterale";"product";"1";"";"";"";"";"";"create_candidate";"Reference absente du catalogue Odoo; validation metier requise."
"6069AGAMV1P";"PB VT ACO.NISSAN JUKE+CAPT.10-14";"Pare-brise";"product";"3";"";"";"";"";"";"create_candidate";"Reference absente du catalogue Odoo; validation metier requise."
"6069AGAV";"PB VT ACOUS.NISSAN JUKE   10-";"Pare-brise";"product";"13";"";"";"";"";"";"create_candidate";"Reference absente du catalogue Odoo; validation metier requise."
"6069AGSMV6P";"PB VT NISSAN JUKE CAPT       14-20";"Pare-brise";"product";"2";"";"";"";"";"";"create_candidate";"Reference absente du catalogue Odoo; validation metier requise."
"6069AGSV";"PB VT NISSAN JUKE             10-";"Pare-brise";"product";"8";"";"";"";"";"";"create_candidate";"Reference absente du catalogue Odoo; validation metier requise."
"6069AGSV-O";"PB VT NISSAN JUKE 10-";"Pare-brise";"product";"1";"";"";"";"";"";"create_candidate";"Reference absente du catalogue Odoo; validation metier requise."
"6069ASMR";"JC PB NISSAN JUKE     10-";"Joint";"product";"23";"";"";"";"";"";"create_candidate";"Reference absente du catalogue Odoo; validation metier requise."
"6069BGSRZ";"LUN VT NISSAN JUKE       10-";"Lunette";"product";"3";"";"";"";"";"";"create_candidate";"Reference absente du catalogue Odoo; validation metier requise."
"6069BYPRZ";"LUN VT PRIVACY JUKE     10-";"Lunette";"product";"1";"";"";"";"";"";"create_candidate";"Reference absente du catalogue Odoo; validation metier requise."
"6069RGSR5FDW";"DESC AVD VT NISSAN JUKE 10-";"Glace laterale";"product";"1";"";"";"";"";"";"create_candidate";"Reference absente du catalogue Odoo; validation metier requise."
"6069RYPR5RDW";"DESC ARD PRIVACY JUKE 10-20";"Glace laterale";"product";"1";"";"";"";"";"";"create_candidate";"Reference absente du catalogue Odoo; validation metier requise."
"6076AGNMV1B";"PB VT NISSAN MICRA K13 LHD CAPT 11-";"Pare-brise";"product";"2";"";"";"";"";"";"create_candidate";"Reference absente du catalogue Odoo; validation metier requise."
"6076AGNV";"PB VT NISSAN MICRA K13 LHD  11-";"Pare-brise";"product";"4";"";"";"";"";"";"create_candidate";"Reference absente du catalogue Odoo; validation metier requise."
"6076ASMH";"JC PB NISSAN MICRA K13      11-";"Joint";"product";"6";"";"";"";"";"";"create_candidate";"Reference absente du catalogue Odoo; validation metier requise."
"6076BGNH";"LUN VT NISSAN MICRA K13   10-17";"Lunette";"product";"1";"";"";"";"";"";"create_candidate";"Reference absente du catalogue Odoo; validation metier requise."
"6076LYPH5RV";"DEFL ARG PRIV NISSAN MICRA K13 10-17";"Glace laterale";"product";"1";"";"";"";"";"";"create_candidate";"Reference absente du catalogue Odoo; validation metier requise."
"6076RGNH5FDW";"GLACE DESCENDANTE AVANT DROIT TEINTÉ VERT NISSAN MICRA K13 11-";"Glace laterale";"product";"1";"";"";"";"";"";"create_candidate";"Reference absente du catalogue Odoo; validation metier requise."
"6082AGSM";"PB VT NISSAN NOTE II  CAPT           13-";"Pare-brise";"product";"1";"";"";"";"";"";"create_candidate";"Reference absente du catalogue Odoo; validation metier requise."
"6082AGSM-PERDU";"PB VT NISSAN NOTE II  CAPT           13-";"Pare-brise";"product";"1";"";"";"";"";"";"create_candidate";"Reference absente du catalogue Odoo; validation metier requise."
"6082ASMH";"JC PB NISSAN NOTE II T TOLE     13-";"Joint";"product";"1";"";"";"";"";"";"create_candidate";"Reference absente du catalogue Odoo; validation metier requise."
"6082ASMH-PERDU";"JC PB NISSAN NOTE II T TOLE     13-";"Joint";"product";"1";"";"";"";"";"";"create_candidate";"Reference absente du catalogue Odoo; validation metier requise."
"6082BGSHBZ";"LUN.VT NISSAN NOTE II             13-";"Lunette";"product";"1";"";"";"";"";"";"create_candidate";"Reference absente du catalogue Odoo; validation metier requise."
"6082RGSH5FQZ";"CUSTODE AVANT DROIT TEINTÉ VERT NISSAN NOTE II 13-MO 2.00";"Glace laterale";"product";"1";"";"";"";"";"";"create_candidate";"Reference absente du catalogue Odoo; validation metier requise."
"6084AGACIMVZ95";"PB VT ACO QASHQAI 2 CAPT CAM 17-21";"Pare-brise";"product";"2";"";"";"";"";"";"create_candidate";"Reference absente du catalogue Odoo; validation metier requise."
"6084AGACIMVZ96";"PB VT ACO QASHQAI 2 CAPT CAM 17-";"Pare-brise";"product";"4";"";"";"";"";"";"create_candidate";"Reference absente du catalogue Odoo; validation metier requise."
"6084AGACMVZ1C";"PB VT ACO.QASHQAI II +CAPT+LDW 14-";"Pare-brise";"product";"11";"";"";"";"";"";"create_candidate";"Reference absente du catalogue Odoo; validation metier requise."
"6084AGAMVZ1C";"PB VT ACO.QASHQAI II +CAPT     14-";"Pare-brise";"product";"12";"";"";"";"";"";"create_candidate";"Reference absente du catalogue Odoo; validation metier requise."
"6084AGAMVZ95";"PB VT ACO NISSAN QASHQAI 2 CAPT 17-";"Pare-brise";"product";"7";"";"";"";"";"";"create_candidate";"Reference absente du catalogue Odoo; validation metier requise."
"6084AGAVZ";"PB VT ACO QASHQAI II                14-";"Pare-brise";"product";"1";"";"";"";"";"";"create_candidate";"Reference absente du catalogue Odoo; validation metier requise."
"6084AGSCMVZ1C";"PB VT QASHQAI II  CAPT CAM 14-17";"Pare-brise";"product";"1";"";"";"";"";"";"create_candidate";"Reference absente du catalogue Odoo; validation metier requise."
"6084AGSMVZ1C";"PB VT NISSAN QASHQAI II  CAPT     14-17";"Pare-brise";"product";"1";"";"";"";"";"";"create_candidate";"Reference absente du catalogue Odoo; validation metier requise."
"6084AGSVZ";"PB VT NISSAN QASHQAI II        14-";"Pare-brise";"product";"1";"";"";"";"";"";"create_candidate";"Reference absente du catalogue Odoo; validation metier requise."
"6084ASMR";"JC PB QASHQAI II T.TOLE 14-";"Joint";"product";"27";"";"";"";"";"";"create_candidate";"Reference absente du catalogue Odoo; validation metier requise."
"6084ASMR1D";"JC PB QASHQAI II T.VITRE       14-";"Joint";"product";"12";"";"";"";"";"";"create_candidate";"Reference absente du catalogue Odoo; validation metier requise."
"6084BGNRZ - O";"LUNETTE TEINTÉ VERT QASHQAI II 1 TROU 14-21MO 2.20";"Lunette";"product";"1";"";"";"";"";"";"create_candidate";"Reference absente du catalogue Odoo; validation metier requise."
"6084BGNRZ-O";"LUNETTE TEINTÉ VERT QASHQAI II 1 TROU 14-21MO 2.20";"Lunette";"product";"1";"";"";"";"";"";"create_candidate";"Reference absente du catalogue Odoo; validation metier requise."
"6084BYPRZ";"LUNETTE PRIVACY (NOIR) QASHQAI II 1 TROU 14-21MO 2,20";"Lunette";"product";"1";"";"";"";"";"";"create_candidate";"Reference absente du catalogue Odoo; validation metier requise."
"6084GZPR5PR";"TOIT VITRE QASHQAI II      14-21";"Autres";"product";"1";"";"";"";"";"";"create_candidate";"Reference absente du catalogue Odoo; validation metier requise."
"6084LGSR5FDW";"GLACE DESCENDANTE AVANT GAUCHE TEINTÉ VERT QASHQAI 2 14-";"Glace laterale";"product";"3";"";"";"";"";"";"create_candidate";"Reference absente du catalogue Odoo; validation metier requise."
"6084LGSR5RDW";"DESC.ARG VT QASHQAI 2 14-";"Glace laterale";"product";"3";"";"";"";"";"";"create_candidate";"Reference absente du catalogue Odoo; validation metier requise."
"6084RGSR5FDW";"DESC AVD VT QASHQAI 2 14-";"Glace laterale";"product";"1";"";"";"";"";"";"create_candidate";"Reference absente du catalogue Odoo; validation metier requise."
"6089AGNMV";"PB VT NISSAN PULSAR LHD C13 CAPT 14-18";"Pare-brise";"product";"2";"";"";"";"";"";"create_candidate";"Reference absente du catalogue Odoo; validation metier requise."
"6089ASMH";"JC PB NISSAN PULSAR   14-18";"Joint";"product";"2";"";"";"";"";"";"create_candidate";"Reference absente du catalogue Odoo; validation metier requise."
"6089BYPHZ";"LUN PRIV NISSAN PULSAR   14-18";"Lunette";"product";"1";"";"";"";"";"";"create_candidate";"Reference absente du catalogue Odoo; validation metier requise."
"6091AGACMVZ";"PB VT AC X-TRAIL 3  CAPT LDW 14-17";"Pare-brise";"product";"4";"";"";"";"";"";"create_candidate";"Reference absente du catalogue Odoo; validation metier requise."
"6091AGACMZ1L";"PB VT AC X-TRAIL 3  CAPT LDW 17-";"Pare-brise";"product";"3";"";"";"";"";"";"create_candidate";"Reference absente du catalogue Odoo; validation metier requise."
"6091ASMR";"JC PB NISSAN X-TRAIL 3 14-";"Joint";"product";"5";"";"";"";"";"";"create_candidate";"Reference absente du catalogue Odoo; validation metier requise."
"6091BGNRZ";"LUN VT NISSAN X-TRAIL 3 14-20";"Lunette";"product";"1";"";"";"";"";"";"create_candidate";"Reference absente du catalogue Odoo; validation metier requise."
"6091BYPRAZ";"LUN PRIV NISSAN X-TRAIL 3 ANT  14-20";"Lunette";"product";"1";"";"";"";"";"";"create_candidate";"Reference absente du catalogue Odoo; validation metier requise."
"6091BYPRZ";"LUN PRIV NISSAN X-TRAIL 3 14-";"Lunette";"product";"2";"";"";"";"";"";"create_candidate";"Reference absente du catalogue Odoo; validation metier requise."
"6091LGSR5FDW";"DESC AVG VT X-TRAIL 3  14-";"Glace laterale";"product";"1";"";"";"";"";"";"create_candidate";"Reference absente du catalogue Odoo; validation metier requise."
"6091LYPR5RQZ";"CUST ARG PRIV X-TRAIL 3  14-";"Glace laterale";"product";"1";"";"";"";"";"";"create_candidate";"Reference absente du catalogue Odoo; validation metier requise."
"6091RYPR5RQZ";"CUST.ARD PRIV.X-TRAIL 3 14-";"Glace laterale";"product";"1";"";"";"";"";"";"create_candidate";"Reference absente du catalogue Odoo; validation metier requise."
"6094AGABLV1B";"PARE-BRISE TEINTÉ VERT DÉGRADÉ BLEU ACOUSTIQUE NISSAN NAVARA NP300 15-MO 1.90";"Pare-brise";"product";"2";"";"";"";"";"";"create_candidate";"Reference absente du catalogue Odoo; validation metier requise."
"6094AGNV";"PB VT NISSAN NAVARA NP300 15-";"Pare-brise";"product";"4";"";"";"";"";"";"create_candidate";"Reference absente du catalogue Odoo; validation metier requise."
"6094ASMP";"JC PB NISSAN NAVARA NP300 15-";"Joint";"product";"4";"";"";"";"";"";"create_candidate";"Reference absente du catalogue Odoo; validation metier requise."
"6094BYPPZ";"LUN PRIV CABINE NAVARA NP300  15-";"Lunette";"product";"2";"";"";"";"";"";"create_candidate";"Reference absente du catalogue Odoo; validation metier requise."
"6094LGNP4FDW";"DESC AVG VT NAVARA NP300    15-";"Glace laterale";"product";"1";"";"";"";"";"";"create_candidate";"Reference absente du catalogue Odoo; validation metier requise."
"6094RGNP4FDW";"DESC AVD VT NAVARA NP300   15-";"Glace laterale";"product";"2";"";"";"";"";"";"create_candidate";"Reference absente du catalogue Odoo; validation metier requise."
"6097AGACIMV";"PB VT ACO NISSAN MICRA K14 CAPT LDW 17-";"Pare-brise";"product";"3";"";"";"";"";"";"create_candidate";"Reference absente du catalogue Odoo; validation metier requise."
"6097AGAIMV";"PB VT ACO NISSAN MICRA K14 CAPT 17-";"Pare-brise";"product";"1";"";"";"";"";"";"create_candidate";"Reference absente du catalogue Odoo; validation metier requise."
"6097AGAV";"PB VT ACO NISSAN MICRA K14 17-";"Pare-brise";"product";"5";"";"";"";"";"";"create_candidate";"Reference absente du catalogue Odoo; validation metier requise."
"6097AGSIMV";"PB VT NISSAN MICRA K14 CAPT 17-";"Pare-brise";"product";"2";"";"";"";"";"";"create_candidate";"Reference absente du catalogue Odoo; validation metier requise."
"6097LGSH5FDW";"DESC AVG VT NISSAN MICRA K14       17-";"Glace laterale";"product";"1";"";"";"";"";"";"create_candidate";"Reference absente du catalogue Odoo; validation metier requise."
"6097LGSH5FV";"DEFL AVG VT NISSAN MICRA K14       17-";"Glace laterale";"product";"1";"";"";"";"";"";"create_candidate";"Reference absente du catalogue Odoo; validation metier requise."
"6097LGSH5RDW";"DESC ARG VT NISSAN MICRA K14       17-";"Glace laterale";"product";"1";"";"";"";"";"";"create_candidate";"Reference absente du catalogue Odoo; validation metier requise."
"6097RGSH5FV";"DEFL AVD VT NISSAN MICRA K14     17-";"Glace laterale";"product";"1";"";"";"";"";"";"create_candidate";"Reference absente du catalogue Odoo; validation metier requise."
"6097RGSH5FVZ";"DÉFLECTEUR AVANT DROIT TEINTÉ VERT NISSAN MICRA 17-";"Glace laterale";"product";"1";"";"";"";"";"";"create_candidate";"Reference absente du catalogue Odoo; validation metier requise."
"6097RGSH5RDW";"DESC ARD VT NISSAN MICRA K14       17-";"Glace laterale";"product";"1";"";"";"";"";"";"create_candidate";"Reference absente du catalogue Odoo; validation metier requise."
"6102AGACIMVZ";"PB VT AC JUKE 2 LHD CAPT CAM 20-";"Pare-brise";"product";"2";"";"";"";"";"";"create_candidate";"Reference absente du catalogue Odoo; validation metier requise."
"6102AGACIVZ";"PB VT AC NISSAN JUKE 2 LHD CAM 20-";"Pare-brise";"product";"1";"";"";"";"";"";"create_candidate";"Reference absente du catalogue Odoo; validation metier requise."
"6102BGSR";"LUN VT NISSAN JUKE 2  20-";"Lunette";"product";"1";"";"";"";"";"";"create_candidate";"Reference absente du catalogue Odoo; validation metier requise."
"620696";"OPTIQUE AVD PEUGEOT 207";"Autres";"product";"1";"";"";"";"";"";"create_candidate";"Reference absente du catalogue Odoo; validation metier requise."
"620896";"OPTIQUE AVG PEUGEOT 207";"Autres";"product";"1";"";"";"";"";"";"create_candidate";"Reference absente du catalogue Odoo; validation metier requise."
"6244ABZBZ";"PB BZBZ ASCONA C SS EMBASE      81-88";"Pare-brise";"product";"1";"";"";"";"";"";"create_candidate";"Reference absente du catalogue Odoo; validation metier requise."
"6244ASRH";"JT PB OPEL ASCONA C A ENJ. 81-88";"Joint";"product";"1";"";"";"";"";"";"create_candidate";"Reference absente du catalogue Odoo; validation metier requise."
"6253AGNBL";"PB VTBL OPEL VECTRA A              88-95";"Pare-brise";"product";"1";"";"";"";"";"";"create_candidate";"Reference absente du catalogue Odoo; validation metier requise."
"6253ASMH";"JC PB OPEL VECTRA A                88-95";"Joint";"product";"1";"";"";"";"";"";"create_candidate";"Reference absente du catalogue Odoo; validation metier requise."
"6257BGNH";"LUN VT OPEL ASTRA F 3/5PTES   91-98";"Lunette";"product";"1";"";"";"";"";"";"create_candidate";"Reference absente du catalogue Odoo; validation metier requise."
"6258AGN";"PB VT FRONTERA I / ISUZU CAMPO 91-98";"Pare-brise";"product";"1";"";"";"";"";"";"create_candidate";"Reference absente du catalogue Odoo; validation metier requise."
"6258AGNBL";"PB VTBL FRONTERA I / ISUZU CAMPO   91-98";"Pare-brise";"product";"1";"";"";"";"";"";"create_candidate";"Reference absente du catalogue Odoo; validation metier requise."
"6258ASMRT";"JC SUP PB OPEL FRONTERA I /CAMPO 91-98";"Joint";"product";"2";"";"";"";"";"";"create_candidate";"Reference absente du catalogue Odoo; validation metier requise."
"6259AGN";"PB VT OPEL CORSA B 93-00";"Pare-brise";"product";"1";"";"";"";"";"";"create_candidate";"Reference absente du catalogue Odoo; validation metier requise."
"6259AGNBL";"PB VTBL OPEL CORSA B               93-00";"Pare-brise";"product";"12";"";"";"";"";"";"create_candidate";"Reference absente du catalogue Odoo; validation metier requise."
"6259ASMH";"JC PB OPEL CORSA B 93-00";"Joint";"product";"12";"";"";"";"";"";"create_candidate";"Reference absente du catalogue Odoo; validation metier requise."
"6277AGNBL1B";"PB VTBL OPEL VECTRA B 95-3/02";"Pare-brise";"product";"2";"";"";"";"";"";"create_candidate";"Reference absente du catalogue Odoo; validation metier requise."
"6277AKMH2F";"JCS SUP+INF.PB OPEL VECTRA B 95-02";"Joint";"product";"1";"";"";"";"";"";"create_candidate";"Reference absente du catalogue Odoo; validation metier requise."
"6277LGNH5FDW";"DESC AVG VT VECTRA B BNE/BK 95-02";"Glace laterale";"product";"1";"";"";"";"";"";"create_candidate";"Reference absente du catalogue Odoo; validation metier requise."
"6280AGN";"PB VT ISUZU NPR                    00-07";"Pare-brise";"product";"1";"";"";"";"";"";"create_candidate";"Reference absente du catalogue Odoo; validation metier requise."
"6280ASML";"JT PB ISUZU NPR             00-07";"Joint";"product";"1";"";"";"";"";"";"create_candidate";"Reference absente du catalogue Odoo; validation metier requise."
"6283AGSBLV";"PB VTBL OPEL ZAFIRA A+ VIN 99-05";"Pare-brise";"product";"7";"";"";"";"";"";"create_candidate";"Reference absente du catalogue Odoo; validation metier requise."
"6283AGSV";"PB VT OPEL ZAFIRA A                99-05";"Pare-brise";"product";"2";"";"";"";"";"";"create_candidate";"Reference absente du catalogue Odoo; validation metier requise."
"6283AKMV";"JCS PB KIT COMP. OPEL ZAFIRA A 99-05";"Joint";"product";"7";"";"";"";"";"";"create_candidate";"Reference absente du catalogue Odoo; validation metier requise."
"6284ACCBL1B";"PB REFL BL OPEL ASTRA G            98-04";"Pare-brise";"product";"2";"";"";"";"";"";"create_candidate";"Reference absente du catalogue Odoo; validation metier requise."
"6284ACCBLM3B";"PB REFL BL OPEL ASTRA G+CAPT.   98-04";"Pare-brise";"product";"1";"";"";"";"";"";"create_candidate";"Reference absente du catalogue Odoo; validation metier requise."
"6284AGNM2B";"PB VT OPEL ASTRA G   CAPT         98-04";"Pare-brise";"product";"2";"";"";"";"";"";"create_candidate";"Reference absente du catalogue Odoo; validation metier requise."
"6284AGS1B";"PB VT OPEL ASTRA G                 98-04";"Pare-brise";"product";"3";"";"";"";"";"";"create_candidate";"Reference absente du catalogue Odoo; validation metier requise."
"6284AGSBL1B";"PB VTBL OPEL ASTRA G               98-04";"Pare-brise";"product";"1";"";"";"";"";"";"create_candidate";"Reference absente du catalogue Odoo; validation metier requise."
"6284AKCH";"AGRAFES PB OPEL ASTRA G         98-04";"Joint";"product";"1";"";"";"";"";"";"create_candidate";"Reference absente du catalogue Odoo; validation metier requise."
"6284AKMH";"JCS PB OPEL ASTRA G                98-04";"Joint";"product";"7";"";"";"";"";"";"create_candidate";"Reference absente du catalogue Odoo; validation metier requise."
"6284ASMHB";"ENJOLIVEUR INFÉRIEUR PARE-BRISE OPEL ASTRA G 98-04";"Joint";"product";"1";"";"";"";"";"";"create_candidate";"Reference absente du catalogue Odoo; validation metier requise."
"6284ASMHT";"JC SUP.PB OPEL ASTRA G           98-04";"Joint";"product";"2";"";"";"";"";"";"create_candidate";"Reference absente du catalogue Odoo; validation metier requise."
"6284LGNH5FDW";"DESC AVG VT OPEL ASTRA G 5P.       97-04";"Glace laterale";"product";"1";"";"";"";"";"";"create_candidate";"Reference absente du catalogue Odoo; validation metier requise."
"6284LGNH5RDW";"DESC ARG VT OPEL ASTRA G 5P  98-04";"Glace laterale";"product";"1";"";"";"";"";"";"create_candidate";"Reference absente du catalogue Odoo; validation metier requise."
"6284LGNH5RV";"DEFL.ARG VT ASTRA BNE 5P    98-04";"Glace laterale";"product";"1";"";"";"";"";"";"create_candidate";"Reference absente du catalogue Odoo; validation metier requise."
"6284RGNH3FDW";"DESC AVD VT OPEL ASTRA G 3P       97-04";"Glace laterale";"product";"1";"";"";"";"";"";"create_candidate";"Reference absente du catalogue Odoo; validation metier requise."
"6288ACCBLV2B";"PB REFL.BL OPEL MERIVA A 03-10";"Pare-brise";"product";"1";"";"";"";"";"";"create_candidate";"Reference absente du catalogue Odoo; validation metier requise."
"6288AGSBLV";"PB VTBL OPEL MERIVA A              03-10";"Pare-brise";"product";"1";"";"";"";"";"";"create_candidate";"Reference absente du catalogue Odoo; validation metier requise."
"6288AGSV";"PB VT OPEL MERIVA A                03-10";"Pare-brise";"product";"2";"";"";"";"";"";"create_candidate";"Reference absente du catalogue Odoo; validation metier requise."
"6288ASMVT";"JC SUP PB OPEL MERIVA A 03-10";"Joint";"product";"4";"";"";"";"";"";"create_candidate";"Reference absente du catalogue Odoo; validation metier requise."
"6288L_???";"DESC.ARG PRIV OPEL MERIVA A 03-10";"Glace laterale";"product";"1";"";"";"";"";"";"create_candidate";"Reference absente du catalogue Odoo; validation metier requise."
"6288LGSV5FDW";"DESC.AVG VT OPEL MERIVA A 03-10";"Glace laterale";"product";"1";"";"";"";"";"";"create_candidate";"Reference absente du catalogue Odoo; validation metier requise."
"6288LGSV5RDW";"GLACE DESCENDANTE ARRIÈRE GAUCHE TEINTÉ VERT OPEL MERIVA A 03-10";"Glace laterale";"product";"1";"";"";"";"";"";"create_candidate";"Reference absente du catalogue Odoo; validation metier requise."
"6290ACCBL";"PB REFL BL OPEL CORSA C            01-06";"Pare-brise";"product";"1";"";"";"";"";"";"create_candidate";"Reference absente du catalogue Odoo; validation metier requise."
"6290AGS";"PB VT OPEL CORSA C 01-06";"Pare-brise";"product";"14";"";"";"";"";"";"create_candidate";"Reference absente du catalogue Odoo; validation metier requise."
"6290AGSBL";"PB VTBL OPEL CORSA C               01-06";"Pare-brise";"product";"13";"";"";"";"";"";"create_candidate";"Reference absente du catalogue Odoo; validation metier requise."
"6290AKMH1F";"JCS PB KIT COMP. CORSA C 01-06";"Joint";"product";"8";"";"";"";"";"";"create_candidate";"Reference absente du catalogue Odoo; validation metier requise."
"6290AKMH2F";"JCS SUP INF PB CORSA C     01-06";"Joint";"product";"13";"";"";"";"";"";"create_candidate";"Reference absente du catalogue Odoo; validation metier requise."
"6290AKMH2F-PERDU";"JCS SUP INF PB CORSA C     01-06";"Joint";"product";"2";"";"";"";"";"";"create_candidate";"Reference absente du catalogue Odoo; validation metier requise."
"6290ASGHB";"ENJOLIVEUR INFÉRIEUR PARE-BRISE OPEL CORSA C 01-06";"Joint";"product";"1";"";"";"";"";"";"create_candidate";"Reference absente du catalogue Odoo; validation metier requise."
"6290ASMHR";"ENJOLIVEUR DROIT PARE-BRISE OPEL CORSA C     01-06";"Joint";"product";"1";"";"";"";"";"";"create_candidate";"Reference absente du catalogue Odoo; validation metier requise."
"6290ASMHT";"JC SUP PB OPEL CORSA C             01-06";"Joint";"product";"3";"";"";"";"";"";"create_candidate";"Reference absente du catalogue Odoo; validation metier requise."
"6290BGSH";"LUN.VT OPEL CORSA C 3/5P 01-06";"Lunette";"product";"3";"";"";"";"";"";"create_candidate";"Reference absente du catalogue Odoo; validation metier requise."
"6290LGSH3RQ";"CUST ARG VT CORSA C 3 PTES         01-06";"Glace laterale";"product";"1";"";"";"";"";"";"create_candidate";"Reference absente du catalogue Odoo; validation metier requise."
"6291AGS";"PARE-BRISE TEINTÉ VERT OPEL AGILA / WAGON R 00-08MO 1,60";"Pare-brise";"product";"2";"";"";"";"";"";"create_candidate";"Reference absente du catalogue Odoo; validation metier requise."
"6291BGSVW";"LUN VT OPEL AGILA                  00-08";"Lunette";"product";"1";"";"";"";"";"";"create_candidate";"Reference absente du catalogue Odoo; validation metier requise."
"6292AGSBL";"PB VTBL OPEL COMBO C               01-12";"Pare-brise";"product";"5";"";"";"";"";"";"create_candidate";"Reference absente du catalogue Odoo; validation metier requise."
"6292AKMV";"JCS SUP  INF  KIT PB OPEL COMBO C 01-12";"Joint";"product";"1";"";"";"";"";"";"create_candidate";"Reference absente du catalogue Odoo; validation metier requise."
"6292ASMVB";"JC INF PB OPEL COMBO C            01-12";"Joint";"product";"2";"";"";"";"";"";"create_candidate";"Reference absente du catalogue Odoo; validation metier requise."
"6292ASMVT";"JC SUP PB OPEL COMBO C            01-12";"Joint";"product";"4";"";"";"";"";"";"create_candidate";"Reference absente du catalogue Odoo; validation metier requise."
"6292BGSVBL";"LUN VT GCHE COMBO C  +STOP 01-12";"Lunette";"product";"2";"";"";"";"";"";"create_candidate";"Reference absente du catalogue Odoo; validation metier requise."
"6293ACCMVWZ1R";"PB REFL INSIGNIA LHD CAPT   08-17";"Pare-brise";"product";"1";"";"";"";"";"";"create_candidate";"Reference absente du catalogue Odoo; validation metier requise."
"6294ACCBLMVW2B";"PB ATH.BL VECTRA C/SIGNUM+CAPT 02-08";"Pare-brise";"product";"1";"";"";"";"";"";"create_candidate";"Reference absente du catalogue Odoo; validation metier requise."
"6302AGNMVZ1R";"PB VT OPEL ASTRA H   CAPTEUR     04-10";"Pare-brise";"product";"1";"";"";"";"";"";"create_candidate";"Reference absente du catalogue Odoo; validation metier requise."
"6302AGNVZ1Q";"PB VT OPEL ASTRA H EMB.HAUTE 05-09";"Pare-brise";"product";"3";"";"";"";"";"";"create_candidate";"Reference absente du catalogue Odoo; validation metier requise."
"6302AGNVZ6I";"PB VT OPEL ASTRA H EMB.HAUTE   05-09";"Pare-brise";"product";"2";"";"";"";"";"";"create_candidate";"Reference absente du catalogue Odoo; validation metier requise."
"6302AKCHB";"KIT AGR.INF.OPEL ASTRA H 05-09";"Joint";"product";"1";"";"";"";"";"";"create_candidate";"Reference absente du catalogue Odoo; validation metier requise."
"6302BGNHZ";"LUN VT OPEL ASTRA 5P        04-10";"Lunette";"product";"2";"";"";"";"";"";"create_candidate";"Reference absente du catalogue Odoo; validation metier requise."
"6303BGST";"LUN VT OPEL TIGRA TWINTOP      04-09";"Lunette";"product";"1";"";"";"";"";"";"create_candidate";"Reference absente du catalogue Odoo; validation metier requise."
"6303LGST2FD";"DESC AVG VT TIGRA TWIN TOP 04-09";"Glace laterale";"product";"1";"";"";"";"";"";"create_candidate";"Reference absente du catalogue Odoo; validation metier requise."
"6304AGNV";"PB VT ISUZU D MAX                  03-12";"Pare-brise";"product";"7";"";"";"";"";"";"create_candidate";"Reference absente du catalogue Odoo; validation metier requise."
"6304AGNV - O";"PARE-BRISE TEINTÉ VERT ISUZU D MAX 03-12MO 1.20";"Pare-brise";"product";"1";"";"";"";"";"";"create_candidate";"Reference absente du catalogue Odoo; validation metier requise."
"6304ASMPT";"JC SUP PB ISUZU D MAX            03-12";"Joint";"product";"7";"";"";"";"";"";"create_candidate";"Reference absente du catalogue Odoo; validation metier requise."
"6304BGNP";"LUN VT ISUZU D MAX          03-12";"Lunette";"product";"4";"";"";"";"";"";"create_candidate";"Reference absente du catalogue Odoo; validation metier requise."
"6304BGNPU";"LUNETTE TEINTÉ VERT ISUZU D MAX NON CHAUFFANT 03-12MO 1";"Pare-brise";"product";"1";"";"";"";"";"";"create_candidate";"Reference absente du catalogue Odoo; validation metier requise."
"6304LGNP4FDW";"DESC AVG VT ISUZU D MAX DB CAB 03-12";"Glace laterale";"product";"5";"";"";"";"";"";"create_candidate";"Reference absente du catalogue Odoo; validation metier requise."
"6304LGNP4RDW";"DESC ARG VT ISUZU D MAX DB CAB 03-12";"Glace laterale";"product";"1";"";"";"";"";"";"create_candidate";"Reference absente du catalogue Odoo; validation metier requise."
"6304RGNP4FDW";"DESC AVD VT ISUZU D MAX DBCAB 03-12";"Glace laterale";"product";"2";"";"";"";"";"";"create_candidate";"Reference absente du catalogue Odoo; validation metier requise."
"6304RGNP4RDW";"DESC ARD VT ISUZU D MAX DBCAB 03-12";"Glace laterale";"product";"1";"";"";"";"";"";"create_candidate";"Reference absente du catalogue Odoo; validation metier requise."
"6304RGPP4RDW";"DESC ARD VT FONCEE D-MAX 4P PU 03-12";"Glace laterale";"product";"1";"";"";"";"";"";"create_candidate";"Reference absente du catalogue Odoo; validation metier requise."
"6306AGNMVZ1R";"PB VT OPEL ASTRA GTC  CAPT   05-11";"Pare-brise";"product";"2";"";"";"";"";"";"create_candidate";"Reference absente du catalogue Odoo; validation metier requise."
"6306AGNVZ1M";"PB VT OPEL ASTRA GTC EMB 6CM   05-11";"Pare-brise";"product";"2";"";"";"";"";"";"create_candidate";"Reference absente du catalogue Odoo; validation metier requise."
"6306AGNVZ1Q";"PB VT OPEL ASTRA GTC EMB 9CM 06-11";"Pare-brise";"product";"1";"";"";"";"";"";"create_candidate";"Reference absente du catalogue Odoo; validation metier requise."
"6306BGNHZ";"LUN VT OPEL ASTRA GTC 05-11";"Lunette";"product";"1";"";"";"";"";"";"create_candidate";"Reference absente du catalogue Odoo; validation metier requise."
"6306RGNH3RQZ";"CUSTODE ARRIÈRE DROIT TEINTÉ VERT OPEL ASTRA GTC 05-11MO 1.00";"Glace laterale";"product";"1";"";"";"";"";"";"create_candidate";"Reference absente du catalogue Odoo; validation metier requise."
"6307ACCBLMVW1R";"PB ATH BL OPEL ZAFIRA B   CAPTEUR  05-";"Pare-brise";"product";"1";"";"";"";"";"";"create_candidate";"Reference absente du catalogue Odoo; validation metier requise."
"6307AGSMVW1R";"PB VT OPEL ZAFIRA B   CAPTEUR     05-14";"Pare-brise";"product";"1";"";"";"";"";"";"create_candidate";"Reference absente du catalogue Odoo; validation metier requise."
"6307AGSVW1M";"PB VT OPEL ZAFIRA B                05-";"Pare-brise";"product";"1";"";"";"";"";"";"create_candidate";"Reference absente du catalogue Odoo; validation metier requise."
"6307ASMV";"JC PB OPEL ZAFIRA B                05-";"Joint";"product";"4";"";"";"";"";"";"create_candidate";"Reference absente du catalogue Odoo; validation metier requise."
"6307BGDV";"LUN VT FONCEE OPEL ZAFIRA II 05-";"Lunette";"product";"1";"";"";"";"";"";"create_candidate";"Reference absente du catalogue Odoo; validation metier requise."
"6307BYPV";"LUNETTE PRIVACY OPEL ZAFIRA II 05-14";"Lunette";"product";"1";"";"";"";"";"";"create_candidate";"Reference absente du catalogue Odoo; validation metier requise."
"63117296914";"PHARE AVD BMW SERIE 1 12-";"Autres";"product";"1";"";"";"";"";"";"create_candidate";"Reference absente du catalogue Odoo; validation metier requise."
"6312ACCVZ1M";"PB ATH OPEL CORSA D               06-14";"Pare-brise";"product";"2";"";"";"";"";"";"create_candidate";"Reference absente du catalogue Odoo; validation metier requise."
"6312AGSMVWZ1R";"PARE-BRISE TEINTÉ VERT OPEL CORSA DROIT CAPTEUR DE PLUIE 06-14";"Pare-brise";"product";"7";"";"";"";"";"";"create_candidate";"Reference absente du catalogue Odoo; validation metier requise."
"6312AGSMVZ1R";"PB VT OPEL CORSA D +CAPT           06-14";"Pare-brise";"product";"1";"";"";"";"";"";"create_candidate";"Reference absente du catalogue Odoo; validation metier requise."
"6312AGSVZ1M";"PB VT OPEL CORSA D                 06-14";"Pare-brise";"product";"29";"";"";"";"";"";"create_candidate";"Reference absente du catalogue Odoo; validation metier requise."
"6312ASMHB";"JC INF PB OPEL CORSA D            06-14";"Joint";"product";"6";"";"";"";"";"";"create_candidate";"Reference absente du catalogue Odoo; validation metier requise."
"6312BGSH";"LUNETTE TEINTÉ VERT OPEL CORSA D 3 PORTES 06-14";"Lunette";"product";"6";"";"";"";"";"";"create_candidate";"Reference absente du catalogue Odoo; validation metier requise."
"6312BGSH1J";"LUN VT OPEL CORSA D 5P           06-14";"Lunette";"product";"1";"";"";"";"";"";"create_candidate";"Reference absente du catalogue Odoo; validation metier requise."
"6312BYPH";"LUN PRIVACY CORSA D 3P       06-14";"Lunette";"product";"1";"";"";"";"";"";"create_candidate";"Reference absente du catalogue Odoo; validation metier requise."
"6312LGSH3FQZ";"CUSTODE AVANT GAUCHE TEINTÉ VERT OPEL CORSA D 06-14";"Glace laterale";"product";"3";"";"";"";"";"";"create_candidate";"Reference absente du catalogue Odoo; validation metier requise."
"6312LGSH3RQZ";"CUSTODE ARRIÈRE GAUCHE TEINTÉ VERT OPEL CORSA D 3 PORTES 06-14MO 0.90";"Glace laterale";"product";"1";"";"";"";"";"";"create_candidate";"Reference absente du catalogue Odoo; validation metier requise."
"6312LGSH5RD";"GLACE DESCENDANTE ARRIÈRE GAUCHE TEINTÉ VERT CORSA D 5 PORTES HAYON 06-14";"Glace laterale";"product";"1";"";"";"";"";"";"create_candidate";"Reference absente du catalogue Odoo; validation metier requise."
"6312LGSH5RV";"DEFL ARG VT CORSA D 5P        06-14";"Glace laterale";"product";"3";"";"";"";"";"";"create_candidate";"Reference absente du catalogue Odoo; validation metier requise."
"6312RGSH3FQZ";"CUST AVD VT OPEL CORSA D 06-14";"Lunette";"product";"1";"";"";"";"";"";"create_candidate";"Reference absente du catalogue Odoo; validation metier requise."
"6312RGSH5RD";"DESC ARD VT CORSA D 5P        06-14";"Glace laterale";"product";"1";"";"";"";"";"";"create_candidate";"Reference absente du catalogue Odoo; validation metier requise."
"6312RGSH5RV";"DEFL ARD VT CORSA D 5P        06-14";"Glace laterale";"product";"2";"";"";"";"";"";"create_candidate";"Reference absente du catalogue Odoo; validation metier requise."
"6316AGN";"PB VT ISUZU NPR/NKR 08-";"Pare-brise";"product";"1";"";"";"";"";"";"create_candidate";"Reference absente du catalogue Odoo; validation metier requise."
"6316ASML";"JC PB ISUZU NKR/NLR 08-";"Joint";"product";"1";"";"";"";"";"";"create_candidate";"Reference absente du catalogue Odoo; validation metier requise."
"6320AGN";"PARE-BRISE TEINTÉ VERT ISUZU NLR NPR 08-";"Pare-brise";"product";"5";"";"";"";"";"";"create_candidate";"Reference absente du catalogue Odoo; validation metier requise."
"6320ASML";"JT PB ISUZU NLR NPR   08-";"Joint";"product";"3";"";"";"";"";"";"create_candidate";"Reference absente du catalogue Odoo; validation metier requise."
"6320LGNL2FD";"DESC AVANT GAUCHE TEINTÉ VERT ISUZU NLR NPR 08-MO 1.00";"Glace laterale";"product";"2";"";"";"";"";"";"create_candidate";"Reference absente du catalogue Odoo; validation metier requise."
"6320RGNL2FD";"GLACE DESCENDANTE AVANT DROIT TEINTÉ VERT ISUZU NLR NPR 08-MO 1.00";"Glace laterale";"product";"3";"";"";"";"";"";"create_candidate";"Reference absente du catalogue Odoo; validation metier requise."
"63217331280";"FEU ARD DE BMW X4 F26 SUR AILE";"Autres";"product";"1";"";"";"";"";"";"create_candidate";"Reference absente du catalogue Odoo; validation metier requise."
"63217488541";"FEU ARRIERE GAUCHE AILE";"Autres";"product";"1";"";"";"";"";"";"create_candidate";"Reference absente du catalogue Odoo; validation metier requise."
"6321AGN";"PB VT ISUZU NNR/NMR/NPR         08-";"Pare-brise";"product";"9";"";"";"";"";"";"create_candidate";"Reference absente du catalogue Odoo; validation metier requise."
"6321ASML";"JC PB ISUZU NNR/NMR/MPR 08-";"Joint";"product";"7";"";"";"";"";"";"create_candidate";"Reference absente du catalogue Odoo; validation metier requise."
"6321ASMLB";"JC INF PB ISUZU NNR/NMR/NPR 08-";"Joint";"product";"1";"";"";"";"";"";"create_candidate";"Reference absente du catalogue Odoo; validation metier requise."
"6324AGSIMVWZ1I";"PB VT OPEL ASTRA J CAPT        10-15";"Pare-brise";"product";"6";"";"";"";"";"";"create_candidate";"Reference absente du catalogue Odoo; validation metier requise."
"6324AGSIMVWZ4I";"PB VT OPEL ASTRA J +CAPT     12-15";"Pare-brise";"product";"1";"";"";"";"";"";"create_candidate";"Reference absente du catalogue Odoo; validation metier requise."
"6324BGSH";"LUN.VT OPEL ASTRA J 5P 09-15";"Lunette";"product";"1";"";"";"";"";"";"create_candidate";"Reference absente du catalogue Odoo; validation metier requise."
"6324LGSH5FQZ";"CUST AVG VT OPEL ASTRA 5P 10-15 252,21";"Glace laterale";"product";"1";"";"";"";"";"";"create_candidate";"Reference absente du catalogue Odoo; validation metier requise."
"6324RGSH5FD";"DESC AVD VT OPEL ASTRA J 5P  09-15";"Glace laterale";"product";"1";"";"";"";"";"";"create_candidate";"Reference absente du catalogue Odoo; validation metier requise."
"6325AGSMVWZ1P";"PB VT OPEL MERIVA B CAPT   10-12";"Pare-brise";"product";"1";"";"";"";"";"";"create_candidate";"Reference absente du catalogue Odoo; validation metier requise."
"6325AGSMVWZ6K";"PB VT OPEL MERIVA B CAPT   12-";"Pare-brise";"product";"1";"";"";"";"";"";"create_candidate";"Reference absente du catalogue Odoo; validation metier requise."
"6325AGSVWZ";"PB VT OPEL MERIVA B        10-12";"Pare-brise";"product";"1";"";"";"";"";"";"create_candidate";"Reference absente du catalogue Odoo; validation metier requise."
"6325AGSVWZ1D";"PB VT OPEL MERIVA B        12-17";"Pare-brise";"product";"1";"";"";"";"";"";"create_candidate";"Reference absente du catalogue Odoo; validation metier requise."
"6325BGSM";"LUN VT OPEL MERIVA B       10-";"Lunette";"product";"3";"";"";"";"";"";"create_candidate";"Reference absente du catalogue Odoo; validation metier requise."
"6332RGPM5RD";"GLACE DESCENDANTE ARRIÈRE DROIT TEINTÉ VERT FONCÉ ZAFIRA TOURER 11-";"Glace laterale";"product";"1";"";"";"";"";"";"create_candidate";"Reference absente du catalogue Odoo; validation metier requise."
"6335AGNV";"PB VT ISUZU D-MAX   12-";"Pare-brise";"product";"8";"";"";"";"";"";"create_candidate";"Reference absente du catalogue Odoo; validation metier requise."
"6335ASMP";"JC PB ISUZU D-MAX          12-";"Joint";"product";"7";"";"";"";"";"";"create_candidate";"Reference absente du catalogue Odoo; validation metier requise."
"6335BGNPZ";"LUN VT ISUZU D-MAX PICK-UP 12-";"Lunette";"product";"7";"";"";"";"";"";"create_candidate";"Reference absente du catalogue Odoo; validation metier requise."
"6335LGNP2FD";"GLACE DESCENDANTE AVANT GAUCHE TEINTÉ VERT ISUZU D-MAX 2 ET 4 PORTES 12-";"Glace laterale";"product";"3";"";"";"";"";"";"create_candidate";"Reference absente du catalogue Odoo; validation metier requise."
"6335LGNP4RDOW";"GLACE ARG OUVR VT D-MAX 2P 12-";"Glace laterale";"product";"1";"";"";"";"";"";"create_candidate";"Reference absente du catalogue Odoo; validation metier requise."
"6335RGNP2FD";"DESC AVD VT ISUZU D-MAX 2/4P 12-";"Glace laterale";"product";"2";"";"";"";"";"";"create_candidate";"Reference absente du catalogue Odoo; validation metier requise."
"6335RGNP2FDW";"DESC AVD VT ISUZU D-MAX 2/4P 12-";"Glace laterale";"product";"1";"";"";"";"";"";"create_candidate";"Reference absente du catalogue Odoo; validation metier requise."
"6337AGSMVZ";"PB VT OPEL MOKKA +CAPT. 12-";"Pare-brise";"product";"8";"";"";"";"";"";"create_candidate";"Reference absente du catalogue Odoo; validation metier requise."
"6337AGSVZ";"PB VT OPEL MOKKA 12-";"Pare-brise";"product";"7";"";"";"";"";"";"create_candidate";"Reference absente du catalogue Odoo; validation metier requise."
"6337BGSR";"LUN VT OPEL MOKKA       12-21";"Lunette";"product";"1";"";"";"";"";"";"create_candidate";"Reference absente du catalogue Odoo; validation metier requise."
"6337BYPR";"LUN PRIV OPEL MOKKA   12-";"Lunette";"product";"3";"";"";"";"";"";"create_candidate";"Reference absente du catalogue Odoo; validation metier requise."
"6337LGSR5FD";"DESC AVG VT OPEL MOKKA 12-21";"Glace laterale";"product";"1";"";"";"";"";"";"create_candidate";"Reference absente du catalogue Odoo; validation metier requise."
"6337LGSR5RVWZ";"DÉFLECTEUR ARRIÈRE GAUCHE TEINTÉ VERT OPEL MOKKA 12-MO 0.60";"Glace laterale";"product";"1";"";"";"";"";"";"create_candidate";"Reference absente du catalogue Odoo; validation metier requise."
"6337LYPR5RD";"DESC ARG PRIV OPEL MOKKA 12-";"Glace laterale";"product";"1";"";"";"";"";"";"create_candidate";"Reference absente du catalogue Odoo; validation metier requise."
"6337RGSR5FD";"DESC AVD VT OPEL MOKKA 12-21";"Glace laterale";"product";"3";"";"";"";"";"";"create_candidate";"Reference absente du catalogue Odoo; validation metier requise."
"6338AGSVWZ";"PB VT OPEL ADAM      12-";"Pare-brise";"product";"1";"";"";"";"";"";"create_candidate";"Reference absente du catalogue Odoo; validation metier requise."
"6341AGSMVWZ";"PARE-BRISE TEINTÉ VERT OPEL CORSA E CAPTEUR DE PLUIE 15-19MO 1,50";"Pare-brise";"product";"3";"";"";"";"";"";"create_candidate";"Reference absente du catalogue Odoo; validation metier requise."
"6341AGSVWZ";"PB VT OPEL CORSA E 15-";"Pare-brise";"product";"2";"";"";"";"";"";"create_candidate";"Reference absente du catalogue Odoo; validation metier requise."
"6341BGSH1J";"LUNETTE TEINTÉ VERT OPEL CORSA E 5 PORTES HAYON 15-";"Lunette";"product";"3";"";"";"";"";"";"create_candidate";"Reference absente du catalogue Odoo; validation metier requise."
"6341LGSH5FDW";"DESC AVG VT OPEL CORSA E 5P     15-19";"Glace laterale";"product";"1";"";"";"";"";"";"create_candidate";"Reference absente du catalogue Odoo; validation metier requise."
"6341LGSH5RV";"DEFL ARG VT OPEL CORSA E 5P     15-19";"Glace laterale";"product";"1";"";"";"";"";"";"create_candidate";"Reference absente du catalogue Odoo; validation metier requise."
"6341RGSH3FD";"DESC AVD VT OPEL CORSA E 3P     15-";"Glace laterale";"product";"2";"";"";"";"";"";"create_candidate";"Reference absente du catalogue Odoo; validation metier requise."
"6341RGSH5FD";"DESC AVD VT OPEL CORSA E 5P     15-";"Glace laterale";"product";"1";"";"";"";"";"";"create_candidate";"Reference absente du catalogue Odoo; validation metier requise."
"6341RGSH5RV";"DEFL ARD VT OPEL CORSA E 5P     15-";"Glace laterale";"product";"1";"";"";"";"";"";"create_candidate";"Reference absente du catalogue Odoo; validation metier requise."
"6343LGSH5RD";"DESC ARG VT OPEL KARL      15-";"Glace laterale";"product";"1";"";"";"";"";"";"create_candidate";"Reference absente du catalogue Odoo; validation metier requise."
"6343LGSH5RV";"DÉFLECTEUR AVANT GAUCHE TEINTÉ VERT OPEL KARL      15-";"Glace laterale";"product";"1";"";"";"";"";"";"create_candidate";"Reference absente du catalogue Odoo; validation metier requise."
"6345RGSR5FVWZ";"DÉFL AVD TV OPEL CROSSLAND";"Glace laterale";"product";"1";"";"";"";"";"";"create_candidate";"Reference absente du catalogue Odoo; validation metier requise."
"6346BYPRA";"LUN PRIV OPEL GRANDLAND X ANT   17-24";"Lunette";"product";"1";"";"";"";"";"";"create_candidate";"Reference absente du catalogue Odoo; validation metier requise."
"6350LGSH5RVWZ";"DÉFLECTEUR ARRIÈRE GAUCHE TEINTÉ VERT OPEL CORSA F 20-MO 0.90";"Glace laterale";"product";"2";"";"";"";"";"";"create_candidate";"Reference absente du catalogue Odoo; validation metier requise."
"6351BGNPZ";"LUN VT ISUZU D MAX              20-";"Lunette";"product";"1";"";"";"";"";"";"create_candidate";"Reference absente du catalogue Odoo; validation metier requise."
"6351LGNP4FDW";"DESC AVG VT ISUZU D MAX           20-";"Glace laterale";"product";"1";"";"";"";"";"";"create_candidate";"Reference absente du catalogue Odoo; validation metier requise."
"6352AGACIMOVZ";"PARE-BRISE TEINTÉ VERT AC MOKKA B CAPTEUR DE PLUIE CAMÉRA(S) DÉTECTEUR D'HUMIDITÉ 21-MO 1.50";"Pare-brise";"product";"3";"";"";"";"";"";"create_candidate";"Reference absente du catalogue Odoo; validation metier requise."
"6514AGN1C";"PB VT PEUGEOT 205                  83-98";"Pare-brise";"product";"1";"";"";"";"";"";"create_candidate";"Reference absente du catalogue Odoo; validation metier requise."
"6514ASRH";"JT PB PEUGEOT 205                  83-98";"Joint";"product";"1";"";"";"";"";"";"create_candidate";"Reference absente du catalogue Odoo; validation metier requise."
"6516ABZ";"PARE-BRISE TEINTÉ BRONZE PEUGEOT 309 85-94MO 1,30";"Pare-brise";"product";"1";"";"";"";"";"";"create_candidate";"Reference absente du catalogue Odoo; validation metier requise."
"6518BGNS";"LUN VT PEUGEOT 405 BNE             87-97";"Lunette";"product";"1";"";"";"";"";"";"create_candidate";"Reference absente du catalogue Odoo; validation metier requise."
"6518BSMS";"JC LUN PEUGEOT 405 BNE             87-97";"Joint";"product";"1";"";"";"";"";"";"create_candidate";"Reference absente du catalogue Odoo; validation metier requise."
"6520AGN2B";"PB VT PEUGEOT 106 /SAXO 91-03";"Pare-brise";"product";"18";"";"";"";"";"";"create_candidate";"Reference absente du catalogue Odoo; validation metier requise."
"6520AKMH";"JC+C KIT COMP. PB PEUGEOT 106/SAXO 91-03";"Joint";"product";"14";"";"";"";"";"";"create_candidate";"Reference absente du catalogue Odoo; validation metier requise."
"6520AKMH9";"VO - J+C KIT C. PB PEUGEOT 106/SAXO";"Joint";"product";"5";"";"";"";"";"";"create_candidate";"Reference absente du catalogue Odoo; validation metier requise."
"6520BBZH2H";"LUN BZ PEUGEOT 106 XSI             91-94";"Lunette";"product";"1";"";"";"";"";"";"create_candidate";"Reference absente du catalogue Odoo; validation metier requise."
"6520BCLH1H";"LUN CL 106 PRISE EN BAS   TROU  91-94";"Lunette";"product";"1";"";"";"";"";"";"create_candidate";"Reference absente du catalogue Odoo; validation metier requise."
"6520BCLH1J";"LUN CL 106 BRANCHEMENT HAUT    96-03";"Lunette";"product";"1";"";"";"";"";"";"create_candidate";"Reference absente du catalogue Odoo; validation metier requise."
"6520BGNH1J";"LUN VT PEUGEOT106 II        96-03";"Lunette";"product";"1";"";"";"";"";"";"create_candidate";"Reference absente du catalogue Odoo; validation metier requise."
"6520BSMH";"JC LUN PEUGEOT 106/SAXO            91-03";"Joint";"product";"2";"";"";"";"";"";"create_candidate";"Reference absente du catalogue Odoo; validation metier requise."
"6520LCLH3FD";"DESC AVG CL 106/SAXO 3P            91-03";"Glace laterale";"product";"1";"";"";"";"";"";"create_candidate";"Reference absente du catalogue Odoo; validation metier requise."
"6520LGNH3RQO";"CUST OUVR ARG VT 106 3P            91-03";"Glace laterale";"product";"2";"";"";"";"";"";"create_candidate";"Reference absente du catalogue Odoo; validation metier requise."
"6520RGNH3RQO";"CUST.OUVR.ARD VT 106 3P.           91-03";"Glace laterale";"product";"1";"";"";"";"";"";"create_candidate";"Reference absente du catalogue Odoo; validation metier requise."
"6521AGN";"PB VT PEUGEOT 306                  92-02";"Pare-brise";"product";"3";"";"";"";"";"";"create_candidate";"Reference absente du catalogue Odoo; validation metier requise."
"6521AGNM1C";"PB VT PEUGEOT 306   CAPT     97-02";"Pare-brise";"product";"3";"";"";"";"";"";"create_candidate";"Reference absente du catalogue Odoo; validation metier requise."
"6521AKMH1";"JCS PB KIT COMP. PEUGEOT 306  92-02";"Joint";"product";"5";"";"";"";"";"";"create_candidate";"Reference absente du catalogue Odoo; validation metier requise."
"6521ASMH";"JC PB PEUGEOT 306 BNE/BK           92-02";"Joint";"product";"1";"";"";"";"";"";"create_candidate";"Reference absente du catalogue Odoo; validation metier requise."
"6521BGNH2H";"LUN VT PEUGEOT 306 S16 3P          92-98";"Lunette";"product";"1";"";"";"";"";"";"create_candidate";"Reference absente du catalogue Odoo; validation metier requise."
"6521BGNHZ1H";"LUN VT PEUGEOT 306 3/5P            98-02";"Lunette";"product";"1";"";"";"";"";"";"create_candidate";"Reference absente du catalogue Odoo; validation metier requise."
"6521BSMH";"JC LUN PEUGEOT 306 3/5P            92-97";"Joint";"product";"1";"";"";"";"";"";"create_candidate";"Reference absente du catalogue Odoo; validation metier requise."
"6521LGNH3FD";"DESC AVG VT PEUGEOT 306 3P   92-02";"Glace laterale";"product";"1";"";"";"";"";"";"create_candidate";"Reference absente du catalogue Odoo; validation metier requise."
"6523AGN1B";"PB VT BOXER 1 /JUMPER 1 94-06";"Pare-brise";"product";"7";"";"";"";"";"";"create_candidate";"Reference absente du catalogue Odoo; validation metier requise."
"6523ASMV";"JC PB PEUGEOT BOXER 1 /JUMPER 1   94-06";"Joint";"product";"7";"";"";"";"";"";"create_candidate";"Reference absente du catalogue Odoo; validation metier requise."
"6523RGNV2FD";"DESC AVD VT BOXER/JUMPER          94-06";"Glace laterale";"product";"1";"";"";"";"";"";"create_candidate";"Reference absente du catalogue Odoo; validation metier requise."
"6525ACCMV1T";"PB REFL 406 CAPT PLUIE ET LUMIERE  01-03";"Pare-brise";"product";"1";"";"";"";"";"";"create_candidate";"Reference absente du catalogue Odoo; validation metier requise."
"6525AGNMV";"PB VT PEUGEOT 406 CAPT PLUIE     96-01";"Pare-brise";"product";"1";"";"";"";"";"";"create_candidate";"Reference absente du catalogue Odoo; validation metier requise."
"6525ASMST";"JC SUP PB PEUGEOT 406              96-03";"Joint";"product";"2";"";"";"";"";"";"create_candidate";"Reference absente du catalogue Odoo; validation metier requise."
"6538AGNM";"PARE-BRISE TEINTÉ VERT 406 COUPÉ CAPTEUR PLUIE 97-01MO 2,4";"Pare-brise";"product";"1";"";"";"";"";"";"create_candidate";"Reference absente du catalogue Odoo; validation metier requise."
"6539ACCV";"PB REFL PEUGEOT 206                98-14";"Pare-brise";"product";"1";"";"";"";"";"";"create_candidate";"Reference absente du catalogue Odoo; validation metier requise."
"6539AGSMV";"PB VT 206 BNE / SW CAPT PLUIE    98-01";"Pare-brise";"product";"1";"";"";"";"";"";"create_candidate";"Reference absente du catalogue Odoo; validation metier requise."
"6539AGSMV6T";"PB VT 206 CAPT PLUIE LUM BNE / SW 01-14";"Pare-brise";"product";"4";"";"";"";"";"";"create_candidate";"Reference absente du catalogue Odoo; validation metier requise."
"6539AGSV";"PB VT PEUGEOT 206/206+ BNE/SW 98-14";"Pare-brise";"product";"42";"";"";"";"";"";"create_candidate";"Reference absente du catalogue Odoo; validation metier requise."
"6539AKCH";"AGR  INF  KIT PB PEUGEOT 206     98-14";"Joint";"product";"3";"";"";"";"";"";"create_candidate";"Reference absente du catalogue Odoo; validation metier requise."
"6539AKKH1F";"JC+CALES PB KIT COMP. PEUGEOT 206 98-14";"Joint";"product";"25";"";"";"";"";"";"create_candidate";"Reference absente du catalogue Odoo; validation metier requise."
"6539AKKH1F9";"VO - J+C PB KIT COMP. PEUGEOT 206 98-14";"Joint";"product";"3";"";"";"";"";"";"create_candidate";"Reference absente du catalogue Odoo; validation metier requise."
"6539ASMHT";"JC SUP PB PEUGEOT 206         98-14";"Joint";"product";"2";"";"";"";"";"";"create_candidate";"Reference absente du catalogue Odoo; validation metier requise."
"6539BGSH";"LUN.VT PEUGEOT 206/206+   3/5P     98-14";"Lunette";"product";"4";"";"";"";"";"";"create_candidate";"Reference absente du catalogue Odoo; validation metier requise."
"6539LGSH3FD";"DESC AVG VT PEUGEOT 206/206  3P 98-14";"Glace laterale";"product";"1";"";"";"";"";"";"create_candidate";"Reference absente du catalogue Odoo; validation metier requise."
"6539LGSH3RQO";"CUST OUVR ARG VT 206/206   3P 98-14";"Glace laterale";"product";"2";"";"";"";"";"";"create_candidate";"Reference absente du catalogue Odoo; validation metier requise."
"6539LGSH5FD";"DESC AVG VT PEUGEOT 206 5P/SW   98-14";"Glace laterale";"product";"1";"";"";"";"";"";"create_candidate";"Reference absente du catalogue Odoo; validation metier requise."
"6539RGSH3FD";"GLACE DESCENDANTE AVANT DROIT TEINTÉ VERT PEUGEOT 206/206 3 PORTES 98-14";"Glace laterale";"product";"4";"";"";"";"";"";"create_candidate";"Reference absente du catalogue Odoo; validation metier requise."
"6539RGSH3RQO";"CUSTODE OUVRANT(E) ARRIÈRE DROIT TEINTÉ VERT 206/206 3 PORTES 98-09";"Glace laterale";"product";"1";"";"";"";"";"";"create_candidate";"Reference absente du catalogue Odoo; validation metier requise."
"6539RGSH5FD";"DESC.AVD VT PEUGEOT 206 5P/SW 98-14";"Glace laterale";"product";"1";"";"";"";"";"";"create_candidate";"Reference absente du catalogue Odoo; validation metier requise."
"6539RGSH5RD";"DESC ARD VT PEUGEOT 206 5P 98-14";"Glace laterale";"product";"1";"";"";"";"";"";"create_candidate";"Reference absente du catalogue Odoo; validation metier requise."
"6542ACCVZ";"PB ATH PEUGEOT 307 01-07";"Pare-brise";"product";"16";"";"";"";"";"";"create_candidate";"Reference absente du catalogue Odoo; validation metier requise."
"6542ACDMVZ6J";"PB ATH ACOU 307 CAP ROND RET MANU 01-03";"Pare-brise";"product";"1";"";"";"";"";"";"create_candidate";"Reference absente du catalogue Odoo; validation metier requise."
"6542ACDMVZ6P";"PB ATH 307 +CAPT.PL/LU RETR.ELEC 03-07";"Pare-brise";"product";"10";"";"";"";"";"";"create_candidate";"Reference absente du catalogue Odoo; validation metier requise."
"6542AGAVZ";"PB VT ACOUS.PEUGEOT 307 BNE/SW 01-07";"Pare-brise";"product";"5";"";"";"";"";"";"create_candidate";"Reference absente du catalogue Odoo; validation metier requise."
"6542AGSMVZ6P";"PB VT 307 +CAPT.PL/LU RETR. ELEC 03-07";"Pare-brise";"product";"6";"";"";"";"";"";"create_candidate";"Reference absente du catalogue Odoo; validation metier requise."
"6542AGSVZ";"PB VT PEUGEOT 307 BNE/SW 01-07";"Pare-brise";"product";"39";"";"";"";"";"";"create_candidate";"Reference absente du catalogue Odoo; validation metier requise."
"6542AGSVZ-T";"PB VT PEUGEOT 307 BNE/SW           01-07";"Pare-brise";"product";"1";"";"";"";"";"";"create_candidate";"Reference absente du catalogue Odoo; validation metier requise."
"6542BGSE";"LUN VT PEUGEOT 307 BREAK   01-07";"Lunette";"product";"3";"";"";"";"";"";"create_candidate";"Reference absente du catalogue Odoo; validation metier requise."
"6542BGSH";"LUN VT PEUGEOT 307 3/5P           01-07";"Lunette";"product";"2";"";"";"";"";"";"create_candidate";"Reference absente du catalogue Odoo; validation metier requise."
"6542LGSH5FD";"DESC AVG VT PEUGEOT 307 5P  01-07";"Glace laterale";"product";"1";"";"";"";"";"";"create_candidate";"Reference absente du catalogue Odoo; validation metier requise."
"6542RGSH3FD";"DESC AVD VT PEUGEOT 307 3P  01-07";"Glace laterale";"product";"1";"";"";"";"";"";"create_candidate";"Reference absente du catalogue Odoo; validation metier requise."
"6542RGSH5FD";"DESC AVD VT PEUGEOT 307 5P  01-07";"Glace laterale";"product";"1";"";"";"";"";"";"create_candidate";"Reference absente du catalogue Odoo; validation metier requise."
"6542RGSH5FVZ";"DÉFLECTEUR AVANT DROIT TEINTÉ VERT PEUGEOT 307 5P/SW 01-07";"Glace laterale";"product";"1";"";"";"";"";"";"create_candidate";"Reference absente du catalogue Odoo; validation metier requise."
"6542RGSH5RD";"DESC ARD VT PEUGEOT 307 5P  01-07";"Glace laterale";"product";"1";"";"";"";"";"";"create_candidate";"Reference absente du catalogue Odoo; validation metier requise."
"6543AGSVZ";"PB VT PEUGEOT 307 CC           03-09";"Pare-brise";"product";"2";"";"";"";"";"";"create_candidate";"Reference absente du catalogue Odoo; validation metier requise."
"6544AGSMVZ1B";"PB VT PEUGEOT 407  CAPT     04-11";"Pare-brise";"product";"2";"";"";"";"";"";"create_candidate";"Reference absente du catalogue Odoo; validation metier requise."
"6544AGSVZ";"PARE-BRISE TEINTÉ VERT PEUGEOT 407 04-11MO 2.60";"Pare-brise";"product";"1";"";"";"";"";"";"create_candidate";"Reference absente du catalogue Odoo; validation metier requise."
"6544AKCSS1B";"KIT AGR INF PB PEUGEOT 407      04-11";"Joint";"product";"1";"";"";"";"";"";"create_candidate";"Reference absente du catalogue Odoo; validation metier requise."
"6544AKCSS1F";"AGR LAT PB PEUGEOT 407      04-11";"Joint";"product";"1";"";"";"";"";"";"create_candidate";"Reference absente du catalogue Odoo; validation metier requise."
"6545ACCMV6T";"PB REFL.PEUGEOT 206 CC +CAPT   01-";"Pare-brise";"product";"1";"";"";"";"";"";"create_candidate";"Reference absente du catalogue Odoo; validation metier requise."
"6545AGSV";"PB VT PEUGEOT 206 CC             01-";"Pare-brise";"product";"1";"";"";"";"";"";"create_candidate";"Reference absente du catalogue Odoo; validation metier requise."
"6545BGST";"LUN.VT PEUGEOT 206 CC        00-";"Lunette";"product";"2";"";"";"";"";"";"create_candidate";"Reference absente du catalogue Odoo; validation metier requise."
"6546ACCMVZ6P";"PARE-BRISE ATHERMIQUE PEUGEOT 807/C8 CAPTEUR DE PLUIE CARRE 06-15";"Pare-brise";"product";"1";"";"";"";"";"";"create_candidate";"Reference absente du catalogue Odoo; validation metier requise."
"6547AGS";"PB VT PEUGEOT 1007                 05-09";"Pare-brise";"product";"1";"";"";"";"";"";"create_candidate";"Reference absente du catalogue Odoo; validation metier requise."
"6547ASMHB";"JC INF PB PEUGEOT 1007             05-09";"Joint";"product";"1";"";"";"";"";"";"create_candidate";"Reference absente du catalogue Odoo; validation metier requise."
"6547ASMHT";"JC SUP PB PEUGEOT 1007             05-09";"Joint";"product";"1";"";"";"";"";"";"create_candidate";"Reference absente du catalogue Odoo; validation metier requise."
"6547BGSH";"LUN VT PEUGEOT 1007               05-09";"Lunette";"product";"1";"";"";"";"";"";"create_candidate";"Reference absente du catalogue Odoo; validation metier requise."
"6548ACCMVZ1B";"PB REFL.PEUGEOT 207+CAPT             06-";"Pare-brise";"product";"14";"";"";"";"";"";"create_candidate";"Reference absente du catalogue Odoo; validation metier requise."
"6548ACCVZ";"PB REFL.PEUGEOT 207 06-";"Pare-brise";"product";"7";"";"";"";"";"";"create_candidate";"Reference absente du catalogue Odoo; validation metier requise."
"6548ACDMVZ1B";"PB REFL.ACO.PEUGEOT 207+CAPT 06-";"Pare-brise";"product";"3";"";"";"";"";"";"create_candidate";"Reference absente du catalogue Odoo; validation metier requise."
"6548AGAMVZ1B";"PB VT ACO.PEUGEOT 207+CAPT 06-";"Pare-brise";"product";"1";"";"";"";"";"";"create_candidate";"Reference absente du catalogue Odoo; validation metier requise."
"6548AGAVZ";"PB VT ACO.PEUGEOT 207 06-";"Pare-brise";"product";"26";"";"";"";"";"";"create_candidate";"Reference absente du catalogue Odoo; validation metier requise."
"6548AGSMVZ1B";"PB VT PEUGEOT 207  CAPT      06-";"Pare-brise";"product";"19";"";"";"";"";"";"create_candidate";"Reference absente du catalogue Odoo; validation metier requise."
"6548AGSVZ";"PB VT PEUGEOT 207 06-";"Pare-brise";"product";"55";"";"";"";"";"";"create_candidate";"Reference absente du catalogue Odoo; validation metier requise."
"6548BGPE";"LUN VT FONCEE PEUGEOT 207 SW  06-";"Lunette";"product";"1";"";"";"";"";"";"create_candidate";"Reference absente du catalogue Odoo; validation metier requise."
"6548BGPH";"LUNETTE TEINTÉ VERT FONCEE PEUGEOT 207 3 ET 5 PORTES 06-";"Lunette";"product";"1";"";"";"";"";"";"create_candidate";"Reference absente du catalogue Odoo; validation metier requise."
"6548BGSH";"LUN VT PEUGEOT 207 3/5P            06-14";"Lunette";"product";"3";"";"";"";"";"";"create_candidate";"Reference absente du catalogue Odoo; validation metier requise."
"6548GGPH3PR";"TOIT PANO PRIVACY 207 3 ET 5 PORTES 06-";"Autres";"product";"1";"";"";"";"";"";"create_candidate";"Reference absente du catalogue Odoo; validation metier requise."
"6548LGSH3FD";"DESC.AVG VT PEUG.207 3P.568MM  06-";"Glace laterale";"product";"1";"";"";"";"";"";"create_candidate";"Reference absente du catalogue Odoo; validation metier requise."
"6548LGSH3FD1H";"GLACE DESCENDANTE AVANT GAUCHE TEINTÉ VERT PEUGEOT 207 3 PORTES 558MM 06-";"Glace laterale";"product";"1";"";"";"";"";"";"create_candidate";"Reference absente du catalogue Odoo; validation metier requise."
"6548LGSH5FD";"GLACE DESCENDANTE AVANT GAUCHE TEINTÉ VERT PEUGEOT 207 5 PORTES HAYON";"Glace laterale";"product";"1";"";"";"";"";"";"create_candidate";"Reference absente du catalogue Odoo; validation metier requise."
"6548LGSH5FVZ";"DÉFLECTEUR AVANT GAUCHE TEINTÉ VERT PEUGEOT 207 3 ET 5 PORTES 06-";"Glace laterale";"product";"4";"";"";"";"";"";"create_candidate";"Reference absente du catalogue Odoo; validation metier requise."
"6548LGSH5RD";"DESC ARG VT PEUGEOT 207 5P   06-";"Glace laterale";"product";"1";"";"";"";"";"";"create_candidate";"Reference absente du catalogue Odoo; validation metier requise."
"6548LGSH5RD-PERDU";"DESC ARG VT PEUGEOT 207 5P   06-";"Glace laterale";"product";"1";"";"";"";"";"";"create_candidate";"Reference absente du catalogue Odoo; validation metier requise."
"6548RGPH5RD";"DESC ARD VT FONCEE 207 5P 06-";"Glace laterale";"product";"1";"";"";"";"";"";"create_candidate";"Reference absente du catalogue Odoo; validation metier requise."
"6548RGSH3RQOW";"CUST ARD OUVR VT PEUGEOT 207 3P   06-";"Glace laterale";"product";"2";"";"";"";"";"";"create_candidate";"Reference absente du catalogue Odoo; validation metier requise."
"6548RGSH5FVZ";"DEFL.AVD VT PEUGEOT 207 3/5P.   06-";"Glace laterale";"product";"7";"";"";"";"";"";"create_candidate";"Reference absente du catalogue Odoo; validation metier requise."
"6548RGSH5RD";"DESC ARD VT PEUGEOT 207 5P   06-";"Glace laterale";"product";"1";"";"";"";"";"";"create_candidate";"Reference absente du catalogue Odoo; validation metier requise."
"6549AGS";"PB VT PEUG.107 / CITR.C1/ TOY.AYGO 05-14";"Pare-brise";"product";"20";"";"";"";"";"";"create_candidate";"Reference absente du catalogue Odoo; validation metier requise."
"6549AKDH1F";"MOUSSE INT. PB 107/C1/AYGO     05-14";"Joint";"product";"14";"";"";"";"";"";"create_candidate";"Reference absente du catalogue Odoo; validation metier requise."
"6549BGSHO";"LUN VT CITROEN C1/PEUGEOT 107   05-14";"Lunette";"product";"2";"";"";"";"";"";"create_candidate";"Reference absente du catalogue Odoo; validation metier requise."
"6549BYPHO";"LUN PRIV CITROEN C1/PEUGEOT 107 05-14";"Lunette";"product";"1";"";"";"";"";"";"create_candidate";"Reference absente du catalogue Odoo; validation metier requise."
"6549LGSH3RQ";"CUST ARG VT 107/C1 3P     05-14";"Glace laterale";"product";"3";"";"";"";"";"";"create_candidate";"Reference absente du catalogue Odoo; validation metier requise."
"6549LGSH5FD";"DESC AVG VT 107/C1/TOY AYGO 5P 05-14";"Glace laterale";"product";"1";"";"";"";"";"";"create_candidate";"Reference absente du catalogue Odoo; validation metier requise."
"6549LGSH5RDOW";"GL PTE ARRIÈRE GAUCHE TEINTÉ VERT 107/C1 5 PORTES HAYON 05-14";"Glace laterale";"product";"3";"";"";"";"";"";"create_candidate";"Reference absente du catalogue Odoo; validation metier requise."
"6549LYPH3RQ";"CUST.ARG PRIV.107/C1 3P 05-14";"Glace laterale";"product";"2";"";"";"";"";"";"create_candidate";"Reference absente du catalogue Odoo; validation metier requise."
"6549RGSH3FD";"DESC AVD VT 107/C1/TOY AYGO 3P 05-14";"Glace laterale";"product";"1";"";"";"";"";"";"create_candidate";"Reference absente du catalogue Odoo; validation metier requise."
"6549RGSH3RQ";"CUST ARD VT 107/C1 3P       05-14";"Glace laterale";"product";"6";"";"";"";"";"";"create_candidate";"Reference absente du catalogue Odoo; validation metier requise."
"6549RGSH5FD";"DESC AVD VT 107/C1/TOY AYGO 5P 05-14";"Glace laterale";"product";"1";"";"";"";"";"";"create_candidate";"Reference absente du catalogue Odoo; validation metier requise."
"6549RGSH5RDOW";"GL PTE ARD VT 107/C1     5P 05-14";"Glace laterale";"product";"3";"";"";"";"";"";"create_candidate";"Reference absente du catalogue Odoo; validation metier requise."
"6551AGSAMVZ1P";"PB VT PEUGEOT 207 CC CAPT ANT 07-";"Pare-brise";"product";"1";"";"";"";"";"";"create_candidate";"Reference absente du catalogue Odoo; validation metier requise."
"6552RGSV3FV";"GLACE FIXE AVD PEUGEOT BOXER 330-L2H2 4P III Phase 2";"Glace laterale";"product";"1";"";"";"";"";"";"create_candidate";"Reference absente du catalogue Odoo; validation metier requise."
"6554ACDMVW3B";"PB ATH ACO.PEUG.308 BNE/SW +CAPT 07-13";"Pare-brise";"product";"13";"";"";"";"";"";"create_candidate";"Reference absente du catalogue Odoo; validation metier requise."
"6554AGAMVW3B";"PB VT ACOUS.308 +CAPT.BNE/SW 07-13";"Pare-brise";"product";"14";"";"";"";"";"";"create_candidate";"Reference absente du catalogue Odoo; validation metier requise."
"6554AGAVW";"PB VT ACOUS.PEUG.308 BNE/SW 07-13";"Pare-brise";"product";"2";"";"";"";"";"";"create_candidate";"Reference absente du catalogue Odoo; validation metier requise."
"6554AGAVW2B";"PB VT ACO PEUGEOT 308 BNE/SW 07-13";"Pare-brise";"product";"1";"";"";"";"";"";"create_candidate";"Reference absente du catalogue Odoo; validation metier requise."
"6554AGSVW";"PB VT PEUGEOT 308 BNE/SW 07-13";"Pare-brise";"product";"26";"";"";"";"";"";"create_candidate";"Reference absente du catalogue Odoo; validation metier requise."
"6554AKCS";"CLIPS KIT LAT. PB PEUGEOT 308 04-13";"Joint";"product";"13";"";"";"";"";"";"create_candidate";"Reference absente du catalogue Odoo; validation metier requise."
"6554BGSHW";"LUN VT PEUGEOT 308 3/5P           07-13";"Lunette";"product";"2";"";"";"";"";"";"create_candidate";"Reference absente du catalogue Odoo; validation metier requise."
"6554GYPH3PR";"TOIT PANORAMIQUE PEUGEOT 308 3 PORTES 07-13MO 2,60";"Autres";"product";"1";"";"";"";"";"";"create_candidate";"Reference absente du catalogue Odoo; validation metier requise."
"6554LGSH5FD";"DESC AVG VT PEUGEOT 308 5P /BK 07-13";"Glace laterale";"product";"1";"";"";"";"";"";"create_candidate";"Reference absente du catalogue Odoo; validation metier requise."
"6554LGSH5FDKW";"DESC AVG VT FEUILL 308 5P /BK 07-13";"Glace laterale";"product";"1";"";"";"";"";"";"create_candidate";"Reference absente du catalogue Odoo; validation metier requise."
"6554LGSH5FVZ";"DÉFLECTEUR AVANT GAUCHE TEINTÉ VERT PEUGEOT 308 5 PORTES HAYON /SW 07-13";"Glace laterale";"product";"1";"";"";"";"";"";"create_candidate";"Reference absente du catalogue Odoo; validation metier requise."
"6554LGSH5RD";"GLACE DESCENDANTE ARRIÈRE GAUCHE TEINTÉ VERT PEUGEOT 308 5 PORTES HAYON 07-13";"Glace laterale";"product";"1";"";"";"";"";"";"create_candidate";"Reference absente du catalogue Odoo; validation metier requise."
"6554RGSH3FD";"DESC AVD VT PEUGEOT 308 3P  07-13";"Glace laterale";"product";"1";"";"";"";"";"";"create_candidate";"Reference absente du catalogue Odoo; validation metier requise."
"6554RGSH5FVZ";"DEFL AVD VT PEUGEOT 308 5P SW 07-13";"Glace laterale";"product";"1";"";"";"";"";"";"create_candidate";"Reference absente du catalogue Odoo; validation metier requise."
"6557AGSV";"PB VT P.BIPPER/C.NEMO/FIAT FIORINO 08-";"Pare-brise";"product";"12";"";"";"";"";"";"create_candidate";"Reference absente du catalogue Odoo; validation metier requise."
"6557ASMV";"JC PB P.BIPPER/C.NEMO/FIAT FIORINO 08-";"Joint";"product";"9";"";"";"";"";"";"create_candidate";"Reference absente du catalogue Odoo; validation metier requise."
"6557BGSVB";"LUN VT BIPPER/C NEMO/FIORINO  08-";"Lunette";"product";"1";"";"";"";"";"";"create_candidate";"Reference absente du catalogue Odoo; validation metier requise."
"6557BGSVL1H";"LUN GCHE CHAUF VT BIPPER/C NEMO/ 08-";"Lunette";"product";"2";"";"";"";"";"";"create_candidate";"Reference absente du catalogue Odoo; validation metier requise."
"6557BGSVLU";"LUN GCHE NON CH VT BIPPER/C NEMO/ 08-";"Lunette";"product";"1";"";"";"";"";"";"create_candidate";"Reference absente du catalogue Odoo; validation metier requise."
"6557LGSV3FDW";"DESC AVG VT BIPPER/NEMO/FIO     08-";"Glace laterale";"product";"1";"";"";"";"";"";"create_candidate";"Reference absente du catalogue Odoo; validation metier requise."
"6557LGSV5RDOW";"GLACE ARG OUVR VT BIPPER/NEMO 5P 08-";"Glace laterale";"product";"1";"";"";"";"";"";"create_candidate";"Reference absente du catalogue Odoo; validation metier requise."
"6557RGSV5RDOW";"GLACE ARD OUVR BIPPER/NEMO 5P 08-";"Glace laterale";"product";"1";"";"";"";"";"";"create_candidate";"Reference absente du catalogue Odoo; validation metier requise."
"6558AGSVZ";"PARE-BRISE TEINTÉ VERT BERLINGO/PARTNER EMBASE RÉTRO  08-18MO 2,50";"Pare-brise";"product";"1";"";"";"";"";"";"create_candidate";"Reference absente du catalogue Odoo; validation metier requise."
"6558AGSVZ1P";"PARE-BRISE TEINTÉ VERT BERLINGO/PARTNER";"Pare-brise";"product";"1";"";"";"";"";"";"create_candidate";"Reference absente du catalogue Odoo; validation metier requise."
"6558LGSV3FD/2741LGSV3FD";"GLACE DESCENDANTE AVANT GAUCHE TEINTÉ VERT BERLINGO/PARTNER 08-";"Glace laterale";"product";"1";"";"";"";"";"";"create_candidate";"Reference absente du catalogue Odoo; validation metier requise."
"6558RGSV3FVZ";"DFL AVD VT BERLINGO/PARTNER 08-18";"Glace laterale";"product";"2";"";"";"";"";"";"create_candidate";"Reference absente du catalogue Odoo; validation metier requise."
"6559AGAMVWZ1B";"PB VT ACO PEU 308 CC  CAPT 08-15";"Pare-brise";"product";"4";"";"";"";"";"";"create_candidate";"Reference absente du catalogue Odoo; validation metier requise."
"6559LGNT2FVZ";"DÉFLECTEUR AVANT GAUCHE TEINTÉ VERT PEUGEOT 308 CC   10/08-15MO 1.20";"Glace laterale";"product";"1";"";"";"";"";"";"create_candidate";"Reference absente du catalogue Odoo; validation metier requise."
"6560AGAMVW1B";"PB VT ACO.PEUG.3008/5008 +CAPT. 09-16";"Pare-brise";"product";"7";"";"";"";"";"";"create_candidate";"Reference absente du catalogue Odoo; validation metier requise."
"6560AGAVW";"PB VT ACO.PEUGEOT 3008/5008    09-16";"Pare-brise";"product";"2";"";"";"";"";"";"create_candidate";"Reference absente du catalogue Odoo; validation metier requise."
"6560AGSMVW1B";"PB VT PEUG.3008/5008 +CAPT. 09-16";"Pare-brise";"product";"12";"";"";"";"";"";"create_candidate";"Reference absente du catalogue Odoo; validation metier requise."
"6560AGSVW";"PB VT PEUGEOT 3008/5008    09-16";"Pare-brise";"product";"13";"";"";"";"";"";"create_candidate";"Reference absente du catalogue Odoo; validation metier requise."
"6560AKCMS1F";"KIT CLIPS PB - 14 CLIPS LAT. 3008/5008";"Joint";"product";"15";"";"";"";"";"";"create_candidate";"Reference absente du catalogue Odoo; validation metier requise."
"6560AKXH";"CALES KIT PB PEUGEOT 3008/5008 09-16";"Joint";"product";"8";"";"";"";"";"";"create_candidate";"Reference absente du catalogue Odoo; validation metier requise."
"6560BGPMA";"LUN.VT FONCEE PEUG.3008+ANT 09-16";"Lunette";"product";"4";"";"";"";"";"";"create_candidate";"Reference absente du catalogue Odoo; validation metier requise."
"6560BGPMA1J";"LUN.VT FONCEE PEUGEOT 5008 +ANT 09-";"Lunette";"product";"3";"";"";"";"";"";"create_candidate";"Reference absente du catalogue Odoo; validation metier requise."
"6560LGNM5RQZ6E";"CUST ARG VT 5008 CHROME   09-17";"Glace laterale";"product";"1";"";"";"";"";"";"create_candidate";"Reference absente du catalogue Odoo; validation metier requise."
"6560RGAM5FDKW";"DESC.AVD FEUIL.ACOU.VT 3008/5008 09-17";"Glace laterale";"product";"1";"";"";"";"";"";"create_candidate";"Reference absente du catalogue Odoo; validation metier requise."
"6560RGNM5FVZ";"DÉFLECTEUR AVANT DROIT TEINTÉ VERT PEUGEOT 3008/5008 09-17";"Glace laterale";"product";"2";"";"";"";"";"";"create_candidate";"Reference absente du catalogue Odoo; validation metier requise."
"6560RGPM5RD";"DESC ARD VT FONCEE PEUGEOT 3008 09-16";"Glace laterale";"product";"1";"";"";"";"";"";"create_candidate";"Reference absente du catalogue Odoo; validation metier requise."
"6562AGAGMVZ2B";"PB VT ACOU PEUG  508 CAPT  GPS11-";"Pare-brise";"product";"3";"";"";"";"";"";"create_candidate";"Reference absente du catalogue Odoo; validation metier requise."
"6562RGSS4FD";"GLACE AVD TEINTÉ VERT PEUGEOT 508";"Glace laterale";"product";"1";"";"";"";"";"";"create_candidate";"Reference absente du catalogue Odoo; validation metier requise."
"6564AGABLMVZ2B";"PB VTBL ACO PEUG 208/2008 3/5P CAPT 13-";"Pare-brise";"product";"1";"";"";"";"";"";"create_candidate";"Reference absente du catalogue Odoo; validation metier requise."
"6564AGACMVZ1B";"PB VT AC 208/2008 3/5P  CAPT LDW 11-";"Pare-brise";"product";"1";"";"";"";"";"";"create_candidate";"Reference absente du catalogue Odoo; validation metier requise."
"6564AGAMVZ1B";"PB VT ACO PEUG 208/2008 3/5P CAPT 13-";"Pare-brise";"product";"1";"";"";"";"";"";"create_candidate";"Reference absente du catalogue Odoo; validation metier requise."
"6564AGAMVZ2B";"PB VT ACO.PEUG.208/2008 3/5P+CAPT.13-";"Pare-brise";"product";"44";"";"";"";"";"";"create_candidate";"Reference absente du catalogue Odoo; validation metier requise."
"6564AGAMVZ2B - O";"PARE-BRISE TEINTÉ VERT ACOUSTIQUE PEUGEOT 208/2008 3 ET 5 PORTES CAPTEUR DE PLUIE 13-MO 2.00";"Pare-brise";"product";"1";"";"";"";"";"";"create_candidate";"Reference absente du catalogue Odoo; validation metier requise."
"6564AGNMVZ1B";"PB VT PEUGEOT 208/2008 3/5P  CAPT 11-";"Pare-brise";"product";"3";"";"";"";"";"";"create_candidate";"Reference absente du catalogue Odoo; validation metier requise."
"6564AGNMVZ1B-O";"PARE-BRISE TEINTÉ VERT PEUGEOT 208/2008 3 ET 5 PORTES CAPTEUR DE PLUIE 11-MO 1.90";"Pare-brise";"product";"1";"";"";"";"";"";"create_candidate";"Reference absente du catalogue Odoo; validation metier requise."
"6564AGNMVZ2B";"PB VT PEUG  208/2008 3/5P  CAPT 13-";"Pare-brise";"product";"13";"";"";"";"";"";"create_candidate";"Reference absente du catalogue Odoo; validation metier requise."
"6564AGNVZ";"PB VT PEUGEOT 208/2008 3/5P. 11-";"Pare-brise";"product";"84";"";"";"";"";"";"create_candidate";"Reference absente du catalogue Odoo; validation metier requise."
"6564AGNVZ-O";"PB VT PEUGEOT 208/2008 3/5P. 11-";"Pare-brise";"product";"3";"";"";"";"";"";"create_candidate";"Reference absente du catalogue Odoo; validation metier requise."
"6564BGSH";"LUNETTE TEINTÉ VERT PEUGEOT 208 3 ET 5 PORTES 1 TROU 11-";"Glace laterale";"product";"1";"";"";"";"";"";"create_candidate";"Reference absente du catalogue Odoo; validation metier requise."
"6564BGSHA";"LUN VT PEUGEOT 208 3/5P 1 TROU ANT 11-";"Lunette";"product";"14";"";"";"";"";"";"create_candidate";"Reference absente du catalogue Odoo; validation metier requise."
"6564BGSHAW";"LUN VT PEUGEOT 208 3/5P 3 TROUS ANT 11-";"Lunette";"product";"2";"";"";"";"";"";"create_candidate";"Reference absente du catalogue Odoo; validation metier requise."
"6564BGSRI";"LUN VT PEUGEOT 2008            13-";"Lunette";"product";"1";"";"";"";"";"";"create_candidate";"Reference absente du catalogue Odoo; validation metier requise."
"6564BYPHA";"LUN PRIVACY 208 3/5P 1 TROU ANT    11-";"Lunette";"product";"8";"";"";"";"";"";"create_candidate";"Reference absente du catalogue Odoo; validation metier requise."
"6564BYPRAI";"LUN.PRIV.PEUGEOT 2008+ANT 13-";"Lunette";"product";"4";"";"";"";"";"";"create_candidate";"Reference absente du catalogue Odoo; validation metier requise."
"6564BYPRAI-T";"LUNETTE PRIVACY (NOIR) PEUGEOT 2008 ANTENNE INTÉGRÉE 13-MO 1.30";"Lunette";"product";"1";"";"";"";"";"";"create_candidate";"Reference absente du catalogue Odoo; validation metier requise."
"6564GYPH3PR";"TOIT VITRE PEUGEOT 208 3 ET 5 PORTES  13-MO 4.60";"Autres";"product";"1";"";"";"";"";"";"create_candidate";"Reference absente du catalogue Odoo; validation metier requise."
"6564GYPH3PR-O";"TOIT VITRE PEUGEOT 208 3 ET 5 PORTES 13-";"Autres";"product";"3";"";"";"";"";"";"create_candidate";"Reference absente du catalogue Odoo; validation metier requise."
"6564LGSH3FD";"DESC AVG VT PEUGEOT 208 3P 11-";"Glace laterale";"product";"2";"";"";"";"";"";"create_candidate";"Reference absente du catalogue Odoo; validation metier requise."
"6564LGSH5FD";"DESC AVG VT 208/2008 5P 11-";"Glace laterale";"product";"3";"";"";"";"";"";"create_candidate";"Reference absente du catalogue Odoo; validation metier requise."
"6564LGSH5FVZ";"DÉFLECTEUR AVANT GAUCHE TEINTÉ VERT 208 /2008 3 ET 5 PORTES 11-";"Glace laterale";"product";"14";"";"";"";"";"";"create_candidate";"Reference absente du catalogue Odoo; validation metier requise."
"6564LGSH5RD";"GLACE DESCENDANTE ARRIÈRE GAUCHE TEINTÉ VERT PEUGEOT 208 11-MO 0.90";"Glace laterale";"product";"2";"";"";"";"";"";"create_candidate";"Reference absente du catalogue Odoo; validation metier requise."
"6564LYPH3RQZ";"CUST ARG PRIV PEUGEOT 208 3P 11-";"Glace laterale";"product";"2";"";"";"";"";"";"create_candidate";"Reference absente du catalogue Odoo; validation metier requise."
"6564RGSH3FD";"DESC AVD VT PEUGEOT 208 3P 11-";"Glace laterale";"product";"6";"";"";"";"";"";"create_candidate";"Reference absente du catalogue Odoo; validation metier requise."
"6564RGSH3RQZ";"CUSTODE ARRIÈRE DROIT TEINTÉ VERT PEUGEOT 208 3 PORTES 11-MO 1.20";"Glace laterale";"product";"1";"";"";"";"";"";"create_candidate";"Reference absente du catalogue Odoo; validation metier requise."
"6564RGSH5FD";"GLACE DESCENDANTE AVANT DROIT TEINTÉ VERT 208 / 2008 5 PORTES HAYON 11-";"Glace laterale";"product";"6";"";"";"";"";"";"create_candidate";"Reference absente du catalogue Odoo; validation metier requise."
"6564RGSH5FVZ";"DÉFLECTEUR AVANT DROIT TEINTÉ VERT 208 / 2008 3 ET 5 PORTES 11-";"Glace laterale";"product";"9";"";"";"";"";"";"create_candidate";"Reference absente du catalogue Odoo; validation metier requise."
"6564RGSH5RD";"DESC ARD VT PEUGEOT 208 11-";"Glace laterale";"product";"1";"";"";"";"";"";"create_candidate";"Reference absente du catalogue Odoo; validation metier requise."
"6564RGSR5RD";"GLACE DESCENDANTE ARRIÈRE DROIT TEINTÉ VERT PEUGEOT 2008 13-MO 0.90";"Glace laterale";"product";"2";"";"";"";"";"";"create_candidate";"Reference absente du catalogue Odoo; validation metier requise."
"6568AGSV";"PB VT 301/C ELYSEE   12-";"Pare-brise";"product";"10";"";"";"";"";"";"create_candidate";"Reference absente du catalogue Odoo; validation metier requise."
"6568BGNS";"LUNETTE TEINTÉ VERT 301 / C ELYSEE 12-";"Lunette";"product";"4";"";"";"";"";"";"create_candidate";"Reference absente du catalogue Odoo; validation metier requise."
"6568RGNS4FD";"DESC AVD VT 301/ C ELYSEE 12-";"Glace laterale";"product";"1";"";"";"";"";"";"create_candidate";"Reference absente du catalogue Odoo; validation metier requise."
"6568RGNS4RD";"DESC ARD VT 301/ C ELYSEE 12-";"Glace laterale";"product";"2";"";"";"";"";"";"create_candidate";"Reference absente du catalogue Odoo; validation metier requise."
"6570AGAVZ";"PB VT AC.PEUGEOT 308 II 13-";"Pare-brise";"product";"1";"";"";"";"";"";"create_candidate";"Reference absente du catalogue Odoo; validation metier requise."
"6570AGNMVZ";"PB VT PEUGEOT 308 II+ CAPT 13-";"Pare-brise";"product";"34";"";"";"";"";"";"create_candidate";"Reference absente du catalogue Odoo; validation metier requise."
"6570AGNMVZ-O";"PB VT PEUGEOT 308 II CAPTEUR DE PLUIE 13";"Pare-brise";"product";"2";"";"";"";"";"";"create_candidate";"Reference absente du catalogue Odoo; validation metier requise."
"6570AGSVZ";"PB VT PEUGEOT 308 II    13-21";"Pare-brise";"product";"3";"";"";"";"";"";"create_candidate";"Reference absente du catalogue Odoo; validation metier requise."
"6570BGSH";"LUN VT PEUGEOT 308 II  13-";"Lunette";"product";"1";"";"";"";"";"";"create_candidate";"Reference absente du catalogue Odoo; validation metier requise."
"6570BYPHAX";"LUN PRIVACY PEUGEOT 308 ANT   13-";"Lunette";"product";"2";"";"";"";"";"";"create_candidate";"Reference absente du catalogue Odoo; validation metier requise."
"6570GYPH5PRK";"TOIT VITRE PRIVACY 308 II 5 PORTES HAYON   13-MO 4.20";"Autres";"product";"2";"";"";"";"";"";"create_candidate";"Reference absente du catalogue Odoo; validation metier requise."
"6570GYPH5PRK-O";"TOIT VITRE PRIVACY 308 II 5P. 13-";"Autres";"product";"1";"";"";"";"";"";"create_candidate";"Reference absente du catalogue Odoo; validation metier requise."
"6570LGSH5FD";"DESC AVG VT PEUGEOT 308 II 5P  13-21";"Glace laterale";"product";"2";"";"";"";"";"";"create_candidate";"Reference absente du catalogue Odoo; validation metier requise."
"6570LGSH5RD";"DESC ARG VT PEUGEOT 308 5P  13-";"Glace laterale";"product";"2";"";"";"";"";"";"create_candidate";"Reference absente du catalogue Odoo; validation metier requise."
"6570LGSH5RVWZ";"DÉFLECTEUR ARRIÈRE GAUCHE TEINTÉ VERT PEUGEOT 308 II 5 PORTES HAYON 13-21MO 1.40";"Glace laterale";"product";"1";"";"";"";"";"";"create_candidate";"Reference absente du catalogue Odoo; validation metier requise."
"6570RGSH5FD";"DESC AVD VT PEUGEOT 308 II 5P 13-21";"Glace laterale";"product";"1";"";"";"";"";"";"create_candidate";"Reference absente du catalogue Odoo; validation metier requise."
"6570RGSH5RVWZ";"DEFL  ARD VT PEUGEOT 308 5 PORTES 13-";"Glace laterale";"product";"2";"";"";"";"";"";"create_candidate";"Reference absente du catalogue Odoo; validation metier requise."
"6570RYPH5RD";"DESC ARD PRIVACY PEUGEOT 308 II 5P 13-21";"Glace laterale";"product";"1";"";"";"";"";"";"create_candidate";"Reference absente du catalogue Odoo; validation metier requise."
"6570RYPH5RVWZ";"DEFL  ARD VT PEUGEOT 308 5 PORTES 13-";"Glace laterale";"product";"1";"";"";"";"";"";"create_candidate";"Reference absente du catalogue Odoo; validation metier requise."
"6571AGRCIMVZ";"PB VT ACO.3008/5008 II +CAPT+LDW 16-";"Pare-brise";"product";"71";"";"";"";"";"";"create_candidate";"Reference absente du catalogue Odoo; validation metier requise."
"6571BYPRA";"LUN PRIV PEUGEOT 3008 II  ANT  16-";"Lunette";"product";"2";"";"";"";"";"";"create_candidate";"Reference absente du catalogue Odoo; validation metier requise."
"6571BYPRA1J";"LUN PRIV PEUGEOT 5008 II  ANT  16-";"Lunette";"product";"2";"";"";"";"";"";"create_candidate";"Reference absente du catalogue Odoo; validation metier requise."
"6571LGSR5FD";"DESC AVG VT PEUGEOT 3008/5008 II 16-";"Glace laterale";"product";"4";"";"";"";"";"";"create_candidate";"Reference absente du catalogue Odoo; validation metier requise."
"6571LGSR5FDKW1J";"DESC AVG VT FEUILL 3008/5008 II 16-";"Glace laterale";"product";"1";"";"";"";"";"";"create_candidate";"Reference absente du catalogue Odoo; validation metier requise."
"6571RGSR5FD";"DESC AVD VT PEUGEOT 3008/5008 II 16-";"Glace laterale";"product";"5";"";"";"";"";"";"create_candidate";"Reference absente du catalogue Odoo; validation metier requise."
"6571RGSR5FDKW1J";"DESC AVD VT FEUILL 3008/5008 II 16-";"Glace laterale";"product";"4";"";"";"";"";"";"create_candidate";"Reference absente du catalogue Odoo; validation metier requise."
"6571RYPR5RD";"DESC ARD PRIV PEUGEOT 3008 II 16-24";"Glace laterale";"product";"1";"";"";"";"";"";"create_candidate";"Reference absente du catalogue Odoo; validation metier requise."
"6571RYPR5RQZ1D";"CUSTODE ARRIÈRE DROIT PRIVACY (NOIR) 3008 II CHROME 16-";"Glace laterale";"product";"1";"";"";"";"";"";"create_candidate";"Reference absente du catalogue Odoo; validation metier requise."
"6574AGACIMOVZ";"PB VT AC PEUG 208 2 CAPT CAM HUM 22-";"Pare-brise";"product";"4";"";"";"";"";"";"create_candidate";"Reference absente du catalogue Odoo; validation metier requise."
"6574AGACIMVZ";"PARE-BRISE TEINTÉ VERT AC PEUGEOT 208 II";"Pare-brise";"product";"4";"";"";"";"";"";"create_candidate";"Reference absente du catalogue Odoo; validation metier requise."
"6574AGSCIMOVZ";"PB TV PEUGEOT 208 II  E";"Pare-brise";"product";"5";"";"";"";"";"";"create_candidate";"Reference absente du catalogue Odoo; validation metier requise."
"6574AGSCIMVZ";"PB VT PEUGEOT 208 II CAPT LDW 19-";"Pare-brise";"product";"11";"";"";"";"";"";"create_candidate";"Reference absente du catalogue Odoo; validation metier requise."
"6574AGSCIMVZ1D";"PB VT PEUGEOT 208 II CAPT CAM 19-";"Pare-brise";"product";"1";"";"";"";"";"";"create_candidate";"Reference absente du catalogue Odoo; validation metier requise."
"6574BGSH";"LUNETTE TEINTÉ VERT PEUGEOT 208 II   19-";"Lunette";"product";"1";"";"";"";"";"";"create_candidate";"Reference absente du catalogue Odoo; validation metier requise."
"6574BYPHA";"LUN PRIV PEUGEOT 208 II ANT  19-";"Lunette";"product";"1";"";"";"";"";"";"create_candidate";"Reference absente du catalogue Odoo; validation metier requise."
"6574LGSH5FD";"DESC AVG VT PEUGEOT 208 II 19-";"Glace laterale";"product";"1";"";"";"";"";"";"create_candidate";"Reference absente du catalogue Odoo; validation metier requise."
"6574LGSH5RD";"DESC ARG VT PEUGEOT 208 II 19-";"Glace laterale";"product";"1";"";"";"";"";"";"create_candidate";"Reference absente du catalogue Odoo; validation metier requise."
"6574LYPH5RVWZ";"CUST ARG VT PEUGEOT 208 II 19-";"Glace laterale";"product";"2";"";"";"";"";"";"create_candidate";"Reference absente du catalogue Odoo; validation metier requise."
"6574RGSH5FD";"DESC AVD VT PEUGEOT 208 II 19-";"Glace laterale";"product";"3";"";"";"";"";"";"create_candidate";"Reference absente du catalogue Odoo; validation metier requise."
"6574RGSH5RD";"DESC ARD VT PEUGEOT 208 II 19-";"Glace laterale";"product";"1";"";"";"";"";"";"create_candidate";"Reference absente du catalogue Odoo; validation metier requise."
"6574RGSH5RVWZ";"DÉFLECTEUR ARRIÈRE DROIT TEINTÉ VERT PEUGEOT 208 II 19-MO 0.90";"Glace laterale";"product";"3";"";"";"";"";"";"create_candidate";"Reference absente du catalogue Odoo; validation metier requise."
"6575AGACIMOVZ";"PB VT AC 2008 2 CAPT CAM HUM 20-";"Pare-brise";"product";"5";"";"";"";"";"";"create_candidate";"Reference absente du catalogue Odoo; validation metier requise."
"6575AGACIMVZ";"PB VT AC PEUGEOT 2008 II CAPT CAM 20-";"Pare-brise";"product";"3";"";"";"";"";"";"create_candidate";"Reference absente du catalogue Odoo; validation metier requise."
"6575BGSRAZ1F";"LUN VT PEUGEOT 2008 II ANT  20-";"Lunette";"product";"2";"";"";"";"";"";"create_candidate";"Reference absente du catalogue Odoo; validation metier requise."
"6575LGSR5RD";"DESC ARG VT PEUGEOT 2008 II  20-";"Glace laterale";"product";"1";"";"";"";"";"";"create_candidate";"Reference absente du catalogue Odoo; validation metier requise."
"6575RGSR5RD";"GLACE DESCENDANTE ARRIÈRE DROIT TEINTÉ VERT PEUGEOT 2008 II 20-MO 1.20";"Glace laterale";"product";"1";"";"";"";"";"";"create_candidate";"Reference absente du catalogue Odoo; validation metier requise."
"6575RGSR5RVWZ";"DLT AR DROIT TEINTÉ VERT PEUGEOT 2008 II";"Glace laterale";"product";"1";"";"";"";"";"";"create_candidate";"Reference absente du catalogue Odoo; validation metier requise."
"6577AGACMVZ";"PB VT AC 308 III / 408 CAPT CAM 21-";"Pare-brise";"product";"2";"";"";"";"";"";"create_candidate";"Reference absente du catalogue Odoo; validation metier requise."
"6577LYPH5RD";"DESC ARG PRIV PEUGEOT 308 III 21-";"Glace laterale";"product";"1";"";"";"";"";"";"create_candidate";"Reference absente du catalogue Odoo; validation metier requise."
"6736AGAGYMVZ";"PB VTGY ACO PORSCHE MACAN CAPT 14-";"Pare-brise";"product";"2";"";"";"";"";"";"create_candidate";"Reference absente du catalogue Odoo; validation metier requise."
"6736AGSCMVZ6B";"PB VT MACAN CAM CAPT 14-";"Pare-brise";"product";"1";"";"";"";"";"";"create_candidate";"Reference absente du catalogue Odoo; validation metier requise."
"6810560081";"LUNETTE LAND CRUISER";"Lunette";"product";"1";"";"";"";"";"";"create_candidate";"Reference absente du catalogue Odoo; validation metier requise."
"7010ACL1C";"PARE-BRISE CLAIR ROVER 100 EMBASE MÉTALLIQUE 80-98MO 0.95";"Pare-brise";"product";"2";"";"";"";"";"";"create_candidate";"Reference absente du catalogue Odoo; validation metier requise."
"7012ACL";"PB CL LAND 90/110/DEFENDER           83-";"Pare-brise";"product";"1";"";"";"";"";"";"create_candidate";"Reference absente du catalogue Odoo; validation metier requise."
"7012AGN";"PB VT LAND 90/110/DEFENDER           83-";"Pare-brise";"product";"3";"";"";"";"";"";"create_candidate";"Reference absente du catalogue Odoo; validation metier requise."
"7012ASRR";"JT PB LAND ROVER 90/110/DEFEND     83-";"Joint";"product";"2";"";"";"";"";"";"create_candidate";"Reference absente du catalogue Odoo; validation metier requise."
"7012BGNRBW1J";"LUN VT LAND RO 90/110/DEFENDER STOP83-11";"Lunette";"product";"1";"";"";"";"";"";"create_candidate";"Reference absente du catalogue Odoo; validation metier requise."
"7016AGNBL";"PB VTBL ROVER 200/HON CONCERTO  90-96";"Pare-brise";"product";"1";"";"";"";"";"";"create_candidate";"Reference absente du catalogue Odoo; validation metier requise."
"7016ASMHT";"JC SUP PB ROVER 200/400/CONCER  90-95";"Joint";"product";"1";"";"";"";"";"";"create_candidate";"Reference absente du catalogue Odoo; validation metier requise."
"7016RGNH5FDW";"DESC AVD VT 200/CONCERTO 4-5P /BK 90-96";"Glace laterale";"product";"1";"";"";"";"";"";"create_candidate";"Reference absente du catalogue Odoo; validation metier requise."
"7022AGN1C";"PB VT L ROVER DISCOVERY II EMB    97-99";"Pare-brise";"product";"2";"";"";"";"";"";"create_candidate";"Reference absente du catalogue Odoo; validation metier requise."
"7022AGN1C - O";"PARE-BRISE TEINTÉ VERT L ROVER DISCOVERY II EMBASE RÉTRO 97-99MO 2.85";"Pare-brise";"product";"1";"";"";"";"";"";"create_candidate";"Reference absente du catalogue Odoo; validation metier requise."
"7022ASMRT";"JC SUP PB L ROVER DISCOVERY II     94-97";"Joint";"product";"1";"";"";"";"";"";"create_candidate";"Reference absente du catalogue Odoo; validation metier requise."
"7028AGSVW";"PB VT LAND ROVER FREELANDER      98-07";"Pare-brise";"product";"6";"";"";"";"";"";"create_candidate";"Reference absente du catalogue Odoo; validation metier requise."
"7028ASMR";"JC PB LAND ROVER FREELANDER      98-07";"Joint";"product";"1";"";"";"";"";"";"create_candidate";"Reference absente du catalogue Odoo; validation metier requise."
"7028LGSR3FD1M";"DESC AVG VT FREELANDER 3P     98-07";"Glace laterale";"product";"1";"";"";"";"";"";"create_candidate";"Reference absente du catalogue Odoo; validation metier requise."
"7028LGSR5RQ";"CUST ARG VT FREELANDER 5P      98-07";"Glace laterale";"product";"1";"";"";"";"";"";"create_candidate";"Reference absente du catalogue Odoo; validation metier requise."
"7035AGNV";"PB VT ROVER 75                     98-05";"Pare-brise";"product";"1";"";"";"";"";"";"create_candidate";"Reference absente du catalogue Odoo; validation metier requise."
"7036AGAMVW";"PB VT ACO  R ROVER SPORT CAPT 09-10";"Pare-brise";"product";"1";"";"";"";"";"";"create_candidate";"Reference absente du catalogue Odoo; validation metier requise."
"7036AGSHMVW1B";"PB VT R. ROV.SPORT CHAUF+CAPT 05-09";"Pare-brise";"product";"2";"";"";"";"";"";"create_candidate";"Reference absente du catalogue Odoo; validation metier requise."
"7036AGSMVW1B";"PB VT RANGE ROVER SPORT  CAPT 05-09";"Pare-brise";"product";"1";"";"";"";"";"";"create_candidate";"Reference absente du catalogue Odoo; validation metier requise."
"7036ASMRT";"JC SUP.PB RANGE ROVER SPORT 05-13";"Joint";"product";"5";"";"";"";"";"";"create_candidate";"Reference absente du catalogue Odoo; validation metier requise."
"7036LGAR5FDKW1K";"DESC AVG VT FEUILL ROVER SPORT  10-13";"Glace laterale";"product";"1";"";"";"";"";"";"create_candidate";"Reference absente du catalogue Odoo; validation metier requise."
"7036LGPR5RDW";"DESC.ARG VT FONC.R.ROVER SPORT 05-09";"Glace laterale";"product";"1";"";"";"";"";"";"create_candidate";"Reference absente du catalogue Odoo; validation metier requise."
"7036LGSR5RVZ";"DÉFLECTEUR ARRIÈRE GAUCHE TEINTÉ";"Glace laterale";"product";"1";"";"";"";"";"";"create_candidate";"Reference absente du catalogue Odoo; validation metier requise."
"7038AGSMVW";"PB VT LAND R.FREELANDER 2+CAPT 07-";"Pare-brise";"product";"3";"";"";"";"";"";"create_candidate";"Reference absente du catalogue Odoo; validation metier requise."
"7042AGACMOVWZ7P";"PB VT AC EVOQUE R3  CAPT CAM 15-";"Pare-brise";"product";"2";"";"";"";"";"";"create_candidate";"Reference absente du catalogue Odoo; validation metier requise."
"7042AGAMOVWZ";"PB VT ACO R ROV EVOQUE CAPT VAP 11-12";"Pare-brise";"product";"3";"";"";"";"";"";"create_candidate";"Reference absente du catalogue Odoo; validation metier requise."
"7042AGAMOVWZ6P";"PB VT ACO EVOQUE 3P CAPT VAP 14-";"Pare-brise";"product";"2";"";"";"";"";"";"create_candidate";"Reference absente du catalogue Odoo; validation metier requise."
"7042LGNR3FD";"DESC AVG VT R ROVER EVOQUE 3P 11-";"Glace laterale";"product";"1";"";"";"";"";"";"create_candidate";"Reference absente du catalogue Odoo; validation metier requise."
"7043AGACMOVWZ7P";"PB VT AC EVOQUE 5P  CAPT LDW 15-";"Pare-brise";"product";"17";"";"";"";"";"";"create_candidate";"Reference absente du catalogue Odoo; validation metier requise."
"7043AGAMOVWZ1B";"PB VT ACO EVOQUE  CAPT VAP 5P  07/12-14";"Pare-brise";"product";"3";"";"";"";"";"";"create_candidate";"Reference absente du catalogue Odoo; validation metier requise."
"7043AGAMOVWZ6P";"PB VT ACO EVOQUE 5P CAPT VAP 14-";"Pare-brise";"product";"7";"";"";"";"";"";"create_candidate";"Reference absente du catalogue Odoo; validation metier requise."
"7043LGNR5FDN";"DESC AVG VT RANGE EVOQUE 5PTES 12-";"Glace laterale";"product";"2";"";"";"";"";"";"create_candidate";"Reference absente du catalogue Odoo; validation metier requise."
"7043RGNR5FDN";"DESC AVD VT RANGE EVOQUE 5PTES 12-19";"Glace laterale";"product";"1";"";"";"";"";"";"create_candidate";"Reference absente du catalogue Odoo; validation metier requise."
"7044RYPR5RVKW1Z";"DEFLECTEUR ARD";"Glace laterale";"product";"1";"";"";"";"";"";"create_candidate";"Reference absente du catalogue Odoo; validation metier requise."
"7045AGACHMVWZ97";"PB VT R.R SPORT CHAUF CAPT CAM 16-";"Pare-brise";"product";"1";"";"";"";"";"";"create_candidate";"Reference absente du catalogue Odoo; validation metier requise."
"7045AGAHMOVWZ";"PB VT R ROVER SPORT CHAUF CAPT 13-14";"Pare-brise";"product";"2";"";"";"";"";"";"create_candidate";"Reference absente du catalogue Odoo; validation metier requise."
"7045AGAHMOVWZ96";"PB VT R ROVER SPORT CHAUF CAPT 14-";"Pare-brise";"product";"1";"";"";"";"";"";"create_candidate";"Reference absente du catalogue Odoo; validation metier requise."
"7046ACDCMOVZ";"PB REFL DISCOVERY SPORT CAPT CAM 14-";"Pare-brise";"product";"1";"";"";"";"";"";"create_candidate";"Reference absente du catalogue Odoo; validation metier requise."
"7046AGACMOVZ";"PB VT DISCOVERY SPORT CAPT CAM 14-19";"Pare-brise";"product";"2";"";"";"";"";"";"create_candidate";"Reference absente du catalogue Odoo; validation metier requise."
"7046BGNRA";"LUN VT DISCOVERY SPORT ANT 14-";"Lunette";"product";"1";"";"";"";"";"";"create_candidate";"Reference absente du catalogue Odoo; validation metier requise."
"7046LGNR5RD1M";"DESC ARG DISCOVERY SPORT";"Glace laterale";"product";"1";"";"";"";"";"";"create_candidate";"Reference absente du catalogue Odoo; validation metier requise."
"7047RGSR5FD1M";"DESC AVD VT VELAR                  17-";"Glace laterale";"product";"1";"";"";"";"";"";"create_candidate";"Reference absente du catalogue Odoo; validation metier requise."
"7048AGRCMVZ";"PB VT DISCOVERY 5  CAPT CAM 17-";"Pare-brise";"product";"1";"";"";"";"";"";"create_candidate";"Reference absente du catalogue Odoo; validation metier requise."
"7049AGACMVZ";"PB VT AC EVOQUE 5P CAPT CAM  19-";"Pare-brise";"product";"1";"";"";"";"";"";"create_candidate";"Reference absente du catalogue Odoo; validation metier requise."
"7049LGSR5FD1M";"DESC AVG VT LAND ROVER EVOQUE 5P 19-";"Glace laterale";"product";"1";"";"";"";"";"";"create_candidate";"Reference absente du catalogue Odoo; validation metier requise."
"7214ASFC";"CLE CHROME AU METRE PARE-BRISE RENAULT 5 72-85";"Joint";"product";"1";"";"";"";"";"";"create_candidate";"Reference absente du catalogue Odoo; validation metier requise."
"7219AGN";"PB VT RVI CABINE 875/SERIE G/GR 77-96";"Pare-brise";"product";"1";"";"";"";"";"";"create_candidate";"Reference absente du catalogue Odoo; validation metier requise."
"7219ASRL";"JT PB RVI CABINE 875/SERIE G/GR  77-96";"Joint";"product";"1";"";"";"";"";"";"create_candidate";"Reference absente du catalogue Odoo; validation metier requise."
"7224AGN1C";"PB VT RENAULT  R9/R11              81-89";"Pare-brise";"product";"1";"";"";"";"";"";"create_candidate";"Reference absente du catalogue Odoo; validation metier requise."
"7226AGN";"PARE-BRISE TEINTÉ VERT RENAULT R25                  84-93MO 2,20";"Pare-brise";"product";"1";"";"";"";"";"";"create_candidate";"Reference absente du catalogue Odoo; validation metier requise."
"7227ACL1C";"PB CL SUPERCINQ / EXPRESS          84-00";"Pare-brise";"product";"2";"";"";"";"";"";"create_candidate";"Reference absente du catalogue Odoo; validation metier requise."
"7227ACL1C-O";"PB CL SUPERCINQ / EXPRESS 84-00";"Pare-brise";"product";"1";"";"";"";"";"";"create_candidate";"Reference absente du catalogue Odoo; validation metier requise."
"7227AGN1C";"PB VT SUPERCINQ / EXPRESS          84-00";"Pare-brise";"product";"1";"";"";"";"";"";"create_candidate";"Reference absente du catalogue Odoo; validation metier requise."
"7227AKKH";"JCS PB KIT COMP. SUPERCINQ/EXPRESS 84-00";"Joint";"product";"3";"";"";"";"";"";"create_candidate";"Reference absente du catalogue Odoo; validation metier requise."
"7232RGNH5FD";"DESC AVD VT CLIO I 5PTES      91-98";"Glace laterale";"product";"1";"";"";"";"";"";"create_candidate";"Reference absente du catalogue Odoo; validation metier requise."
"7236ACC6A";"PB REFL RENAULT TWINGO I         93-07";"Pare-brise";"product";"3";"";"";"";"";"";"create_candidate";"Reference absente du catalogue Odoo; validation metier requise."
"7236agn";"7236agn";"Autres";"product";"1";"";"";"";"";"";"create_candidate";"Reference absente du catalogue Odoo; validation metier requise."
"7236AGS2B";"PB VT RENAULT TWINGO I 93-07";"Pare-brise";"product";"15";"";"";"";"";"";"create_candidate";"Reference absente du catalogue Odoo; validation metier requise."
"7236AKMH";"JC+C PB KIT COMP RENAULT TWINGO I 93-07";"Joint";"product";"7";"";"";"";"";"";"create_candidate";"Reference absente du catalogue Odoo; validation metier requise."
"7236ASMH";"JC PB RENAULT TWINGO I             93-07";"Joint";"product";"9";"";"";"";"";"";"create_candidate";"Reference absente du catalogue Odoo; validation metier requise."
"7236BGNH";"LUN VT RENAULT TWINGO              93-07";"Lunette";"product";"3";"";"";"";"";"";"create_candidate";"Reference absente du catalogue Odoo; validation metier requise."
"7236BSRH";"JT LUN RENAULT TWINGO              93-07";"Joint";"product";"1";"";"";"";"";"";"create_candidate";"Reference absente du catalogue Odoo; validation metier requise."
"7236LGNH3FD";"DESC AVG VT RENAULT TWINGO I   93-07";"Glace laterale";"product";"1";"";"";"";"";"";"create_candidate";"Reference absente du catalogue Odoo; validation metier requise."
"7236RGNH3FD";"DESC AVD VT RENAULT TWINGO       93-07";"Glace laterale";"product";"1";"";"";"";"";"";"create_candidate";"Reference absente du catalogue Odoo; validation metier requise."
"7236RGNH3RQ";"CUST ARD VT RENAULT TWINGO       93-07";"Glace laterale";"product";"2";"";"";"";"";"";"create_candidate";"Reference absente du catalogue Odoo; validation metier requise."
"7237ACC1B";"PB REFLECHISSANT LAGUNA I          94-00";"Pare-brise";"product";"2";"";"";"";"";"";"create_candidate";"Reference absente du catalogue Odoo; validation metier requise."
"7237AKMHT";"JC SUP.+CALES KIT PB LAGUNA I    94-00";"Joint";"product";"1";"";"";"";"";"";"create_candidate";"Reference absente du catalogue Odoo; validation metier requise."
"7239AGS";"PB VT RENAULT MEGANE I BNE 4/5P    96-02";"Pare-brise";"product";"3";"";"";"";"";"";"create_candidate";"Reference absente du catalogue Odoo; validation metier requise."
"7239AKMH";"JC+C KIT PB COMP. MEGANE BNE/CPE 96-02";"Joint";"product";"4";"";"";"";"";"";"create_candidate";"Reference absente du catalogue Odoo; validation metier requise."
"7239LGNH5FD";"DESC AVG VT MEGANE BNE 4/5P      96-02";"Glace laterale";"product";"2";"";"";"";"";"";"create_candidate";"Reference absente du catalogue Odoo; validation metier requise."
"7239RGNH5RV";"DEFL ARD VT MEGANE BNE 4/5P        96-02";"Glace laterale";"product";"1";"";"";"";"";"";"create_candidate";"Reference absente du catalogue Odoo; validation metier requise."
"7240ACC";"PB REFLECHISSANT MEGANE I CPE/CA 96-02";"Pare-brise";"product";"1";"";"";"";"";"";"create_candidate";"Reference absente du catalogue Odoo; validation metier requise."
"7242AGN";"PB VT PREMIUM 96-14 CABINE C/D/K 96-";"Pare-brise";"product";"4";"";"";"";"";"";"create_candidate";"Reference absente du catalogue Odoo; validation metier requise."
"7242AGNGN";"PB RENAULT KERAX";"Pare-brise";"product";"1";"";"";"";"";"";"create_candidate";"Reference absente du catalogue Odoo; validation metier requise."
"7242AKCH";"CALE PB PREMIUM/MIDLUM CABIN C/D/K/T 96-";"Joint";"product";"2";"";"";"";"";"";"create_candidate";"Reference absente du catalogue Odoo; validation metier requise."
"7242ASML";"JOINT RENAULT KERAX";"Joint";"product";"6";"";"";"";"";"";"create_candidate";"Reference absente du catalogue Odoo; validation metier requise."
"7245AGN";"PB VT RENAULT SCENIC I 97-03";"Pare-brise";"product";"1";"";"";"";"";"";"create_candidate";"Reference absente du catalogue Odoo; validation metier requise."
"7245AKMV";"JC+C PB KIT COMP. MEGANE SCENIC 97-03";"Joint";"product";"3";"";"";"";"";"";"create_candidate";"Reference absente du catalogue Odoo; validation metier requise."
"7245BGSVO";"LUN VT MEGANE SCENIC 4X4 OUVR  97-03";"Lunette";"product";"1";"";"";"";"";"";"create_candidate";"Reference absente du catalogue Odoo; validation metier requise."
"7245BSMV";"JC LUN RENAULT MEGANE SCENIC     97-03";"Joint";"product";"1";"";"";"";"";"";"create_candidate";"Reference absente du catalogue Odoo; validation metier requise."
"7245LGNV5FD1H";"DESC AVG VT MEGANE SCENIC 1 TROU 97-03";"Glace laterale";"product";"1";"";"";"";"";"";"create_candidate";"Reference absente du catalogue Odoo; validation metier requise."
"7246ACC6Z";"PB REFLECHISSANT KANGOO            98-07";"Pare-brise";"product";"7";"";"";"";"";"";"create_candidate";"Reference absente du catalogue Odoo; validation metier requise."
"7246AGS6Z";"PB VT RENAULT KANGOO 98-07";"Pare-brise";"product";"31";"";"";"";"";"";"create_candidate";"Reference absente du catalogue Odoo; validation metier requise."
"7246AKKV";"JCS CALES PB KIT COMP  KANGOO 1 97-02";"Joint";"product";"5";"";"";"";"";"";"create_candidate";"Reference absente du catalogue Odoo; validation metier requise."
"7246AKMV1F";"JC INF  CALES PB KANGOO 1 97-02";"Joint";"product";"1";"";"";"";"";"";"create_candidate";"Reference absente du catalogue Odoo; validation metier requise."
"7246AKMV1H";"JCS KIT COMP PB KANGOO 1 PHASE 2   02-07";"Joint";"product";"9";"";"";"";"";"";"create_candidate";"Reference absente du catalogue Odoo; validation metier requise."
"7246ASMV";"JC U PB RENAULT KANGOO             98-02";"Joint";"product";"12";"";"";"";"";"";"create_candidate";"Reference absente du catalogue Odoo; validation metier requise."
"7246ASMV1H";"JC PB RENAULT KANGOO - PHASE 2   02-07";"Joint";"product";"8";"";"";"";"";"";"create_candidate";"Reference absente du catalogue Odoo; validation metier requise."
"7246ASMVB";"JC INF RENAULT KANGOO              98-07";"Joint";"product";"2";"";"";"";"";"";"create_candidate";"Reference absente du catalogue Odoo; validation metier requise."
"7246BGSV";"LUN VT KANGOO HAYON 590MM   98-07";"Lunette";"product";"1";"";"";"";"";"";"create_candidate";"Reference absente du catalogue Odoo; validation metier requise."
"7246BGSV1J";"LUN VT KANGOO HAYON 598MM   99-07";"Lunette";"product";"1";"";"";"";"";"";"create_candidate";"Reference absente du catalogue Odoo; validation metier requise."
"7246BGSVL";"LUN.ARG VT CH.RENAULT KANGOO 98-07";"Lunette";"product";"2";"";"";"";"";"";"create_candidate";"Reference absente du catalogue Odoo; validation metier requise."
"7246BSMVL";"JT LUN ARG RENAULT KANGOO       98-07";"Joint";"product";"1";"";"";"";"";"";"create_candidate";"Reference absente du catalogue Odoo; validation metier requise."
"7246BSMVR";"JT LUN ARD RENAULT KANGOO  98-07";"Joint";"product";"1";"";"";"";"";"";"create_candidate";"Reference absente du catalogue Odoo; validation metier requise."
"7246LGSV3MQO";"GL PT OUV ARG VT KANGOO VITRE  97-07";"Glace laterale";"product";"1";"";"";"";"";"";"create_candidate";"Reference absente du catalogue Odoo; validation metier requise."
"7246LGSV4RDO";"GLACE ARG VT OUVR KANGOO VITRE  97-07";"Glace laterale";"product";"1";"";"";"";"";"";"create_candidate";"Reference absente du catalogue Odoo; validation metier requise."
"7246LGSV5RQ";"CUST ARG VT KANGOO VITRE 5P        97-07";"Glace laterale";"product";"1";"";"";"";"";"";"create_candidate";"Reference absente du catalogue Odoo; validation metier requise."
"7247AGN2P";"PB VT MASTER II / MASCOTT / MO. 99-09";"Pare-brise";"product";"17";"";"";"";"";"";"create_candidate";"Reference absente du catalogue Odoo; validation metier requise."
"7247AKMV";"JC PB KIT COMPLET MASTER II  98-09";"Joint";"product";"7";"";"";"";"";"";"create_candidate";"Reference absente du catalogue Odoo; validation metier requise."
"7247AKMV9";"VO - JC+C PB KIT COMP. MASTER II  98-09";"Joint";"product";"4";"";"";"";"";"";"create_candidate";"Reference absente du catalogue Odoo; validation metier requise."
"7247ASMV";"JC PB MASTER/MASCOTT/MOVANO      98-09";"Joint";"product";"7";"";"";"";"";"";"create_candidate";"Reference absente du catalogue Odoo; validation metier requise."
"7247BGNVRU";"LUN VT DROITE MASTER 2 NON CHAUFF 98-09";"Lunette";"product";"2";"";"";"";"";"";"create_candidate";"Reference absente du catalogue Odoo; validation metier requise."
"7247BGNVRU1J";"LUN VT DROITE NON CHAUFF MASTER 98-09";"Lunette";"product";"2";"";"";"";"";"";"create_candidate";"Reference absente du catalogue Odoo; validation metier requise."
"7247BGSPU";"LUN VT CABINE MASTER NON CHAUFF 98-09";"Lunette";"product";"1";"";"";"";"";"";"create_candidate";"Reference absente du catalogue Odoo; validation metier requise."
"7247BGSVRU";"LUNETTE ARRIÈRE DROIT TEINTÉ VERT RENAULT KANGOO II     07-";"Lunette";"product";"1";"";"";"";"";"";"create_candidate";"Reference absente du catalogue Odoo; validation metier requise."
"7247LGNV2FD";"GLACE DESCENDANTE AVANT GAUCHE TEINTÉ VERT MASTER/MOV /DAILY 2 98-09";"Glace laterale";"product";"2";"";"";"";"";"";"create_candidate";"Reference absente du catalogue Odoo; validation metier requise."
"7247LGNV2FV";"DEFL AVG VT MASTER/MOV /DAILY 2 98-09";"Glace laterale";"product";"1";"";"";"";"";"";"create_candidate";"Reference absente du catalogue Odoo; validation metier requise."
"7247RGNV2FD";"GLACE DESCENDANTE AVANT DROIT TEINTÉ VERT MASTER/MOV /DAILY 2 98-09";"Glace laterale";"product";"1";"";"";"";"";"";"create_candidate";"Reference absente du catalogue Odoo; validation metier requise."
"7247RGNV2FV";"DEFL AVD VT MASTER/MOV /DAILY 2 98-09";"Glace laterale";"product";"4";"";"";"";"";"";"create_candidate";"Reference absente du catalogue Odoo; validation metier requise."
"7248ACC1M";"PB REFLECHISSANT CLIO II 98-05";"Pare-brise";"product";"12";"";"";"";"";"";"create_candidate";"Reference absente du catalogue Odoo; validation metier requise."
"7248ACCM1R";"PB REFL.RENAULT CLIO II +CAPT. 98-05";"Pare-brise";"product";"5";"";"";"";"";"";"create_candidate";"Reference absente du catalogue Odoo; validation metier requise."
"7248ACDM1B";"PB REFL ACO RENAULT CLIO II CAPT 98-12";"Pare-brise";"product";"1";"";"";"";"";"";"create_candidate";"Reference absente du catalogue Odoo; validation metier requise."
"7248AGS1B";"PB VT RENAULT CLIO II 98-05";"Pare-brise";"product";"81";"";"";"";"";"";"create_candidate";"Reference absente du catalogue Odoo; validation metier requise."
"7248AGS1B-D";"PB VT RENAULT CLIO II              98-12";"Pare-brise";"product";"1";"";"";"";"";"";"create_candidate";"Reference absente du catalogue Odoo; validation metier requise."
"7248AGS1B-O";"PB VT RENAULT CLIO II 98-05";"Pare-brise";"product";"1";"";"";"";"";"";"create_candidate";"Reference absente du catalogue Odoo; validation metier requise."
"7248AKMH";"JC+CALES KIT PB RENAULT CLIO II  98-05";"Joint";"product";"89";"";"";"";"";"";"create_candidate";"Reference absente du catalogue Odoo; validation metier requise."
"7248ASMH1";"JC PB RENAULT CLIO II              98-12";"Joint";"product";"4";"";"";"";"";"";"create_candidate";"Reference absente du catalogue Odoo; validation metier requise."
"7248BGNS";"LUNETTE TEINTÉ VERT RENAULT SYMBOL/THALIA   4 PORTES COFFRE  98-05MO 1,30";"Lunette";"product";"1";"";"";"";"";"";"create_candidate";"Reference absente du catalogue Odoo; validation metier requise."
"7248BGNS-D";"LUN.VT RENAULT SYMBOL/THALIA   4P  98-05";"Lunette";"product";"3";"";"";"";"";"";"create_candidate";"Reference absente du catalogue Odoo; validation metier requise."
"7248BGSH";"LUN VT RENAULT CLIO II             98-12";"Lunette";"product";"5";"";"";"";"";"";"create_candidate";"Reference absente du catalogue Odoo; validation metier requise."
"7248BSMHB";"JC INF LUN RENAULT CLIO II         98-12";"Joint";"product";"1";"";"";"";"";"";"create_candidate";"Reference absente du catalogue Odoo; validation metier requise."
"7248LGSH3RQZ";"CUST ARG VT CLIO II 3P             98-12";"Glace laterale";"product";"4";"";"";"";"";"";"create_candidate";"Reference absente du catalogue Odoo; validation metier requise."
"7248LGSH5RV";"DEFL ARG VT CLIO II 5P             98-12";"Glace laterale";"product";"1";"";"";"";"";"";"create_candidate";"Reference absente du catalogue Odoo; validation metier requise."
"7248RGSH3FD1J";"GLACE DESCENDANTE AVANT DROIT TEINTÉ VERT CLIO II 3 PORTES 01-12MO 0,40";"Glace laterale";"product";"1";"";"";"";"";"";"create_candidate";"Reference absente du catalogue Odoo; validation metier requise."
"7248RGSH3RQZ";"CUST ARD VT CLIO II 3P             98-12";"Glace laterale";"product";"1";"";"";"";"";"";"create_candidate";"Reference absente du catalogue Odoo; validation metier requise."
"7248RGSH5FD1A";"DESC AVD VT CLIO II 5P             01-12";"Glace laterale";"product";"1";"";"";"";"";"";"create_candidate";"Reference absente du catalogue Odoo; validation metier requise."
"7248RGSH5RD1J";"DESC ARD VT CLIO II 5P             01-12";"Glace laterale";"product";"1";"";"";"";"";"";"create_candidate";"Reference absente du catalogue Odoo; validation metier requise."
"7248RGSH5RV";"DEFL ARD VT CLIO II 5P             98-12";"Glace laterale";"product";"2";"";"";"";"";"";"create_candidate";"Reference absente du catalogue Odoo; validation metier requise."
"7249AGSMV1R";"PARE-BRISE TEINTÉ VERT CAPTEUR DE PLUIE PLUIE LAGUNA II 01-03MO 1,80";"Pare-brise";"product";"1";"";"";"";"";"";"create_candidate";"Reference absente du catalogue Odoo; validation metier requise."
"7249AGSMV6X";"PB VT RENAULT LAGUNA II  CAPT      04-07";"Pare-brise";"product";"1";"";"";"";"";"";"create_candidate";"Reference absente du catalogue Odoo; validation metier requise."
"7249AGSV1M";"PB VT RENAULT LAGUNA II            01-07";"Pare-brise";"product";"1";"";"";"";"";"";"create_candidate";"Reference absente du catalogue Odoo; validation metier requise."
"7249ASMHT";"JC SUP PB RENAULT LAGUNA II        01-07";"Joint";"product";"1";"";"";"";"";"";"create_candidate";"Reference absente du catalogue Odoo; validation metier requise."
"7250RGSH5FD";"DESC.AVD VT VELSATIS               01-09";"Glace laterale";"product";"2";"";"";"";"";"";"create_candidate";"Reference absente du catalogue Odoo; validation metier requise."
"7251AGAVW1R";"PB VT RENAULT ESPACE IV            02-14";"Pare-brise";"product";"1";"";"";"";"";"";"create_candidate";"Reference absente du catalogue Odoo; validation metier requise."
"7251AKMV";"JC KIT COMPLET PB RENAULT ESPACE 4 02-14";"Joint";"product";"1";"";"";"";"";"";"create_candidate";"Reference absente du catalogue Odoo; validation metier requise."
"7251BGPVW";"LUN VT FONCE ESPACE FIXE     02-14";"Lunette";"product";"1";"";"";"";"";"";"create_candidate";"Reference absente du catalogue Odoo; validation metier requise."
"7251BGSVW";"LUN VT ESPACE 4 FIXE             02-14";"Lunette";"product";"1";"";"";"";"";"";"create_candidate";"Reference absente du catalogue Odoo; validation metier requise."
"7252ACCV";"PB REFL TRAFIC II EMBASE 115MM  01-08";"Pare-brise";"product";"1";"";"";"";"";"";"create_candidate";"Reference absente du catalogue Odoo; validation metier requise."
"7252AGSMV1P";"PB VT RENAULT TRAFIC II +CAPT.    02-14";"Pare-brise";"product";"4";"";"";"";"";"";"create_candidate";"Reference absente du catalogue Odoo; validation metier requise."
"7252AGSV";"PB VT TRAFIC II EMB 115MM 01-08";"Pare-brise";"product";"8";"";"";"";"";"";"create_candidate";"Reference absente du catalogue Odoo; validation metier requise."
"7252ASMVT";"JC SUP PB RENAULT TRAFIC II        01-14";"Joint";"product";"8";"";"";"";"";"";"create_candidate";"Reference absente du catalogue Odoo; validation metier requise."
"7252BGSVL";"LUN VT GCHE CHAUFF TRAFIC 2/VIV 01-14";"Lunette";"product";"2";"";"";"";"";"";"create_candidate";"Reference absente du catalogue Odoo; validation metier requise."
"7252BGSVL1J";"LUN VT GCHE CHAUF TRAFIC 2 SUREL 01-14";"Lunette";"product";"1";"";"";"";"";"";"create_candidate";"Reference absente du catalogue Odoo; validation metier requise."
"7252BGSVLU";"LUN.VT GCHE NON CH.TRAFIC 2/VIV 01-14";"Lunette";"product";"2";"";"";"";"";"";"create_candidate";"Reference absente du catalogue Odoo; validation metier requise."
"7252BGSVR";"LUN VT DTE CHAUFF TRAFIC 2/VIV     01-14";"Lunette";"product";"3";"";"";"";"";"";"create_candidate";"Reference absente du catalogue Odoo; validation metier requise."
"7252BGSVRU";"LUN.VT DTE NON CHAUF.TRAFIC 2/VIV 01-14";"Lunette";"product";"3";"";"";"";"";"";"create_candidate";"Reference absente du catalogue Odoo; validation metier requise."
"7252BGSVRU1J";"LUN VT DT NON CHAUF TRAFIC 2 SUR  01-14";"Lunette";"product";"1";"";"";"";"";"";"create_candidate";"Reference absente du catalogue Odoo; validation metier requise."
"7252LGSV2FD";"DESC AVG VT TRAFIC II/VIVARO/PRI 01-14";"Glace laterale";"product";"1";"";"";"";"";"";"create_candidate";"Reference absente du catalogue Odoo; validation metier requise."
"7252LGSV2FV";"DEFL AVG VT TRAFIC II/VIVARO/PRI 01-14";"Glace laterale";"product";"2";"";"";"";"";"";"create_candidate";"Reference absente du catalogue Odoo; validation metier requise."
"7252LGSV4RDF";"GLACE ARG OUVR VT TRAFIC II/VIVARO 01-14";"Glace laterale";"product";"1";"";"";"";"";"";"create_candidate";"Reference absente du catalogue Odoo; validation metier requise."
"7252LGSV4RQ1J";"CUST ARG VT TRAFIC II/VIV LONG 01-14";"Glace laterale";"product";"1";"";"";"";"";"";"create_candidate";"Reference absente du catalogue Odoo; validation metier requise."
"7252LGSV4RQ2J";"CUST ARG VT TRAFIC II/VIV LONG 01-14";"Glace laterale";"product";"2";"";"";"";"";"";"create_candidate";"Reference absente du catalogue Odoo; validation metier requise."
"7252LYPV3MQF";"CUST MILIEU GCHE PRIV TRAFIC 2/VIV 01-14";"Glace laterale";"product";"2";"";"";"";"";"";"create_candidate";"Reference absente du catalogue Odoo; validation metier requise."
"7252RGSV2FV";"DEFL AVD VT TRAFIC II/VIVARO/PRI 01-14";"Glace laterale";"product";"1";"";"";"";"";"";"create_candidate";"Reference absente du catalogue Odoo; validation metier requise."
"7252RGSV3MQ";"CUST ARD MIL VT TRAFIC II/VIVARO 01-14";"Glace laterale";"product";"1";"";"";"";"";"";"create_candidate";"Reference absente du catalogue Odoo; validation metier requise."
"7252RGSV3MQF";"CUST MILIEU DTE VT TRAFIC 2/VIVARO 01-14";"Glace laterale";"product";"1";"";"";"";"";"";"create_candidate";"Reference absente du catalogue Odoo; validation metier requise."
"7252RGSV3RQ";"CUST.ARD VT TRAFIC II/VIVARO 01-14";"Glace laterale";"product";"1";"";"";"";"";"";"create_candidate";"Reference absente du catalogue Odoo; validation metier requise."
"7252RGSV4RQ";"CUSTODE ARRIÈRE DROIT TEINTÉ VERT TRAFIC II/VIV COURT 01-14";"Glace laterale";"product";"2";"";"";"";"";"";"create_candidate";"Reference absente du catalogue Odoo; validation metier requise."
"7252RGSV4RQ1J";"CUST.ARD VT TRAFIC II /VIVARO 01-14";"Glace laterale";"product";"2";"";"";"";"";"";"create_candidate";"Reference absente du catalogue Odoo; validation metier requise."
"7252RGSV4RQ2J";"CUST ARD VT TRAFIC II MODIF SGI 01-14";"Glace laterale";"product";"1";"";"";"";"";"";"create_candidate";"Reference absente du catalogue Odoo; validation metier requise."
"7252RGSV4RQ3J";"CUSTODE ARRIÈRE DROIT TEINTÉ VERT TRAFIC II LONG 01-14MO 1.40";"Glace laterale";"product";"1";"";"";"";"";"";"create_candidate";"Reference absente du catalogue Odoo; validation metier requise."
"7252RYPV4RDF";"GLACE ARD OUV PRIV TRAFIC 2/VIVARO 01-14";"Glace laterale";"product";"1";"";"";"";"";"";"create_candidate";"Reference absente du catalogue Odoo; validation metier requise."
"7253AGN";"PB VT RENAULT MIDLUM/VOLVO FL 00-";"Pare-brise";"product";"3";"";"";"";"";"";"create_candidate";"Reference absente du catalogue Odoo; validation metier requise."
"7253ASML";"JC PB RENAULT MIDLUM               00-";"Joint";"product";"2";"";"";"";"";"";"create_candidate";"Reference absente du catalogue Odoo; validation metier requise."
"725738608";"PARE BRISE LIEBHERR";"Pare-brise";"product";"1";"";"";"";"";"";"create_candidate";"Reference absente du catalogue Odoo; validation metier requise."
"7257ACCMV1R";"PB REFL.RENAULT SCENIC II+CAPT. 03-09";"Pare-brise";"product";"2";"";"";"";"";"";"create_candidate";"Reference absente du catalogue Odoo; validation metier requise."
"7257ACDMV1R";"PB REFL ACO SCENIC II  CAPT    04-09";"Pare-brise";"product";"1";"";"";"";"";"";"create_candidate";"Reference absente du catalogue Odoo; validation metier requise."
"7257AGAMV1R";"PB VT ACO.SCENIC II+CAPT 03-09";"Pare-brise";"product";"1";"";"";"";"";"";"create_candidate";"Reference absente du catalogue Odoo; validation metier requise."
"7257AGSMV1R";"PB VT SCENIC II   CAPTEUR          03-09";"Pare-brise";"product";"3";"";"";"";"";"";"create_candidate";"Reference absente du catalogue Odoo; validation metier requise."
"7257AGSV1M";"PB VT RENAULT SCENIC II 03-09";"Pare-brise";"product";"3";"";"";"";"";"";"create_candidate";"Reference absente du catalogue Odoo; validation metier requise."
"7257AKMV";"JC+C PB KIT COMP. SCENIC II 03-09";"Joint";"product";"6";"";"";"";"";"";"create_candidate";"Reference absente du catalogue Odoo; validation metier requise."
"7257ASMV";"JC PB RENAULT SCENIC II            03-09";"Joint";"product";"2";"";"";"";"";"";"create_candidate";"Reference absente du catalogue Odoo; validation metier requise."
"7257BGSV";"LUN VT FIXE RENAULT SCENIC II  03-09";"Lunette";"product";"1";"";"";"";"";"";"create_candidate";"Reference absente du catalogue Odoo; validation metier requise."
"7257LGSV5RQW1J";"CUST.ARG VT GRAND SCENIC II    03-09";"Glace laterale";"product";"1";"";"";"";"";"";"create_candidate";"Reference absente du catalogue Odoo; validation metier requise."
"7257RGSV5RQW";"CUST ARD VT SCENIC II    03-09";"Glace laterale";"product";"1";"";"";"";"";"";"create_candidate";"Reference absente du catalogue Odoo; validation metier requise."
"7260ACCMV1R";"PB REFL RENAULT MEGANE II CAPT  02-08";"Pare-brise";"product";"1";"";"";"";"";"";"create_candidate";"Reference absente du catalogue Odoo; validation metier requise."
"7260AGSMV1R";"PB VT RENAULT MEGANE II + CAPT 02-08";"Pare-brise";"product";"13";"";"";"";"";"";"create_candidate";"Reference absente du catalogue Odoo; validation metier requise."
"7260AGSV1M";"PB VT RENAULT MEGANE II            02-08";"Pare-brise";"product";"4";"";"";"";"";"";"create_candidate";"Reference absente du catalogue Odoo; validation metier requise."
"7260AKMH";"JC+C PB KIT COMP RENAULT MEGANE II 02-08";"Joint";"product";"17";"";"";"";"";"";"create_candidate";"Reference absente du catalogue Odoo; validation metier requise."
"7260ASMH";"JC PB RENAULT MEGANE II            02-08";"Joint";"product";"1";"";"";"";"";"";"create_candidate";"Reference absente du catalogue Odoo; validation metier requise."
"7260BGSH";"LUNETTE TEINTÉ VERT RENAULT MEGANE II 3 ET 5 PORTES 02-08";"Lunette";"product";"1";"";"";"";"";"";"create_candidate";"Reference absente du catalogue Odoo; validation metier requise."
"7260RGNH5RV";"DEFL ARD VT MEGANE II 5P           02-08";"Glace laterale";"product";"1";"";"";"";"";"";"create_candidate";"Reference absente du catalogue Odoo; validation metier requise."
"7262AGAMV1R";"PB VT ACOUS.RENAULT CLIO 3 +CAPT 05-14";"Pare-brise";"product";"3";"";"";"";"";"";"create_candidate";"Reference absente du catalogue Odoo; validation metier requise."
"7262AGSMV1R";"PB VT RENAULT CLIO 3 + CAPT.     05-14";"Pare-brise";"product";"23";"";"";"";"";"";"create_candidate";"Reference absente du catalogue Odoo; validation metier requise."
"7262AGSV1M";"PB VT RENAULT CLIO 3 05-14";"Pare-brise";"product";"93";"";"";"";"";"";"create_candidate";"Reference absente du catalogue Odoo; validation metier requise."
"7262AGSV1Q";"PB VT RENAULT CLIO 3 2EME EMB   05-14";"Pare-brise";"product";"18";"";"";"";"";"";"create_candidate";"Reference absente du catalogue Odoo; validation metier requise."
"7262AKCHS";"KIT AGR PB RENAULT CLIO 3      05-14";"Joint";"product";"21";"";"";"";"";"";"create_candidate";"Reference absente du catalogue Odoo; validation metier requise."
"7262ASCH";"CALE PB RENAULT CLIO 3      05-14";"Joint";"product";"6";"";"";"";"";"";"create_candidate";"Reference absente du catalogue Odoo; validation metier requise."
"7262ASMHT";"JC SUP PB CLIO 3                   05-14";"Joint";"product";"75";"";"";"";"";"";"create_candidate";"Reference absente du catalogue Odoo; validation metier requise."
"7262ASMHT-PERDU";"JC SUP PB CLIO 3                   05-14";"Joint";"product";"1";"";"";"";"";"";"create_candidate";"Reference absente du catalogue Odoo; validation metier requise."
"7262BGPH";"LUNETTE TEINTÉ VERT FONCEE CLIO III 3 ET 5 PORTES 05-14";"Lunette";"product";"3";"";"";"";"";"";"create_candidate";"Reference absente du catalogue Odoo; validation metier requise."
"7262BGPH1H";"LUN VT FONCEE CLIO III 4 FIXE  05-14";"Lunette";"product";"1";"";"";"";"";"";"create_candidate";"Reference absente du catalogue Odoo; validation metier requise."
"7262BGSH";"LUN VT RENAULT CLIO III 3 ET 5 PORTES 05-14";"Lunette";"product";"8";"";"";"";"";"";"create_candidate";"Reference absente du catalogue Odoo; validation metier requise."
"7262BGSH1H";"LUN VT RENAULT CLIO III 4 BECQUET  13-";"Lunette";"product";"1";"";"";"";"";"";"create_candidate";"Reference absente du catalogue Odoo; validation metier requise."
"7262LGSH3FD";"DESC AVG VT CLIO III 3PTES         05-14";"Glace laterale";"product";"1";"";"";"";"";"";"create_candidate";"Reference absente du catalogue Odoo; validation metier requise."
"7262LGSH3RQ";"CUST ARG VT CLIO III 3P           05-14";"Glace laterale";"product";"1";"";"";"";"";"";"create_candidate";"Reference absente du catalogue Odoo; validation metier requise."
"7262LGSH5FD";"DESC AVG VT CLIO III 5P+BK 05-14";"Glace laterale";"product";"1";"";"";"";"";"";"create_candidate";"Reference absente du catalogue Odoo; validation metier requise."
"7262LGSH5RV";"DEFL ARG VT CLIO III 5P           05-14";"Glace laterale";"product";"1";"";"";"";"";"";"create_candidate";"Reference absente du catalogue Odoo; validation metier requise."
"7262RGPH3RQ";"CUST ARD VT FONCEE CLIO III 3P     05-14";"Glace laterale";"product";"1";"";"";"";"";"";"create_candidate";"Reference absente du catalogue Odoo; validation metier requise."
"7262RGSH3FD";"DESC AVD VT CLIO III 3PTES         05-14";"Glace laterale";"product";"3";"";"";"";"";"";"create_candidate";"Reference absente du catalogue Odoo; validation metier requise."
"7262RGSH3RQ";"CUST ARD VT CLIO III 3P           05-14";"Glace laterale";"product";"1";"";"";"";"";"";"create_candidate";"Reference absente du catalogue Odoo; validation metier requise."
"7262RGSH5FD";"DESC AVD VT CLIO III 5P/BK       05-14";"Glace laterale";"product";"1";"";"";"";"";"";"create_candidate";"Reference absente du catalogue Odoo; validation metier requise."
"7262RGSH5RV";"DEFL ARD VT CLIO III 5P           05-14";"Glace laterale";"product";"6";"";"";"";"";"";"create_candidate";"Reference absente du catalogue Odoo; validation metier requise."
"7263AGSMV1R";"PB VT RENAULT MODUS   CAPT         04-12";"Pare-brise";"product";"1";"";"";"";"";"";"create_candidate";"Reference absente du catalogue Odoo; validation metier requise."
"7263AGSV1M";"PB VT RENAULT MODUS                04-";"Pare-brise";"product";"2";"";"";"";"";"";"create_candidate";"Reference absente du catalogue Odoo; validation metier requise."
"7263AGSV1R";"PB VT RENAULT MODUS GRANDE SERIG  04-12";"Pare-brise";"product";"2";"";"";"";"";"";"create_candidate";"Reference absente du catalogue Odoo; validation metier requise."
"7263ASMVT";"JC SUP PB RENAULT MODUS           04-";"Joint";"product";"5";"";"";"";"";"";"create_candidate";"Reference absente du catalogue Odoo; validation metier requise."
"7263BGSVW";"LUN.VT RENAULT MODUS 04-08";"Lunette";"product";"2";"";"";"";"";"";"create_candidate";"Reference absente du catalogue Odoo; validation metier requise."
"7264AGN";"PB VT DACIA LOGAN 05-12";"Pare-brise";"product";"4";"";"";"";"";"";"create_candidate";"Reference absente du catalogue Odoo; validation metier requise."
"7264ASMSB";"JC INF PB DACIA LOGAN           04-12";"Joint";"product";"2";"";"";"";"";"";"create_candidate";"Reference absente du catalogue Odoo; validation metier requise."
"7264ASMST";"JC SUP.PB DACIA LOGAN 04-12";"Joint";"product";"8";"";"";"";"";"";"create_candidate";"Reference absente du catalogue Odoo; validation metier requise."
"7264BGNML";"LUN ARG VT CHAUF LOGAN MCV 07-12";"Lunette";"product";"2";"";"";"";"";"";"create_candidate";"Reference absente du catalogue Odoo; validation metier requise."
"7264BGNMLU";"LUN ARG VT NON CHAUF LOGAN MCV 07-12";"Lunette";"product";"1";"";"";"";"";"";"create_candidate";"Reference absente du catalogue Odoo; validation metier requise."
"7264BGNMRU";"LUNETTE ARRIÈRE DROIT TEINTÉ VERT NON CHAUFFANT LOGAN MCV 07-12";"Lunette";"product";"2";"";"";"";"";"";"create_candidate";"Reference absente du catalogue Odoo; validation metier requise."
"7264LGNE5RQO";"CUST ARG OUVR VT LOGAN MCV 05-12";"Glace laterale";"product";"1";"";"";"";"";"";"create_candidate";"Reference absente du catalogue Odoo; validation metier requise."
"7264RGNE5RQO";"CUST ARD OUVR VT LOGAN MCV 05-12";"Glace laterale";"product";"2";"";"";"";"";"";"create_candidate";"Reference absente du catalogue Odoo; validation metier requise."
"7264RGNS4FD";"DESC.AVD VT LOGAN  BNE/BK         05-12";"Glace laterale";"product";"1";"";"";"";"";"";"create_candidate";"Reference absente du catalogue Odoo; validation metier requise."
"7268AGSBLV1M";"PB VTBL RENAULT TWINGO II       07-14";"Pare-brise";"product";"1";"";"";"";"";"";"create_candidate";"Reference absente du catalogue Odoo; validation metier requise."
"7268AGSMV1Q";"PB VT RENAULT TWINGO II CAPT    07-14";"Pare-brise";"product";"4";"";"";"";"";"";"create_candidate";"Reference absente du catalogue Odoo; validation metier requise."
"7268AGSMV1Q-PERDU";"PB VT RENAULT TWINGO II CAPT    07-14";"Pare-brise";"product";"1";"";"";"";"";"";"create_candidate";"Reference absente du catalogue Odoo; validation metier requise."
"7268AGSV1M";"PB VT RENAULT TWINGO II 07-14";"Pare-brise";"product";"48";"";"";"";"";"";"create_candidate";"Reference absente du catalogue Odoo; validation metier requise."
"7268AGSV75";"PB VT TWINGO II GDE SERIG 07-14";"Pare-brise";"product";"1";"";"";"";"";"";"create_candidate";"Reference absente du catalogue Odoo; validation metier requise."
"7268ASMH";"JC PB RENAULT TWINGO II SOUPLE 07-14";"Joint";"product";"30";"";"";"";"";"";"create_candidate";"Reference absente du catalogue Odoo; validation metier requise."
"7268ASMH1";"JC PB RENAULT TWINGO II RIGIDE  07-14";"Joint";"product";"3";"";"";"";"";"";"create_candidate";"Reference absente du catalogue Odoo; validation metier requise."
"7268ASMH-PERDU";"JC PB RENAULT TWINGO II SOUPLE 07-14";"Joint";"product";"3";"";"";"";"";"";"create_candidate";"Reference absente du catalogue Odoo; validation metier requise."
"7268BGSH";"LUNETTE TEINTÉ VERT RENAULT TWINGO II 07-14";"Lunette";"product";"11";"";"";"";"";"";"create_candidate";"Reference absente du catalogue Odoo; validation metier requise."
"7268LGSH3FDW";"DESC AVG VT TWINGO II 07-14";"Glace laterale";"product";"3";"";"";"";"";"";"create_candidate";"Reference absente du catalogue Odoo; validation metier requise."
"7268LGSH3RQ";"CUST ARG VT TWINGO II         07-14";"Glace laterale";"product";"1";"";"";"";"";"";"create_candidate";"Reference absente du catalogue Odoo; validation metier requise."
"7268LYPH3RQ";"CUST ARG PRIVACY TWINGO II 07-14";"Glace laterale";"product";"2";"";"";"";"";"";"create_candidate";"Reference absente du catalogue Odoo; validation metier requise."
"7268RGSH3FDW";"GLACE DESCENDANTE AVANT DROIT TEINTÉ VERT TWINGO II 07-14";"Glace laterale";"product";"8";"";"";"";"";"";"create_candidate";"Reference absente du catalogue Odoo; validation metier requise."
"7268RYPH3RQ";"CUST.ARD PRIVACY TWINGO II 07-14";"Glace laterale";"product";"1";"";"";"";"";"";"create_candidate";"Reference absente du catalogue Odoo; validation metier requise."
"7273AGAMVZ1R";"PB VT ACOUST.LAGUNA III +CAPT 07-15";"Pare-brise";"product";"2";"";"";"";"";"";"create_candidate";"Reference absente du catalogue Odoo; validation metier requise."
"7274AGA1M";"PB VT ACO.KANGOO II/MERCED.CITAN 07-";"Pare-brise";"product";"1";"";"";"";"";"";"create_candidate";"Reference absente du catalogue Odoo; validation metier requise."
"7274AGAM1R";"PB VT ACO KANGOO II/CITAN CAPT     07-21";"Pare-brise";"product";"2";"";"";"";"";"";"create_candidate";"Reference absente du catalogue Odoo; validation metier requise."
"7274AGSMV1B";"PB VT RENAULT KANGOO II CAPT     07-";"Pare-brise";"product";"5";"";"";"";"";"";"create_candidate";"Reference absente du catalogue Odoo; validation metier requise."
"7274AGSV1C";"PB VT RENAULT KANGOO II +EMB. 07-";"Pare-brise";"product";"49";"";"";"";"";"";"create_candidate";"Reference absente du catalogue Odoo; validation metier requise."
"7274ASMV";"JC PB RENAULT KANGOO II          08-";"Joint";"product";"40";"";"";"";"";"";"create_candidate";"Reference absente du catalogue Odoo; validation metier requise."
"7274BGPVRU";"LUN.ARD VT FONCEE KANGOO II 07-";"Lunette";"product";"3";"";"";"";"";"";"create_candidate";"Reference absente du catalogue Odoo; validation metier requise."
"7274BGSV1H";"LUN VT RENAULT KANGOO II HAYON 07-";"Lunette";"product";"4";"";"";"";"";"";"create_candidate";"Reference absente du catalogue Odoo; validation metier requise."
"7274BGSVL";"LUN.VT ARG CHAUFF.KANGOO II 07-";"Lunette";"product";"22";"";"";"";"";"";"create_candidate";"Reference absente du catalogue Odoo; validation metier requise."
"7274BGSVRU";"LUN ARD VT RENAULT KANGOO II     07-";"Lunette";"product";"19";"";"";"";"";"";"create_candidate";"Reference absente du catalogue Odoo; validation metier requise."
"7274LGPV5RDO";"GLACE ARG VT FONCEE KANGOO II  08-";"Glace laterale";"product";"2";"";"";"";"";"";"create_candidate";"Reference absente du catalogue Odoo; validation metier requise."
"7274LGSV4FD";"GLACE DESCENDANTE AVANT GAUCHE TEINTÉ VERT RENAULT KANGOO II 08-";"Glace laterale";"product";"4";"";"";"";"";"";"create_candidate";"Reference absente du catalogue Odoo; validation metier requise."
"7274LGSV4MQO";"GLACE MILIEU ARG OUVR VT KANGOO II 07-21";"Glace laterale";"product";"1";"";"";"";"";"";"create_candidate";"Reference absente du catalogue Odoo; validation metier requise."
"7274LGSV4RQ1J";"CUST ARG VT KANGOO 2 4P LONG 08-21";"Glace laterale";"product";"1";"";"";"";"";"";"create_candidate";"Reference absente du catalogue Odoo; validation metier requise."
"7274LGSV5RDO";"GLACE ARG VT KANGOO II  08-21";"Glace laterale";"product";"1";"";"";"";"";"";"create_candidate";"Reference absente du catalogue Odoo; validation metier requise."
"7274LGSV5RQ";"CUST ARG VT KANGOO  PTE COUL 07-";"Glace laterale";"product";"3";"";"";"";"";"";"create_candidate";"Reference absente du catalogue Odoo; validation metier requise."
"7274LGSV5RQ1J";"CUST ARG VT KANGOO RALLONGE 07-21";"Glace laterale";"product";"1";"";"";"";"";"";"create_candidate";"Reference absente du catalogue Odoo; validation metier requise."
"7274RGPV5RDO";"GLACE ARD VT FONCEE KANGOO II  08-";"Glace laterale";"product";"4";"";"";"";"";"";"create_candidate";"Reference absente du catalogue Odoo; validation metier requise."
"7274RGSV4FD";"GLACE DESCENDANTE AVANT DROIT TEINTÉ VERT RENAULT KANGOO II 08-";"Glace laterale";"product";"7";"";"";"";"";"";"create_candidate";"Reference absente du catalogue Odoo; validation metier requise."
"7274RGSV4RD";"GLACE ARD VT PARTIE AR KANGOO II 08-";"Glace laterale";"product";"4";"";"";"";"";"";"create_candidate";"Reference absente du catalogue Odoo; validation metier requise."
"7274RGSV4RD1J";"GLACE ARD PARTIE AV  KANGOO II  08-21";"Glace laterale";"product";"1";"";"";"";"";"";"create_candidate";"Reference absente du catalogue Odoo; validation metier requise."
"7274RGSV5RDO";"GLACE ARD VT KANGOO II  08-21";"Glace laterale";"product";"2";"";"";"";"";"";"create_candidate";"Reference absente du catalogue Odoo; validation metier requise."
"7274RGSV5RQ";"CUSTODE ARRIÈRE DROIT TEINTÉ VERT KANGOO PTE COULISSANTE 07-";"Lunette";"product";"1";"";"";"";"";"";"create_candidate";"Reference absente du catalogue Odoo; validation metier requise."
"7274RGSV5RQ1J";"CUST ARD VT KANGOO RALLONGE 07-21";"Glace laterale";"product";"1";"";"";"";"";"";"create_candidate";"Reference absente du catalogue Odoo; validation metier requise."
"7275AGAMV1P";"PB VT ACO MEGANE 3 CPE CAPT 08-";"Pare-brise";"product";"1";"";"";"";"";"";"create_candidate";"Reference absente du catalogue Odoo; validation metier requise."
"7275AGNMV1P";"PB VT RENAULT MEGANE 3 CPE CAPT 08-";"Pare-brise";"product";"7";"";"";"";"";"";"create_candidate";"Reference absente du catalogue Odoo; validation metier requise."
"7275BGNCA";"LUN VT MEGANE COUPE ANT 09-";"Lunette";"product";"1";"";"";"";"";"";"create_candidate";"Reference absente du catalogue Odoo; validation metier requise."
"7275BGPCA";"LUN VT PRIV MEGANE COUPE ANT 09-";"Lunette";"product";"1";"";"";"";"";"";"create_candidate";"Reference absente du catalogue Odoo; validation metier requise."
"7275RGNC2RQZ";"CUST ARD VT MEGANE III 3P      08-";"Glace laterale";"product";"1";"";"";"";"";"";"create_candidate";"Reference absente du catalogue Odoo; validation metier requise."
"7276AGS";"PB VT DACIA SANDERO/DUSTER 08-";"Pare-brise";"product";"37";"";"";"";"";"";"create_candidate";"Reference absente du catalogue Odoo; validation metier requise."
"7276ASMHB";"JC INF.PB DACIA SANDERO/DUSTER 10-";"Joint";"product";"24";"";"";"";"";"";"create_candidate";"Reference absente du catalogue Odoo; validation metier requise."
"7276ASMHT";"JC SUP.PB DACIA SANDERO/DUSTER 10-";"Joint";"product";"16";"";"";"";"";"";"create_candidate";"Reference absente du catalogue Odoo; validation metier requise."
"7276BGDR";"LUNETTE TEINTÉ VERT FONCEE DACIA DUSTER 08-";"Lunette";"product";"6";"";"";"";"";"";"create_candidate";"Reference absente du catalogue Odoo; validation metier requise."
"7276BGSH";"LUN VT DACIA SANDERO    08-17";"Lunette";"product";"3";"";"";"";"";"";"create_candidate";"Reference absente du catalogue Odoo; validation metier requise."
"7276BGSH1E";"LUN VT DACIA SANDERO    08-";"Lunette";"product";"2";"";"";"";"";"";"create_candidate";"Reference absente du catalogue Odoo; validation metier requise."
"7276BGSR";"LUN.VT DACIA DUSTER 08-";"Lunette";"product";"8";"";"";"";"";"";"create_candidate";"Reference absente du catalogue Odoo; validation metier requise."
"7276BYPR";"LUN PRIVACY DACIA DUSTER 08-17";"Lunette";"product";"2";"";"";"";"";"";"create_candidate";"Reference absente du catalogue Odoo; validation metier requise."
"7276LGDR5RD";"DESC ARG VT FONCEE DACIA DUSTER 08-17";"Glace laterale";"product";"1";"";"";"";"";"";"create_candidate";"Reference absente du catalogue Odoo; validation metier requise."
"7276LGDR5RQ";"CUST ARG VT FONCEE DACIA DUSTER 08-";"Glace laterale";"product";"1";"";"";"";"";"";"create_candidate";"Reference absente du catalogue Odoo; validation metier requise."
"7276LGSH5FD";"DES AVG V TEINTÉ VERT SANDERO/DUSTER 08-";"Glace laterale";"product";"2";"";"";"";"";"";"create_candidate";"Reference absente du catalogue Odoo; validation metier requise."
"7276LGSH5RD";"GLACE DESCENDANTE ARRIÈRE GAUCHE TEINTÉ VERT DACIA SANDERO 08-";"Glace laterale";"product";"2";"";"";"";"";"";"create_candidate";"Reference absente du catalogue Odoo; validation metier requise."
"7276LGSH5RV";"DEFL ARG VT DACIA SANDERO 08-17";"Glace laterale";"product";"1";"";"";"";"";"";"create_candidate";"Reference absente du catalogue Odoo; validation metier requise."
"7276LGSR5RD";"DESC ARG VT DACIA DUSTER 08-16";"Glace laterale";"product";"1";"";"";"";"";"";"create_candidate";"Reference absente du catalogue Odoo; validation metier requise."
"7276LGSR5RQ";"CUST ARG VT DACIA DUSTER 08-";"Glace laterale";"product";"1";"";"";"";"";"";"create_candidate";"Reference absente du catalogue Odoo; validation metier requise."
"7276RGDR5RQ";"CUST ARD VT FONCEE DACIA DUSTER 08-";"Glace laterale";"product";"2";"";"";"";"";"";"create_candidate";"Reference absente du catalogue Odoo; validation metier requise."
"7276RGSH5FD";"DESC AVD VT SANDERO/DUSTER 08-17";"Glace laterale";"product";"5";"";"";"";"";"";"create_candidate";"Reference absente du catalogue Odoo; validation metier requise."
"7276RGSH5RD";"DESC ARD VT DACIA SANDERO 08-17";"Glace laterale";"product";"1";"";"";"";"";"";"create_candidate";"Reference absente du catalogue Odoo; validation metier requise."
"7276RGSR5RD";"GLACE DESCENDANTE ARRIÈRE DROIT TEINTÉ VERT DACIA DUSTER 08-16";"Glace laterale";"product";"2";"";"";"";"";"";"create_candidate";"Reference absente du catalogue Odoo; validation metier requise."
"7278LGNC2FD";"DESC.AVG VT LAGUNA 3 COUPE 08-15";"Glace laterale";"product";"1";"";"";"";"";"";"create_candidate";"Reference absente du catalogue Odoo; validation metier requise."
"7279AGAMV1P";"PB VT ACO.MEGANE III BNE/BK+CAPT 08-15";"Pare-brise";"product";"5";"";"";"";"";"";"create_candidate";"Reference absente du catalogue Odoo; validation metier requise."
"7279AGNMV1P";"PB VT MEGANE 3/ FLUENCE CAPT 08-15";"Pare-brise";"product";"5";"";"";"";"";"";"create_candidate";"Reference absente du catalogue Odoo; validation metier requise."
"7279AGNV1M";"PB VT MEGANE III/FLUENCE BNE/BK 08-15";"Pare-brise";"product";"11";"";"";"";"";"";"create_candidate";"Reference absente du catalogue Odoo; validation metier requise."
"7279BGNEA";"LUN VT MEGANE 3 BREAK ANT 08-15";"Lunette";"product";"1";"";"";"";"";"";"create_candidate";"Reference absente du catalogue Odoo; validation metier requise."
"7279BGNHA";"LUN VT RENAULT MEGANE 3 5P ANT 08-15";"Lunette";"product";"2";"";"";"";"";"";"create_candidate";"Reference absente du catalogue Odoo; validation metier requise."
"7279BGSSA";"LUN VT RENAULT FLUENCE 4P ANT 10-15";"Lunette";"product";"1";"";"";"";"";"";"create_candidate";"Reference absente du catalogue Odoo; validation metier requise."
"7279LGNH5RV";"DEFL ARG VT MEGANE 3 5P    08-15";"Glace laterale";"product";"2";"";"";"";"";"";"create_candidate";"Reference absente du catalogue Odoo; validation metier requise."
"7279RGN5FDW";"GLACE DESCENDANTE AVANT DROIT TEINTÉ VERT MEGANE 3 5 PORTES";"Glace laterale";"product";"1";"";"";"";"";"";"create_candidate";"Reference absente du catalogue Odoo; validation metier requise."
"7279RGNE5RV";"DEFL ARD VT MEGANE 3 BREAK 08-15";"Glace laterale";"product";"1";"";"";"";"";"";"create_candidate";"Reference absente du catalogue Odoo; validation metier requise."
"7279RGNH5FDW";"DESC.AVD VT MEGANE 3 5P.BNE/BK 08-15";"Glace laterale";"product";"3";"";"";"";"";"";"create_candidate";"Reference absente du catalogue Odoo; validation metier requise."
"7279RGNH5RV";"DEFL ARD VT MEGANE 3 5P    08-15";"Glace laterale";"product";"2";"";"";"";"";"";"create_candidate";"Reference absente du catalogue Odoo; validation metier requise."
"7279RGPH5RV";"DEFL ARD VT FONCEE MEGANE 3 5P  08-15";"Glace laterale";"product";"1";"";"";"";"";"";"create_candidate";"Reference absente du catalogue Odoo; validation metier requise."
"7280AGAMV1R";"PB VT ACOUSTIC.SCENIC III+CAPT  09-16";"Pare-brise";"product";"3";"";"";"";"";"";"create_candidate";"Reference absente du catalogue Odoo; validation metier requise."
"7280AGAV1M";"PB VT ACO.RENAULT SCENIC III    09-16";"Pare-brise";"product";"1";"";"";"";"";"";"create_candidate";"Reference absente du catalogue Odoo; validation metier requise."
"7280AGSMV1R";"PB VT RENAULT SCENIC III CAPT  09-16";"Pare-brise";"product";"1";"";"";"";"";"";"create_candidate";"Reference absente du catalogue Odoo; validation metier requise."
"7280BGDMA1J";"LUN VT FONCEE GD SCENIC FIXE ANT 09-16";"Lunette";"product";"1";"";"";"";"";"";"create_candidate";"Reference absente du catalogue Odoo; validation metier requise."
"7280BGSM";"LUN VT SCENIC FIXE          09-16";"Lunette";"product";"1";"";"";"";"";"";"create_candidate";"Reference absente du catalogue Odoo; validation metier requise."
"7280BGSMA";"LUN VT SCENIC FIXE   ANT           09-16";"Lunette";"product";"1";"";"";"";"";"";"create_candidate";"Reference absente du catalogue Odoo; validation metier requise."
"7280BGSMA1J";"LUN VT GRAND SCENIC FIXE   ANT 09-16";"Lunette";"product";"1";"";"";"";"";"";"create_candidate";"Reference absente du catalogue Odoo; validation metier requise."
"7281AGSMV1P";"PB VT MASTER III / MOVANO CAPT    09-";"Pare-brise";"product";"3";"";"";"";"";"";"create_candidate";"Reference absente du catalogue Odoo; validation metier requise."
"7281AGSV";"PARE-BRISE TEINTÉ VERT MASTER III / MOVANO SANS EMBASE RÉTRO  09-";"Pare-brise";"product";"1";"";"";"";"";"";"create_candidate";"Reference absente du catalogue Odoo; validation metier requise."
"7281AGSV1C";"PB VT MASTER III / MOVANO +EMB. 09-";"Pare-brise";"product";"35";"";"";"";"";"";"create_candidate";"Reference absente du catalogue Odoo; validation metier requise."
"7281ASMV";"JC PB MASTER 3 /MOVANO 2      09-";"Joint";"product";"32";"";"";"";"";"";"create_candidate";"Reference absente du catalogue Odoo; validation metier requise."
"7281BGSVLU";"LUN VT GAUCHE MASTER 3      09-";"Lunette";"product";"1";"";"";"";"";"";"create_candidate";"Reference absente du catalogue Odoo; validation metier requise."
"7281BGSVR";"LUN.VT DROITE MASTER 3 CHAUFF 09-";"Lunette";"product";"1";"";"";"";"";"";"create_candidate";"Reference absente du catalogue Odoo; validation metier requise."
"7281BGSVRU";"LUNETTE TEINTÉ VERT DROITE MASTER 3 09-";"Lunette";"product";"3";"";"";"";"";"";"create_candidate";"Reference absente du catalogue Odoo; validation metier requise."
"7281LGSV2FD";"DESC AVG VT MASTER 3/MOVANO 2    09-";"Glace laterale";"product";"3";"";"";"";"";"";"create_candidate";"Reference absente du catalogue Odoo; validation metier requise."
"7281LGSV2FV1B";"DEFL AVG VT MASTER 3/MOVANO 2    09-";"Glace laterale";"product";"2";"";"";"";"";"";"create_candidate";"Reference absente du catalogue Odoo; validation metier requise."
"7281RGSV2FD";"DESC AVD VT MASTER 3/MOVANO 2    09-";"Glace laterale";"product";"5";"";"";"";"";"";"create_candidate";"Reference absente du catalogue Odoo; validation metier requise."
"7281RGSV2FV1B";"DEF AVD TV MASTER 3/MOVANO 2 09-MO 0.90";"Glace laterale";"product";"1";"";"";"";"";"";"create_candidate";"Reference absente du catalogue Odoo; validation metier requise."
"7281RGSV4RD1J";"GLACE PTE ARD VT MASTER 3/MOVANO 2 09-";"Glace laterale";"product";"1";"";"";"";"";"";"create_candidate";"Reference absente du catalogue Odoo; validation metier requise."
"7281RGSV4RDF1J";"GLACE PTE ARD COULIS VT MASTER 3 MOY LON";"Glace laterale";"product";"1";"";"";"";"";"";"create_candidate";"Reference absente du catalogue Odoo; validation metier requise."
"7289AGN";"PB VT DACIA LODGY/DOKKER 12-";"Pare-brise";"product";"17";"";"";"";"";"";"create_candidate";"Reference absente du catalogue Odoo; validation metier requise."
"7289BGNM";"LUN.VT DACIA LODGY 12-";"Lunette";"product";"17";"";"";"";"";"";"create_candidate";"Reference absente du catalogue Odoo; validation metier requise."
"7289BGNVL";"LUNETTE ARRIÈRE GAUCHE TEINTÉ VERT DACIA DOKKER";"Lunette";"product";"3";"";"";"";"";"";"create_candidate";"Reference absente du catalogue Odoo; validation metier requise."
"7289BGNVRU";"LUN ARD VT DOKKER NON CHAUF 12-";"Lunette";"product";"1";"";"";"";"";"";"create_candidate";"Reference absente du catalogue Odoo; validation metier requise."
"7289LGNM5FD";"DESC AVG VT LODGY/DOKKER 12-";"Glace laterale";"product";"4";"";"";"";"";"";"create_candidate";"Reference absente du catalogue Odoo; validation metier requise."
"7289LGNM5RD";"DESC ARG VT DACIA LODGY 12-";"Glace laterale";"product";"1";"";"";"";"";"";"create_candidate";"Reference absente du catalogue Odoo; validation metier requise."
"7289LGNM5RQ";"CUST ARG VT DACIA LODGY 12-";"Glace laterale";"product";"1";"";"";"";"";"";"create_candidate";"Reference absente du catalogue Odoo; validation metier requise."
"7289LGNM5RQO";"CUST OUVR ARG VT DACIA LODGY 12-";"Glace laterale";"product";"1";"";"";"";"";"";"create_candidate";"Reference absente du catalogue Odoo; validation metier requise."
"7289LGNV5RDO";"GL PORT COUL ARG OUV VT DOKKER/EXPRESS";"Glace laterale";"product";"1";"";"";"";"";"";"create_candidate";"Reference absente du catalogue Odoo; validation metier requise."
"7289LGNV5RQ";"CUST ARG VT DOKKER 12-  /EXPRESS 21-";"Glace laterale";"product";"1";"";"";"";"";"";"create_candidate";"Reference absente du catalogue Odoo; validation metier requise."
"7289RGNM5FD";"DESC AVD VT LODGY/DOKKER 12-";"Glace laterale";"product";"4";"";"";"";"";"";"create_candidate";"Reference absente du catalogue Odoo; validation metier requise."
"7289RGNV5RDO";"GL PORT COUL ARD OUV VT DOKKER/EXPRESS";"Glace laterale";"product";"1";"";"";"";"";"";"create_candidate";"Reference absente du catalogue Odoo; validation metier requise."
"7290AGAMV1M";"PB VT ACO CLIO 4/5P/BK  CAPT  12-17";"Pare-brise";"product";"1";"";"";"";"";"";"create_candidate";"Reference absente du catalogue Odoo; validation metier requise."
"7290AGAMV6X";"PB VT ACOU RENAULT CLIO IV CAPT  17-";"Pare-brise";"product";"1";"";"";"";"";"";"create_candidate";"Reference absente du catalogue Odoo; validation metier requise."
"7290AGSMV1M";"PB VT RENAULT CLIO IV+CAPT. 13-";"Pare-brise";"product";"11";"";"";"";"";"";"create_candidate";"Reference absente du catalogue Odoo; validation metier requise."
"7290AGSV1M";"PB VT RENAULT CLIO 4 5P./BK 12-";"Pare-brise";"product";"34";"";"";"";"";"";"create_candidate";"Reference absente du catalogue Odoo; validation metier requise."
"7290AGSV6I";"PB VT CLIO 4 5P./BK EMB.GLISSIERE 12-";"Pare-brise";"product";"45";"";"";"";"";"";"create_candidate";"Reference absente du catalogue Odoo; validation metier requise."
"7290AGSV6I-O";"PB VT CLIO 4/5P /BK EMB GLISSIERE 12-";"Pare-brise";"product";"1";"";"";"";"";"";"create_candidate";"Reference absente du catalogue Odoo; validation metier requise."
"7290BGPH1E";"LUN VT FONCEE CLIO 4 3/5P  13-";"Lunette";"product";"2";"";"";"";"";"";"create_candidate";"Reference absente du catalogue Odoo; validation metier requise."
"7290BGPHA";"LUN VT FONCEE CLIO 4  3/5P ANT  13-";"Lunette";"product";"1";"";"";"";"";"";"create_candidate";"Reference absente du catalogue Odoo; validation metier requise."
"7290BGSH";"LUNETTE TEINTÉ VERT RENAULT CLIO 4 3 ET 5 PORTES 13-";"Lunette";"product";"17";"";"";"";"";"";"create_candidate";"Reference absente du catalogue Odoo; validation metier requise."
"7290BGSHA";"LUN VT CLIO 4  3/5P  ANT      13-";"Lunette";"product";"11";"";"";"";"";"";"create_candidate";"Reference absente du catalogue Odoo; validation metier requise."
"7290LGPE5RQZ";"CUSTODE ARRIÈRE GAUCHE TEINTÉ VERT FONCÉ CLIO 4 BREAK 13-MO 1.10";"Glace laterale";"product";"1";"";"";"";"";"";"create_candidate";"Reference absente du catalogue Odoo; validation metier requise."
"7290LGSH5FD";"DESC.AVG VT RENAULT CLIO 4 5P. 12-";"Glace laterale";"product";"7";"";"";"";"";"";"create_candidate";"Reference absente du catalogue Odoo; validation metier requise."
"7290LGSH5FVWZ";"DEFL.AVG VT CLIO 4 5P./BK 12-";"Glace laterale";"product";"8";"";"";"";"";"";"create_candidate";"Reference absente du catalogue Odoo; validation metier requise."
"7290LGSH5RD";"GLACE DESCENDANTE ARRIÈRE GAUCHE TEINTÉ VERT RENAULT CLIO 4 ET 5 PORTES 12-MO 0.80";"Glace laterale";"product";"1";"";"";"";"";"";"create_candidate";"Reference absente du catalogue Odoo; validation metier requise."
"7290RGSH5FD";"DESC AVD VT RENAULT CLIO 4/5P/BK  12-";"Glace laterale";"product";"6";"";"";"";"";"";"create_candidate";"Reference absente du catalogue Odoo; validation metier requise."
"7290RGSH5FVWZ";"DEFL.AVD VT CLIO 4 5P./BK 12-";"Glace laterale";"product";"19";"";"";"";"";"";"create_candidate";"Reference absente du catalogue Odoo; validation metier requise."
"7290RGSH5RD";"DESC ARD VT RENAULT CLIO 4/5P  12-";"Glace laterale";"product";"4";"";"";"";"";"";"create_candidate";"Reference absente du catalogue Odoo; validation metier requise."
"7291AGACMV1T";"PB VT ACO RENAULT ZOE CAPT CAM  19-";"Pare-brise";"product";"2";"";"";"";"";"";"create_candidate";"Reference absente du catalogue Odoo; validation metier requise."
"7291BYPHA";"LUN PRIV RENAULT ZOE ANT   13-";"Lunette";"product";"2";"";"";"";"";"";"create_candidate";"Reference absente du catalogue Odoo; validation metier requise."
"7291LGSH5FD";"DESC AVG VT RENAULT ZOE 13-";"Glace laterale";"product";"1";"";"";"";"";"";"create_candidate";"Reference absente du catalogue Odoo; validation metier requise."
"7291RGSH5RD";"DESC ARD VT RENAULT ZOE 13-24";"Glace laterale";"product";"1";"";"";"";"";"";"create_candidate";"Reference absente du catalogue Odoo; validation metier requise."
"7292AGNV";"PB VT DACIA LOGAN 2/SANDERO 2 13-";"Pare-brise";"product";"36";"";"";"";"";"";"create_candidate";"Reference absente du catalogue Odoo; validation metier requise."
"7292BGNH";"LUN VT DACIA SANDERO 2     13-";"Lunette";"product";"13";"";"";"";"";"";"create_candidate";"Reference absente du catalogue Odoo; validation metier requise."
"7292BGNH1H";"LUNETTE TEINTÉ VERT DACIA SANDERO 2 13-";"Lunette";"product";"13";"";"";"";"";"";"create_candidate";"Reference absente du catalogue Odoo; validation metier requise."
"7292BGNS";"LUN VT DACIA LOGAN 2 BNE COFFRE  13-";"Lunette";"product";"2";"";"";"";"";"";"create_candidate";"Reference absente du catalogue Odoo; validation metier requise."
"7292LGNH5FD";"DESC AVG VT LOGAN /SANDERO 2 13-";"Glace laterale";"product";"6";"";"";"";"";"";"create_candidate";"Reference absente du catalogue Odoo; validation metier requise."
"7292LGNH5RD";"GLACE DESCENDANTE ARRIÈRE GAUCHE TEINTÉ VERT DACIA SANDERO 2 5 PORTES HAYON 13-";"Glace laterale";"product";"4";"";"";"";"";"";"create_candidate";"Reference absente du catalogue Odoo; validation metier requise."
"7292LGNH5RV";"DÉFLECTEUR ARRIÈRE GAUCHE TEINTÉ VERT DACIA SANDERO 2 5 PORTES HAYON 13-";"Glace laterale";"product";"4";"";"";"";"";"";"create_candidate";"Reference absente du catalogue Odoo; validation metier requise."
"7292LGNS4RD";"DESC ARG VT DACIA LOGAN 2 4P 13-21";"Glace laterale";"product";"1";"";"";"";"";"";"create_candidate";"Reference absente du catalogue Odoo; validation metier requise."
"7292RGNE5RV";"DEFL ARD VT LOGAN MCV 2 BREAK  13-21";"Glace laterale";"product";"1";"";"";"";"";"";"create_candidate";"Reference absente du catalogue Odoo; validation metier requise."
"7292RGNH5FD";"GLACE DESCENDANTE AVANT DROIT TEINTÉ VERT LOGAN 2 /SANDERO 2 13-MO 0.40";"Glace laterale";"product";"6";"";"";"";"";"";"create_candidate";"Reference absente du catalogue Odoo; validation metier requise."
"7292RGNH5RV";"DEFL ARD VT DACIA SANDERO 2 5P 13-";"Glace laterale";"product";"6";"";"";"";"";"";"create_candidate";"Reference absente du catalogue Odoo; validation metier requise."
"7292RGNS4RV";"DEFL ARD VT DACIA LOGAN 2 4P 13-21";"Glace laterale";"product";"1";"";"";"";"";"";"create_candidate";"Reference absente du catalogue Odoo; validation metier requise."
"7293AGAMV1T";"PB VT ACO RENAULT CAPTUR CAPT   18-";"Pare-brise";"product";"4";"";"";"";"";"";"create_candidate";"Reference absente du catalogue Odoo; validation metier requise."
"7293AGAV";"PB VT ACO.RENAULT CAPTUR 13-";"Pare-brise";"product";"14";"";"";"";"";"";"create_candidate";"Reference absente du catalogue Odoo; validation metier requise."
"7293AGSMV";"PB VT RENAULT CAPTUR+CAPT.13-";"Pare-brise";"product";"14";"";"";"";"";"";"create_candidate";"Reference absente du catalogue Odoo; validation metier requise."
"7293AGSV";"PB VT RENAULT CAPTUR 13-";"Pare-brise";"product";"4";"";"";"";"";"";"create_candidate";"Reference absente du catalogue Odoo; validation metier requise."
"7293BGSRA";"LUN TV RENAULT CAPTUR ANTENNE INTÉGRÉE 13-";"Lunette";"product";"3";"";"";"";"";"";"create_candidate";"Reference absente du catalogue Odoo; validation metier requise."
"7293BYPRA";"LUN PRIV RENAULT CAPTUR ANT  13-";"Lunette";"product";"1";"";"";"";"";"";"create_candidate";"Reference absente du catalogue Odoo; validation metier requise."
"7293LGSR5FD";"DESC AVG VT RENAULT CAPTUR 13-";"Glace laterale";"product";"1";"";"";"";"";"";"create_candidate";"Reference absente du catalogue Odoo; validation metier requise."
"7293LGSR5FVWZ";"DÉFLECTEUR AVANT GAUCHE TEINTÉ VERT RENAULT CAPTUR 13-";"Glace laterale";"product";"3";"";"";"";"";"";"create_candidate";"Reference absente du catalogue Odoo; validation metier requise."
"7293LYPR5RD";"DESC ARG PRIV RENAULT CAPTUR 13-";"Glace laterale";"product";"1";"";"";"";"";"";"create_candidate";"Reference absente du catalogue Odoo; validation metier requise."
"7293RGSR5FD";"DESC AVD VT RENAULT CAPTUR 13-";"Glace laterale";"product";"1";"";"";"";"";"";"create_candidate";"Reference absente du catalogue Odoo; validation metier requise."
"7293RGSR5FVWZ";"DÉFLECTEUR AVANT DROIT TEINTÉ VERT RENAULT CAPTUR 13-";"Glace laterale";"product";"6";"";"";"";"";"";"create_candidate";"Reference absente du catalogue Odoo; validation metier requise."
"7293RGSR5RD";"GLACE DESCENDANTE ARRIÈRE DROIT TEINTÉ VERT RENAULT CAPTUR 13-";"Glace laterale";"product";"3";"";"";"";"";"";"create_candidate";"Reference absente du catalogue Odoo; validation metier requise."
"7293RGSR5RQZ";"CUST ARD VT RENAULT CAPTUR 13-";"Glace laterale";"product";"1";"";"";"";"";"";"create_candidate";"Reference absente du catalogue Odoo; validation metier requise."
"7293RYPR5RD";"DESC ARD PRIV RENAULT CAPTUR 13-";"Glace laterale";"product";"1";"";"";"";"";"";"create_candidate";"Reference absente du catalogue Odoo; validation metier requise."
"7295AGSMV1T";"PB VT RENAULT TWINGO 3  CAPT   19-";"Pare-brise";"product";"5";"";"";"";"";"";"create_candidate";"Reference absente du catalogue Odoo; validation metier requise."
"7295AGSV1M";"PB VT RENAULT TWINGO 3   14-";"Pare-brise";"product";"4";"";"";"";"";"";"create_candidate";"Reference absente du catalogue Odoo; validation metier requise."
"7295BGSHBOW";"LUN VT RENAULT TWINGO 3  14-";"Lunette";"product";"2";"";"";"";"";"";"create_candidate";"Reference absente du catalogue Odoo; validation metier requise."
"7295BGSHBOW1K";"LUNETTE TEINTÉ VERT RENAULT TWINGO 3 SPOILER";"Lunette";"product";"4";"";"";"";"";"";"create_candidate";"Reference absente du catalogue Odoo; validation metier requise."
"7295LGSH5FD";"DESC AVG VT RENAULT TWINGO 3   14-";"Glace laterale";"product";"1";"";"";"";"";"";"create_candidate";"Reference absente du catalogue Odoo; validation metier requise."
"7295RGSH5FD";"DESC AVD VT RENAULT TWINGO 3   14-";"Glace laterale";"product";"2";"";"";"";"";"";"create_candidate";"Reference absente du catalogue Odoo; validation metier requise."
"7295RGSH5RDO";"GLACE PTE ARD VT TWINGO 3   14-";"Glace laterale";"product";"1";"";"";"";"";"";"create_candidate";"Reference absente du catalogue Odoo; validation metier requise."
"7296AGAMV1T";"PB VT ACO TRAFIC III EMB  CAPT  21-";"Pare-brise";"product";"2";"";"";"";"";"";"create_candidate";"Reference absente du catalogue Odoo; validation metier requise."
"7296AGAV1C";"PB VT ACO TRAFIC III EMB      14-";"Pare-brise";"product";"2";"";"";"";"";"";"create_candidate";"Reference absente du catalogue Odoo; validation metier requise."
"7296AGSMV1C";"PB VT TRAFIC III EMB  CAPT     14-";"Pare-brise";"product";"6";"";"";"";"";"";"create_candidate";"Reference absente du catalogue Odoo; validation metier requise."
"7296AGSV";"PARE-BRISE TEINTÉ VERT RENAULT TRAFIC III EMBASE RÉTRO 14-";"Pare-brise";"product";"1";"";"";"";"";"";"create_candidate";"Reference absente du catalogue Odoo; validation metier requise."
"7296AGSV1C";"PB VT RENAULT TRAFIC III EMB 14-";"Pare-brise";"product";"11";"";"";"";"";"";"create_candidate";"Reference absente du catalogue Odoo; validation metier requise."
"7296AGSV1C-O";"PB VT RENAULT TRAFIC III EMB 14-";"Pare-brise";"product";"1";"";"";"";"";"";"create_candidate";"Reference absente du catalogue Odoo; validation metier requise."
"7296AKCVS6B";"KIT AGRAFES LATERALES PB TRAFIC III  14-";"Joint";"product";"6";"";"";"";"";"";"create_candidate";"Reference absente du catalogue Odoo; validation metier requise."
"7296BGPV";"LUN VT FONCEE TRAFIC III HAYON 14-";"Lunette";"product";"1";"";"";"";"";"";"create_candidate";"Reference absente du catalogue Odoo; validation metier requise."
"7296BGPVL";"LUN GAUCHE VT FONCEE TRAFIC III 14-";"Lunette";"product";"1";"";"";"";"";"";"create_candidate";"Reference absente du catalogue Odoo; validation metier requise."
"7296BGPVR";"LUN DROIT VT FONCEE TRAFIC III 14-";"Lunette";"product";"3";"";"";"";"";"";"create_candidate";"Reference absente du catalogue Odoo; validation metier requise."
"7296BGSV";"LUN VT RENAULT TRAFIC III HAYON 14-";"Lunette";"product";"1";"";"";"";"";"";"create_candidate";"Reference absente du catalogue Odoo; validation metier requise."
"7296BGSVL";"LUN GAUCHE VT TRAFIC III   14-";"Lunette";"product";"2";"";"";"";"";"";"create_candidate";"Reference absente du catalogue Odoo; validation metier requise."
"7296BGSVLU";"LUN GAUCHE VT TRAFIC III N CHAUF 14-";"Lunette";"product";"1";"";"";"";"";"";"create_candidate";"Reference absente du catalogue Odoo; validation metier requise."
"7296BGSVR";"LUN.DROITE VT TRAFIC III 14-";"Lunette";"product";"2";"";"";"";"";"";"create_candidate";"Reference absente du catalogue Odoo; validation metier requise."
"7296BGSVRU";"LUN DROITE VT TRAFIC III N CHAUF 14-";"Lunette";"product";"1";"";"";"";"";"";"create_candidate";"Reference absente du catalogue Odoo; validation metier requise."
"7296LGPV4RDF";"GLACE COULIS ARG VT FONCEE TRAFIC 3 14-";"Glace laterale";"product";"1";"";"";"";"";"";"create_candidate";"Reference absente du catalogue Odoo; validation metier requise."
"7296RGPV4RDF";"GLACE COULISSANTE ARRIÈRE DROIT TEINTÉ VERT FONCEE TRAFIC 3 14";"Glace laterale";"product";"1";"";"";"";"";"";"create_candidate";"Reference absente du catalogue Odoo; validation metier requise."
"7296RGPV4RQ";"CUST ARD VT FONCEE TRAFIC III COURT 14-";"Glace laterale";"product";"1";"";"";"";"";"";"create_candidate";"Reference absente du catalogue Odoo; validation metier requise."
"7296RGPV4RQ1J";"CUST ARD VT FONCEE TRAFIC III LONG 14-";"Glace laterale";"product";"1";"";"";"";"";"";"create_candidate";"Reference absente du catalogue Odoo; validation metier requise."
"7296RGSV2FD";"DESC AVD VT TRAFIC III    14-";"Glace laterale";"product";"1";"";"";"";"";"";"create_candidate";"Reference absente du catalogue Odoo; validation metier requise."
"7296RGSV4RDF";"GLACE PTE COUL ARD VT TRAFIC III     14-";"Glace laterale";"product";"1";"";"";"";"";"";"create_candidate";"Reference absente du catalogue Odoo; validation metier requise."
"7296RYPV4RQ1J";"CUST ARD PRIV TRAFIC III LONG    14-";"Glace laterale";"product";"1";"";"";"";"";"";"create_candidate";"Reference absente du catalogue Odoo; validation metier requise."
"7300AGACHIMVZ75";"PB VT ACO KADJAR CHAUF CAPT CAM  15-18";"Pare-brise";"product";"1";"";"";"";"";"";"create_candidate";"Reference absente du catalogue Odoo; validation metier requise."
"7300AGACIMVZ75";"PB VT ACO KADJAR  CAPT LDW  15-18";"Pare-brise";"product";"4";"";"";"";"";"";"create_candidate";"Reference absente du catalogue Odoo; validation metier requise."
"7300AGACIMVZ96";"PB VT ACO KADJAR CAPT CAM 11/18-22";"Pare-brise";"product";"1";"";"";"";"";"";"create_candidate";"Reference absente du catalogue Odoo; validation metier requise."
"7300AGAMVZ1C";"PB VT ACO.RENAULT KADJAR +CAPT. 15-";"Pare-brise";"product";"4";"";"";"";"";"";"create_candidate";"Reference absente du catalogue Odoo; validation metier requise."
"7300AGAMVZ95";"PB VT ACO RENAULT KADJAR  CAPT  18-";"Pare-brise";"product";"3";"";"";"";"";"";"create_candidate";"Reference absente du catalogue Odoo; validation metier requise."
"7300AGAMVZ95-O";"PB VT ACO RENAULT KADJAR  CAPT  18-";"Pare-brise";"product";"2";"";"";"";"";"";"create_candidate";"Reference absente du catalogue Odoo; validation metier requise."
"7300AGAMVZ96";"PB VT ACO RENAULT KADJAR  CAPT  18-";"Pare-brise";"product";"3";"";"";"";"";"";"create_candidate";"Reference absente du catalogue Odoo; validation metier requise."
"7300AGAVZ";"PB VT ACO.RENAULT KADJAR  15-";"Pare-brise";"product";"1";"";"";"";"";"";"create_candidate";"Reference absente du catalogue Odoo; validation metier requise."
"7300ASMR";"JC PB KADJAR TOIT TOLE 15-";"Joint";"product";"9";"";"";"";"";"";"create_candidate";"Reference absente du catalogue Odoo; validation metier requise."
"7300ASMR1D";"JC PB KADJAR TOIT VITRE 15-";"Joint";"product";"1";"";"";"";"";"";"create_candidate";"Reference absente du catalogue Odoo; validation metier requise."
"7300ASMR1H";"JC PB KADJAR TOIT VITRE     15-";"Joint";"product";"2";"";"";"";"";"";"create_candidate";"Reference absente du catalogue Odoo; validation metier requise."
"7300BYPRZ";"LUN PRIVACY RENAULT KADJAR  15-";"Lunette";"product";"1";"";"";"";"";"";"create_candidate";"Reference absente du catalogue Odoo; validation metier requise."
"7300LGSR5FDW";"DESC AVG VT RENAULT KADJAR  15-";"Glace laterale";"product";"3";"";"";"";"";"";"create_candidate";"Reference absente du catalogue Odoo; validation metier requise."
"7300LYPR5RQZ";"CUSTODE ARRIÈRE GAUCHE PRIVACY (NOIR) RENAULT KADJAR 15-22MO 1.40";"Glace laterale";"product";"1";"";"";"";"";"";"create_candidate";"Reference absente du catalogue Odoo; validation metier requise."
"7300RGSR5FDW";"DESC AVD VT RENAULT KADJAR  15-";"Glace laterale";"product";"2";"";"";"";"";"";"create_candidate";"Reference absente du catalogue Odoo; validation metier requise."
"7300RGSR5RDW";"DESC ARD VT RENAULT KADJAR  15-22";"Glace laterale";"product";"1";"";"";"";"";"";"create_candidate";"Reference absente du catalogue Odoo; validation metier requise."
"7300RYPR5RDW";"DESC ARD PRIVACY KADJAR  15-22";"Glace laterale";"product";"1";"";"";"";"";"";"create_candidate";"Reference absente du catalogue Odoo; validation metier requise."
"7301AGACMVZ";"PB VT ACO TALISMAN CAPT CAM 15-20";"Pare-brise";"product";"1";"";"";"";"";"";"create_candidate";"Reference absente du catalogue Odoo; validation metier requise."
"7301AGAMVZ";"PB VT AC RENAULT TALISMAN CAPT 15-20";"Pare-brise";"product";"1";"";"";"";"";"";"create_candidate";"Reference absente du catalogue Odoo; validation metier requise."
"7302AGACMVZ1C";"PB VT ACO MEGANE 4 CAPT CAM 16-20";"Pare-brise";"product";"1";"";"";"";"";"";"create_candidate";"Reference absente du catalogue Odoo; validation metier requise."
"7302AGACMVZ1L";"PB VT ACO MEGANE 4 CAPT CAM 20-22";"Pare-brise";"product";"1";"";"";"";"";"";"create_candidate";"Reference absente du catalogue Odoo; validation metier requise."
"7302AGAMVZ1T";"PB VT ACO MEGANE 4 CAPT   20-22";"Pare-brise";"product";"2";"";"";"";"";"";"create_candidate";"Reference absente du catalogue Odoo; validation metier requise."
"7302AGAVZ";"PB VT ACO.RENAULT MEGANE 4 16-";"Pare-brise";"product";"1";"";"";"";"";"";"create_candidate";"Reference absente du catalogue Odoo; validation metier requise."
"7302AGSMVZ1C";"PB VT RENAULT MEGANE 4+CAPT. 16-";"Pare-brise";"product";"4";"";"";"";"";"";"create_candidate";"Reference absente du catalogue Odoo; validation metier requise."
"7302AGSVZ";"PB VT RENAULT MEGANE 4      16-22";"Pare-brise";"product";"1";"";"";"";"";"";"create_candidate";"Reference absente du catalogue Odoo; validation metier requise."
"7302LGPH5RD";"DESC ARG VT FONCEE MEGANE IV 5P 16-22";"Glace laterale";"product";"1";"";"";"";"";"";"create_candidate";"Reference absente du catalogue Odoo; validation metier requise."
"7302LGSH5FD";"DESC AVG VT RENAULT MEGANE IV 16-22";"Glace laterale";"product";"1";"";"";"";"";"";"create_candidate";"Reference absente du catalogue Odoo; validation metier requise."
"7302RGPH5RD";"DESC ARD VT FONCEE MEGANE IV 16-22";"Glace laterale";"product";"1";"";"";"";"";"";"create_candidate";"Reference absente du catalogue Odoo; validation metier requise."
"7302RGSH5FD";"DESC AVD VT RENAULT MEGANE IV 16-22";"Glace laterale";"product";"1";"";"";"";"";"";"create_candidate";"Reference absente du catalogue Odoo; validation metier requise."
"7302RGSH5RVZ";"DEFL ARD VT MEGANE 4 BERLINE  16-22";"Glace laterale";"product";"1";"";"";"";"";"";"create_candidate";"Reference absente du catalogue Odoo; validation metier requise."
"7303AGACMVZ";"PB VT ACO SCENIC 4 CAPT CAM  16-";"Pare-brise";"product";"1";"";"";"";"";"";"create_candidate";"Reference absente du catalogue Odoo; validation metier requise."
"7304BGPRA";"LUN VT FONCEE CAPTUR ANT 17-";"Lunette";"product";"1";"";"";"";"";"";"create_candidate";"Reference absente du catalogue Odoo; validation metier requise."
"7305AGACMVW1L";"PB VT ACO KOLEOS 2  CAPT CAM 17-";"Pare-brise";"product";"1";"";"";"";"";"";"create_candidate";"Reference absente du catalogue Odoo; validation metier requise."
"7305RYPR5RDW";"DESC ARD PRIV RENAULT KOLEOS 2  17-";"Glace laterale";"product";"1";"";"";"";"";"";"create_candidate";"Reference absente du catalogue Odoo; validation metier requise."
"7305RYPR5RQZ";"CUST ARD PRIV RENAULT KOLEOS 2  17-";"Glace laterale";"product";"1";"";"";"";"";"";"create_candidate";"Reference absente du catalogue Odoo; validation metier requise."
"7306AGSMV1C";"PB VT DACIA DUSTER 2 CAPT 17-";"Pare-brise";"product";"9";"";"";"";"";"";"create_candidate";"Reference absente du catalogue Odoo; validation metier requise."
"7306AGSMV6T";"PB VT DACIA DUSTER 2 CAPT 23-";"Pare-brise";"product";"1";"";"";"";"";"";"create_candidate";"Reference absente du catalogue Odoo; validation metier requise."
"7306AGSV";"PB VT DACIA DUSTER 2  17-";"Pare-brise";"product";"20";"";"";"";"";"";"create_candidate";"Reference absente du catalogue Odoo; validation metier requise."
"7306BGSRB";"LUN  VT DACIA DUSTER 2 17-";"Lunette";"product";"2";"";"";"";"";"";"create_candidate";"Reference absente du catalogue Odoo; validation metier requise."
"7306BYPRB";"LUN PRIVACY DACIA DUSTER 2  17-";"Lunette";"product";"2";"";"";"";"";"";"create_candidate";"Reference absente du catalogue Odoo; validation metier requise."
"7306LGSR5FD";"GLACE DESCENDANTE AVANT GAUCHE TEINTÉ VERT DACIA DUSTER 2 17-";"Glace laterale";"product";"2";"";"";"";"";"";"create_candidate";"Reference absente du catalogue Odoo; validation metier requise."
"7306LYPR5RD";"DESC ARG PRIV DACIA DUSTER 2  17-";"Glace laterale";"product";"1";"";"";"";"";"";"create_candidate";"Reference absente du catalogue Odoo; validation metier requise."
"7306RGSR5FD";"DESC AVD VT DACIA DUSTER 2  17-";"Glace laterale";"product";"1";"";"";"";"";"";"create_candidate";"Reference absente du catalogue Odoo; validation metier requise."
"7306RGSR5RD";"DESC ARD VT DACIA DUSTER 2  17-";"Glace laterale";"product";"4";"";"";"";"";"";"create_candidate";"Reference absente du catalogue Odoo; validation metier requise."
"7306RGSR5RQ";"CUST ARD VT DACIA DUSTER 2  17-";"Glace laterale";"product";"1";"";"";"";"";"";"create_candidate";"Reference absente du catalogue Odoo; validation metier requise."
"7306RYPR5RD";"DESC ARD PRIV DACIA DUSTER 2  17-";"Glace laterale";"product";"3";"";"";"";"";"";"create_candidate";"Reference absente du catalogue Odoo; validation metier requise."
"7306RYPR5RQ";"CUST ARD PRIV DACIA DUSTER 2  17-";"Glace laterale";"product";"2";"";"";"";"";"";"create_candidate";"Reference absente du catalogue Odoo; validation metier requise."
"7307BGNPZ";"LUN VT RENAULT ALASKAN  17-";"Lunette";"product";"1";"";"";"";"";"";"create_candidate";"Reference absente du catalogue Odoo; validation metier requise."
"7310AGACMVZ";"PB VT AC CLIO V LHD CAPT LDW 19-";"Pare-brise";"product";"43";"";"";"";"";"";"create_candidate";"Reference absente du catalogue Odoo; validation metier requise."
"7310AGAMVZ";"PB VT AC CLIO V LHD CAPT  19-";"Pare-brise";"product";"4";"";"";"";"";"";"create_candidate";"Reference absente du catalogue Odoo; validation metier requise."
"7310BGSH";"LUN VT RENAULT CLIO V  SS ANT   19-";"Lunette";"product";"1";"";"";"";"";"";"create_candidate";"Reference absente du catalogue Odoo; validation metier requise."
"7310BGSHA";"LUN VT RENAULT CLIO V ANT 19-";"Lunette";"product";"1";"";"";"";"";"";"create_candidate";"Reference absente du catalogue Odoo; validation metier requise."
"7310BYPHA";"LUN PRIV RENAULT CLIO V    19-";"Lunette";"product";"1";"";"";"";"";"";"create_candidate";"Reference absente du catalogue Odoo; validation metier requise."
"7310LGSH5FD";"GLACE DESCENDANTE AVANT GAUCHE TEINTÉ VERT RENAULT CLIO V 19-";"Glace laterale";"product";"4";"";"";"";"";"";"create_candidate";"Reference absente du catalogue Odoo; validation metier requise."
"7310LGSH5FV";"DÉFLECTEUR AVANT GAUCHE TEINTÉ VERT RENAULT CLIO V  19-";"Glace laterale";"product";"1";"";"";"";"";"";"create_candidate";"Reference absente du catalogue Odoo; validation metier requise."
"7310LGSH5FVWZ";"DEFL AVG VT RENAULT CLIO V  19-";"Glace laterale";"product";"2";"";"";"";"";"";"create_candidate";"Reference absente du catalogue Odoo; validation metier requise."
"7310LGSH5RD";"GLACE DESCENDANTE ARRIÈRE GAUCHE TEINTÉ VERT RENAULT CLIO V 19-MO 0.70";"Glace laterale";"product";"3";"";"";"";"";"";"create_candidate";"Reference absente du catalogue Odoo; validation metier requise."
"7310LYPH5RD";"DESC ARG PRIV RENAULT CLIO V  19-";"Glace laterale";"product";"2";"";"";"";"";"";"create_candidate";"Reference absente du catalogue Odoo; validation metier requise."
"7310RGSH5FD";"DESC AVD VT RENAULT CLIO V  19-";"Glace laterale";"product";"4";"";"";"";"";"";"create_candidate";"Reference absente du catalogue Odoo; validation metier requise."
"7310RGSH5FVWZ";"DEFL AVD VT RENAULT CLIO V  19-";"Glace laterale";"product";"3";"";"";"";"";"";"create_candidate";"Reference absente du catalogue Odoo; validation metier requise."
"7310RGSH5RD";"GLACE DESCENDANTE ARRIÈRE DROIT TEINTÉ VERT RENAULT CLIO V 19-";"Glace laterale";"product";"1";"";"";"";"";"";"create_candidate";"Reference absente du catalogue Odoo; validation metier requise."
"7311AGACHMVZ";"PB VT AC CAPTUR 2 LHD CHAU CAP CAM 19-";"Pare-brise";"product";"1";"";"";"";"";"";"create_candidate";"Reference absente du catalogue Odoo; validation metier requise."
"7311AGACMVZ";"PB VT ACO CAPTUR II LHD CAPT CAM 19-";"Pare-brise";"product";"16";"";"";"";"";"";"create_candidate";"Reference absente du catalogue Odoo; validation metier requise."
"7311LGSR5FD";"DESC AVG VT RENAULT CAPTUR II   19-";"Glace laterale";"product";"2";"";"";"";"";"";"create_candidate";"Reference absente du catalogue Odoo; validation metier requise."
"7311LGSR5FVWZ";"DÉFLECTEUR AVANT GAUCHE TEINTÉ VERT RENAULT CAPTUR II 19-";"Glace laterale";"product";"1";"";"";"";"";"";"create_candidate";"Reference absente du catalogue Odoo; validation metier requise."
"7311RGSR5FD";"DESC AVD VT RENAULT CAPTUR II   19-";"Glace laterale";"product";"1";"";"";"";"";"";"create_candidate";"Reference absente du catalogue Odoo; validation metier requise."
"7312AGSCMVZ";"PB VT RENAULT KANGOO 3 CAPT CAM 21-";"Pare-brise";"product";"1";"";"";"";"";"";"create_candidate";"Reference absente du catalogue Odoo; validation metier requise."
"7312AGSIMVZ";"PB VT RENAULT KANGOO 3 CAPT   21-";"Pare-brise";"product";"1";"";"";"";"";"";"create_candidate";"Reference absente du catalogue Odoo; validation metier requise."
"7313AGSMV";"PB VT DACIA LOGAN / SANDERO 3 CAPT 20-";"Pare-brise";"product";"3";"";"";"";"";"";"create_candidate";"Reference absente du catalogue Odoo; validation metier requise."
"7313AGSV";"PB VT DACIA LOGAN / SANDERO 3  20-";"Pare-brise";"product";"3";"";"";"";"";"";"create_candidate";"Reference absente du catalogue Odoo; validation metier requise."
"7313BGSH";"LUN VT DACIA SANDERO 3 5P HAYON 20-";"Lunette";"product";"3";"";"";"";"";"";"create_candidate";"Reference absente du catalogue Odoo; validation metier requise."
"7313LGSH5FD";"DESC AVG VT DACIA LOGAN / SANDERO 3 20-";"Glace laterale";"product";"1";"";"";"";"";"";"create_candidate";"Reference absente du catalogue Odoo; validation metier requise."
"7313LGSH5RD";"DESC ARG VT DACIA SANDERO 3 20-";"Glace laterale";"product";"2";"";"";"";"";"";"create_candidate";"Reference absente du catalogue Odoo; validation metier requise."
"7313RGSH5FD";"DESC AVD VT DACIA LOGAN / SANDERO 3 20-";"Glace laterale";"product";"1";"";"";"";"";"";"create_candidate";"Reference absente du catalogue Odoo; validation metier requise."
"7313RGSH5RVWZ";"CUS ARD DACIA/SANDERO 5P 09-20";"Glace laterale";"product";"1";"";"";"";"";"";"create_candidate";"Reference absente du catalogue Odoo; validation metier requise."
"7314AGNV";"PB VT DACIA SPRING 20-";"Pare-brise";"product";"1";"";"";"";"";"";"create_candidate";"Reference absente du catalogue Odoo; validation metier requise."
"7316RGSR5RD";"DESC ARD VT  RENAULT AUSTRAL    22-";"Glace laterale";"product";"1";"";"";"";"";"";"create_candidate";"Reference absente du catalogue Odoo; validation metier requise."
"73561S5SE00";"CUST ARG HONDA CIVIC";"Glace laterale";"product";"1";"";"";"";"";"";"create_candidate";"Reference absente du catalogue Odoo; validation metier requise."
"7608AGNMVZ";"PB VT SEAT TOLEDO/LEON   CAPT 8/98-04";"Pare-brise";"product";"3";"";"";"";"";"";"create_candidate";"Reference absente du catalogue Odoo; validation metier requise."
"7608AGNVZ";"PB VT SEAT TOLEDO/LEON          08/98-04";"Pare-brise";"product";"4";"";"";"";"";"";"create_candidate";"Reference absente du catalogue Odoo; validation metier requise."
"7608AKCSS1F";"AGRAFES PB TOLEDO/LEON             98-04";"Joint";"product";"6";"";"";"";"";"";"create_candidate";"Reference absente du catalogue Odoo; validation metier requise."
"7608LGNS4RD";"DESC ARG VT TOLEDO / LEON         99-04";"Glace laterale";"product";"2";"";"";"";"";"";"create_candidate";"Reference absente du catalogue Odoo; validation metier requise."
"7608RGNS4RD";"DESC ARD VT TOLEDO / LEON         99-04";"Glace laterale";"product";"1";"";"";"";"";"";"create_candidate";"Reference absente du catalogue Odoo; validation metier requise."
"7609AGNZ";"PB VT SEAT IBIZA 3/CORDOBA 2       99-01";"Pare-brise";"product";"5";"";"";"";"";"";"create_candidate";"Reference absente du catalogue Odoo; validation metier requise."
"7609AGNZ-PERDU";"PB VT SEAT IBIZA 3/CORDOBA 2       99-01";"Pare-brise";"product";"1";"";"";"";"";"";"create_candidate";"Reference absente du catalogue Odoo; validation metier requise."
"7609AGSMZ";"PB VT SEAT IBIZA 3/CORDOBA 2  CAPT 99-01";"Pare-brise";"product";"1";"";"";"";"";"";"create_candidate";"Reference absente du catalogue Odoo; validation metier requise."
"7609AKCH";"KIT AGR PB SEAT IBIZA 3/CORDOBA 2 99-01";"Joint";"product";"1";"";"";"";"";"";"create_candidate";"Reference absente du catalogue Odoo; validation metier requise."
"7610AGSMVZ";"PB VT IBIZA 4 / CORDOBA 3 +CAPT 02-08";"Pare-brise";"product";"5";"";"";"";"";"";"create_candidate";"Reference absente du catalogue Odoo; validation metier requise."
"7610AGSVZ";"PB VT SEAT IBIZA 4 / CORDOBA 3 02-08";"Pare-brise";"product";"39";"";"";"";"";"";"create_candidate";"Reference absente du catalogue Odoo; validation metier requise."
"7610BGSHZ";"LUN VT SEAT IBIZA 4 3/5P           02-08";"Lunette";"product";"1";"";"";"";"";"";"create_candidate";"Reference absente du catalogue Odoo; validation metier requise."
"7610LGSH3FD";"DESC AVG TEINTÉ VERT SEAT IBIZA 4 3 PORTES 02-08";"Glace laterale";"product";"1";"";"";"";"";"";"create_candidate";"Reference absente du catalogue Odoo; validation metier requise."
"7610LGSH3RQZ";"CUST ARG VT SEAT IBIZA 4 3P      02-08";"Glace laterale";"product";"1";"";"";"";"";"";"create_candidate";"Reference absente du catalogue Odoo; validation metier requise."
"7610RGSH3FD";"GLACE DESCENDANTE AVANT DROIT TEINTÉ VERT SEAT IBIZA III 3 PORTES 02-08";"Glace laterale";"product";"2";"";"";"";"";"";"create_candidate";"Reference absente du catalogue Odoo; validation metier requise."
"7612LGSV5FQZ";"CUST.AVG VT SEAT ALTEA/TOLEDO 04-15";"Glace laterale";"product";"1";"";"";"";"";"";"create_candidate";"Reference absente du catalogue Odoo; validation metier requise."
"7613AGSBLVZ";"PB VTBL SEAT LEON                  05-12";"Pare-brise";"product";"1";"";"";"";"";"";"create_candidate";"Reference absente du catalogue Odoo; validation metier requise."
"7613AGSMVZ1B";"PB VT SEAT LEON + CAPT 05-12";"Pare-brise";"product";"11";"";"";"";"";"";"create_candidate";"Reference absente du catalogue Odoo; validation metier requise."
"7613AGSVZ";"PB VT SEAT LEON 05-12";"Pare-brise";"product";"11";"";"";"";"";"";"create_candidate";"Reference absente du catalogue Odoo; validation metier requise."
"7613AKCHS1F";"AGRAFES PB LEON 04-12";"Joint";"product";"13";"";"";"";"";"";"create_candidate";"Reference absente du catalogue Odoo; validation metier requise."
"7613BGSHW";"LUN VT SEAT LEON           05-09";"Lunette";"product";"1";"";"";"";"";"";"create_candidate";"Reference absente du catalogue Odoo; validation metier requise."
"7614AGSMVZ1P";"PB VT SEAT IBIZA 5 CAPT CARRE  08-13";"Pare-brise";"product";"4";"";"";"";"";"";"create_candidate";"Reference absente du catalogue Odoo; validation metier requise."
"7614AGSMVZ1T";"PB VT SEAT IBIZA 5 TOIT VERRE CAPT 13-15";"Pare-brise";"product";"7";"";"";"";"";"";"create_candidate";"Reference absente du catalogue Odoo; validation metier requise."
"7614AGSVZ";"PB VT SEAT IBIZA 5 5PTES 08-";"Pare-brise";"product";"6";"";"";"";"";"";"create_candidate";"Reference absente du catalogue Odoo; validation metier requise."
"7614AGSVZ1H";"PB VT SEAT IBIZA 5 3P     08-17";"Pare-brise";"product";"4";"";"";"";"";"";"create_candidate";"Reference absente du catalogue Odoo; validation metier requise."
"7614AGSVZ1J";"PB VT SEAT IBIZA 5 3PTES EMB.18CM 08-";"Pare-brise";"product";"2";"";"";"";"";"";"create_candidate";"Reference absente du catalogue Odoo; validation metier requise."
"7614BGDHI1J";"LUN VT FONCEE SEAT IBIZA 3PTES  08-17";"Lunette";"product";"3";"";"";"";"";"";"create_candidate";"Reference absente du catalogue Odoo; validation metier requise."
"7614BGSHI";"LUN VT SEAT IBIZA 5PTES  08-17";"Lunette";"product";"3";"";"";"";"";"";"create_candidate";"Reference absente du catalogue Odoo; validation metier requise."
"7614LGSH3FD";"DESC AVG VT SEAT IBIZA V 3P  08-17";"Glace laterale";"product";"1";"";"";"";"";"";"create_candidate";"Reference absente du catalogue Odoo; validation metier requise."
"7614LGSH5RD";"DESC ARG VT SEAT IBIZA V 5P  08-";"Glace laterale";"product";"1";"";"";"";"";"";"create_candidate";"Reference absente du catalogue Odoo; validation metier requise."
"7614RGDH3RQZ";"CUSTODE ARRIÈRE DROIT TEINTÉ VERT FONCEE IBIZA 3 PORTES 08-MO 1.30";"Glace laterale";"product";"1";"";"";"";"";"";"create_candidate";"Reference absente du catalogue Odoo; validation metier requise."
"7614RGSH3FD";"GLACE DESCENDANTE AVANT DROIT TEINTÉ VERT SEAT IBIZA V 3 PORTES";"Glace laterale";"product";"3";"";"";"";"";"";"create_candidate";"Reference absente du catalogue Odoo; validation metier requise."
"7614RGSH3RQZ";"CUSTODE ARRIÈRE DROIT TEINTÉ VERT FONCEE IBIZA 3 PORTES 08-MO 1.30";"Glace laterale";"product";"1";"";"";"";"";"";"create_candidate";"Reference absente du catalogue Odoo; validation metier requise."
"7614RGSH5FD";"DESC AVD VT SEAT IBIZA V 5P  08-";"Glace laterale";"product";"2";"";"";"";"";"";"create_candidate";"Reference absente du catalogue Odoo; validation metier requise."
"7614RGSH5FQZ";"CUST AVD VT SEAT IBIZA 3/5P   08-";"Glace laterale";"product";"1";"";"";"";"";"";"create_candidate";"Reference absente du catalogue Odoo; validation metier requise."
"7614RGSH5RQZ";"CUSTODE ARRIÈRE DROIT TEINTÉ VERT SEAT IBIZA 5 PORTES HAYON  08-MO 1.10";"Glace laterale";"product";"1";"";"";"";"";"";"create_candidate";"Reference absente du catalogue Odoo; validation metier requise."
"7618RGSH5RD";"DESC ARD VT SEAT TOLEDO 12-19";"Glace laterale";"product";"1";"";"";"";"";"";"create_candidate";"Reference absente du catalogue Odoo; validation metier requise."
"7619AGAMVZ1P";"PB VT ACO.SEAT LEON +CAPT     13-";"Pare-brise";"product";"2";"";"";"";"";"";"create_candidate";"Reference absente du catalogue Odoo; validation metier requise."
"7619AGAVZ";"PB VT SEAT LEON           13-";"Pare-brise";"product";"2";"";"";"";"";"";"create_candidate";"Reference absente du catalogue Odoo; validation metier requise."
"7619AGSCMVZ35";"PB VT SEAT LEON  CAPT CAM 13-16";"Pare-brise";"product";"1";"";"";"";"";"";"create_candidate";"Reference absente du catalogue Odoo; validation metier requise."
"7619AGSMVZ1P";"PB VT SEAT LEON  CAPT     13-16";"Pare-brise";"product";"2";"";"";"";"";"";"create_candidate";"Reference absente du catalogue Odoo; validation metier requise."
"7619AGSMVZ6K";"PARE-BRISE TEINTÉ VERT SEAT LEON CAPTEUR DE PLUIE T VERRE 13-16";"Pare-brise";"product";"1";"";"";"";"";"";"create_candidate";"Reference absente du catalogue Odoo; validation metier requise."
"7619AGSMVZ8K";"PB VT SEAT LEON  CAPT      16-";"Pare-brise";"product";"5";"";"";"";"";"";"create_candidate";"Reference absente du catalogue Odoo; validation metier requise."
"7619AGSVZ";"PB VT SEAT LEON           13-";"Pare-brise";"product";"1";"";"";"";"";"";"create_candidate";"Reference absente du catalogue Odoo; validation metier requise."
"7619LGDH5RDW";"DESC ARG VT FONCEE SEAT LEON 13-";"Glace laterale";"product";"1";"";"";"";"";"";"create_candidate";"Reference absente du catalogue Odoo; validation metier requise."
"7619RGSH3FD";"DESC AVD VT SEAT LEON 3P  13-";"Glace laterale";"product";"1";"";"";"";"";"";"create_candidate";"Reference absente du catalogue Odoo; validation metier requise."
"7620AGAMVZ1C";"PB VT AC SEAT ATECA  CAPT  16-";"Pare-brise";"product";"7";"";"";"";"";"";"create_candidate";"Reference absente du catalogue Odoo; validation metier requise."
"7620AGAVZ";"PB VT ACO SEAT ATECA  16-";"Pare-brise";"product";"1";"";"";"";"";"";"create_candidate";"Reference absente du catalogue Odoo; validation metier requise."
"7620BGDRAI";"LUN VT FONCEE ATECA  ANT  16-";"Lunette";"product";"1";"";"";"";"";"";"create_candidate";"Reference absente du catalogue Odoo; validation metier requise."
"7620LGSR5RDW";"DESC ARG VT SEAT ATECA   16-";"Glace laterale";"product";"1";"";"";"";"";"";"create_candidate";"Reference absente du catalogue Odoo; validation metier requise."
"7620RGSR5FD";"DESC AVD VT SEAT ATECA   16-";"Glace laterale";"product";"1";"";"";"";"";"";"create_candidate";"Reference absente du catalogue Odoo; validation metier requise."
"7621AGCCMVZ";"PB VT ABS SEAT IBIZA 6 CAPT CAM 17-";"Pare-brise";"product";"2";"";"";"";"";"";"create_candidate";"Reference absente du catalogue Odoo; validation metier requise."
"7621AGCVZ";"PB VT ABS SEAT IBIZA 6      17-";"Pare-brise";"product";"1";"";"";"";"";"";"create_candidate";"Reference absente du catalogue Odoo; validation metier requise."
"7621AGSMVZ6W";"PB VT IBIZA 6 TOIT VERRE CAPT 17-";"Pare-brise";"product";"1";"";"";"";"";"";"create_candidate";"Reference absente du catalogue Odoo; validation metier requise."
"7621AGSVZ1K";"PB VT SEAT IBIZA 6 TOIT VERRE 17-";"Pare-brise";"product";"2";"";"";"";"";"";"create_candidate";"Reference absente du catalogue Odoo; validation metier requise."
"7621BGDHI";"LUN VT FONCEE SEAT IBIZA 6   17-";"Lunette";"product";"1";"";"";"";"";"";"create_candidate";"Reference absente du catalogue Odoo; validation metier requise."
"7621BGSHAI";"LUN VT SEAT IBIZA 6 ANT  17-";"Lunette";"product";"2";"";"";"";"";"";"create_candidate";"Reference absente du catalogue Odoo; validation metier requise."
"7621LGDH5RD";"DESC ARG VT FONCEE SEAT IBIZA 6 17-";"Glace laterale";"product";"1";"";"";"";"";"";"create_candidate";"Reference absente du catalogue Odoo; validation metier requise."
"7621LGSH5FD";"GLACE DESCENDANTE AVANT GAUCHE TEINTÉ VERT SEAT IBIZA 6 17-MO 0.50";"Glace laterale";"product";"1";"";"";"";"";"";"create_candidate";"Reference absente du catalogue Odoo; validation metier requise."
"7621LGSH5RD";"DESC ARG VT SEAT IBIZA 6 17-";"Glace laterale";"product";"1";"";"";"";"";"";"create_candidate";"Reference absente du catalogue Odoo; validation metier requise."
"7621RGSH5FD";"GLACE DESCENDANTE AVANT DROIT TEINTÉ VERT SEAT IBIZA 6";"Glace laterale";"product";"1";"";"";"";"";"";"create_candidate";"Reference absente du catalogue Odoo; validation metier requise."
"7622AGAMVZ1C";"PARE-BRISE TEINTÉ VERT AC SEAT ARONA CAPTEUR DE PLUIE 17-19MO 2.20";"Pare-brise";"product";"1";"";"";"";"";"";"create_candidate";"Reference absente du catalogue Odoo; validation metier requise."
"7622AGAMVZ6Z";"PB VT AC SEAT ARONA  CAPT 1412MM   19-";"Pare-brise";"product";"1";"";"";"";"";"";"create_candidate";"Reference absente du catalogue Odoo; validation metier requise."
"7622AGAVZ";"PB VT AC SEAT ARONA         17-";"Pare-brise";"product";"2";"";"";"";"";"";"create_candidate";"Reference absente du catalogue Odoo; validation metier requise."
"7622AGAVZ6Z";"PB VT AC SEAT ARONA 1412MM    19-";"Pare-brise";"product";"1";"";"";"";"";"";"create_candidate";"Reference absente du catalogue Odoo; validation metier requise."
"7622AGSMVZ1C";"PB VT SEAT ARONA  CAPT    17-19";"Pare-brise";"product";"5";"";"";"";"";"";"create_candidate";"Reference absente du catalogue Odoo; validation metier requise."
"7622BGSRAI";"LUN VT SEAT ARONA  ANT    17-";"Lunette";"product";"2";"";"";"";"";"";"create_candidate";"Reference absente du catalogue Odoo; validation metier requise."
"7622LGDR5RQZ1M";"CUST ARG VT FONCEE SEAT ARONA  17-";"Glace laterale";"product";"1";"";"";"";"";"";"create_candidate";"Reference absente du catalogue Odoo; validation metier requise."
"7622LGSR5FD";"LAT AVG  TEINTÉ VERT SEAT ARONA  17-";"Glace laterale";"product";"1";"";"";"";"";"";"create_candidate";"Reference absente du catalogue Odoo; validation metier requise."
"7622RGSR5FD";"VITRE MOBILE AVD TV SEAT ARONA";"Glace laterale";"product";"3";"";"";"";"";"";"create_candidate";"Reference absente du catalogue Odoo; validation metier requise."
"7623BGSRAI";"LUN VT SEAT TARRACO ANT 18-";"Lunette";"product";"1";"";"";"";"";"";"create_candidate";"Reference absente du catalogue Odoo; validation metier requise."
"7625AGACMVZ";"PB VT ACO CUPRA FORMENTOR CAPT CAM 20-";"Pare-brise";"product";"3";"";"";"";"";"";"create_candidate";"Reference absente du catalogue Odoo; validation metier requise."
"7625AGSCMVZ";"PB VT CUPRA FORMENTOR CAPT CAM 20-";"Pare-brise";"product";"1";"";"";"";"";"";"create_candidate";"Reference absente du catalogue Odoo; validation metier requise."
"7625LGPR5RDW";"DESC ARG VT FONC CUPRA FORMENTOR 20-";"Glace laterale";"product";"1";"";"";"";"";"";"create_candidate";"Reference absente du catalogue Odoo; validation metier requise."
"7806AGN1P";"PB VT SKODA FELICIA 95-01";"Pare-brise";"product";"1";"";"";"";"";"";"create_candidate";"Reference absente du catalogue Odoo; validation metier requise."
"7806ASRH";"JT PB SKODA FELICIA/FAVORIT 89-01";"Joint";"product";"1";"";"";"";"";"";"create_candidate";"Reference absente du catalogue Odoo; validation metier requise."
"7807AGNGYMVW1K";"PARE-BRISE TEINTÉ VERT DÉGRADÉ GRIS SKODA OCTAVIA CAPTEUR DE PLUIE 97-10MO 2,20";"Pare-brise";"product";"1";"";"";"";"";"";"create_candidate";"Reference absente du catalogue Odoo; validation metier requise."
"7807AGNGYVW1K";"PB VTGY SKODA OCTAVIA              97-10";"Pare-brise";"product";"2";"";"";"";"";"";"create_candidate";"Reference absente du catalogue Odoo; validation metier requise."
"7807AGNVW1K";"PB VT SKODA OCTAVIA                97-10";"Pare-brise";"product";"1";"";"";"";"";"";"create_candidate";"Reference absente du catalogue Odoo; validation metier requise."
"7807ASMHT";"JC SUP PB SKODA OCTAVIA   97-10";"Joint";"product";"2";"";"";"";"";"";"create_candidate";"Reference absente du catalogue Odoo; validation metier requise."
"7808AGNGYVZ";"PB VTGY SKODA FABIA 99-07";"Pare-brise";"product";"7";"";"";"";"";"";"create_candidate";"Reference absente du catalogue Odoo; validation metier requise."
"7808LGSH5FD";"DESC AVG VT SKODA FABIA       99-";"Glace laterale";"product";"2";"";"";"";"";"";"create_candidate";"Reference absente du catalogue Odoo; validation metier requise."
"7808RGSE5RVZ";"DEFL ARD VT SKODA FABIA BREAK  99-";"Glace laterale";"product";"1";"";"";"";"";"";"create_candidate";"Reference absente du catalogue Odoo; validation metier requise."
"7808RGSH5FD";"DESC AVD VT SKODA FABIA       99-";"Glace laterale";"product";"1";"";"";"";"";"";"create_candidate";"Reference absente du catalogue Odoo; validation metier requise."
"7810AGSGYMVZ1P";"PB VTGY SKODA OCTAVIA II  CAPT  04-13";"Pare-brise";"product";"3";"";"";"";"";"";"create_candidate";"Reference absente du catalogue Odoo; validation metier requise."
"7810AGSMVZ1P";"PB VT SKODA OCTAVIA II  CAPT     04-13";"Pare-brise";"product";"1";"";"";"";"";"";"create_candidate";"Reference absente du catalogue Odoo; validation metier requise."
"7810AGSVZ";"PB VT SKODA OCTAVIA II             04-13";"Pare-brise";"product";"2";"";"";"";"";"";"create_candidate";"Reference absente du catalogue Odoo; validation metier requise."
"7810BGDEW";"LUNETTE TEINTÉ VERT FONCEE OCTAVIA BREAK 04-13MO 2.20";"Lunette";"product";"1";"";"";"";"";"";"create_candidate";"Reference absente du catalogue Odoo; validation metier requise."
"7810LGSH5FD";"DESC AVG VT OCTAVIA BNE/BK 04-13";"Glace laterale";"product";"1";"";"";"";"";"";"create_candidate";"Reference absente du catalogue Odoo; validation metier requise."
"7810LGSH5RD";"DESC ARG VT OCTAVIA BNE 04-13";"Glace laterale";"product";"1";"";"";"";"";"";"create_candidate";"Reference absente du catalogue Odoo; validation metier requise."
"7810RGSE5RV";"DEFL ARD VT OCTAVIA BREAK 04-13";"Glace laterale";"product";"1";"";"";"";"";"";"create_candidate";"Reference absente du catalogue Odoo; validation metier requise."
"7810RGSH5RVZ";"DÉFLECTEUR ARRIÈRE DROIT TEINTÉ VERT OCTAVIA BERLINE";"Glace laterale";"product";"1";"";"";"";"";"";"create_candidate";"Reference absente du catalogue Odoo; validation metier requise."
"7811AGSGYVW";"PB VTGY SKODA ROOMSTER/FABIA II 06-";"Pare-brise";"product";"5";"";"";"";"";"";"create_candidate";"Reference absente du catalogue Odoo; validation metier requise."
"7811AGSVW";"PB VT SKODA ROOMSTER/FABIA II  06-";"Pare-brise";"product";"4";"";"";"";"";"";"create_candidate";"Reference absente du catalogue Odoo; validation metier requise."
"7811RGSE5RD";"DESC.ARD VT FABIA II BREAK 07-14";"Glace laterale";"product";"1";"";"";"";"";"";"create_candidate";"Reference absente du catalogue Odoo; validation metier requise."
"7811RGSM5RQW";"CUST ARD VT SKODA ROOMSTER    07-";"Glace laterale";"product";"1";"";"";"";"";"";"create_candidate";"Reference absente du catalogue Odoo; validation metier requise."
"7813AGSMVWZ1P";"PB VT SKODA YETI  CAPT CARRÉ  09-14";"Pare-brise";"product";"4";"";"";"";"";"";"create_candidate";"Reference absente du catalogue Odoo; validation metier requise."
"7813AGSVWZ";"PB VT SKODA YETI ENCAP  09-17";"Pare-brise";"product";"1";"";"";"";"";"";"create_candidate";"Reference absente du catalogue Odoo; validation metier requise."
"7813BGDRAI1B";"LUN VT FONCEE SKODA YETI  ANT 09-17";"Lunette";"product";"2";"";"";"";"";"";"create_candidate";"Reference absente du catalogue Odoo; validation metier requise."
"7813BGDRI1B";"LUN VT FONCEE SKODA YETI   09-17";"Lunette";"product";"1";"";"";"";"";"";"create_candidate";"Reference absente du catalogue Odoo; validation metier requise."
"7813RGSR5FDW";"DESC AVD VT SKODA YETI         09-17";"Glace laterale";"product";"3";"";"";"";"";"";"create_candidate";"Reference absente du catalogue Odoo; validation metier requise."
"7815BGSEAI";"LUN VT SKODA RAPID BREAK ANT 13-";"Lunette";"product";"1";"";"";"";"";"";"create_candidate";"Reference absente du catalogue Odoo; validation metier requise."
"7816AGAMVW";"PB VT AC OCTAVIA 3  CAPT TOIT TOLE 13-14";"Pare-brise";"product";"1";"";"";"";"";"";"create_candidate";"Reference absente du catalogue Odoo; validation metier requise."
"7818RGPH5RVWZ";"DÉFLECTEUR ARRIÈRE DROIT PRIVACY FABIA 3 5 PORTES HAYON 14-21MO 0.60";"Glace laterale";"product";"1";"";"";"";"";"";"create_candidate";"Reference absente du catalogue Odoo; validation metier requise."
"7820AGAMVZ1C";"PB VT ACO SKODA KODIAQ CAPT  17-";"Pare-brise";"product";"3";"";"";"";"";"";"create_candidate";"Reference absente du catalogue Odoo; validation metier requise."
"7821AGAMVZ1C";"PB VT ACO SKODA KAROQ  CAPT  17-";"Pare-brise";"product";"2";"";"";"";"";"";"create_candidate";"Reference absente du catalogue Odoo; validation metier requise."
"7821LGSR5RDW";"DESC ARG VT SKODA KAROQ  17-";"Glace laterale";"product";"1";"";"";"";"";"";"create_candidate";"Reference absente du catalogue Odoo; validation metier requise."
"7823AGACVZ";"PB VT AC SKODA KAMIQ CAM 19-";"Pare-brise";"product";"1";"";"";"";"";"";"create_candidate";"Reference absente du catalogue Odoo; validation metier requise."
"7823LGSR5FD";"DESC AVG VT SKODA KAMIQ   19-";"Glace laterale";"product";"1";"";"";"";"";"";"create_candidate";"Reference absente du catalogue Odoo; validation metier requise."
"7926AGN";"PB VT SUBARU IMPREZA 4P         12/00-07";"Pare-brise";"product";"1";"";"";"";"";"";"create_candidate";"Reference absente du catalogue Odoo; validation metier requise."
"7926AGNV2B";"PB VT SUBARU IMPREZA 4P SERIG 00-07";"Pare-brise";"product";"2";"";"";"";"";"";"create_candidate";"Reference absente du catalogue Odoo; validation metier requise."
"7926ASMS";"JC PB SUBARU IMPREZA 4P         12/00-07";"Joint";"product";"4";"";"";"";"";"";"create_candidate";"Reference absente du catalogue Odoo; validation metier requise."
"7926BYPSW1H";"LUN PRIV IMPREZA 4P ANT TROU 00-07";"Lunette";"product";"1";"";"";"";"";"";"create_candidate";"Reference absente du catalogue Odoo; validation metier requise."
"7928AGNGNH";"PB VTVT SUBARU FORESTER CHAUF 02-08";"Pare-brise";"product";"1";"";"";"";"";"";"create_candidate";"Reference absente du catalogue Odoo; validation metier requise."
"7928ASMR";"JC PB SUBARU FORESTER II 02-08";"Joint";"product";"1";"";"";"";"";"";"create_candidate";"Reference absente du catalogue Odoo; validation metier requise."
"7939AGAHMV1B";"PB VT AC IMPREZA/XV/LEVO 5P CHAU CAP 12-";"Pare-brise";"product";"1";"";"";"";"";"";"create_candidate";"Reference absente du catalogue Odoo; validation metier requise."
"7939ASMR";"JC PB IMPREZA/XV/LEVORG 5P  12-";"Joint";"product";"1";"";"";"";"";"";"create_candidate";"Reference absente du catalogue Odoo; validation metier requise."
"7941AGNV";"PB VT SUBARU FORESTER  13-";"Pare-brise";"product";"1";"";"";"";"";"";"create_candidate";"Reference absente du catalogue Odoo; validation metier requise."
"7941ASMR";"JC PB SUBARU FORESTER 13-";"Joint";"product";"1";"";"";"";"";"";"create_candidate";"Reference absente du catalogue Odoo; validation metier requise."
"8010AGN";"PB VT SUZUKI / SANTANA VITARA      88-97";"Pare-brise";"product";"6";"";"";"";"";"";"create_candidate";"Reference absente du catalogue Odoo; validation metier requise."
"8010AGNBL";"PB VTBL SUZUKI / SANTANA VITARA    88-97";"Pare-brise";"product";"1";"";"";"";"";"";"create_candidate";"Reference absente du catalogue Odoo; validation metier requise."
"8010AKMR";"JCS PB SANTANA/SUZUKI VITARA 88-97";"Joint";"product";"3";"";"";"";"";"";"create_candidate";"Reference absente du catalogue Odoo; validation metier requise."
"8010ASMR";"JC PB SUZUKI VITARA                88-97";"Joint";"product";"5";"";"";"";"";"";"create_candidate";"Reference absente du catalogue Odoo; validation metier requise."
"8010BGNR";"LUN VT SUZUKI/SANTANA VITARA 88-97";"Lunette";"product";"1";"";"";"";"";"";"create_candidate";"Reference absente du catalogue Odoo; validation metier requise."
"8010RGNR5FD";"DESC AVD VT VITARA 5PTES 88-97";"Glace laterale";"product";"1";"";"";"";"";"";"create_candidate";"Reference absente du catalogue Odoo; validation metier requise."
"8020ALG1B";"PB VT SUZUKI GRAND VITARA 98-05";"Pare-brise";"product";"4";"";"";"";"";"";"create_candidate";"Reference absente du catalogue Odoo; validation metier requise."
"8020ASMR";"JC PB SUZUKI GRAND VITARA          98-05";"Joint";"product";"4";"";"";"";"";"";"create_candidate";"Reference absente du catalogue Odoo; validation metier requise."
"8020LLGR3RQW";"CUST ARG SUZUKI GRAND VITARA 3P 98-05";"Glace laterale";"product";"1";"";"";"";"";"";"create_candidate";"Reference absente du catalogue Odoo; validation metier requise."
"8020RLGR3RQW";"CUST ARD 3P SUZUKI GRAND VITARA    98-05";"Glace laterale";"product";"1";"";"";"";"";"";"create_candidate";"Reference absente du catalogue Odoo; validation metier requise."
"8022ALG";"PB VT SUZUKI JIMNY 98-";"Pare-brise";"product";"4";"";"";"";"";"";"create_candidate";"Reference absente du catalogue Odoo; validation metier requise."
"8022ASMR";"JC PB SUZUKI JIMNY                 98-";"Joint";"product";"2";"";"";"";"";"";"create_candidate";"Reference absente du catalogue Odoo; validation metier requise."
"8022BLGR";"LUN VT SUZUKI JIMNY             98-";"Lunette";"product";"1";"";"";"";"";"";"create_candidate";"Reference absente du catalogue Odoo; validation metier requise."
"8022LLGR3FD";"DESC.AVG VT SUZUKI JIMNY 98-";"Glace laterale";"product";"1";"";"";"";"";"";"create_candidate";"Reference absente du catalogue Odoo; validation metier requise."
"8022RLGR3FD";"DESC AVD VT SUZUKI JIMNY  98-";"Glace laterale";"product";"2";"";"";"";"";"";"create_candidate";"Reference absente du catalogue Odoo; validation metier requise."
"8022RLGR3RQ1J";"CUST ARD VT SUZUKI JIMNY TOLE  98-";"Glace laterale";"product";"1";"";"";"";"";"";"create_candidate";"Reference absente du catalogue Odoo; validation metier requise."
"8022RYPR3RQW";"CUST ARD PRIV SUZUKI JIMNY TOLE  98-18";"Glace laterale";"product";"1";"";"";"";"";"";"create_candidate";"Reference absente du catalogue Odoo; validation metier requise."
"8024AGN";"PB VT SUZUKI SAMURAI TOLE       98-";"Pare-brise";"product";"1";"";"";"";"";"";"create_candidate";"Reference absente du catalogue Odoo; validation metier requise."
"8030AGN";"PB VT SUZUKI IGNIS/SUBARU JUSTY  03-16";"Pare-brise";"product";"1";"";"";"";"";"";"create_candidate";"Reference absente du catalogue Odoo; validation metier requise."
"8031AGN";"PB VT SUZUKI SWIFT 3/5PTES 05-10";"Pare-brise";"product";"11";"";"";"";"";"";"create_candidate";"Reference absente du catalogue Odoo; validation metier requise."
"8031ASMHT";"JC SUP SUZUKI SWIFT 3/5PTES 05-10";"Joint";"product";"5";"";"";"";"";"";"create_candidate";"Reference absente du catalogue Odoo; validation metier requise."
"8031BGNH";"LUN VT SUZUKI SWIFT 3/5P          05-10";"Lunette";"product";"1";"";"";"";"";"";"create_candidate";"Reference absente du catalogue Odoo; validation metier requise."
"8031BGNHW";"LUN VT SUZUKI SWIFT 3/5P          05-10";"Lunette";"product";"1";"";"";"";"";"";"create_candidate";"Reference absente du catalogue Odoo; validation metier requise."
"8031RGNH3FD";"DESC AVD VT SUZUKI SWIFT 3PTES  05-10";"Glace laterale";"product";"1";"";"";"";"";"";"create_candidate";"Reference absente du catalogue Odoo; validation metier requise."
"8031RGNH5RD";"GLACE DESCENDANTE ARRIÈRE DROIT TEINTÉ VERT SUZUKI SWIFT 5 PORTES";"Glace laterale";"product";"2";"";"";"";"";"";"create_candidate";"Reference absente du catalogue Odoo; validation metier requise."
"8031RGNH5RV";"DEFL ARD VT SUZUKI SWIFT 5PTES  05-10";"Glace laterale";"product";"1";"";"";"";"";"";"create_candidate";"Reference absente du catalogue Odoo; validation metier requise."
"8032AGN";"PB VT SUZUKI GRAND VITARA          05-14";"Pare-brise";"product";"3";"";"";"";"";"";"create_candidate";"Reference absente du catalogue Odoo; validation metier requise."
"8032ASMR";"JC PB SUZUKI GRAND VITARA 2    05-14";"Joint";"product";"4";"";"";"";"";"";"create_candidate";"Reference absente du catalogue Odoo; validation metier requise."
"8032LGNR3FDW";"DESC AVG VT GRAND VITARA 3P 05-14";"Glace laterale";"product";"2";"";"";"";"";"";"create_candidate";"Reference absente du catalogue Odoo; validation metier requise."
"8032LGNR3RQZ";"CUSTODE ARRIÈRE GAUCHE TEINTÉ VERT GRAND VITARA 3 PORTES 05-14";"Glace laterale";"product";"2";"";"";"";"";"";"create_candidate";"Reference absente du catalogue Odoo; validation metier requise."
"8032LGNR5FDW";"GLACE DESCENDANTE AVANT GAUCHE TEINTÉ VERT GRAND VITARA 5 PORTES HAYON 05-14MO 0.60";"Glace laterale";"product";"2";"";"";"";"";"";"create_candidate";"Reference absente du catalogue Odoo; validation metier requise."
"8037AGSVZ";"PB VT SUZUKI SWIFT 3/5PTES         10-";"Pare-brise";"product";"3";"";"";"";"";"";"create_candidate";"Reference absente du catalogue Odoo; validation metier requise."
"8037BGNH";"LUN VT SUZUKI SWIFT 3/5P 10-17";"Lunette";"product";"1";"";"";"";"";"";"create_candidate";"Reference absente du catalogue Odoo; validation metier requise."
"8037RGNH3FDW";"DESC AVD VT SUZUKI SWIFT 3P 10-17";"Glace laterale";"product";"2";"";"";"";"";"";"create_candidate";"Reference absente du catalogue Odoo; validation metier requise."
"8039BGNR";"LUN VT SUZUKI S CROSS / SX4   13-22";"Lunette";"product";"1";"";"";"";"";"";"create_candidate";"Reference absente du catalogue Odoo; validation metier requise."
"8039RGNR5FDW";"DESC.AVD VT S CROSS / SX4   13-";"Glace laterale";"product";"3";"";"";"";"";"";"create_candidate";"Reference absente du catalogue Odoo; validation metier requise."
"8041AGACMV";"PB VT AC SUZUKI VITARA  CAPT LDW 15-";"Pare-brise";"product";"1";"";"";"";"";"";"create_candidate";"Reference absente du catalogue Odoo; validation metier requise."
"8041AGAV";"PB VT ACO.SUZUKI VITARA 15-";"Pare-brise";"product";"1";"";"";"";"";"";"create_candidate";"Reference absente du catalogue Odoo; validation metier requise."
"8041AGNMV";"PB VT SUZUKI VITARA  CAPT 15-";"Pare-brise";"product";"4";"";"";"";"";"";"create_candidate";"Reference absente du catalogue Odoo; validation metier requise."
"8041AGNV";"PB VT SUZUKI VITARA 15-";"Pare-brise";"product";"12";"";"";"";"";"";"create_candidate";"Reference absente du catalogue Odoo; validation metier requise."
"8041ASMR";"JC PB SUZUKI VITARA 15-";"Joint";"product";"11";"";"";"";"";"";"create_candidate";"Reference absente du catalogue Odoo; validation metier requise."
"8041BGNR";"LUN VT SUZUKI VITARA        15-";"Lunette";"product";"1";"";"";"";"";"";"create_candidate";"Reference absente du catalogue Odoo; validation metier requise."
"8041RGNR5FDW";"DESC AVD VT SUZUKI VITARA 15-";"Glace laterale";"product";"2";"";"";"";"";"";"create_candidate";"Reference absente du catalogue Odoo; validation metier requise."
"8041RGNR5RD";"DESC ARD VT SUZUKI VITARA 15-";"Glace laterale";"product";"1";"";"";"";"";"";"create_candidate";"Reference absente du catalogue Odoo; validation metier requise."
"8041RYPR5RQW";"CUST ARD PRIV SUZUKI VITARA 15-";"Glace laterale";"product";"1";"";"";"";"";"";"create_candidate";"Reference absente du catalogue Odoo; validation metier requise."
"8042AGNV";"PB VT SUZUKI BALENO                16-";"Pare-brise";"product";"2";"";"";"";"";"";"create_candidate";"Reference absente du catalogue Odoo; validation metier requise."
"8042BGNH";"LUN VT SUZUKI BALENO              16-";"Lunette";"product";"1";"";"";"";"";"";"create_candidate";"Reference absente du catalogue Odoo; validation metier requise."
"8043AGNVW";"PB VT SUZUKI IGNIS 3        17-";"Pare-brise";"product";"2";"";"";"";"";"";"create_candidate";"Reference absente du catalogue Odoo; validation metier requise."
"8043LGNH5FDW";"DESC AVG VT SUZUKI IGNIS 3        17-";"Glace laterale";"product";"1";"";"";"";"";"";"create_candidate";"Reference absente du catalogue Odoo; validation metier requise."
"8043RGNH5RV";"DEFL ARD VT SUZUKI IGNIS 3        17-";"Glace laterale";"product";"1";"";"";"";"";"";"create_candidate";"Reference absente du catalogue Odoo; validation metier requise."
"8044AGNVW";"PB VT SUZUKI SWIFT 3/5PTES      17-";"Pare-brise";"product";"2";"";"";"";"";"";"create_candidate";"Reference absente du catalogue Odoo; validation metier requise."
"8044ASMH";"JC PB SUZUKI SWIFT 3/5PTES 17-";"Joint";"product";"2";"";"";"";"";"";"create_candidate";"Reference absente du catalogue Odoo; validation metier requise."
"8044RGNH5FDW";"DESC AVD VT SUZUKI SWIFT 5PTES  17-";"Glace laterale";"product";"1";"";"";"";"";"";"create_candidate";"Reference absente du catalogue Odoo; validation metier requise."
"8045ALGC";"PB VT SUZUKI JIMNY II CAM  18-";"Pare-brise";"product";"1";"";"";"";"";"";"create_candidate";"Reference absente du catalogue Odoo; validation metier requise."
"8045LYPR3RQ";"CUST ARG PRIV SUZUKI JIMNY II   18-";"Glace laterale";"product";"1";"";"";"";"";"";"create_candidate";"Reference absente du catalogue Odoo; validation metier requise."
"8045RLGR3FDW";"DESC AVD VT SUZUKI JIMNY II      18-";"Glace laterale";"product";"1";"";"";"";"";"";"create_candidate";"Reference absente du catalogue Odoo; validation metier requise."
"8103AGACIMVZ";"PB VT ACO TESLA Y LHD CAPT CAM 21-";"Pare-brise";"product";"1";"";"";"";"";"";"create_candidate";"Reference absente du catalogue Odoo; validation metier requise."
"8103AGCCHIMVZ1S";"PB VT ABS ACO TESLA Y LHD C/C/C 21-";"Pare-brise";"product";"2";"";"";"";"";"";"create_candidate";"Reference absente du catalogue Odoo; validation metier requise."
"8120S8 - 8120S9 - 812389";"BAGUETTES LATERALES";"Joint";"product";"1";"";"";"";"";"";"create_candidate";"Reference absente du catalogue Odoo; validation metier requise."
"8153LN";"RETROVISEUR INT CITROEN C4";"Autres";"product";"1";"";"";"";"";"";"create_candidate";"Reference absente du catalogue Odoo; validation metier requise."
"8153SG - 8153YQ - 98052611BJ";"RETROVISEUR INT + CACHE RETRO CITROEN GRAND C4 PICASSO I - 5P LONG 2006-10->2013-09 1.6HDI 110 FAP";"Autres";"product";"1";"";"";"";"";"";"create_candidate";"Reference absente du catalogue Odoo; validation metier requise."
"823005206R";"GLACE MOBILE V PTE ARD TEINTE VERT";"Glace laterale";"product";"1";"";"";"";"";"";"create_candidate";"Reference absente du catalogue Odoo; validation metier requise."
"824011Y020";"LEVE VITRE AVG KIA";"Autres";"product";"1";"";"";"";"";"";"create_candidate";"Reference absente du catalogue Odoo; validation metier requise."
"82403 E011";"LEVE-VITRE AVD ELEC";"Autres";"product";"1";"";"";"";"";"";"create_candidate";"Reference absente du catalogue Odoo; validation metier requise."
"8243ABL";"PARE-BRISE TEINTÉ BLEU TOYOTA TERCEL AL20/25 82-87MO 3,00";"Pare-brise";"product";"1";"";"";"";"";"";"create_candidate";"Reference absente du catalogue Odoo; validation metier requise."
"8255ACL";"PB CL TOYOTA DYNA BU/YU 60/80    84-07";"Pare-brise";"product";"2";"";"";"";"";"";"create_candidate";"Reference absente du catalogue Odoo; validation metier requise."
"8255ASRV";"JT PB TOYOTA DYNA BU/YU 60/80 84-07";"Joint";"product";"2";"";"";"";"";"";"create_candidate";"Reference absente du catalogue Odoo; validation metier requise."
"8263AGNBL";"PB VTBL LANDCRUIS  SIE 70 H 60CM  85-96";"Pare-brise";"product";"1";"";"";"";"";"";"create_candidate";"Reference absente du catalogue Odoo; validation metier requise."
"8263ASRR";"JT PB LANDCRUISER SIE 70 GM        85-96";"Joint";"product";"1";"";"";"";"";"";"create_candidate";"Reference absente du catalogue Odoo; validation metier requise."
"8266AGNBL";"PB VTBL TOYOTA HI-LUX / VW TARO    88-97";"Pare-brise";"product";"9";"";"";"";"";"";"create_candidate";"Reference absente du catalogue Odoo; validation metier requise."
"8266ASRP";"JT PB TOYOTA HI-LUX/VW TARO        90-97";"Joint";"product";"7";"";"";"";"";"";"create_candidate";"Reference absente du catalogue Odoo; validation metier requise."
"8266ASRP1H";"JT PB TOYOTA HI-LUX/VW TARO A CLE  90-97";"Joint";"product";"1";"";"";"";"";"";"create_candidate";"Reference absente du catalogue Odoo; validation metier requise."
"8266BCLPU";"LUN.CL NON CHAUF.HI-LUX RN90/110    88-9";"Lunette";"product";"2";"";"";"";"";"";"create_candidate";"Reference absente du catalogue Odoo; validation metier requise."
"8266LCLP2FD";"DESC.AVG CL HI-LUX/VW TARO   88-97";"Glace laterale";"product";"1";"";"";"";"";"";"create_candidate";"Reference absente du catalogue Odoo; validation metier requise."
"8266RCLP2RQO";"CUST OUVR ARD CL HILUX/VW TARO   88-97";"Glace laterale";"product";"1";"";"";"";"";"";"create_candidate";"Reference absente du catalogue Odoo; validation metier requise."
"8268ABL";"PARE-BRISE TEINTÉ BLEU TOYOTA HI-ACE LH102 89-95MO 1,60";"Pare-brise";"product";"2";"";"";"";"";"";"create_candidate";"Reference absente du catalogue Odoo; validation metier requise."
"8273LBLH5FD";"DESC AVG BL STARLET EP80 5P   91-96";"Glace laterale";"product";"1";"";"";"";"";"";"create_candidate";"Reference absente du catalogue Odoo; validation metier requise."
"8280ABLBL";"PARE-BRISE TEINTÉ BLEU DÉGRADÉ BLEU COROLLA AE100 4 PORTES COFFRE /HB 92-96MO 3,40";"Pare-brise";"product";"1";"";"";"";"";"";"create_candidate";"Reference absente du catalogue Odoo; validation metier requise."
"8282AGN";"PB VT TOYOTA CARINA E             92-98";"Pare-brise";"product";"1";"";"";"";"";"";"create_candidate";"Reference absente du catalogue Odoo; validation metier requise."
"8282ASMH";"JC PB TOYOTA CARINA E              92-97";"Joint";"product";"2";"";"";"";"";"";"create_candidate";"Reference absente du catalogue Odoo; validation metier requise."
"8283ABL";"PB BL LANDCRUIS.LJ 73 RAB. H:53CM 85-96";"Pare-brise";"product";"1";"";"";"";"";"";"create_candidate";"Reference absente du catalogue Odoo; validation metier requise."
"8283AGNBL";"PB VTBL LANDCRUISERLJ73 RAB H:53CM 85-96";"Pare-brise";"product";"1";"";"";"";"";"";"create_candidate";"Reference absente du catalogue Odoo; validation metier requise."
"8283ASRR";"JT PB LANDCRUISER LJ 73            85-96";"Joint";"product";"2";"";"";"";"";"";"create_candidate";"Reference absente du catalogue Odoo; validation metier requise."
"8286AGN";"PB VT CELICA GT ATL0 CPE           94-99";"Pare-brise";"product";"1";"";"";"";"";"";"create_candidate";"Reference absente du catalogue Odoo; validation metier requise."
"8286ASMC";"JC PB CELICA GT ATL0  CPE          94-99";"Joint";"product";"1";"";"";"";"";"";"create_candidate";"Reference absente du catalogue Odoo; validation metier requise."
"8292AGNBL";"PB VTBL TOYOTA DYNA RU80,BU75-85";"Pare-brise";"product";"1";"";"";"";"";"";"create_candidate";"Reference absente du catalogue Odoo; validation metier requise."
"8295AGN";"PB VT TOYOTA HI-ACE LHA2/LK12        96-";"Pare-brise";"product";"4";"";"";"";"";"";"create_candidate";"Reference absente du catalogue Odoo; validation metier requise."
"8295AGN-O";"PB VT TOYOTA HI-ACE LHA2/LK12        96-";"Pare-brise";"product";"1";"";"";"";"";"";"create_candidate";"Reference absente du catalogue Odoo; validation metier requise."
"8295ASMV";"JC PB TOYOTA HI-ACE LK12/LHA2   96-";"Joint";"product";"3";"";"";"";"";"";"create_candidate";"Reference absente du catalogue Odoo; validation metier requise."
"8298AGN";"PB VT TOYOTA STARLET EP91          96-99";"Pare-brise";"product";"2";"";"";"";"";"";"create_candidate";"Reference absente du catalogue Odoo; validation metier requise."
"8298ASMH";"JC PB TOYOTA STARLET EP 91    96-99";"Joint";"product";"1";"";"";"";"";"";"create_candidate";"Reference absente du catalogue Odoo; validation metier requise."
"8298BGNH";"LUN VT TOYOTA STARLET EP91 3/5P 96-99";"Lunette";"product";"1";"";"";"";"";"";"create_candidate";"Reference absente du catalogue Odoo; validation metier requise."
"8301ALG";"PB VT LANDCRUISER SERIE 90         96-03";"Pare-brise";"product";"1";"";"";"";"";"";"create_candidate";"Reference absente du catalogue Odoo; validation metier requise."
"8301ALGGN";"PB LAND CRUISER HDJ90";"Pare-brise";"product";"9";"";"";"";"";"";"create_candidate";"Reference absente du catalogue Odoo; validation metier requise."
"8301ALGGN-O";"PB LAND CRUISER HDJ90";"Pare-brise";"product";"1";"";"";"";"";"";"create_candidate";"Reference absente du catalogue Odoo; validation metier requise."
"8301ASMRT";"JC PB LANDCRUISER 90               96-03";"Joint";"product";"8";"";"";"";"";"";"create_candidate";"Reference absente du catalogue Odoo; validation metier requise."
"8301BLGR";"LUN VT TOYOTA LANDCRUISER 90  3/5P  96-0";"Lunette";"product";"4";"";"";"";"";"";"create_candidate";"Reference absente du catalogue Odoo; validation metier requise."
"8301LLGR3FDW";"DESC AVG VT LANDCRUISER 90 3/5P 96-03";"Glace laterale";"product";"1";"";"";"";"";"";"create_candidate";"Reference absente du catalogue Odoo; validation metier requise."
"8304RGNS4RV";"DEFL ARD VT COROLLA BNE 4P/BK 97-02";"Glace laterale";"product";"1";"";"";"";"";"";"create_candidate";"Reference absente du catalogue Odoo; validation metier requise."
"8305AGN";"PB VT TOYOTA AVENSIS 1             98-03";"Pare-brise";"product";"2";"";"";"";"";"";"create_candidate";"Reference absente du catalogue Odoo; validation metier requise."
"8305AGNH";"PB VT CHAUF.TOYOTA AVENSIS 1       98-03";"Pare-brise";"product";"1";"";"";"";"";"";"create_candidate";"Reference absente du catalogue Odoo; validation metier requise."
"8305ASMH";"JC PB TOYOTA AVENSIS  1            98-03";"Joint";"product";"2";"";"";"";"";"";"create_candidate";"Reference absente du catalogue Odoo; validation metier requise."
"8305LGSH5RDW";"DESC ARG VT AVENSIS 1 BNE 5PTES   98-03";"Glace laterale";"product";"1";"";"";"";"";"";"create_candidate";"Reference absente du catalogue Odoo; validation metier requise."
"8308AGN";"PB VT TOYOTA HI-LUX 97-05";"Pare-brise";"product";"5";"";"";"";"";"";"create_candidate";"Reference absente du catalogue Odoo; validation metier requise."
"8308AGNBL";"PB VTBL TOYOTA HI-LUX              97-05";"Pare-brise";"product";"1";"";"";"";"";"";"create_candidate";"Reference absente du catalogue Odoo; validation metier requise."
"8308AGNGN";"PB VTVT TOYOTA HI-LUX              97-05";"Pare-brise";"product";"11";"";"";"";"";"";"create_candidate";"Reference absente du catalogue Odoo; validation metier requise."
"8308AGNGN-PERDU";"PB VTVT TOYOTA HI-LUX              97-05";"Pare-brise";"product";"1";"";"";"";"";"";"create_candidate";"Reference absente du catalogue Odoo; validation metier requise."
"8308ASMP1H";"JC NOIR PB TOYOTA HI-LUX           97-05";"Joint";"product";"7";"";"";"";"";"";"create_candidate";"Reference absente du catalogue Odoo; validation metier requise."
"8308ASMP1H (8308ASMP)";"JC NOIR PB TOYOTA HI-LUX           97-05";"Joint";"product";"1";"";"";"";"";"";"create_candidate";"Reference absente du catalogue Odoo; validation metier requise."
"8308ASMP1H-PERDU";"JC NOIR PB TOYOTA HI-LUX           97-05";"Joint";"product";"1";"";"";"";"";"";"create_candidate";"Reference absente du catalogue Odoo; validation metier requise."
"8308ASMPC";"JC CHROME PB TOYOTA HI-LUX  97-05";"Joint";"product";"2";"";"";"";"";"";"create_candidate";"Reference absente du catalogue Odoo; validation metier requise."
"8308BGNPU";"LUN VT CABINE HI LUX NON CHAUFF 97-05";"Lunette";"product";"1";"";"";"";"";"";"create_candidate";"Reference absente du catalogue Odoo; validation metier requise."
"8308LGNP2FDW";"DESC AVG VT TOYOTA HI LUX 2P   97-05";"Glace laterale";"product";"1";"";"";"";"";"";"create_candidate";"Reference absente du catalogue Odoo; validation metier requise."
"8308LGNP2RQO";"CUST OUVR ARG VT HI LUX 2PTES 97-05";"Glace laterale";"product";"1";"";"";"";"";"";"create_candidate";"Reference absente du catalogue Odoo; validation metier requise."
"8310AGN";"PB VT TOYOTA YARIS                 99-03";"Pare-brise";"product";"9";"";"";"";"";"";"create_candidate";"Reference absente du catalogue Odoo; validation metier requise."
"8310AGN1C";"PB VT TOYOTA YARIS 00-03";"Pare-brise";"product";"4";"";"";"";"";"";"create_candidate";"Reference absente du catalogue Odoo; validation metier requise."
"8310ASMH";"JC PB TOYOTA YARIS                 99-05";"Joint";"product";"12";"";"";"";"";"";"create_candidate";"Reference absente du catalogue Odoo; validation metier requise."
"8310BGNHZ1E";"LUN VT TOYOTA YARIS 1 3/5 PTES     99-05";"Lunette";"product";"1";"";"";"";"";"";"create_candidate";"Reference absente du catalogue Odoo; validation metier requise."
"8310LGNH3FDW";"DESC AVG VT TOYOTA YARIS 1 3P  99-06";"Glace laterale";"product";"1";"";"";"";"";"";"create_candidate";"Reference absente du catalogue Odoo; validation metier requise."
"8310LGNH5FDW";"DESC AVG VT TOYOTA YARIS 1 5P   99-06";"Glace laterale";"product";"1";"";"";"";"";"";"create_candidate";"Reference absente du catalogue Odoo; validation metier requise."
"8310LGNH5RV";"DEFL ARG VT TOYOTA YARIS 1 5P 99-06";"Glace laterale";"product";"1";"";"";"";"";"";"create_candidate";"Reference absente du catalogue Odoo; validation metier requise."
"8310RGNH5RV";"DEFL ARD VT TOYOTA YARIS 1 5P 99-06";"Glace laterale";"product";"1";"";"";"";"";"";"create_candidate";"Reference absente du catalogue Odoo; validation metier requise."
"8317AGN1P";"PARE-BRISE TEINTÉ VERT TOYOTA YARIS VERSO CONDUITE À GAUCHE 03-05MO 2,60";"Pare-brise";"product";"2";"";"";"";"";"";"create_candidate";"Reference absente du catalogue Odoo; validation metier requise."
"8322RGNR5RDW";"DESC ARD VT LEXUS RX  99-04";"Glace laterale";"product";"1";"";"";"";"";"";"create_candidate";"Reference absente du catalogue Odoo; validation metier requise."
"8323AGN";"PB VT TOYOTA RAV 4 01-03";"Pare-brise";"product";"6";"";"";"";"";"";"create_candidate";"Reference absente du catalogue Odoo; validation metier requise."
"8323AGN1B";"PB VT TOYOTA RAV 4                 03-05";"Pare-brise";"product";"21";"";"";"";"";"";"create_candidate";"Reference absente du catalogue Odoo; validation metier requise."
"8323AGN1B-R";"PB VT TOYOTA RAV 4                 03-05";"Pare-brise";"product";"1";"";"";"";"";"";"create_candidate";"Reference absente du catalogue Odoo; validation metier requise."
"8323AGNBLV1B";"PB VTBL TOYOTA RAV 4              03-05";"Pare-brise";"product";"1";"";"";"";"";"";"create_candidate";"Reference absente du catalogue Odoo; validation metier requise."
"8323ASMRT";"JC SUP.PB TOYOTA RAV 4 00-05";"Joint";"product";"2";"";"";"";"";"";"create_candidate";"Reference absente du catalogue Odoo; validation metier requise."
"8323BGNRB";"LUN VT TOYOTA RAV4    STOP     00-06";"Lunette";"product";"1";"";"";"";"";"";"create_candidate";"Reference absente du catalogue Odoo; validation metier requise."
"8323BGPRB";"LUN VT FONCEE TOYOTA RAV4  STOP    00-06";"Lunette";"product";"1";"";"";"";"";"";"create_candidate";"Reference absente du catalogue Odoo; validation metier requise."
"8323BYPRB";"LUN PRIV TOYOTA RAV4  STOP     00-06";"Lunette";"product";"1";"";"";"";"";"";"create_candidate";"Reference absente du catalogue Odoo; validation metier requise."
"833430539R";"BAIE CLST G COTE CAISSE";"Glace laterale";"product";"1";"";"";"";"";"";"create_candidate";"Reference absente du catalogue Odoo; validation metier requise."
"8340AGN1P";"PARE-BRISE TEINTÉ VERT TOYOTA COROLLA 4 PORTES COFFRE BREAK 02-07MO 2.70";"Pare-brise";"product";"1";"";"";"";"";"";"create_candidate";"Reference absente du catalogue Odoo; validation metier requise."
"8340AGS";"PB VT TOYOTA COROLLA 3/5 P         02-07";"Pare-brise";"product";"12";"";"";"";"";"";"create_candidate";"Reference absente du catalogue Odoo; validation metier requise."
"8340AGSM2P";"PB VT TOYOTA COROLLA 3/5 P  CAPT 04-07";"Pare-brise";"product";"7";"";"";"";"";"";"create_candidate";"Reference absente du catalogue Odoo; validation metier requise."
"8340AGS-O";"PB VT TOYOTA COROLLA 3/5 P         02-07";"Pare-brise";"product";"2";"";"";"";"";"";"create_candidate";"Reference absente du catalogue Odoo; validation metier requise."
"8340AGS-PERDU";"PB VT TOYOTA COROLLA 3/5 P         02-07";"Pare-brise";"product";"1";"";"";"";"";"";"create_candidate";"Reference absente du catalogue Odoo; validation metier requise."
"8340ASMH";"JC PB TOYOTA COROLLA 3/5P HB       02-07";"Joint";"product";"16";"";"";"";"";"";"create_candidate";"Reference absente du catalogue Odoo; validation metier requise."
"8340ASMH-PERDU";"JC PB TOYOTA COROLLA 3/5P HB       02-07";"Joint";"product";"1";"";"";"";"";"";"create_candidate";"Reference absente du catalogue Odoo; validation metier requise."
"8340BGNS";"LUN VT TOYOTA COROLLA 4P       02-07";"Lunette";"product";"1";"";"";"";"";"";"create_candidate";"Reference absente du catalogue Odoo; validation metier requise."
"8340BGSHW1E";"LUN VT TOYOTA COROLLA 3/5P       02-07";"Lunette";"product";"1";"";"";"";"";"";"create_candidate";"Reference absente du catalogue Odoo; validation metier requise."
"8340LGSH3FDW";"DESC AVG VT COROLLA 3P   02-07";"Glace laterale";"product";"3";"";"";"";"";"";"create_candidate";"Reference absente du catalogue Odoo; validation metier requise."
"8340LGSH3RQ";"CUST ARG VT COROLLA 3P   02-07";"Glace laterale";"product";"1";"";"";"";"";"";"create_candidate";"Reference absente du catalogue Odoo; validation metier requise."
"8340LGSH5FDW";"DESC AVG VT COROLLA 5P   02-07";"Glace laterale";"product";"3";"";"";"";"";"";"create_candidate";"Reference absente du catalogue Odoo; validation metier requise."
"8340LGSH5RDW";"DESC ARG VT COROLLA 5P   02-07";"Glace laterale";"product";"2";"";"";"";"";"";"create_candidate";"Reference absente du catalogue Odoo; validation metier requise."
"8340LGSH5RV";"DEFL ARG VT COROLLA 5P   02-07";"Glace laterale";"product";"1";"";"";"";"";"";"create_candidate";"Reference absente du catalogue Odoo; validation metier requise."
"8340RGSH3FDW";"DESC AVD VT COROLLA 3P   02-07";"Glace laterale";"product";"3";"";"";"";"";"";"create_candidate";"Reference absente du catalogue Odoo; validation metier requise."
"8340RGSH5RDW";"DESC ARD VT COROLLA 5P   02-07";"Glace laterale";"product";"1";"";"";"";"";"";"create_candidate";"Reference absente du catalogue Odoo; validation metier requise."
"8340RGSH5RV";"DEFL ARD VT COROLLA 5P   02-07";"Glace laterale";"product";"1";"";"";"";"";"";"create_candidate";"Reference absente du catalogue Odoo; validation metier requise."
"8341AGNGNV";"PB VTVT LAND CRUISER SIE 120       02-10";"Pare-brise";"product";"1";"";"";"";"";"";"create_candidate";"Reference absente du catalogue Odoo; validation metier requise."
"8341AGNV";"PB VT TOY.LAND CRUISER SIE 120 02-10";"Pare-brise";"product";"15";"";"";"";"";"";"create_candidate";"Reference absente du catalogue Odoo; validation metier requise."
"8341ASMRT";"JC SUP PB LAND CRUISER SIE 120 02-10";"Joint";"product";"10";"";"";"";"";"";"create_candidate";"Reference absente du catalogue Odoo; validation metier requise."
"8341BGNRW";"LUN VT TOY LANDCRUISER 120 3 PTES 03-10";"Lunette";"product";"4";"";"";"";"";"";"create_candidate";"Reference absente du catalogue Odoo; validation metier requise."
"8341BGNRW1J";"LUN VT TOY LANDCRUISER 120 5PTES 03-10";"Lunette";"product";"2";"";"";"";"";"";"create_candidate";"Reference absente du catalogue Odoo; validation metier requise."
"8341LGNR3FDWX";"DESC AVG VT LAND CRUISER 120 3/5P 03-10";"Glace laterale";"product";"1";"";"";"";"";"";"create_candidate";"Reference absente du catalogue Odoo; validation metier requise."
"83420B9010";"GLACE DESCENDANTE ARRIÈRE DROIT TEINTÉ VERT HYUNDAI I10      13-20MO 0.50";"Glace laterale";"product";"1";"";"";"";"";"";"create_candidate";"Reference absente du catalogue Odoo; validation metier requise."
"8342AGN";"PB VT TOYOTA COROLLA VERSO         02-04";"Pare-brise";"product";"1";"";"";"";"";"";"create_candidate";"Reference absente du catalogue Odoo; validation metier requise."
"8342ASMV";"JC PB TOYOTA COROLLA VERSO         02-04";"Joint";"product";"1";"";"";"";"";"";"create_candidate";"Reference absente du catalogue Odoo; validation metier requise."
"8342RGNV5RDW";"DESC ARD VT COROLLA VERSO   02-";"Glace laterale";"product";"1";"";"";"";"";"";"create_candidate";"Reference absente du catalogue Odoo; validation metier requise."
"8343AGN";"PB VT TOYOTA DYNA PU 01-";"Pare-brise";"product";"8";"";"";"";"";"";"create_candidate";"Reference absente du catalogue Odoo; validation metier requise."
"8343LGNP2FDW";"DESC AVG VT TOYOTA DYNA PU    01-";"Glace laterale";"product";"1";"";"";"";"";"";"create_candidate";"Reference absente du catalogue Odoo; validation metier requise."
"8345AGN";"PB VT TOYOTA DYNA II LARGE     00-";"Pare-brise";"product";"1";"";"";"";"";"";"create_candidate";"Reference absente du catalogue Odoo; validation metier requise."
"8346AGNHM6P";"PB VT TOY AVENSIS II CHAUF CAPT  06-09";"Pare-brise";"product";"1";"";"";"";"";"";"create_candidate";"Reference absente du catalogue Odoo; validation metier requise."
"8346ASMH1H";"JC PB TOYOTA AVENSIS II            03-09";"Joint";"product";"1";"";"";"";"";"";"create_candidate";"Reference absente du catalogue Odoo; validation metier requise."
"8346LGNH5RDW";"DESC ARG VT AVENSIS 2 BNE 5P 03-09";"Glace laterale";"product";"1";"";"";"";"";"";"create_candidate";"Reference absente du catalogue Odoo; validation metier requise."
"8355AGN";"PB VT TOYOTA PRIUS II              04-09";"Pare-brise";"product";"1";"";"";"";"";"";"create_candidate";"Reference absente du catalogue Odoo; validation metier requise."
"8355ASMH";"JC PB TOYOTA PRIUS II              04-09";"Joint";"product";"1";"";"";"";"";"";"create_candidate";"Reference absente du catalogue Odoo; validation metier requise."
"8355BGNHW1H";"LUN.VT TOYOTA PRIUS II+TROU EG. 04-09";"Lunette";"product";"1";"";"";"";"";"";"create_candidate";"Reference absente du catalogue Odoo; validation metier requise."
"8356AGN";"PB VT TOYOTA COROLLA VERSO      04-09";"Pare-brise";"product";"2";"";"";"";"";"";"create_candidate";"Reference absente du catalogue Odoo; validation metier requise."
"8356AGNM1P";"PB VT COROLLA VERSO   CAPT       04-09";"Pare-brise";"product";"1";"";"";"";"";"";"create_candidate";"Reference absente du catalogue Odoo; validation metier requise."
"8356ASMV";"JC PB TOYOTA COROLLA VERSO II   04-09";"Joint";"product";"4";"";"";"";"";"";"create_candidate";"Reference absente du catalogue Odoo; validation metier requise."
"8356BYPVZ";"LUN PRIV TOYOTA COROLLA VERSO 04-09";"Lunette";"product";"1";"";"";"";"";"";"create_candidate";"Reference absente du catalogue Odoo; validation metier requise."
"8356LGNV5FDW";"DESC AVG VT COROLLA VERSO  04-09";"Glace laterale";"product";"1";"";"";"";"";"";"create_candidate";"Reference absente du catalogue Odoo; validation metier requise."
"8363LGSH5RDOW";"GLACE ARG VT TOYOTA AYGO 5P  05-14";"Glace laterale";"product";"1";"";"";"";"";"";"create_candidate";"Reference absente du catalogue Odoo; validation metier requise."
"8363RGSH5RDOW";"GLACE ARD VT TOYOTA AYGO 5P  05-14";"Glace laterale";"product";"1";"";"";"";"";"";"create_candidate";"Reference absente du catalogue Odoo; validation metier requise."
"8367AGNGNV";"PB VTVT TOYOTA HI-LUX              05-16";"Pare-brise";"product";"21";"";"";"";"";"";"create_candidate";"Reference absente du catalogue Odoo; validation metier requise."
"8367ASMP";"JC PB TOYOTA HI LUX                05-16";"Joint";"product";"13";"";"";"";"";"";"create_candidate";"Reference absente du catalogue Odoo; validation metier requise."
"8367BGNPUZ";"LUN VT NON CHAUF TOYOTA HI-LUX 05-16";"Lunette";"product";"2";"";"";"";"";"";"create_candidate";"Reference absente du catalogue Odoo; validation metier requise."
"8367BGNPZ";"LUN VT CHAUF TOYOTA HI-LUX     05-16";"Lunette";"product";"4";"";"";"";"";"";"create_candidate";"Reference absente du catalogue Odoo; validation metier requise."
"8367BGPPZ";"LUN VT FONCEE CHAUF.TOY.HI-LUX 05-16";"Lunette";"product";"4";"";"";"";"";"";"create_candidate";"Reference absente du catalogue Odoo; validation metier requise."
"8367LGNP2FDW";"DESC AVG VT TOYOTA HI-LUX      05-16";"Glace laterale";"product";"2";"";"";"";"";"";"create_candidate";"Reference absente du catalogue Odoo; validation metier requise."
"8367LGNP4FDW";"DESC AVG VT TOYOTA HI-LUX 4P   05-16";"Glace laterale";"product";"1";"";"";"";"";"";"create_candidate";"Reference absente du catalogue Odoo; validation metier requise."
"8367RGNP2FDW";"DESC AVD VT TOYOTA HI-LUX  2P  05-16";"Glace laterale";"product";"2";"";"";"";"";"";"create_candidate";"Reference absente du catalogue Odoo; validation metier requise."
"8370AGNZ";"PB VT TOYOTA YARIS II JAPON        06-11";"Pare-brise";"product";"2";"";"";"";"";"";"create_candidate";"Reference absente du catalogue Odoo; validation metier requise."
"8370AGSZ1C";"PB VT TOYOTA YARIS II FRANCE       06-11";"Pare-brise";"product";"16";"";"";"";"";"";"create_candidate";"Reference absente du catalogue Odoo; validation metier requise."
"8370ASGH";"SUP JC PB TOYOTA YARIS II    06-11";"Joint";"product";"2";"";"";"";"";"";"create_candidate";"Reference absente du catalogue Odoo; validation metier requise."
"8370ASMH";"JC PB TOYOTA YARIS II        06-11";"Joint";"product";"5";"";"";"";"";"";"create_candidate";"Reference absente du catalogue Odoo; validation metier requise."
"8370BGSH";"LUN VT TOYOTA YARIS II             05-11";"Lunette";"product";"1";"";"";"";"";"";"create_candidate";"Reference absente du catalogue Odoo; validation metier requise."
"8370BGSHBW";"LUN.VT TOYOTA YARIS II             05-11";"Lunette";"product";"1";"";"";"";"";"";"create_candidate";"Reference absente du catalogue Odoo; validation metier requise."
"8370LGSH3FDW";"DESC AVG VT TOYOTA YARIS 2 3P  06-11";"Glace laterale";"product";"1";"";"";"";"";"";"create_candidate";"Reference absente du catalogue Odoo; validation metier requise."
"8370RGSH3FDW";"DESC AVD VT TOYOTA YARIS 2 3P  06-11";"Glace laterale";"product";"1";"";"";"";"";"";"create_candidate";"Reference absente du catalogue Odoo; validation metier requise."
"8371AGSHMVW1B";"PB VT LEXUS IS200 4P CHAUF CAPT 05-13";"Pare-brise";"product";"1";"";"";"";"";"";"create_candidate";"Reference absente du catalogue Odoo; validation metier requise."
"8371ASMST";"JC SUP PB LEXUS IS 200     05-13";"Joint";"product";"1";"";"";"";"";"";"create_candidate";"Reference absente du catalogue Odoo; validation metier requise."
"8371BGSSAW";"LUN VT LEXUS IS ANT   05-13";"Lunette";"product";"1";"";"";"";"";"";"create_candidate";"Reference absente du catalogue Odoo; validation metier requise."
"8372AGAMW1B";"PB VT ACOU.TOYOTA RAV 4 III +CAPT 06-13";"Pare-brise";"product";"4";"";"";"";"";"";"create_candidate";"Reference absente du catalogue Odoo; validation metier requise."
"8372AGSVW";"PB VT TOYOTA RAV 4 III             06-13";"Pare-brise";"product";"3";"";"";"";"";"";"create_candidate";"Reference absente du catalogue Odoo; validation metier requise."
"8372ASMRT";"JC SUP.PB RAV 4      06-13";"Joint";"product";"2";"";"";"";"";"";"create_candidate";"Reference absente du catalogue Odoo; validation metier requise."
"8372BGSRAW";"LUN VT TOYOTA RAV4    ANT     06-13";"Lunette";"product";"1";"";"";"";"";"";"create_candidate";"Reference absente du catalogue Odoo; validation metier requise."
"8372BYPRAW";"LUN PRIV TOYOTA RAV4    ANT   06-13";"Lunette";"product";"2";"";"";"";"";"";"create_candidate";"Reference absente du catalogue Odoo; validation metier requise."
"8372LGSR5RV";"DEFL ARG VT TOYOTA RAV 4 5P     06-13";"Glace laterale";"product";"1";"";"";"";"";"";"create_candidate";"Reference absente du catalogue Odoo; validation metier requise."
"8372RGSR5FDW";"DESC AVD VT TOYOTA RAV 4 5P     06-13";"Glace laterale";"product";"1";"";"";"";"";"";"create_candidate";"Reference absente du catalogue Odoo; validation metier requise."
"8372RYPR5RDW";"DESC ARD PRIV TOYOTA RAV 4 5P 06-13";"Glace laterale";"product";"2";"";"";"";"";"";"create_candidate";"Reference absente du catalogue Odoo; validation metier requise."
"8374AGAMW1P";"PB VT ACOUS.TOYOTA AURIS+CAPT 06-12";"Pare-brise";"product";"9";"";"";"";"";"";"create_candidate";"Reference absente du catalogue Odoo; validation metier requise."
"8374AGAW";"PB VT ACOUS.TOYOTA AURIS 06-12";"Pare-brise";"product";"8";"";"";"";"";"";"create_candidate";"Reference absente du catalogue Odoo; validation metier requise."
"8374ASMH";"JC PB TOYOTA AURIS           06-12";"Joint";"product";"7";"";"";"";"";"";"create_candidate";"Reference absente du catalogue Odoo; validation metier requise."
"8374LGNH5FDW-PERDU";"DESC AVG VT TOYOTA AURIS 5P   07-12";"Glace laterale";"product";"1";"";"";"";"";"";"create_candidate";"Reference absente du catalogue Odoo; validation metier requise."
"8374LGSH3FDW";"DESC AVG VT TOYOTA AURIS 3P   07-12";"Glace laterale";"product";"1";"";"";"";"";"";"create_candidate";"Reference absente du catalogue Odoo; validation metier requise."
"8378AGNGNHMV1B";"PB VTVT LANDCRUISER SW V8 CHAUF CAP 08-";"Pare-brise";"product";"1";"";"";"";"";"";"create_candidate";"Reference absente du catalogue Odoo; validation metier requise."
"8378ASMRT";"JC SUP PB TOY LANDCRUISER SW V8 07-";"Joint";"product";"1";"";"";"";"";"";"create_candidate";"Reference absente du catalogue Odoo; validation metier requise."
"8378BYPRABW";"LUN PRIV TOY LAND CRUISER SW V8 08-";"Lunette";"product";"1";"";"";"";"";"";"create_candidate";"Reference absente du catalogue Odoo; validation metier requise."
"8379AGAMZ1B";"PB VT ACO TOYOTA AVENSIS 3 CAPT 09-18";"Pare-brise";"product";"1";"";"";"";"";"";"create_candidate";"Reference absente du catalogue Odoo; validation metier requise."
"8379ASMS";"JC PB TOYOTA AVENSIS 3      09-18";"Joint";"product";"2";"";"";"";"";"";"create_candidate";"Reference absente du catalogue Odoo; validation metier requise."
"8379BGSSAZ";"LUN VT AVENSIS BNE 4 PTES   09-18";"Lunette";"product";"1";"";"";"";"";"";"create_candidate";"Reference absente du catalogue Odoo; validation metier requise."
"8381AGA";"PB VT TOYOTA URBAN CRUISER     08-14";"Pare-brise";"product";"3";"";"";"";"";"";"create_candidate";"Reference absente du catalogue Odoo; validation metier requise."
"8381ASMH";"JC PB TOYOTA URBAN CRUISER        09-14";"Joint";"product";"1";"";"";"";"";"";"create_candidate";"Reference absente du catalogue Odoo; validation metier requise."
"8381BGNHBW";"LUN VT TOYOTA URBAN CRUISER     08-14";"Lunette";"product";"1";"";"";"";"";"";"create_candidate";"Reference absente du catalogue Odoo; validation metier requise."
"8382AGAZ";"PB VT AC TOYOTA VERSO LHD         09-";"Pare-brise";"product";"1";"";"";"";"";"";"create_candidate";"Reference absente du catalogue Odoo; validation metier requise."
"8382ASMM";"JC PB TOYOTA VERSO               09-";"Joint";"product";"1";"";"";"";"";"";"create_candidate";"Reference absente du catalogue Odoo; validation metier requise."
"8382LGSM5FDW";"DESC AVG VT TOYOTA VERSO 09-";"Glace laterale";"product";"1";"";"";"";"";"";"create_candidate";"Reference absente du catalogue Odoo; validation metier requise."
"8384AGABLMVZ";"PB VTBL ACO RX350 CAPT 12-15";"Pare-brise";"product";"1";"";"";"";"";"";"create_candidate";"Reference absente du catalogue Odoo; validation metier requise."
"8384ASMR";"JC PB LEXUS RX350/450     09-15";"Joint";"product";"1";"";"";"";"";"";"create_candidate";"Reference absente du catalogue Odoo; validation metier requise."
"8384BYPRAZ";"LUN PRIVACY LEXUS RX ANT  09-15";"Lunette";"product";"1";"";"";"";"";"";"create_candidate";"Reference absente du catalogue Odoo; validation metier requise."
"8394AGABLAHVZ6O";"PB VTBL AC LANDCRUISER CHAUF ANT  17-";"Pare-brise";"product";"1";"";"";"";"";"";"create_candidate";"Reference absente du catalogue Odoo; validation metier requise."
"8394AGABLAHZ";"PB VTBL AC.LANDCRUISER CHAUF+ANT. 14-";"Pare-brise";"product";"1";"";"";"";"";"";"create_candidate";"Reference absente du catalogue Odoo; validation metier requise."
"8394AGAGNMZ1B";"PB VTVT LANDCRUISER LHD CAPT. 09-";"Pare-brise";"product";"2";"";"";"";"";"";"create_candidate";"Reference absente du catalogue Odoo; validation metier requise."
"8394ASMRT";"JC SUP.PB TOYOTA LANDCRUISER 09-";"Joint";"product";"3";"";"";"";"";"";"create_candidate";"Reference absente du catalogue Odoo; validation metier requise."
"8394BGSR";"LUN VT TOYOTA LANDCRUISER 09-";"Lunette";"product";"1";"";"";"";"";"";"create_candidate";"Reference absente du catalogue Odoo; validation metier requise."
"8394BYPROW";"LUN PRIV OUVR TOY LANDCRUISER 09-";"Lunette";"product";"1";"";"";"";"";"";"create_candidate";"Reference absente du catalogue Odoo; validation metier requise."
"8394LGSR3FDW";"DESC AVG TOY LANDCRUISER 3/5D 09-";"Glace laterale";"product";"2";"";"";"";"";"";"create_candidate";"Reference absente du catalogue Odoo; validation metier requise."
"8394LGSR5RDW";"DESC ARG VT TOYOTA LANDCRUISER 09-";"Glace laterale";"product";"1";"";"";"";"";"";"create_candidate";"Reference absente du catalogue Odoo; validation metier requise."
"8394RGSR3FDW";"DESC.AVD TOY.LANDCRUISER 3/5D 09-";"Glace laterale";"product";"2";"";"";"";"";"";"create_candidate";"Reference absente du catalogue Odoo; validation metier requise."
"8400AGA1B";"PB VT ACOU TOYOTA YARIS 3         11-";"Pare-brise";"product";"1";"";"";"";"";"";"create_candidate";"Reference absente du catalogue Odoo; validation metier requise."
"8400AGN1B";"PB VT TOYOTA YARIS 3   11-";"Pare-brise";"product";"8";"";"";"";"";"";"create_candidate";"Reference absente du catalogue Odoo; validation metier requise."
"8400AGNM1B";"PB VT TOYOTA YARIS 3 CAPT 11-20";"Pare-brise";"product";"7";"";"";"";"";"";"create_candidate";"Reference absente du catalogue Odoo; validation metier requise."
"8400ASMH";"JC PB TOYOTA YARIS III  11-";"Joint";"product";"12";"";"";"";"";"";"create_candidate";"Reference absente du catalogue Odoo; validation metier requise."
"8400BGSH";"LUN VT TOYOTA YARIS III        11-17";"Lunette";"product";"1";"";"";"";"";"";"create_candidate";"Reference absente du catalogue Odoo; validation metier requise."
"8400BYPH";"LUN PRIVACY TOYOTA YARIS III      11-17";"Lunette";"product";"1";"";"";"";"";"";"create_candidate";"Reference absente du catalogue Odoo; validation metier requise."
"8400LGNH3FV";"DEFL.AVG VT TOYOTA YARIS III 3/5P 11-";"Glace laterale";"product";"2";"";"";"";"";"";"create_candidate";"Reference absente du catalogue Odoo; validation metier requise."
"8400LGNH5FDW";"DESC AVG VT TOYOTA YARIS III 5P 11-20";"Glace laterale";"product";"2";"";"";"";"";"";"create_candidate";"Reference absente du catalogue Odoo; validation metier requise."
"8400RGNH3FV";"DEFL AVD VT TOYOTA YARIS III 3/5P 11-";"Glace laterale";"product";"4";"";"";"";"";"";"create_candidate";"Reference absente du catalogue Odoo; validation metier requise."
"8400RGNH5FDW";"DESC AVD VT TOYOTA YARIS III 5P 11-20";"Glace laterale";"product";"3";"";"";"";"";"";"create_candidate";"Reference absente du catalogue Odoo; validation metier requise."
"8400RGNH5RDW";"DESC ARD VT TOYOTA YARIS III 5P 11-20";"Glace laterale";"product";"1";"";"";"";"";"";"create_candidate";"Reference absente du catalogue Odoo; validation metier requise."
"8402AGAAMVZ1B";"PB VT LEXUS CT200H  CAPT ANT 11-";"Pare-brise";"product";"1";"";"";"";"";"";"create_candidate";"Reference absente du catalogue Odoo; validation metier requise."
"8406AGAMUV";"PB VT AC GRAND PRIUS LHD CAPT HUD 12-";"Pare-brise";"product";"2";"";"";"";"";"";"create_candidate";"Reference absente du catalogue Odoo; validation metier requise."
"8406ASMMT";"JC SUP PB GRAND PRIUS      12-";"Joint";"product";"1";"";"";"";"";"";"create_candidate";"Reference absente du catalogue Odoo; validation metier requise."
"8406ASMMT1H";"JC SUP PB GRAND PRIUS  TOIT VERRE 12-";"Joint";"product";"1";"";"";"";"";"";"create_candidate";"Reference absente du catalogue Odoo; validation metier requise."
"8409AGAAMZ";"PB VT TOY AURIS 2 LHD CAPT ANT 13-";"Pare-brise";"product";"3";"";"";"";"";"";"create_candidate";"Reference absente du catalogue Odoo; validation metier requise."
"8409AGAAZ";"PB VT TOY AURIS 2 LHD  ANT    13-";"Pare-brise";"product";"1";"";"";"";"";"";"create_candidate";"Reference absente du catalogue Odoo; validation metier requise."
"8409AGAZ";"PB VT TOYOTA AURIS 2 LHD   12-";"Pare-brise";"product";"3";"";"";"";"";"";"create_candidate";"Reference absente du catalogue Odoo; validation metier requise."
"8409ASMH";"JC PB AURIS/COROLLA     12-";"Joint";"product";"4";"";"";"";"";"";"create_candidate";"Reference absente du catalogue Odoo; validation metier requise."
"8409BGSHXZ1K";"LUN VT TOYOTA AURIS 5P ALARME 12-";"Lunette";"product";"1";"";"";"";"";"";"create_candidate";"Reference absente du catalogue Odoo; validation metier requise."
"8409BGSHZ";"LUN VT TOYOTA AURIS 5P TROU EG 12-";"Lunette";"product";"1";"";"";"";"";"";"create_candidate";"Reference absente du catalogue Odoo; validation metier requise."
"8409LGNH5RDW";"DESC ARG VT TOYOTA AURIS 5P  12-";"Glace laterale";"product";"1";"";"";"";"";"";"create_candidate";"Reference absente du catalogue Odoo; validation metier requise."
"8410AGAAMW";"PB VT AC RAV 4 LHD CAPT ANT 13-19";"Pare-brise";"product";"1";"";"";"";"";"";"create_candidate";"Reference absente du catalogue Odoo; validation metier requise."
"8410AGACMVW1L";"PARE-BRISE TEINTÉ VERT AC RAV 4 CONDUITE À GAUCHE CAPTEUR DE PLUIE CAMÉRA(S) 16-19";"Pare-brise";"product";"1";"";"";"";"";"";"create_candidate";"Reference absente du catalogue Odoo; validation metier requise."
"8410AGAHMVW1V";"PB VT AC RAV 4 LHD CHAUF CAPT      13-19";"Pare-brise";"product";"2";"";"";"";"";"";"create_candidate";"Reference absente du catalogue Odoo; validation metier requise."
"8410AGAMVW";"PB VT ACO RAV 4 IV LHD  CAPT 13-16";"Pare-brise";"product";"6";"";"";"";"";"";"create_candidate";"Reference absente du catalogue Odoo; validation metier requise."
"8410AGAMW";"PB VT ACO.RAV 4 IV LHD +CAPT 13-";"Pare-brise";"product";"1";"";"";"";"";"";"create_candidate";"Reference absente du catalogue Odoo; validation metier requise."
"8410AGNMW";"PB VT TOYOTA RAV 4 LHD CAPT        13-19";"Pare-brise";"product";"1";"";"";"";"";"";"create_candidate";"Reference absente du catalogue Odoo; validation metier requise."
"8410AGNVW";"PB VT RAV 4 IV LHD 13-";"Pare-brise";"product";"1";"";"";"";"";"";"create_candidate";"Reference absente du catalogue Odoo; validation metier requise."
"8410ASMR";"JC PB TOYOTA RAV 4 13-";"Joint";"product";"7";"";"";"";"";"";"create_candidate";"Reference absente du catalogue Odoo; validation metier requise."
"8410BGSRZ";"LUN VT TOYOTA RAV 4                13-19";"Lunette";"product";"2";"";"";"";"";"";"create_candidate";"Reference absente du catalogue Odoo; validation metier requise."
"8410LGSR5FDW";"DESC AVG VT TOYOTA RAV 4 13-";"Glace laterale";"product";"1";"";"";"";"";"";"create_candidate";"Reference absente du catalogue Odoo; validation metier requise."
"8410RGSR5RQZ";"CUST ARD VT TOYOTA RAV 4           13-19";"Glace laterale";"product";"1";"";"";"";"";"";"create_candidate";"Reference absente du catalogue Odoo; validation metier requise."
"8412AGAMVZ";"PB VT ACO.LEXUS IS +CAPT.13-";"Pare-brise";"product";"1";"";"";"";"";"";"create_candidate";"Reference absente du catalogue Odoo; validation metier requise."
"8416RGSR5FV";"DEFL AVD VT FEUILL LEXUS RX  15-";"Glace laterale";"product";"1";"";"";"";"";"";"create_candidate";"Reference absente du catalogue Odoo; validation metier requise."
"8419AGABLAHMV";"PB VTBL AC LEXUS NX CHAU CAP ANT 14-17";"Pare-brise";"product";"2";"";"";"";"";"";"create_candidate";"Reference absente du catalogue Odoo; validation metier requise."
"8419BGSRAWZ";"LUN VT LEXUS NX  ANT     14-21";"Lunette";"product";"1";"";"";"";"";"";"create_candidate";"Reference absente du catalogue Odoo; validation metier requise."
"8421AGAMVZ1B";"PB VT AC TOYOTA C-HR  CAPT  17-";"Pare-brise";"product";"7";"";"";"";"";"";"create_candidate";"Reference absente du catalogue Odoo; validation metier requise."
"8421AGAVZ";"PB VT ACOUS TOYOTA C-HR   17-";"Pare-brise";"product";"1";"";"";"";"";"";"create_candidate";"Reference absente du catalogue Odoo; validation metier requise."
"8421ASMRT";"JC SUP PB TOYOTA C-HR       17-";"Joint";"product";"5";"";"";"";"";"";"create_candidate";"Reference absente du catalogue Odoo; validation metier requise."
"8421BGSHAZ";"LUN VT TOYOTA C-HR  ANT       17-19";"Lunette";"product";"1";"";"";"";"";"";"create_candidate";"Reference absente du catalogue Odoo; validation metier requise."
"8421BGSHZ";"LUN VT TOYOTA C-HR         17-19";"Lunette";"product";"1";"";"";"";"";"";"create_candidate";"Reference absente du catalogue Odoo; validation metier requise."
"8421BYPHAZ1J";"LUN PRIVACY TOYOTA C-HR ANT 19-";"Lunette";"product";"1";"";"";"";"";"";"create_candidate";"Reference absente du catalogue Odoo; validation metier requise."
"8421LGSH5RV";"DEFL ARG VT TOYOTA C-HR  17-";"Glace laterale";"product";"1";"";"";"";"";"";"create_candidate";"Reference absente du catalogue Odoo; validation metier requise."
"8421RGSH5FDW";"DESC AVD VT TOYOTA C-HR  17-";"Glace laterale";"product";"1";"";"";"";"";"";"create_candidate";"Reference absente du catalogue Odoo; validation metier requise."
"8421RGSH5FV";"DEFL AVD VT TOYOTA C-HR  17-";"Glace laterale";"product";"1";"";"";"";"";"";"create_candidate";"Reference absente du catalogue Odoo; validation metier requise."
"8421RGSH5RV";"DEFL ARD VT TOYOTA C-HR  17-";"Glace laterale";"product";"1";"";"";"";"";"";"create_candidate";"Reference absente du catalogue Odoo; validation metier requise."
"8421RYPH5RV";"DEFL ARD PRIV TOYOTA C-HR  17-";"Glace laterale";"product";"1";"";"";"";"";"";"create_candidate";"Reference absente du catalogue Odoo; validation metier requise."
"8424AGS";"PB VT TOYOTA HI-LUX             16-";"Pare-brise";"product";"4";"";"";"";"";"";"create_candidate";"Reference absente du catalogue Odoo; validation metier requise."
"8424AGSA";"PB VT TOYOTA HI-LUX ANT          16-";"Pare-brise";"product";"1";"";"";"";"";"";"create_candidate";"Reference absente du catalogue Odoo; validation metier requise."
"8424AGSGN";"PB VTVT TOYOTA HI-LUX           16-";"Pare-brise";"product";"2";"";"";"";"";"";"create_candidate";"Reference absente du catalogue Odoo; validation metier requise."
"8424AGSGNA";"PB VTVT TOYOTA HI-LUX  ANT    16-";"Pare-brise";"product";"10";"";"";"";"";"";"create_candidate";"Reference absente du catalogue Odoo; validation metier requise."
"8424AGSGNAH1F";"PB VTVT TOYOTA HI-LUX CHAU ANT  16-";"Pare-brise";"product";"1";"";"";"";"";"";"create_candidate";"Reference absente du catalogue Odoo; validation metier requise."
"8424BGSP";"LUN.VT TOYOTA HI-LUX       16-";"Lunette";"product";"2";"";"";"";"";"";"create_candidate";"Reference absente du catalogue Odoo; validation metier requise."
"8424BGSPZ";"LUN VT TOYOTA HI-LUX       16-";"Lunette";"product";"2";"";"";"";"";"";"create_candidate";"Reference absente du catalogue Odoo; validation metier requise."
"8424BYPP";"LUN PRIV TOYOTA HI-LUX    16-";"Lunette";"product";"2";"";"";"";"";"";"create_candidate";"Reference absente du catalogue Odoo; validation metier requise."
"8424LGSP4FDW";"DESC AVG VT TOYOTA HI-LUX 4P  16-";"Glace laterale";"product";"1";"";"";"";"";"";"create_candidate";"Reference absente du catalogue Odoo; validation metier requise."
"8424LGSP4FDW1K";"DESC AVG VT TOYOTA HI-LUX 4P  16-";"Glace laterale";"product";"1";"";"";"";"";"";"create_candidate";"Reference absente du catalogue Odoo; validation metier requise."
"8424RGSP2FDW";"DESC AVD VT HI-LUX SIMPLE / XTRA CAB 16-";"Glace laterale";"product";"2";"";"";"";"";"";"create_candidate";"Reference absente du catalogue Odoo; validation metier requise."
"8424RYPP4RD";"DESC ARD PRIV TOYOTA HI-LUX 4P  16-";"Glace laterale";"product";"2";"";"";"";"";"";"create_candidate";"Reference absente du catalogue Odoo; validation metier requise."
"8430AGAMVZ";"PB VT AC TOYOTA COROLLA LHD CAPT 19-";"Pare-brise";"product";"1";"";"";"";"";"";"create_candidate";"Reference absente du catalogue Odoo; validation metier requise."
"8430AGAVZ";"PB VT AC TOYOTA COROLLA LHD 19-";"Pare-brise";"product";"2";"";"";"";"";"";"create_candidate";"Reference absente du catalogue Odoo; validation metier requise."
"8430RGSH5FDW";"DESC AVD VT TOY COROLLA 4/5P BREAK  19-";"Glace laterale";"product";"2";"";"";"";"";"";"create_candidate";"Reference absente du catalogue Odoo; validation metier requise."
"8432AGAMV";"PB VT AC TOYOTA RAV 4 LHD CAPT 19-";"Pare-brise";"product";"2";"";"";"";"";"";"create_candidate";"Reference absente du catalogue Odoo; validation metier requise."
"8432RGSR5FDW";"DESC AVD VT TOYOTA RAV 4   19-";"Glace laterale";"product";"1";"";"";"";"";"";"create_candidate";"Reference absente du catalogue Odoo; validation metier requise."
"8438AGSCMZ";"PB VT TOYOTA YARIS 4 5P CAPT CAM 20-24";"Pare-brise";"product";"1";"";"";"";"";"";"create_candidate";"Reference absente du catalogue Odoo; validation metier requise."
"8438AGSZ";"PB VT TOYOTA YARIS 4 5 PORTES 20-";"Pare-brise";"product";"1";"";"";"";"";"";"create_candidate";"Reference absente du catalogue Odoo; validation metier requise."
"8438LGSH5FDW";"DESC AVG VT TOYOTA YARIS 4 5P 20-";"Glace laterale";"product";"1";"";"";"";"";"";"create_candidate";"Reference absente du catalogue Odoo; validation metier requise."
"8440RYPR5RVWZ";"DEFL ARD PRIV TOYOTA YARIS CROSS 20-";"Glace laterale";"product";"1";"";"";"";"";"";"create_candidate";"Reference absente du catalogue Odoo; validation metier requise."
"8448RYPR5RV";"DEFL ARD PRIV TOYOTA COROLLA CROSS 22-";"Glace laterale";"product";"1";"";"";"";"";"";"create_candidate";"Reference absente du catalogue Odoo; validation metier requise."
"850980";"LEVE VITRE AVG HYUNDAI I20 I PHASE 1 - 3P 2009-09->2012-06 1.4CRDI 75 FAP";"Autres";"product";"1";"";"";"";"";"";"create_candidate";"Reference absente du catalogue Odoo; validation metier requise."
"851017";"LEVE VITRE AVD ELECT C3 II 09+";"Autres";"product";"1";"";"";"";"";"";"create_candidate";"Reference absente du catalogue Odoo; validation metier requise."
"851206VAL";"LEVE VITRE ELEC AVG PEUGEOT 208";"Autres";"product";"1";"";"";"";"";"";"create_candidate";"Reference absente du catalogue Odoo; validation metier requise."
"851207";"LEVE VIT ELEC AVD PEUGEOT 208";"Autres";"product";"1";"";"";"";"";"";"create_candidate";"Reference absente du catalogue Odoo; validation metier requise."
"851406";"LV VIT ELEC AVG PEUGEOT 2008 13+";"Autres";"product";"1";"";"";"";"";"";"create_candidate";"Reference absente du catalogue Odoo; validation metier requise."
"851407";"MECANISME LEVE-VITRE AVD 2008";"Autres";"product";"1";"";"";"";"";"";"create_candidate";"Reference absente du catalogue Odoo; validation metier requise."
"8535AGNGNZ";"PARE-BRISE TEINTÉ VERT DÉGRADÉ VERT VOLKSWAGEN PASSAT IV 87-93MO 2,50";"Pare-brise";"product";"1";"";"";"";"";"";"create_candidate";"Reference absente du catalogue Odoo; validation metier requise."
"8541AGNGNZ1C";"PB VTVT VW GOLF III/VENTO       10/94-98";"Pare-brise";"product";"1";"";"";"";"";"";"create_candidate";"Reference absente du catalogue Odoo; validation metier requise."
"8541AGNZ1C";"PB VT VW GOLF III/VENTO     10/94-98";"Pare-brise";"product";"1";"";"";"";"";"";"create_candidate";"Reference absente du catalogue Odoo; validation metier requise."
"8541AKCH";"CLIPS LAT  PB KIT COMP VW GOLF III 91-98";"Joint";"product";"2";"";"";"";"";"";"create_candidate";"Reference absente du catalogue Odoo; validation metier requise."
"8541LGNH5RV";"DEFL ARG VT GOLF III 5P /VENTO     91-98";"Glace laterale";"product";"1";"";"";"";"";"";"create_candidate";"Reference absente du catalogue Odoo; validation metier requise."
"8545AGNZ";"PB VT VW POLO III 3/5P.           95-99";"Pare-brise";"product";"8";"";"";"";"";"";"create_candidate";"Reference absente du catalogue Odoo; validation metier requise."
"8545AKSH";"AGRAFES PB KIT VW POLO III 3/5P.9/94-99";"Joint";"product";"3";"";"";"";"";"";"create_candidate";"Reference absente du catalogue Odoo; validation metier requise."
"8545RGNH3FD";"DESC AVD VT VW POLO III 3P       9/94-01";"Glace laterale";"product";"1";"";"";"";"";"";"create_candidate";"Reference absente du catalogue Odoo; validation metier requise."
"8547AGNBLV";"PB VTBL AUDI A4                    95-01";"Pare-brise";"product";"1";"";"";"";"";"";"create_candidate";"Reference absente du catalogue Odoo; validation metier requise."
"8547AGNGYV";"PB VTGR AUDI A4 95-01";"Pare-brise";"product";"2";"";"";"";"";"";"create_candidate";"Reference absente du catalogue Odoo; validation metier requise."
"8547ASMST1A";"JC SUP  SOUPLE PB AUDI A4 96-01";"Joint";"product";"2";"";"";"";"";"";"create_candidate";"Reference absente du catalogue Odoo; validation metier requise."
"8547BGNSA1Y";"LUN VT AUDI A4 BNE   ANT       95-01";"Lunette";"product";"1";"";"";"";"";"";"create_candidate";"Reference absente du catalogue Odoo; validation metier requise."
"8548AGNV2P";"PARE-BRISE TEINTÉ VERT GALAXY/SHARAN/ALHAMB VIN 01-06MO 2,00";"Pare-brise";"product";"1";"";"";"";"";"";"create_candidate";"Reference absente du catalogue Odoo; validation metier requise."
"8554AGNGYVW1B";"PB VTGR AUDI A3 96-03";"Pare-brise";"product";"15";"";"";"";"";"";"create_candidate";"Reference absente du catalogue Odoo; validation metier requise."
"8554AGNGYVW1B-PERDU";"PB VTGR AUDI A3                    96-03";"Pare-brise";"product";"1";"";"";"";"";"";"create_candidate";"Reference absente du catalogue Odoo; validation metier requise."
"8554ASMHB";"JC INF PB AUDI A3             96-03";"Joint";"product";"1";"";"";"";"";"";"create_candidate";"Reference absente du catalogue Odoo; validation metier requise."
"8554ASMHT";"JC SUP PB AUDI A3            96-03";"Joint";"product";"1";"";"";"";"";"";"create_candidate";"Reference absente du catalogue Odoo; validation metier requise."
"8554LGNH3FD";"DESC AVG VT AUDI A3         96-03";"Glace laterale";"product";"1";"";"";"";"";"";"create_candidate";"Reference absente du catalogue Odoo; validation metier requise."
"8556AGNVZ";"PB VT VW PASSAT VII             96-03/05";"Pare-brise";"product";"6";"";"";"";"";"";"create_candidate";"Reference absente du catalogue Odoo; validation metier requise."
"8556LGNS4FD";"DESC AVG VT VW PASSAT B5      96-03/05";"Glace laterale";"product";"1";"";"";"";"";"";"create_candidate";"Reference absente du catalogue Odoo; validation metier requise."
"8556LGNS4RDW";"DESC.ARG VT VW PASSAT B5 BNE  96-03/05";"Glace laterale";"product";"1";"";"";"";"";"";"create_candidate";"Reference absente du catalogue Odoo; validation metier requise."
"8557LGNS4FD";"DESC AVG VT AUDI A6 BNE/BK         97-04";"Glace laterale";"product";"1";"";"";"";"";"";"create_candidate";"Reference absente du catalogue Odoo; validation metier requise."
"8558ABSMVZ";"PB BL GOLF IV 3/5P / BORA   CAPT  97-03";"Pare-brise";"product";"1";"";"";"";"";"";"create_candidate";"Reference absente du catalogue Odoo; validation metier requise."
"8558AGNGYVZ";"PB VTGR VW GOLF IV 3/5P / BORA   98-03";"Pare-brise";"product";"2";"";"";"";"";"";"create_candidate";"Reference absente du catalogue Odoo; validation metier requise."
"8558AGNVZ";"PB VT VW GOLF IV/BORA 98-03";"Pare-brise";"product";"19";"";"";"";"";"";"create_candidate";"Reference absente du catalogue Odoo; validation metier requise."
"8558AGNZ";"PARE-BRISE TEINTÉ VERT VOLKSWAGEN GOLF IV 3 ET 5 PORTES / BORA 98-03MO 2,20";"Pare-brise";"product";"1";"";"";"";"";"";"create_candidate";"Reference absente du catalogue Odoo; validation metier requise."
"8558BGNEZ";"LUN VT VW GOLF 4 / BORA BREAK    98-05";"Lunette";"product";"1";"";"";"";"";"";"create_candidate";"Reference absente du catalogue Odoo; validation metier requise."
"8558BGNHBZ";"LUN VT VW GOLF 4     97-03";"Lunette";"product";"1";"";"";"";"";"";"create_candidate";"Reference absente du catalogue Odoo; validation metier requise."
"8558LGNH3RQZ";"CUST ARG VW GOLF IV 3PTES      98-05";"Glace laterale";"product";"1";"";"";"";"";"";"create_candidate";"Reference absente du catalogue Odoo; validation metier requise."
"8558LGNH5FD";"DESC AVG VT VW GOLF IV 5P/BORA  98-03";"Glace laterale";"product";"1";"";"";"";"";"";"create_candidate";"Reference absente du catalogue Odoo; validation metier requise."
"8558LGNS4RV";"DEFL ARG VT VW BORA 4P       98-03";"Glace laterale";"product";"1";"";"";"";"";"";"create_candidate";"Reference absente du catalogue Odoo; validation metier requise."
"8558RGNH3FD";"DESC AVD VT VW GOLF IV 3P       98-03";"Glace laterale";"product";"2";"";"";"";"";"";"create_candidate";"Reference absente du catalogue Odoo; validation metier requise."
"8564AGSAMZ3B";"PB VT NEW BEETLE CABR ANT  CAPT 03-12";"Pare-brise";"product";"1";"";"";"";"";"";"create_candidate";"Reference absente du catalogue Odoo; validation metier requise."
"8564LGST2FD";"DESC AVG VT NEW BEETLE CAB    03-12";"Glace laterale";"product";"1";"";"";"";"";"";"create_candidate";"Reference absente du catalogue Odoo; validation metier requise."
"8564R...";"CUST ARD VW NEW BEETLE CABRIOLET 03-12";"Glace laterale";"product";"1";"";"";"";"";"";"create_candidate";"Reference absente du catalogue Odoo; validation metier requise."
"8568ABLMVZ1P";"PB BLEU GOLF V / VI  CAPT          03-08";"Pare-brise";"product";"1";"";"";"";"";"";"create_candidate";"Reference absente du catalogue Odoo; validation metier requise."
"8568AGSGYMVZ1P";"PB VTGY VW GOLF V / VI  CAPT     03-08";"Pare-brise";"product";"1";"";"";"";"";"";"create_candidate";"Reference absente du catalogue Odoo; validation metier requise."
"8568AGSMVZ1P";"PB VT VW GOLF V / VI   CAPT PL  03-08";"Pare-brise";"product";"8";"";"";"";"";"";"create_candidate";"Reference absente du catalogue Odoo; validation metier requise."
"8568AGSVZ";"PB VT VW GOLF V 03-05";"Pare-brise";"product";"32";"";"";"";"";"";"create_candidate";"Reference absente du catalogue Odoo; validation metier requise."
"8568BGSHAJW";"LUN VT VW GOLF V 3/5P    ANT TV    03-08";"Lunette";"product";"2";"";"";"";"";"";"create_candidate";"Reference absente du catalogue Odoo; validation metier requise."
"8568BGSHAW";"LUN VT VW GOLF V 3/5P ANT       03-08";"Lunette";"product";"1";"";"";"";"";"";"create_candidate";"Reference absente du catalogue Odoo; validation metier requise."
"8568LGSH3FD";"DESC AVG VT VW GOLF V 3P       03-08";"Glace laterale";"product";"1";"";"";"";"";"";"create_candidate";"Reference absente du catalogue Odoo; validation metier requise."
"8568LGSH5FD";"DESC AVG VT VW GOLF V 5P           03-08";"Glace laterale";"product";"2";"";"";"";"";"";"create_candidate";"Reference absente du catalogue Odoo; validation metier requise."
"8568RGSH3FD";"GLACE DESCENDANTE AVANT DROIT TEINTÉ VERT VOLKSWAGEN GOLF V 3 PORTES 03-12MO 0,70";"Glace laterale";"product";"1";"";"";"";"";"";"create_candidate";"Reference absente du catalogue Odoo; validation metier requise."
"8568RGSH5FD";"DESC AVD VT VW GOLF V 5P           03-12";"Glace laterale";"product";"2";"";"";"";"";"";"create_candidate";"Reference absente du catalogue Odoo; validation metier requise."
"8570AGNZ";"PB VT VW POLO 99-01";"Pare-brise";"product";"4";"";"";"";"";"";"create_candidate";"Reference absente du catalogue Odoo; validation metier requise."
"8570BGNHZ";"LUN VT VW POLO                     99-01";"Lunette";"product";"1";"";"";"";"";"";"create_candidate";"Reference absente du catalogue Odoo; validation metier requise."
"8570LGNH3FD";"GLACE DESCENDANTE AVANT GAUCHE TEINTÉ VERT VOLKSWAGEN POLO III 3 PORTES 99-01";"Glace laterale";"product";"1";"";"";"";"";"";"create_candidate";"Reference absente du catalogue Odoo; validation metier requise."
"8572AGAVW1B";"PB VT ACOUS.AUDI A4 /SEAT EXEO 01-07";"Pare-brise";"product";"1";"";"";"";"";"";"create_candidate";"Reference absente du catalogue Odoo; validation metier requise."
"8572AGSGYVW";"PB VTGR AUDI A4/SEAT EXEO 01-07";"Pare-brise";"product";"3";"";"";"";"";"";"create_candidate";"Reference absente du catalogue Odoo; validation metier requise."
"8572AGSGYVW1B";"PB VTGY AUDI A4/SEAT EXEO 01-07";"Pare-brise";"product";"1";"";"";"";"";"";"create_candidate";"Reference absente du catalogue Odoo; validation metier requise."
"8572AGSVW1B";"PB VT AUDI A4/SEAT EXEO        01-07";"Pare-brise";"product";"5";"";"";"";"";"";"create_candidate";"Reference absente du catalogue Odoo; validation metier requise."
"8572ASMSL";"JC LAT GAUCHE PB AUDI A4   01-08";"Joint";"product";"3";"";"";"";"";"";"create_candidate";"Reference absente du catalogue Odoo; validation metier requise."
"8572ASMSR";"JC LAT DROIT PB AUDI A4   01-08";"Joint";"product";"3";"";"";"";"";"";"create_candidate";"Reference absente du catalogue Odoo; validation metier requise."
"8573AGSGYMVZ";"PARE-BRISE TEINTÉ VERT DÉGRADÉ GRIS VOLKSWAGEN POLO IV CAPTEUR DE PLUIE 01-04MO 2,20";"Pare-brise";"product";"1";"";"";"";"";"";"create_candidate";"Reference absente du catalogue Odoo; validation metier requise."
"8573AGSGYMVZ6J";"PB VTGY VW POLO IV +CAPT 05-09";"Pare-brise";"product";"2";"";"";"";"";"";"create_candidate";"Reference absente du catalogue Odoo; validation metier requise."
"8573AGSMVZ6J";"PB VT VW POLO IV  CAPT           05-09";"Pare-brise";"product";"2";"";"";"";"";"";"create_candidate";"Reference absente du catalogue Odoo; validation metier requise."
"8573AGSVZ";"PB VT VOLKSWAGEN POLO IV           01-04";"Pare-brise";"product";"6";"";"";"";"";"";"create_candidate";"Reference absente du catalogue Odoo; validation metier requise."
"8573AGSVZ6J";"PB VT VW POLO V 05-09";"Pare-brise";"product";"18";"";"";"";"";"";"create_candidate";"Reference absente du catalogue Odoo; validation metier requise."
"8573BGDHI1J";"LUN VT FONCEE VW POLO IV 3/5P  05-09";"Lunette";"product";"1";"";"";"";"";"";"create_candidate";"Reference absente du catalogue Odoo; validation metier requise."
"8573BGSHI";"LUN VT VW POLO IV 3/5P             01-05";"Lunette";"product";"5";"";"";"";"";"";"create_candidate";"Reference absente du catalogue Odoo; validation metier requise."
"8573BGSHI1J";"LUN VT VW POLO IV 3/5P             05-09";"Lunette";"product";"4";"";"";"";"";"";"create_candidate";"Reference absente du catalogue Odoo; validation metier requise."
"8573LGSH3FD";"DESC AVG VT VW POLO  3PTES     01-09";"Glace laterale";"product";"2";"";"";"";"";"";"create_candidate";"Reference absente du catalogue Odoo; validation metier requise."
"8573LGSH3RQOW";"CUST ARG OUVR VT POLO 3PTES 01-09";"Glace laterale";"product";"1";"";"";"";"";"";"create_candidate";"Reference absente du catalogue Odoo; validation metier requise."
"8573LGSH3RQZ";"CUST ARG FIXE VT POLO 3PTES    01-09";"Glace laterale";"product";"1";"";"";"";"";"";"create_candidate";"Reference absente du catalogue Odoo; validation metier requise."
"8573LGSH5RDW";"GLACE DESCENDANTE ARRIÈRE GAUCHE TEINTÉ VERT VOLKSWAGEN POLO 5 PORTES HAYON 01-09";"Glace laterale";"product";"2";"";"";"";"";"";"create_candidate";"Reference absente du catalogue Odoo; validation metier requise."
"8573RGSH3FD";"DESC AVD VT VW POLO  3PTES     01-09";"Glace laterale";"product";"1";"";"";"";"";"";"create_candidate";"Reference absente du catalogue Odoo; validation metier requise."
"8573RGSH3RQZ";"CUSTODE ARRIÈRE DROIT FIXE TEINTÉ VERT POLO 3 PORTES  01-09MO 1.60";"Glace laterale";"product";"2";"";"";"";"";"";"create_candidate";"Reference absente du catalogue Odoo; validation metier requise."
"8573RGSH5RQZ";"CUST ARD VT VW POLO 5PTES    01-09";"Glace laterale";"product";"1";"";"";"";"";"";"create_candidate";"Reference absente du catalogue Odoo; validation metier requise."
"8576AGSGYMVZ2B";"PB VTGY TOUAREG/CAYENNE CAPT 06-10";"Pare-brise";"product";"4";"";"";"";"";"";"create_candidate";"Reference absente du catalogue Odoo; validation metier requise."
"8577AGAMVZ95";"PB VT ACO VW TOURAN CAPT       11-15";"Pare-brise";"product";"3";"";"";"";"";"";"create_candidate";"Reference absente du catalogue Odoo; validation metier requise."
"8577AGSVZ";"PB VT VW TOURAN                    03-06";"Pare-brise";"product";"5";"";"";"";"";"";"create_candidate";"Reference absente du catalogue Odoo; validation metier requise."
"8577AGSVZ1P";"PB VT VW TOURAN AVEC EMBASE  06-10";"Pare-brise";"product";"2";"";"";"";"";"";"create_candidate";"Reference absente du catalogue Odoo; validation metier requise."
"8577AGSVZ-PERDU";"PB VT VW TOURAN                    03-06";"Pare-brise";"product";"1";"";"";"";"";"";"create_candidate";"Reference absente du catalogue Odoo; validation metier requise."
"8577BGSVZ";"LUN VT VW TOURAN                   03-10";"Lunette";"product";"1";"";"";"";"";"";"create_candidate";"Reference absente du catalogue Odoo; validation metier requise."
"8577BYPVZ";"LUN PRIV VW TOURAN                 03-10";"Lunette";"product";"1";"";"";"";"";"";"create_candidate";"Reference absente du catalogue Odoo; validation metier requise."
"8577RGSV5FD";"DESC AVD VT VW TOURAN         03-15";"Glace laterale";"product";"1";"";"";"";"";"";"create_candidate";"Reference absente du catalogue Odoo; validation metier requise."
"8579AGSAVZ1B";"PB VT VW T5 / MULTIVAN ANT         03-";"Pare-brise";"product";"2";"";"";"";"";"";"create_candidate";"Reference absente du catalogue Odoo; validation metier requise."
"8579AGSGYVZ1B";"PB VTGY VW MULTIVAN                03-16";"Pare-brise";"product";"1";"";"";"";"";"";"create_candidate";"Reference absente du catalogue Odoo; validation metier requise."
"8579BGSV1H";"LUN VT TRANSPORTER T5 SS TROU 03-15";"Lunette";"product";"1";"";"";"";"";"";"create_candidate";"Reference absente du catalogue Odoo; validation metier requise."
"8580AGAGYVW";"PB VTGR ACOUST AUDI A3            03-12";"Pare-brise";"product";"1";"";"";"";"";"";"create_candidate";"Reference absente du catalogue Odoo; validation metier requise."
"8580AGSGYMVW1B";"PB VTGY AUDI A3+CAPT. 03-12";"Pare-brise";"product";"34";"";"";"";"";"";"create_candidate";"Reference absente du catalogue Odoo; validation metier requise."
"8580AGSGYVW";"PB VTGR AUDI A3                    03-12";"Pare-brise";"product";"42";"";"";"";"";"";"create_candidate";"Reference absente du catalogue Odoo; validation metier requise."
"8580AGSGYVW-T";"PB VTGR AUDI A3                    03-12";"Pare-brise";"product";"1";"";"";"";"";"";"create_candidate";"Reference absente du catalogue Odoo; validation metier requise."
"8580AGSVW";"PB VT AUDI A3                      03-12";"Pare-brise";"product";"6";"";"";"";"";"";"create_candidate";"Reference absente du catalogue Odoo; validation metier requise."
"8580BGSEAGJWX";"LUN VT AUDI A3 SPORTBACK ANT  03-12";"Lunette";"product";"1";"";"";"";"";"";"create_candidate";"Reference absente du catalogue Odoo; validation metier requise."
"8580BGSEAGJXW";"LUN VT AUDI A3 SPORTBACK ANT  03-12";"Lunette";"product";"3";"";"";"";"";"";"create_candidate";"Reference absente du catalogue Odoo; validation metier requise."
"8580BGSHAGZ1F";"LUN VT AUDI A3 ANT STOP       03-12";"Lunette";"product";"2";"";"";"";"";"";"create_candidate";"Reference absente du catalogue Odoo; validation metier requise."
"8580BYPEAGJXW";"LUN PRIV A3 SPORTBACK ANT 03-12";"Lunette";"product";"1";"";"";"";"";"";"create_candidate";"Reference absente du catalogue Odoo; validation metier requise."
"8580BYPHAGZ1F";"LUN PRIV AUDI A3 ANT STOP       03-12";"Lunette";"product";"1";"";"";"";"";"";"create_candidate";"Reference absente du catalogue Odoo; validation metier requise."
"8580LGSE5RD";"DESC ARG VT AUDI A3 5PTES     03-12";"Glace laterale";"product";"1";"";"";"";"";"";"create_candidate";"Reference absente du catalogue Odoo; validation metier requise."
"8580LGSH3FD";"DESC AVG VT AUDI A3 3PTES     03-12";"Glace laterale";"product";"1";"";"";"";"";"";"create_candidate";"Reference absente du catalogue Odoo; validation metier requise."
"8580LGSH3RQZ";"CUSTODE ARRIÈRE GAUCHE TEINTÉ VERT AUDI A3";"Glace laterale";"product";"2";"";"";"";"";"";"create_candidate";"Reference absente du catalogue Odoo; validation metier requise."
"8580RGSH3FD";"DESC.AVD VT AUDI A3 3PTES     03-12";"Glace laterale";"product";"2";"";"";"";"";"";"create_candidate";"Reference absente du catalogue Odoo; validation metier requise."
"8581AGSAVZ";"PB VT VW CADDY  ANT             04-";"Pare-brise";"product";"2";"";"";"";"";"";"create_candidate";"Reference absente du catalogue Odoo; validation metier requise."
"8581AGSAVZ1F";"PB VT VW CADDY ANT 3FILS     04-";"Pare-brise";"product";"1";"";"";"";"";"";"create_candidate";"Reference absente du catalogue Odoo; validation metier requise."
"8581AGSGYVZ";"PB VTGY VW CADDY                   04-";"Pare-brise";"product";"3";"";"";"";"";"";"create_candidate";"Reference absente du catalogue Odoo; validation metier requise."
"8581AGSMVZ6T";"PB VT VW CADDY  CAPT      15-";"Pare-brise";"product";"1";"";"";"";"";"";"create_candidate";"Reference absente du catalogue Odoo; validation metier requise."
"8581AGSVZ";"PB VT VW CADDY 04-15";"Pare-brise";"product";"3";"";"";"";"";"";"create_candidate";"Reference absente du catalogue Odoo; validation metier requise."
"8581AGSVZ1B";"PB VT VW CADDY                     04-";"Pare-brise";"product";"2";"";"";"";"";"";"create_candidate";"Reference absente du catalogue Odoo; validation metier requise."
"8581BGDVL";"LUN VT FONCEE GCHE VW CADDY   04-";"Lunette";"product";"1";"";"";"";"";"";"create_candidate";"Reference absente du catalogue Odoo; validation metier requise."
"8581BGSVL";"LUN VT GCHE VW CADDY   04-";"Lunette";"product";"1";"";"";"";"";"";"create_candidate";"Reference absente du catalogue Odoo; validation metier requise."
"8581BGSVLU";"LUN VT GCHE VW CADDY NON CHAUF 04-";"Lunette";"product";"4";"";"";"";"";"";"create_candidate";"Reference absente du catalogue Odoo; validation metier requise."
"8581BGSVRU1J";"LUN VT DTE VW CADDY NON CHAUF  04-";"Lunette";"product";"2";"";"";"";"";"";"create_candidate";"Reference absente du catalogue Odoo; validation metier requise."
"8581BYDVI1J";"LUN PRIV VW CADDY 1TROU EG      15-";"Lunette";"product";"1";"";"";"";"";"";"create_candidate";"Reference absente du catalogue Odoo; validation metier requise."
"8581BYDVL";"LUN PRIV GCHE VW CADDY   04-";"Lunette";"product";"1";"";"";"";"";"";"create_candidate";"Reference absente du catalogue Odoo; validation metier requise."
"8581LCLV4RDF1J";"GLACE PTE COULIS ARG CL CADDY MAXI 04-";"Glace laterale";"product";"1";"";"";"";"";"";"create_candidate";"Reference absente du catalogue Odoo; validation metier requise."
"8581LGSV4RDF";"GLACE ARRIÈRE GAUCHE TEINTÉ VERT COULISSANTE VOLKSWAGEN CADDY 4 PORTES COFFRE 04-MO 1.30";"Glace laterale";"product";"1";"";"";"";"";"";"create_candidate";"Reference absente du catalogue Odoo; validation metier requise."
"8581RGDV4RDF";"GLACE ARRIÈRE DROIT TEINTÉ VERT FONCÉ COULISSANTE VOLKSWAGEN CADDY 4 PORTES COFFRE 04-";"Glace laterale";"product";"1";"";"";"";"";"";"create_candidate";"Reference absente du catalogue Odoo; validation metier requise."
"8581RGSV2FD";"DESC AVD VT VW CADDY         04-";"Glace laterale";"product";"1";"";"";"";"";"";"create_candidate";"Reference absente du catalogue Odoo; validation metier requise."
"8582BGSEAW";"LUN VT AUDI A6 BREAK   ANT         04-08";"Lunette";"product";"1";"";"";"";"";"";"create_candidate";"Reference absente du catalogue Odoo; validation metier requise."
"8583LGSV5RV1M";"DEFL ARG VT VW GOLF PLUS           05-14";"Glace laterale";"product";"1";"";"";"";"";"";"create_candidate";"Reference absente du catalogue Odoo; validation metier requise."
"8584AGSGYMVW1B";"PB VTGY VW PASSAT B6 CAPTEUR 05-10";"Pare-brise";"product";"2";"";"";"";"";"";"create_candidate";"Reference absente du catalogue Odoo; validation metier requise."
"8584AGSMVW1B";"PB VT VW PASSAT B6   CAPT      05-10";"Pare-brise";"product";"2";"";"";"";"";"";"create_candidate";"Reference absente du catalogue Odoo; validation metier requise."
"8585AGSAW";"PB VT VW FOX  ANT             05-12";"Pare-brise";"product";"3";"";"";"";"";"";"create_candidate";"Reference absente du catalogue Odoo; validation metier requise."
"8585AGSW1B";"PB VT VW FOX        05-12";"Pare-brise";"product";"1";"";"";"";"";"";"create_candidate";"Reference absente du catalogue Odoo; validation metier requise."
"8585BGSHW";"LUN VT VW FOX                      05-12";"Lunette";"product";"3";"";"";"";"";"";"create_candidate";"Reference absente du catalogue Odoo; validation metier requise."
"8585RGSH3FDW";"DESC AVD VT VW FOX         05-12";"Glace laterale";"product";"1";"";"";"";"";"";"create_candidate";"Reference absente du catalogue Odoo; validation metier requise."
"8586AGSVZ";"PB VT VW JETTA III /GOLF 5 BK      05-11";"Pare-brise";"product";"5";"";"";"";"";"";"create_candidate";"Reference absente du catalogue Odoo; validation metier requise."
"8586AGSVZ1H";"PB VT JETTA 3/GOLF 5/6 BK EMB BAS 05-11";"Pare-brise";"product";"1";"";"";"";"";"";"create_candidate";"Reference absente du catalogue Odoo; validation metier requise."
"8586RGSS4RDW";"DESC ARD VT JETTA III  05-11";"Glace laterale";"product";"1";"";"";"";"";"";"create_candidate";"Reference absente du catalogue Odoo; validation metier requise."
"8587AGSMVW1B";"PARE-BRISE TEINTÉ VERT VOLKSWAGEN EOS CC CAPTEUR DE PLUIE 06-MO 2.50";"Pare-brise";"product";"1";"";"";"";"";"";"create_candidate";"Reference absente du catalogue Odoo; validation metier requise."
"8587RGST2FD";"DESC AVD VT VW EOS CC    05-";"Glace laterale";"product";"1";"";"";"";"";"";"create_candidate";"Reference absente du catalogue Odoo; validation metier requise."
"8588AGAGYMVZ";"PB VTGY ACOUS.AUDI Q7 +CAPT    06-15";"Pare-brise";"product";"1";"";"";"";"";"";"create_candidate";"Reference absente du catalogue Odoo; validation metier requise."
"8589AGAGYMVZ1I";"PB VTGR ACOU AUDI A4 CAPT      12-15";"Pare-brise";"product";"3";"";"";"";"";"";"create_candidate";"Reference absente du catalogue Odoo; validation metier requise."
"8589AGNGYMVZ1I";"PB VTGR AUDI A4+CAPT 12-15";"Pare-brise";"product";"3";"";"";"";"";"";"create_candidate";"Reference absente du catalogue Odoo; validation metier requise."
"8589AGNGYMVZ1P";"PARE-BRISE VTGR AUDI A4 CAPTEUR DE PLUIE 08-11";"Pare-brise";"product";"18";"";"";"";"";"";"create_candidate";"Reference absente du catalogue Odoo; validation metier requise."
"8589AGNVZ";"PB VT AUDI A4                      08-15";"Pare-brise";"product";"1";"";"";"";"";"";"create_candidate";"Reference absente du catalogue Odoo; validation metier requise."
"8589LGSE5RD";"DESC ARG VT AUDI A4 BREAK   08-15";"Glace laterale";"product";"1";"";"";"";"";"";"create_candidate";"Reference absente du catalogue Odoo; validation metier requise."
"8589LGSS4RD";"GLACE DESCENDANTE ARRIÈRE GAUCHE TEINTÉ VERT AUDI A4 BERLINE 08-15";"Glace laterale";"product";"2";"";"";"";"";"";"create_candidate";"Reference absente du catalogue Odoo; validation metier requise."
"8589RGSS4FD";"DESC AVD VT AUDI A4 BNE/BK   08-15";"Glace laterale";"product";"2";"";"";"";"";"";"create_candidate";"Reference absente du catalogue Odoo; validation metier requise."
"8591AGSGYMVZ1P";"PARE-BRISE VTGR AUDI TT COUPE CAPTEUR DE PLUIE 07-14";"Pare-brise";"product";"1";"";"";"";"";"";"create_candidate";"Reference absente du catalogue Odoo; validation metier requise."
"8591AGSVZ1H";"PB VT AUDI TT COUPE 2EMB          07-14";"Pare-brise";"product";"1";"";"";"";"";"";"create_candidate";"Reference absente du catalogue Odoo; validation metier requise."
"8591LGSC2FD";"DESC AVG VT AUDI TT CPE     06-14";"Glace laterale";"product";"1";"";"";"";"";"";"create_candidate";"Reference absente du catalogue Odoo; validation metier requise."
"8592AGAGYMVZ6P";"PB VTGY ACO.A5 CPE/SPORT.+CAPT. 09-16";"Pare-brise";"product";"1";"";"";"";"";"";"create_candidate";"Reference absente du catalogue Odoo; validation metier requise."
"8592AGSGYMVZ1P";"PB VTGR AUDI A5  CAPT      07-09";"Pare-brise";"product";"3";"";"";"";"";"";"create_candidate";"Reference absente du catalogue Odoo; validation metier requise."
"8592AGSVZ";"PB VT AUDI A5              07-16";"Pare-brise";"product";"3";"";"";"";"";"";"create_candidate";"Reference absente du catalogue Odoo; validation metier requise."
"8592LGSC2FD";"DESC AVG VT AUDI A5 COUPE     07-16";"Glace laterale";"product";"1";"";"";"";"";"";"create_candidate";"Reference absente du catalogue Odoo; validation metier requise."
"8595AGACMVZ3P";"PB VT ACO VW TIGUAN CAPT LDW 11-16";"Pare-brise";"product";"1";"";"";"";"";"";"create_candidate";"Reference absente du catalogue Odoo; validation metier requise."
"8595AGSGYMVZ1P";"PB VTGY VW TIGUAN +CAPT         07-16";"Pare-brise";"product";"2";"";"";"";"";"";"create_candidate";"Reference absente du catalogue Odoo; validation metier requise."
"8595AGSGYVZ";"PB VTGY VW TIGUAN             07-16";"Pare-brise";"product";"1";"";"";"";"";"";"create_candidate";"Reference absente du catalogue Odoo; validation metier requise."
"8595AGSMVZ1P";"PB VT VW TIGUAN +CAPT 07-16";"Pare-brise";"product";"29";"";"";"";"";"";"create_candidate";"Reference absente du catalogue Odoo; validation metier requise."
"8595BGPRAW";"LUN PRIVACY VW TIGUAN  ANT     07-16";"Lunette";"product";"1";"";"";"";"";"";"create_candidate";"Reference absente du catalogue Odoo; validation metier requise."
"8595BGPRAW2F";"LUN.VT FONCEE VW TIGUAN 06/11-16";"Lunette";"product";"4";"";"";"";"";"";"create_candidate";"Reference absente du catalogue Odoo; validation metier requise."
"8595BGSRAW";"LUN VT VW TIGUAN  ANT          07-16";"Lunette";"product";"2";"";"";"";"";"";"create_candidate";"Reference absente du catalogue Odoo; validation metier requise."
"8595LGSR5FD";"DESC AVG VT VW TIGUAN  07-16";"Glace laterale";"product";"2";"";"";"";"";"";"create_candidate";"Reference absente du catalogue Odoo; validation metier requise."
"8595LGSR5RVZ";"DÉFLECTEUR ARRIÈRE GAUCHE TEINTÉ VERT VOLKSWAGEN TIGUAN 07-16";"Glace laterale";"product";"1";"";"";"";"";"";"create_candidate";"Reference absente du catalogue Odoo; validation metier requise."
"8595RGSR5FD";"DESC AVD VT VW TIGUAN        07-16";"Glace laterale";"product";"1";"";"";"";"";"";"create_candidate";"Reference absente du catalogue Odoo; validation metier requise."
"8596AGACMVWZ2W";"PARE-BRISE TEINTÉ VERT ACOUSTIQUE AUDI Q5 CAPTEUR DE PLUIE CAMÉRA(S) 05/12-17MO 2.50";"Pare-brise";"product";"1";"";"";"";"";"";"create_candidate";"Reference absente du catalogue Odoo; validation metier requise."
"8596AGSGYMVWZ1P";"PB VTGY AUDI Q5 +CAPT.             08-12";"Pare-brise";"product";"44";"";"";"";"";"";"create_candidate";"Reference absente du catalogue Odoo; validation metier requise."
"8596AGSGYMVWZ1W";"PB VTGY AUDI Q5  CAPT  12-17";"Pare-brise";"product";"5";"";"";"";"";"";"create_candidate";"Reference absente du catalogue Odoo; validation metier requise."
"8596BYPRAIWX";"LUN PRIVACY AUDI Q5  ANT      08-17";"Lunette";"product";"2";"";"";"";"";"";"create_candidate";"Reference absente du catalogue Odoo; validation metier requise."
"8596LGSR5FD";"GLACE DESCENDANTE AVANT GAUCHE TEINTÉ VERT AUDI Q5 08-17MO 0.60";"Glace laterale";"product";"2";"";"";"";"";"";"create_candidate";"Reference absente du catalogue Odoo; validation metier requise."
"8596LGSR5RQZ1L";"CUST ARG VT AUDI Q5 CHROME 08-17";"Glace laterale";"product";"2";"";"";"";"";"";"create_candidate";"Reference absente du catalogue Odoo; validation metier requise."
"8596LYPR5RD / 8R0845205G";"GLACE DESCENDANTE ARG SURTEINTEE AUDI Q5";"Glace laterale";"product";"1";"";"";"";"";"";"create_candidate";"Reference absente du catalogue Odoo; validation metier requise."
"8596LYPR5RQAZ1M";"CUST ARG PRIV AUDI Q5  ANT  NOIR 08-17";"Glace laterale";"product";"1";"";"";"";"";"";"create_candidate";"Reference absente du catalogue Odoo; validation metier requise."
"8596RYPR5RQZ1L";"CUST.ARD PRIV.AUDI Q5 +CHROME 08-17";"Glace laterale";"product";"1";"";"";"";"";"";"create_candidate";"Reference absente du catalogue Odoo; validation metier requise."
"8597AGSMVW1P";"PARE-BRISE TEINTÉ VERT VOLKSWAGEN SCIROCCO III CAPTEUR DE PLUIE 08-";"Pare-brise";"product";"2";"";"";"";"";"";"create_candidate";"Reference absente du catalogue Odoo; validation metier requise."
"8597AGSVW";"PB VT VW SCIROCCO III              08-";"Pare-brise";"product";"3";"";"";"";"";"";"create_candidate";"Reference absente du catalogue Odoo; validation metier requise."
"8597BGSCI";"LUN VT VW SCIROCCO III            08-";"Lunette";"product";"1";"";"";"";"";"";"create_candidate";"Reference absente du catalogue Odoo; validation metier requise."
"8597LGSC2FD";"DESC AVG VT SCIROCCO      08-";"Glace laterale";"product";"2";"";"";"";"";"";"create_candidate";"Reference absente du catalogue Odoo; validation metier requise."
"8599AGSGYAMVW1P";"PB VTGY AUDI A3 CABRIO ANT CAPT 08-14";"Pare-brise";"product";"1";"";"";"";"";"";"create_candidate";"Reference absente du catalogue Odoo; validation metier requise."
"8600AGAGYVZ";"PB VTGY ACOUST VW GOLF VI      08-12";"Pare-brise";"product";"10";"";"";"";"";"";"create_candidate";"Reference absente du catalogue Odoo; validation metier requise."
"8600AGAMVZ1P";"PB VT ACOUS.VW GOLF VI+CAPT 08-12";"Pare-brise";"product";"13";"";"";"";"";"";"create_candidate";"Reference absente du catalogue Odoo; validation metier requise."
"8600AGAVZ";"PB VT ACOUST.VW GOLF VI      08-12";"Pare-brise";"product";"16";"";"";"";"";"";"create_candidate";"Reference absente du catalogue Odoo; validation metier requise."
"8600AGSVZ";"PB VT VW GOLF VI      08-12";"Pare-brise";"product";"4";"";"";"";"";"";"create_candidate";"Reference absente du catalogue Odoo; validation metier requise."
"8600BGSHAI";"LUN VT VW GOLF VI  ANT    08-12";"Lunette";"product";"1";"";"";"";"";"";"create_candidate";"Reference absente du catalogue Odoo; validation metier requise."
"8600LGSH5FD";"DESC AVG VT GOLF VI 5PTES     08-12";"Glace laterale";"product";"1";"";"";"";"";"";"create_candidate";"Reference absente du catalogue Odoo; validation metier requise."
"8600LGSH5RVZ";"DÉFL ARG TVERT VOLKSWAGEN GOLF VI 5 P";"Glace laterale";"product";"1";"";"";"";"";"";"create_candidate";"Reference absente du catalogue Odoo; validation metier requise."
"8600LYPH5RVZ";"DEFL ARG PRIV GOLF VI 5P  12-12";"Glace laterale";"product";"1";"";"";"";"";"";"create_candidate";"Reference absente du catalogue Odoo; validation metier requise."
"8600RGSH3RQZ";"CUST ARD  VT VW GOLF VI 3P  08-12";"Glace laterale";"product";"1";"";"";"";"";"";"create_candidate";"Reference absente du catalogue Odoo; validation metier requise."
"8600RGSH5FD";"GLACE DESCENDANTE AVANT DROIT TEINTÉ VERT GOLF VI 5 PORTES HAYON 08-12";"Glace laterale";"product";"1";"";"";"";"";"";"create_candidate";"Reference absente du catalogue Odoo; validation metier requise."
"8603AGAMVWZ6T";"PB VT ACO VW POLO V CAPT ROND  14-17";"Pare-brise";"product";"1";"";"";"";"";"";"create_candidate";"Reference absente du catalogue Odoo; validation metier requise."
"8603AGSGYVWZ";"PB VTGY VOLKSWAGEN POLO V 10-";"Pare-brise";"product";"12";"";"";"";"";"";"create_candidate";"Reference absente du catalogue Odoo; validation metier requise."
"8603AGSMVWZ2P";"PB VT VW POLO V CAPT CARRE 10-14";"Pare-brise";"product";"2";"";"";"";"";"";"create_candidate";"Reference absente du catalogue Odoo; validation metier requise."
"8603AGSMVWZ6T";"PB VT VW POLO V CAPT  ROND     14-17";"Pare-brise";"product";"5";"";"";"";"";"";"create_candidate";"Reference absente du catalogue Odoo; validation metier requise."
"8603AGSVWZ";"PB VT VOLKSWAGEN POLO V       10-";"Pare-brise";"product";"39";"";"";"";"";"";"create_candidate";"Reference absente du catalogue Odoo; validation metier requise."
"8603BGPHI";"LUN VT FONCEE VW POLO 3/5P     09-17";"Lunette";"product";"2";"";"";"";"";"";"create_candidate";"Reference absente du catalogue Odoo; validation metier requise."
"8603BGSHAI";"LUN.VT VW POLO+ANT.3/5P  09-17";"Lunette";"product";"5";"";"";"";"";"";"create_candidate";"Reference absente du catalogue Odoo; validation metier requise."
"8603BGSHAI1F";"LUN VT VW POLO ANT 3/5P  15-17";"Lunette";"product";"1";"";"";"";"";"";"create_candidate";"Reference absente du catalogue Odoo; validation metier requise."
"8603BGSHI";"LUN VT VW POLO 3/5P       09-17";"Lunette";"product";"2";"";"";"";"";"";"create_candidate";"Reference absente du catalogue Odoo; validation metier requise."
"8603LGPH5RD";"GLACE DESCENDANTE ARRIÈRE GAUCHE TEINTÉ VERT FONCEE POLO 5 PORTES HAYON 09-14";"Glace laterale";"product";"1";"";"";"";"";"";"create_candidate";"Reference absente du catalogue Odoo; validation metier requise."
"8603LGSH3FD";"DESC AVG  VT VW POLO 3P      09-17";"Glace laterale";"product";"3";"";"";"";"";"";"create_candidate";"Reference absente du catalogue Odoo; validation metier requise."
"8603LGSH5FD";"DESC AVG  VT VW POLO 5P      09-17";"Glace laterale";"product";"4";"";"";"";"";"";"create_candidate";"Reference absente du catalogue Odoo; validation metier requise."
"8603LGSH5RQZ";"CUSTODE ARRIÈRE GAUCHE TEINTÉ VERT VOLKSWAGEN  POLO 5 PORTES HAYON   09-17MO 1.90";"Glace laterale";"product";"2";"";"";"";"";"";"create_candidate";"Reference absente du catalogue Odoo; validation metier requise."
"8603RGSH3FD";"DESC AVD VT VW POLO 3P     09-17";"Glace laterale";"product";"1";"";"";"";"";"";"create_candidate";"Reference absente du catalogue Odoo; validation metier requise."
"8603RGSH3RQZ";"CUSTODE ARD TEINTÉ VERT VOLKSWAGEN POLO 3 P";"Glace laterale";"product";"1";"";"";"";"";"";"create_candidate";"Reference absente du catalogue Odoo; validation metier requise."
"8603RGSH5FD";"DESC AVD VT VW POLO 5P      09-17";"Glace laterale";"product";"3";"";"";"";"";"";"create_candidate";"Reference absente du catalogue Odoo; validation metier requise."
"8604AGSGYMVWZ1C";"PB VTGY AUDI A1 +CAPT. 10-";"Pare-brise";"product";"25";"";"";"";"";"";"create_candidate";"Reference absente du catalogue Odoo; validation metier requise."
"8604AGSGYMVWZ95";"PB VTGY AUDI A1+CAPT 01/12-";"Pare-brise";"product";"21";"";"";"";"";"";"create_candidate";"Reference absente du catalogue Odoo; validation metier requise."
"8604AGSGYVWZ";"PB VTGY AUDI A1              10-";"Pare-brise";"product";"12";"";"";"";"";"";"create_candidate";"Reference absente du catalogue Odoo; validation metier requise."
"8604AGSMVWZ1C";"PB VT AUDI A1 CAPT                 10-18";"Pare-brise";"product";"3";"";"";"";"";"";"create_candidate";"Reference absente du catalogue Odoo; validation metier requise."
"8604AGSVWZ";"PB VT AUDI A1                  10-";"Pare-brise";"product";"5";"";"";"";"";"";"create_candidate";"Reference absente du catalogue Odoo; validation metier requise."
"8604BGSHAIJX1J";"LUNETTE TEINTÉ VERT AUDI A1 ANTENNE INTÉGRÉE ANTENNE TV 5 PORTES HAYON 12-18MO 2.20";"Lunette";"product";"2";"";"";"";"";"";"create_candidate";"Reference absente du catalogue Odoo; validation metier requise."
"8604BGSHAIJX1J / 8X4845501ANVB";"LUNETTE TEINTÉ VERT AUDI A1 ANTENNE INTÉGRÉE ANTENNE TV 5 PORTES HAYON 12-";"Lunette";"product";"1";"";"";"";"";"";"create_candidate";"Reference absente du catalogue Odoo; validation metier requise."
"8604LGPH3RQZ1M";"CUST ARG VT FONCEE AUDI A1 3P 09-18";"Glace laterale";"product";"1";"";"";"";"";"";"create_candidate";"Reference absente du catalogue Odoo; validation metier requise."
"8604LGSH3FD";"DESC.AVG VT AUDI A1 3P 09-";"Glace laterale";"product";"5";"";"";"";"";"";"create_candidate";"Reference absente du catalogue Odoo; validation metier requise."
"8604LGSH5FD";"DESC AVG VT AUDI A1 5P             12-18";"Glace laterale";"product";"1";"";"";"";"";"";"create_candidate";"Reference absente du catalogue Odoo; validation metier requise."
"8604LGSH5RD";"DESC ARG VT AUDI A1 5P             12-18";"Glace laterale";"product";"1";"";"";"";"";"";"create_candidate";"Reference absente du catalogue Odoo; validation metier requise."
"8604LGSH5RQZ1M";"CUST ARG VT AUDI A1 5P             12-18";"Glace laterale";"product";"1";"";"";"";"";"";"create_candidate";"Reference absente du catalogue Odoo; validation metier requise."
"8606AGAMVWZ";"PB VT ACO TOUAREG/CAYENNE CAPT10-18";"Pare-brise";"product";"2";"";"";"";"";"";"create_candidate";"Reference absente du catalogue Odoo; validation metier requise."
"8609AGSMVW1C";"PB VT VW AMAROK CAPT CARRE   12-";"Pare-brise";"product";"3";"";"";"";"";"";"create_candidate";"Reference absente du catalogue Odoo; validation metier requise."
"8609AGSMVW1P";"PB VT VW AMAROK +CAPT.    12-";"Pare-brise";"product";"3";"";"";"";"";"";"create_candidate";"Reference absente du catalogue Odoo; validation metier requise."
"8609AGSVW";"PB VT VW AMAROK            09-";"Pare-brise";"product";"2";"";"";"";"";"";"create_candidate";"Reference absente du catalogue Odoo; validation metier requise."
"8609AGSVW1B";"PB VT VW AMAROK           12-";"Pare-brise";"product";"2";"";"";"";"";"";"create_candidate";"Reference absente du catalogue Odoo; validation metier requise."
"8609BGSP";"LUN VT VW AMAROK PU 10-";"Lunette";"product";"1";"";"";"";"";"";"create_candidate";"Reference absente du catalogue Odoo; validation metier requise."
"8609BYPP";"LUN PRIVACY VW AMAROK PU 10-";"Lunette";"product";"2";"";"";"";"";"";"create_candidate";"Reference absente du catalogue Odoo; validation metier requise."
"8609LYPP4RVW";"DEFL ARG PRIVACY AMAROK 4P PU 10-";"Glace laterale";"product";"2";"";"";"";"";"";"create_candidate";"Reference absente du catalogue Odoo; validation metier requise."
"8609RGSP2FD";"DESC AVD VT 2/4P AMAROK 09/10-";"Glace laterale";"product";"2";"";"";"";"";"";"create_candidate";"Reference absente du catalogue Odoo; validation metier requise."
"8609RGSP4RVW";"DEFL ARD VT VW AMAROK 4P PU 10-";"Glace laterale";"product";"1";"";"";"";"";"";"create_candidate";"Reference absente du catalogue Odoo; validation metier requise."
"8609RYPP4RD";"GLACE DESCENDANTE ARRIÈRE DROIT PRIVACY AMAROK 4 PORTES COFFRE PICK UP 10-";"Glace laterale";"product";"1";"";"";"";"";"";"create_candidate";"Reference absente du catalogue Odoo; validation metier requise."
"8609RYPP4RVW";"DEFL ARD PRIVACY AMAROK 4P PU 10-";"Glace laterale";"product";"1";"";"";"";"";"";"create_candidate";"Reference absente du catalogue Odoo; validation metier requise."
"8611AGAGYMVWZ";"PB VTGY AC AUDI A6/C7 CAPT 10-11";"Pare-brise";"product";"1";"";"";"";"";"";"create_candidate";"Reference absente du catalogue Odoo; validation metier requise."
"8612AGSMVZ1B";"PB VT VW JETTA  CAPT   11-16";"Pare-brise";"product";"1";"";"";"";"";"";"create_candidate";"Reference absente du catalogue Odoo; validation metier requise."
"8613AGSVZ";"PB VT VW UP/MII /CITIGO  11-";"Pare-brise";"product";"4";"";"";"";"";"";"create_candidate";"Reference absente du catalogue Odoo; validation metier requise."
"8613BGSHAI";"LUNETTE TEINTÉ VERT VOLKSWAGEN UP ANTENNE INTÉGRÉE 12-";"Lunette";"product";"2";"";"";"";"";"";"create_candidate";"Reference absente du catalogue Odoo; validation metier requise."
"8613BGSHI";"LUN VT VW UP       12-";"Lunette";"product";"5";"";"";"";"";"";"create_candidate";"Reference absente du catalogue Odoo; validation metier requise."
"8613BYPHI";"LUN.PRIVACY VW UP 12-";"Lunette";"product";"2";"";"";"";"";"";"create_candidate";"Reference absente du catalogue Odoo; validation metier requise."
"8614AGAGYCMVZ6T";"PB VTGY ACO AUDI Q3  LDW CAPT 12-";"Pare-brise";"product";"1";"";"";"";"";"";"create_candidate";"Reference absente du catalogue Odoo; validation metier requise."
"8614AGAGYMVZ1P";"PB VTGY ACO AUDI Q3  CAPT 11-15";"Pare-brise";"product";"13";"";"";"";"";"";"create_candidate";"Reference absente du catalogue Odoo; validation metier requise."
"8614AGAGYMVZ6P";"PB VTGY ACO.AUDI Q3 +CAPT.15-";"Pare-brise";"product";"9";"";"";"";"";"";"create_candidate";"Reference absente du catalogue Odoo; validation metier requise."
"8614AGAGYVZ";"PB VTGY ACO AUDI Q3 11-19";"Pare-brise";"product";"1";"";"";"";"";"";"create_candidate";"Reference absente du catalogue Odoo; validation metier requise."
"8614AGSVZ";"PB VT AUDI Q3 11-";"Pare-brise";"product";"4";"";"";"";"";"";"create_candidate";"Reference absente du catalogue Odoo; validation metier requise."
"8614BGSRAIJX";"LUNETTE TEINTÉ VERT AUDI Q3 ANTENNE INTÉGRÉE ANTENNE TV 11-";"Lunette";"product";"2";"";"";"";"";"";"create_candidate";"Reference absente du catalogue Odoo; validation metier requise."
"8614BGSRAIX";"LUN VT AUDI Q3  ANT 11-19";"Lunette";"product";"1";"";"";"";"";"";"create_candidate";"Reference absente du catalogue Odoo; validation metier requise."
"8614LGSR5FD";"GLACE DESCENDANTE AVANT GAUCHE TEINTÉ VERT AUDI Q3 11-";"Glace laterale";"product";"4";"";"";"";"";"";"create_candidate";"Reference absente du catalogue Odoo; validation metier requise."
"8614LGSR5RD";"DESC ARG VT AUDI Q3 11-19";"Glace laterale";"product";"1";"";"";"";"";"";"create_candidate";"Reference absente du catalogue Odoo; validation metier requise."
"8614LGSR5RQZ";"CUST ARG VT AUDI Q3 11-19";"Glace laterale";"product";"1";"";"";"";"";"";"create_candidate";"Reference absente du catalogue Odoo; validation metier requise."
"8614LGSR5RQZ1D";"CUSTODE ARRIÈRE GAUCHE TEINTÉ VERT AUDI Q3  NOIR    12-";"Glace laterale";"product";"1";"";"";"";"";"";"create_candidate";"Reference absente du catalogue Odoo; validation metier requise."
"8614LYPR5RQZ1D";"CUST ARG PRIVACY AUDI Q3 NOIR 11-";"Glace laterale";"product";"1";"";"";"";"";"";"create_candidate";"Reference absente du catalogue Odoo; validation metier requise."
"8614RGSR5FD";"DESC AVD VT AUDI Q3  11-";"Glace laterale";"product";"3";"";"";"";"";"";"create_candidate";"Reference absente du catalogue Odoo; validation metier requise."
"8614RGSR5RQZ";"LAT ARD AUDI Q3";"Glace laterale";"product";"1";"";"";"";"";"";"create_candidate";"Reference absente du catalogue Odoo; validation metier requise."
"8614RYPR5RD";"VITRE LATERALE ARG AUDI Q3";"Glace laterale";"product";"1";"";"";"";"";"";"create_candidate";"Reference absente du catalogue Odoo; validation metier requise."
"8616AGAGYMVWZ";"PB VTGY ACO AUDI A3 CAPT12-15";"Pare-brise";"product";"1";"";"";"";"";"";"create_candidate";"Reference absente du catalogue Odoo; validation metier requise."
"8616AGAMVWZ1B";"PB VT ACO AUDI A3 3/5P CAPT 12-15";"Pare-brise";"product";"2";"";"";"";"";"";"create_candidate";"Reference absente du catalogue Odoo; validation metier requise."
"8616AGAMVWZ1T";"PB VT ACO AUDI A3 3/5P CAPT        15-";"Pare-brise";"product";"1";"";"";"";"";"";"create_candidate";"Reference absente du catalogue Odoo; validation metier requise."
"8616AGSGYMVWZ";"PB VTGY AUDI A3 3/5P CAPT          12-15";"Pare-brise";"product";"1";"";"";"";"";"";"create_candidate";"Reference absente du catalogue Odoo; validation metier requise."
"8616AGSMVWZ";"PB VT AUDI A3+CAPT.    12-";"Pare-brise";"product";"6";"";"";"";"";"";"create_candidate";"Reference absente du catalogue Odoo; validation metier requise."
"8616BGSHAI";"LUNETTE TEINTÉ VERT AUDI A3 3 PORTES ANTENNE INTÉGRÉE 12-";"Lunette";"product";"1";"";"";"";"";"";"create_candidate";"Reference absente du catalogue Odoo; validation metier requise."
"8616BGSHAI1J";"LUN VT AUDI A3 5P   ANT            12-";"Lunette";"product";"1";"";"";"";"";"";"create_candidate";"Reference absente du catalogue Odoo; validation metier requise."
"8616RGSH3FD";"DESC AVD VT AUDI A3 3P             12-";"Glace laterale";"product";"1";"";"";"";"";"";"create_candidate";"Reference absente du catalogue Odoo; validation metier requise."
"8616RGSH5RD";"DESC. ARD TEINTÉ VERT AUDI A3 5 PORTES HAYON 11-";"Glace laterale";"product";"1";"";"";"";"";"";"create_candidate";"Reference absente du catalogue Odoo; validation metier requise."
"8617AGAMVW1B";"PB VT AC COCCINELLE CAPT TOIT TOLE 11-18";"Pare-brise";"product";"3";"";"";"";"";"";"create_candidate";"Reference absente du catalogue Odoo; validation metier requise."
"8617AGSAIMVW1F";"PB VT COCCINELLE CAP  ANT TOIT VERRE 13-";"Pare-brise";"product";"2";"";"";"";"";"";"create_candidate";"Reference absente du catalogue Odoo; validation metier requise."
"8617AGSAIMVWZ95";"PB VT VW COCCINELLE ANT CAPT 14-18";"Pare-brise";"product";"1";"";"";"";"";"";"create_candidate";"Reference absente du catalogue Odoo; validation metier requise."
"8617RGSH3FD";"DESC AVD VT VW COCCINELLE 11-18";"Glace laterale";"product";"1";"";"";"";"";"";"create_candidate";"Reference absente du catalogue Odoo; validation metier requise."
"8618ACKKMVWZ7B";"PB VT VW E-GOLF VII CHAUF CAPT     16-20";"Pare-brise";"product";"1";"";"";"";"";"";"create_candidate";"Reference absente du catalogue Odoo; validation metier requise."
"8618AGACMVWZ6P";"PB VT ACO VW GOLF VII  CAPT LDW 16-";"Pare-brise";"product";"4";"";"";"";"";"";"create_candidate";"Reference absente du catalogue Odoo; validation metier requise."
"8618AGAMVZ1W";"PB VT ACO GOLF VII TOLE  CAPT  16-20";"Pare-brise";"product";"3";"";"";"";"";"";"create_candidate";"Reference absente du catalogue Odoo; validation metier requise."
"8618AGSHMVZ2P";"PB VT VW E-GOLF VII CHAUF CAPT     16-20";"Pare-brise";"product";"1";"";"";"";"";"";"create_candidate";"Reference absente du catalogue Odoo; validation metier requise."
"8618AGSMVZ1P";"PB VT VW GOLF VII+ CAPT.    12-";"Pare-brise";"product";"15";"";"";"";"";"";"create_candidate";"Reference absente du catalogue Odoo; validation metier requise."
"8618AGSVZ";"PB VT VW GOLF VII    12-";"Pare-brise";"product";"8";"";"";"";"";"";"create_candidate";"Reference absente du catalogue Odoo; validation metier requise."
"8618BGSHAIJ1F";"LUN VT VW GOLF 7 3/5P   4 ANT TV  12-20";"Lunette";"product";"1";"";"";"";"";"";"create_candidate";"Reference absente du catalogue Odoo; validation metier requise."
"8618LGSH3FD";"DESC AVG VT VW GOLF VII 3P         12-15";"Glace laterale";"product";"1";"";"";"";"";"";"create_candidate";"Reference absente du catalogue Odoo; validation metier requise."
"8618LGSH3FQZ";"CUST AVG VT VW GOLF VII 3/5P 12-20";"Glace laterale";"product";"2";"";"";"";"";"";"create_candidate";"Reference absente du catalogue Odoo; validation metier requise."
"8618LGSH5FD";"DESC AVG VT VW GOLF VII 5P  12-20";"Glace laterale";"product";"1";"";"";"";"";"";"create_candidate";"Reference absente du catalogue Odoo; validation metier requise."
"8618RGPH3RQZ";"CUST ARG VT FONCEE VW GOLF VII 3P 12-20";"Glace laterale";"product";"1";"";"";"";"";"";"create_candidate";"Reference absente du catalogue Odoo; validation metier requise."
"8618RGSH3FQZ";"CUST AVD VT VW GOLF VII 3/5P 12-20";"Glace laterale";"product";"3";"";"";"";"";"";"create_candidate";"Reference absente du catalogue Odoo; validation metier requise."
"8618RGSH3RQZ";"CUST ARD VT VW GOLF VII 3P 12-";"Glace laterale";"product";"1";"";"";"";"";"";"create_candidate";"Reference absente du catalogue Odoo; validation metier requise."
"8618RGSH5FD";"DESC AVD VT VW GOLF VII 5P  12-20";"Glace laterale";"product";"1";"";"";"";"";"";"create_candidate";"Reference absente du catalogue Odoo; validation metier requise."
"8618RGSH5RDW";"DESC ARD VT VW GOLF VII 5P  12-20";"Glace laterale";"product";"1";"";"";"";"";"";"create_candidate";"Reference absente du catalogue Odoo; validation metier requise."
"8618RGSH5RVWZ";"DÉFLECTEUR ARRIÈRE DROIT TEINTÉ VERT VOLKSWAGEN GOLF VII 5 PORTES HAYON 12-20MO  1.00";"Glace laterale";"product";"1";"";"";"";"";"";"create_candidate";"Reference absente du catalogue Odoo; validation metier requise."
"8622AGAMVZ";"PB VT AC GOLF SPORTSVAN  CAPT 14-16";"Pare-brise";"product";"2";"";"";"";"";"";"create_candidate";"Reference absente du catalogue Odoo; validation metier requise."
"8624AGSCMVZ";"PB VT AUDI TT 3 CPE CAPT LDW 14-";"Pare-brise";"product";"1";"";"";"";"";"";"create_candidate";"Reference absente du catalogue Odoo; validation metier requise."
"8627AGACMVZ1C";"PB VT AC VW TIGUAN 2  CAPT LDW 16-";"Pare-brise";"product";"19";"";"";"";"";"";"create_candidate";"Reference absente du catalogue Odoo; validation metier requise."
"8627AGACMVZ1D";"PB VT ACO VW TIGUAN 2  CAPT CAM 20-";"Pare-brise";"product";"2";"";"";"";"";"";"create_candidate";"Reference absente du catalogue Odoo; validation metier requise."
"8627BGPRAI1F";"LUN VT FONCEE VW TIGUAN 2 ANT 16-";"Lunette";"product";"1";"";"";"";"";"";"create_candidate";"Reference absente du catalogue Odoo; validation metier requise."
"8627BGSRAI1F";"LUN VT VW TIGUAN 2 ANT   16-";"Lunette";"product";"1";"";"";"";"";"";"create_candidate";"Reference absente du catalogue Odoo; validation metier requise."
"8627RGPR5RVZ";"DEFL ARD VT FONC TIGUAN 2 ENCAP 16-";"Glace laterale";"product";"1";"";"";"";"";"";"create_candidate";"Reference absente du catalogue Odoo; validation metier requise."
"8627RGSR5FVZ";"DEFL AVD VT VW TIGUAN 2  16-";"Glace laterale";"product";"1";"";"";"";"";"";"create_candidate";"Reference absente du catalogue Odoo; validation metier requise."
"8631AGACMVZ10";"PB VT ACO AUDI A4 CAPT CAM 16-";"Pare-brise";"product";"1";"";"";"";"";"";"create_candidate";"Reference absente du catalogue Odoo; validation metier requise."
"8632AGSGYCMVZ1D";"PB VTGY AUDI Q2 CAPT CAM   16-";"Pare-brise";"product";"2";"";"";"";"";"";"create_candidate";"Reference absente du catalogue Odoo; validation metier requise."
"8632AGSGYMVZ1D";"PARE-BRISE TEINTÉ VERT DÉGRADÉ GRIS AUDI Q2  CAPTEUR DE PLUIE      16-MO 2.50";"Pare-brise";"product";"5";"";"";"";"";"";"create_candidate";"Reference absente du catalogue Odoo; validation metier requise."
"8632AGSMVZ";"PB VT AUDI Q2  CAPT        16-";"Pare-brise";"product";"1";"";"";"";"";"";"create_candidate";"Reference absente du catalogue Odoo; validation metier requise."
"8632AGSMVZ1D";"PB VT AUDI Q2  CAPT        16-";"Pare-brise";"product";"2";"";"";"";"";"";"create_candidate";"Reference absente du catalogue Odoo; validation metier requise."
"8632BGSRAIX";"LUNETTE TEINTÉ VERT AUDI Q2  ANTENNE INTÉGRÉE         16-MO 2.50";"Lunette";"product";"2";"";"";"";"";"";"create_candidate";"Reference absente du catalogue Odoo; validation metier requise."
"8632BYPRAIX";"LUN PRIVACY AUDI Q2  ANT  16-";"Lunette";"product";"1";"";"";"";"";"";"create_candidate";"Reference absente du catalogue Odoo; validation metier requise."
"8632LGSR5RD";"DESC ARG VT AUDI Q2      16-";"Glace laterale";"product";"1";"";"";"";"";"";"create_candidate";"Reference absente du catalogue Odoo; validation metier requise."
"8632LGSR5RVZ";"DÉFLECTEUR ARRIÈRE GAUCHE TEINTÉ VERT AUDI Q2 16-MO 0.60";"Glace laterale";"product";"2";"";"";"";"";"";"create_candidate";"Reference absente du catalogue Odoo; validation metier requise."
"8632RGSR5RVZ";"DÉFLECTEUR ARRIÈRE DROIT TEINTÉ VERT AUDI Q2      16-MO 0.60";"Glace laterale";"product";"1";"";"";"";"";"";"create_candidate";"Reference absente du catalogue Odoo; validation metier requise."
"8632RYPR5RVZ";"DÉFLECTEUR ARRIÈRE DROIT PRIVACY (NOIR) AUDI Q2      16-MO 0.60";"Glace laterale";"product";"1";"";"";"";"";"";"create_candidate";"Reference absente du catalogue Odoo; validation metier requise."
"8634BYPRAIX";"LUN PRIV AUDI Q5 II  ANT ALARME  17-";"Lunette";"product";"1";"";"";"";"";"";"create_candidate";"Reference absente du catalogue Odoo; validation metier requise."
"8634LGAR5FDKW";"GLACE DESCENDANTE AVANT GAUCHE TEINTÉ VERT VITRAGE FEUILLETÉ AC AUDI Q5 II 17-";"Glace laterale";"product";"1";"";"";"";"";"";"create_candidate";"Reference absente du catalogue Odoo; validation metier requise."
"8634RGSR5FD";"DESC AVD VT AUDI Q5 II   17-";"Glace laterale";"product";"1";"";"";"";"";"";"create_candidate";"Reference absente du catalogue Odoo; validation metier requise."
"8635AGSIVZ2C";"PB VT VW CRAFTER EMB    19-";"Pare-brise";"product";"1";"";"";"";"";"";"create_candidate";"Reference absente du catalogue Odoo; validation metier requise."
"8635LGSV2FD";"DESC AVG VT VW CRAFTER    17-";"Glace laterale";"product";"2";"";"";"";"";"";"create_candidate";"Reference absente du catalogue Odoo; validation metier requise."
"8635RGSV2FV";"DEFL AVD VT VW CRAFTER    17-";"Glace laterale";"product";"1";"";"";"";"";"";"create_candidate";"Reference absente du catalogue Odoo; validation metier requise."
"8640AGSMVZ1C";"PB VT VW POLO VI  CAPT    17-";"Pare-brise";"product";"4";"";"";"";"";"";"create_candidate";"Reference absente du catalogue Odoo; validation metier requise."
"8640AGSVZ";"PB VT VW POLO VI TOIT TOLE   17-";"Pare-brise";"product";"14";"";"";"";"";"";"create_candidate";"Reference absente du catalogue Odoo; validation metier requise."
"8640AGSVZ1D";"PB VT VW POLO VI TOIT VERRE   17-";"Pare-brise";"product";"1";"";"";"";"";"";"create_candidate";"Reference absente du catalogue Odoo; validation metier requise."
"8640BGSHAI1F";"LUN VT VW POLO VI  ANT      17-";"Lunette";"product";"1";"";"";"";"";"";"create_candidate";"Reference absente du catalogue Odoo; validation metier requise."
"8640LGSH5RD";"DESC ARG VT VW POLO VI 5P    17-";"Glace laterale";"product";"2";"";"";"";"";"";"create_candidate";"Reference absente du catalogue Odoo; validation metier requise."
"8640LGSH5RQZ";"CUST ARG VT VW POLO VI 5P    17-";"Glace laterale";"product";"1";"";"";"";"";"";"create_candidate";"Reference absente du catalogue Odoo; validation metier requise."
"8640RGSH5RD";"DESC ARD VT VW POLO VI 5P    17-";"Glace laterale";"product";"1";"";"";"";"";"";"create_candidate";"Reference absente du catalogue Odoo; validation metier requise."
"8640RGSH5RQZ";"CUST ARD TV VOLKSWAGEN POLO VI 5 P HAYON";"Glace laterale";"product";"1";"";"";"";"";"";"create_candidate";"Reference absente du catalogue Odoo; validation metier requise."
"8641AGACMVZ";"PB VT AC VW T-ROC CAPT LDW      17-";"Pare-brise";"product";"2";"";"";"";"";"";"create_candidate";"Reference absente du catalogue Odoo; validation metier requise."
"8641AGACMVZ1D";"PB TV AC VW T-ROC CAPTEUR DE PLUIE CAMÉRA(S)";"Pare-brise";"product";"2";"";"";"";"";"";"create_candidate";"Reference absente du catalogue Odoo; validation metier requise."
"8641BGSRAI";"LUN VT VW T-ROC   ANT      17-";"Lunette";"product";"1";"";"";"";"";"";"create_candidate";"Reference absente du catalogue Odoo; validation metier requise."
"8641BYPRAI";"LUN PRIV VW T-ROC   ANT      17-";"Lunette";"product";"1";"";"";"";"";"";"create_candidate";"Reference absente du catalogue Odoo; validation metier requise."
"8641LGSR5RVWZ";"DEFL ARG VT VW T-ROC   17-";"Glace laterale";"product";"1";"";"";"";"";"";"create_candidate";"Reference absente du catalogue Odoo; validation metier requise."
"8641RGSR5RDW";"GLACE DESCENDANTE ARRIÈRE DROIT TEINTÉ VERT VOLKSWAGEN T-ROC   17-MO 0.70";"Glace laterale";"product";"1";"";"";"";"";"";"create_candidate";"Reference absente du catalogue Odoo; validation metier requise."
"8647AGSCMVZ";"PB VT AUDI A1 II CAPT LDW   18-";"Pare-brise";"product";"3";"";"";"";"";"";"create_candidate";"Reference absente du catalogue Odoo; validation metier requise."
"8647AGSCMVZ1L";"PB VT AUDI A1 II CAPT CAM   20-";"Pare-brise";"product";"1";"";"";"";"";"";"create_candidate";"Reference absente du catalogue Odoo; validation metier requise."
"8648AGACIMVZ";"PB VT AC AUDI Q3 II CAPT CAM   19-";"Pare-brise";"product";"1";"";"";"";"";"";"create_candidate";"Reference absente du catalogue Odoo; validation metier requise."
"8648AGACMVZ";"PB VT AC AUDI Q3 II CAPT CAM   19-";"Pare-brise";"product";"1";"";"";"";"";"";"create_candidate";"Reference absente du catalogue Odoo; validation metier requise."
"8648AGACMVZ1L";"PB VT AC AUDI Q3 II CAPT CAM   19-";"Pare-brise";"product";"2";"";"";"";"";"";"create_candidate";"Reference absente du catalogue Odoo; validation metier requise."
"8649AGSCMVZ1D";"PB VT VW T-CROSS CAPT CAM       19-";"Pare-brise";"product";"2";"";"";"";"";"";"create_candidate";"Reference absente du catalogue Odoo; validation metier requise."
"8649AGSCMVZ1L";"PB VT VW T-CROSS CAPT CAM       19-";"Pare-brise";"product";"1";"";"";"";"";"";"create_candidate";"Reference absente du catalogue Odoo; validation metier requise."
"8649BGSRAI";"LUN VT VW T-CROSS ANT       19-";"Lunette";"product";"3";"";"";"";"";"";"create_candidate";"Reference absente du catalogue Odoo; validation metier requise."
"8649LGSR5RVZ";"DEFL ARG VT VW T-CROSS        19-";"Glace laterale";"product";"1";"";"";"";"";"";"create_candidate";"Reference absente du catalogue Odoo; validation metier requise."
"8650AGACMVZ1D";"PB VT ACO VW GOLF 8 CAPT CAM  20-";"Pare-brise";"product";"3";"";"";"";"";"";"create_candidate";"Reference absente du catalogue Odoo; validation metier requise."
"8653AGACMVZ1L";"PB VT AC Q3 SPORTBACK CAPT CAM 19-";"Pare-brise";"product";"1";"";"";"";"";"";"create_candidate";"Reference absente du catalogue Odoo; validation metier requise."
"8659AGAVZ";"PB VT ACO VW CADDY  21-";"Pare-brise";"product";"2";"";"";"";"";"";"create_candidate";"Reference absente du catalogue Odoo; validation metier requise."
"8659RGSV5RD1J";"DESC ARD VT VW CADDY 5P/VAN/LWB 21-";"Glace laterale";"product";"1";"";"";"";"";"";"create_candidate";"Reference absente du catalogue Odoo; validation metier requise."
"876112E200";"GLACE RÉTRO AVG HYUNDAI TUCSON";"Autres";"product";"1";"";"";"";"";"";"create_candidate";"Reference absente du catalogue Odoo; validation metier requise."
"878101H200";"CUST ARG KIA PRO CEE D 07-13";"Glace laterale";"product";"1";"";"";"";"";"";"create_candidate";"Reference absente du catalogue Odoo; validation metier requise."
"8794042830";"RETRO AVG EL RAV 4 06- CHAUFF";"Autres";"product";"1";"";"";"";"";"";"create_candidate";"Reference absente du catalogue Odoo; validation metier requise."
"8823AGN";"PB VT VOLVO FH12/16 FM10/12 11/93-13";"Pare-brise";"product";"1";"";"";"";"";"";"create_candidate";"Reference absente du catalogue Odoo; validation metier requise."
"8823AGNC";"PB VT VOLVO FH / FM10/16 CAM 93-13";"Pare-brise";"product";"1";"";"";"";"";"";"create_candidate";"Reference absente du catalogue Odoo; validation metier requise."
"8823ASRL";"JT PB VOLVO FH10/FH12 93-00";"Joint";"product";"1";"";"";"";"";"";"create_candidate";"Reference absente du catalogue Odoo; validation metier requise."
"8823ASRL1H";"JT PB VOLVO FH                     01-13";"Joint";"product";"1";"";"";"";"";"";"create_candidate";"Reference absente du catalogue Odoo; validation metier requise."
"8824ASMST";"JC SUP PB VOLVO S40/V40/MITSU CARISMA";"Joint";"product";"1";"";"";"";"";"";"create_candidate";"Reference absente du catalogue Odoo; validation metier requise."
"8831AGSBLMVZ1R";"PB VTBL VOLVO XC90   CAPT          02-14";"Pare-brise";"product";"2";"";"";"";"";"";"create_candidate";"Reference absente du catalogue Odoo; validation metier requise."
"8832AGSMVZ2R";"PB VT VOLVO C30/V50 / S40+CAPT 07-12";"Pare-brise";"product";"2";"";"";"";"";"";"create_candidate";"Reference absente du catalogue Odoo; validation metier requise."
"8839BYPRI";"LUN PRIVACY VOLVO XC90            15-";"Lunette";"product";"1";"";"";"";"";"";"create_candidate";"Reference absente du catalogue Odoo; validation metier requise."
"8840AGNMPVWZ1R";"PB VT VOLVO XC60   CAPT CAM   08-10";"Pare-brise";"product";"1";"";"";"";"";"";"create_candidate";"Reference absente du catalogue Odoo; validation metier requise."
"8840LGSR5FDKNW";"GLACE DESCENDANTE AVANT GAUCHE TEINTÉ VERT VITRAGE FEUILLETÉ VOLVO XC 60 08-17MO 0.50";"Glace laterale";"product";"1";"";"";"";"";"";"create_candidate";"Reference absente du catalogue Odoo; validation metier requise."
"8841AGNMPVWZ3R";"PB VT VOLVO S60/V60 CAPT CAM      10-18";"Pare-brise";"product";"1";"";"";"";"";"";"create_candidate";"Reference absente du catalogue Odoo; validation metier requise."
"8846AGCCGMVZ1M";"PB VT ABS VOLVO XC60  CAPT CAM 17-";"Pare-brise";"product";"2";"";"";"";"";"";"create_candidate";"Reference absente du catalogue Odoo; validation metier requise."
"8846AGCCMVZ1X";"PARE-BRISE TEINTÉ VERT ABSORBANT ACOUSTIQUE XC60 CAPTEUR DE PLUIE CAMÉRA(S) 17-MO 2.00";"Pare-brise";"product";"1";"";"";"";"";"";"create_candidate";"Reference absente du catalogue Odoo; validation metier requise."
"8846BYPRI";"LUN PRIVACY VOLVO XC60 17-";"Lunette";"product";"1";"";"";"";"";"";"create_candidate";"Reference absente du catalogue Odoo; validation metier requise."
"8847AGACHMVZ1M";"PB VT AC XC40 CHAUF CAPT CAM 17-";"Pare-brise";"product";"1";"";"";"";"";"";"create_candidate";"Reference absente du catalogue Odoo; validation metier requise."
"8847AGACMVZ1M";"PB VT AC VOLVO XC40 CAPT CAM 17-";"Pare-brise";"product";"4";"";"";"";"";"";"create_candidate";"Reference absente du catalogue Odoo; validation metier requise."
"8847LGSR5FD";"DESC AVG VT VOLVO XC40     17-";"Glace laterale";"product";"1";"";"";"";"";"";"create_candidate";"Reference absente du catalogue Odoo; validation metier requise."
"88926";"FEU ARD TWINGO 1        00-07";"Autres";"product";"1";"";"";"";"";"";"create_candidate";"Reference absente du catalogue Odoo; validation metier requise."
"8983910630";"DESC AVD ISUZU SERIE N";"Glace laterale";"product";"1";"";"";"";"";"";"create_candidate";"Reference absente du catalogue Odoo; validation metier requise."
"8R0941029L";"PHARE G";"Autres";"product";"1";"";"";"";"";"";"create_candidate";"Reference absente du catalogue Odoo; validation metier requise."
"8T0941699M";"FEU A/BR AVG";"Autres";"product";"1";"";"";"";"";"";"create_candidate";"Reference absente du catalogue Odoo; validation metier requise."
"8U0857511C DT4";"RETROVISEUR INT AUDI A1 I SPORTBACK (8X) PHASE 1 - 5P 2012-01->2015-06 1.2TFSI 85";"Autres";"product";"1";"";"";"";"";"";"create_candidate";"Reference absente du catalogue Odoo; validation metier requise."
"8U0857593";"CACHE RETRO AUDI Q3";"Autres";"product";"1";"";"";"";"";"";"create_candidate";"Reference absente du catalogue Odoo; validation metier requise."
"8U0980295A";"CACHE LDW AUDI Q3";"Autres";"product";"1";"";"";"";"";"";"create_candidate";"Reference absente du catalogue Odoo; validation metier requise."
"8X0857593AADT4";"CACHE RETRO AUDI A1";"Autres";"product";"2";"";"";"";"";"";"create_candidate";"Reference absente du catalogue Odoo; validation metier requise."
"92102C8000";"FEU AV DROIT HYUNDAI I20 II PHASE 2 - 5P 2018-07-> 1.2i 84";"Autres";"product";"1";"";"";"";"";"";"create_candidate";"Reference absente du catalogue Odoo; validation metier requise."
"92102F1010";"PHARE AVD/HALOGENE-L";"Autres";"product";"1";"";"";"";"";"";"create_candidate";"Reference absente du catalogue Odoo; validation metier requise."
"9221HG";"MECANISME LV";"Autres";"product";"1";"";"";"";"";"";"create_candidate";"Reference absente du catalogue Odoo; validation metier requise."
"9401AGN";"PARE-BRISE TEINTÉ VERT LIGIER AMBRA/NOVA/XTOO 1 2/XTOOR";"Pare-brise";"product";"1";"";"";"";"";"";"create_candidate";"Reference absente du catalogue Odoo; validation metier requise."
"9591AGN";"PB VT LIGIER X TOO RS       09-";"Pare-brise";"product";"1";"";"";"";"";"";"create_candidate";"Reference absente du catalogue Odoo; validation metier requise."
"9610AGN";"PB VT LIGIER IXO          09-";"Pare-brise";"product";"1";"";"";"";"";"";"create_candidate";"Reference absente du catalogue Odoo; validation metier requise."
"9610RGNH3FD";"DESC AVD VT LIGIER IXO JS36     09-";"Glace laterale";"product";"1";"";"";"";"";"";"create_candidate";"Reference absente du catalogue Odoo; validation metier requise."
"9729BYPHO";"LUN PRIV OUVRANTE MICROCAR DUE  14-";"Lunette";"product";"2";"";"";"";"";"";"create_candidate";"Reference absente du catalogue Odoo; validation metier requise."
"9801475980";"DÉFLECTEUR AVANT DROIT TEINTÉ VERT 208 / 2008 3 ET 5 PORTES 11-MO  0.80";"Glace laterale";"product";"1";"";"";"";"";"";"create_candidate";"Reference absente du catalogue Odoo; validation metier requise."
"9811413880 / 6571LGSR5FDKW1J";"GLACE DESCENDANTE AVANT GAUCHE TEINTÉ VERT VITRAGE FEUILLETÉ  3008/5008 II 16-MO 0.60";"Glace laterale";"product";"1";"";"";"";"";"";"create_candidate";"Reference absente du catalogue Odoo; validation metier requise."
"9816402180";"MECANISME LEVE-VITRE AVG 2008";"Autres";"product";"1";"";"";"";"";"";"create_candidate";"Reference absente du catalogue Odoo; validation metier requise."
"982620311T";"ENJOLIVEUR RETROVISEUR EXT D PEUGEOT 2008";"Autres";"product";"1";"";"";"";"";"";"create_candidate";"Reference absente du catalogue Odoo; validation metier requise."
"98471896XT";"RETROVISEUR EXT D PEUGEOT 2008";"Autres";"product";"1";"";"";"";"";"";"create_candidate";"Reference absente du catalogue Odoo; validation metier requise."
"A1569061958";"FEU ARG MERCEDES GLA 14-17";"Autres";"product";"1";"";"";"";"";"";"create_candidate";"Reference absente du catalogue Odoo; validation metier requise."
"A1666701101";"-";"Pare-brise";"product";"1";"";"";"";"";"";"create_candidate";"Reference absente du catalogue Odoo; validation metier requise."
"A1766701800";"PB MERCEDES CLASSE A / CAPT";"Pare-brise";"product";"1";"";"";"";"";"";"create_candidate";"Reference absente du catalogue Odoo; validation metier requise."
"A1769064900 (REF XGLASS)";"FEU ARD MERCEDES CLASSE A III (W176) PHASE 2 - 5P 2015-06->2018-12 1.6i TURBO 122 [180]";"Autres";"product";"1";"";"";"";"";"";"create_candidate";"Reference absente du catalogue Odoo; validation metier requise."
"A230AGSMV2B";"PB VT CHRYSL GD VOYAGER 4 CAPT 10-";"Pare-brise";"product";"1";"";"";"";"";"";"create_candidate";"Reference absente du catalogue Odoo; validation metier requise."
"A230AKMVS1G";"JC D/G PB CHRYSLER GD VOYAGER IV 08-";"Joint";"product";"1";"";"";"";"";"";"create_candidate";"Reference absente du catalogue Odoo; validation metier requise."
"A2539067103";"BLOC OPTIQUE";"Autres";"product";"1";"";"";"";"";"";"create_candidate";"Reference absente du catalogue Odoo; validation metier requise."
"AC1352";"LEVE VITRE AVD ELEC 208 3P";"Autres";"product";"1";"";"";"";"";"";"create_candidate";"Reference absente du catalogue Odoo; validation metier requise."
"AC576";"LEVE-VITRE AVD A3 2003+";"Autres";"product";"2";"";"";"";"";"";"create_candidate";"Reference absente du catalogue Odoo; validation metier requise."
"AC79AGSW";"PB VT CHEV TAHOE/SILVER/ESCAL 07-";"Pare-brise";"product";"1";"";"";"";"";"";"create_candidate";"Reference absente du catalogue Odoo; validation metier requise."
"AC919";"LEVE VITRE ELEC AVG BERLINGO";"Autres";"product";"1";"";"";"";"";"";"create_candidate";"Reference absente du catalogue Odoo; validation metier requise."
"AD48BGSR";"LUN.VT DODGE NITRO 07-";"Lunette";"product";"1";"";"";"";"";"";"create_candidate";"Reference absente du catalogue Odoo; validation metier requise."
"AF57AGSZ";"PB VT FORD MUSTANG CPE/CABRIO 05-14";"Pare-brise";"product";"1";"";"";"";"";"";"create_candidate";"Reference absente du catalogue Odoo; validation metier requise."
"AG12AGSBLVW";"PB VTBL HUMMER H2               03-10";"Pare-brise";"product";"1";"";"";"";"";"";"create_candidate";"Reference absente du catalogue Odoo; validation metier requise."
"AGS";"PB VT MASTER III / MOVANO  EMB  09-";"Pare-brise";"product";"1";"";"";"";"";"";"create_candidate";"Reference absente du catalogue Odoo; validation metier requise."
"AJ03AGNBL1P";"PB VTBL JEEP CHEROKEE 92-01";"Pare-brise";"product";"2";"";"";"";"";"";"create_candidate";"Reference absente du catalogue Odoo; validation metier requise."
"AJ03AKCR";"AGRAFES PB JEEP CHEROKEE 84-01";"Joint";"product";"1";"";"";"";"";"";"create_candidate";"Reference absente du catalogue Odoo; validation metier requise."
"AJ03ASMR";"JC PB JEEP CHEROKEE 94-01";"Joint";"product";"2";"";"";"";"";"";"create_candidate";"Reference absente du catalogue Odoo; validation metier requise."
"AJ04AGN";"PB VT JEEP WRANGLER                87-96";"Pare-brise";"product";"1";"";"";"";"";"";"create_candidate";"Reference absente du catalogue Odoo; validation metier requise."
"AJ04AGNBL";"PB VTBL JEEP WRANGLER              87-96";"Pare-brise";"product";"1";"";"";"";"";"";"create_candidate";"Reference absente du catalogue Odoo; validation metier requise."
"AJ04AKMR";"JCS PB JEEP WRANGLER               92-96";"Joint";"product";"1";"";"";"";"";"";"create_candidate";"Reference absente du catalogue Odoo; validation metier requise."
"AJ06AGN";"PB VT JEEP WRANGLER TJ             97-00";"Pare-brise";"product";"4";"";"";"";"";"";"create_candidate";"Reference absente du catalogue Odoo; validation metier requise."
"AJ06AGN1C";"PB VT JEEP WRANGLER TJ             01-07";"Pare-brise";"product";"4";"";"";"";"";"";"create_candidate";"Reference absente du catalogue Odoo; validation metier requise."
"AJ06ASMR";"JC PB JEEP WRANGLER TJ      97-07";"Joint";"product";"5";"";"";"";"";"";"create_candidate";"Reference absente du catalogue Odoo; validation metier requise."
"AJ06BGSRW1J";"LUN VT JEEP WRANGLER          03-07";"Lunette";"product";"1";"";"";"";"";"";"create_candidate";"Reference absente du catalogue Odoo; validation metier requise."
"AJ07AGNBLM2B";"PB VTBL GRAND CHEROKEE  CAPT    02-05";"Pare-brise";"product";"1";"";"";"";"";"";"create_candidate";"Reference absente du catalogue Odoo; validation metier requise."
"AJ07ASMRT";"JC SUP PB GRAND CHEROKEE         99-05";"Joint";"product";"1";"";"";"";"";"";"create_candidate";"Reference absente du catalogue Odoo; validation metier requise."
"AJ07LGNR5RQ";"CUST ARG VT JEEP GD CHEROKEE     99-05";"Glace laterale";"product";"1";"";"";"";"";"";"create_candidate";"Reference absente du catalogue Odoo; validation metier requise."
"AJ07RGNR5FD";"DESC AVD VT JEEP GD CHEROKEE     99-05";"Glace laterale";"product";"1";"";"";"";"";"";"create_candidate";"Reference absente du catalogue Odoo; validation metier requise."
"AJ09AGSBLV1P";"PARE-BRISE TEINTÉ VERT DÉGRADÉ BLEU JEEP CHEROKEE/LIBERTY 02-08MO 1.60";"Pare-brise";"product";"1";"";"";"";"";"";"create_candidate";"Reference absente du catalogue Odoo; validation metier requise."
"AJ10AGSMV1C";"PB VT GRAND CHEROKEE  CAPT 06-10";"Pare-brise";"product";"1";"";"";"";"";"";"create_candidate";"Reference absente du catalogue Odoo; validation metier requise."
"AJ10AGSMV1C - O";"PARE-BRISE TEINTÉ VERT GRAND CHEROKEE CAPTEUR DE PLUIE 06-10MO 1.60";"Pare-brise";"product";"1";"";"";"";"";"";"create_candidate";"Reference absente du catalogue Odoo; validation metier requise."
"AJ10ASMRT";"JC SUP PB GRAND CHEROKEE           06-10";"Joint";"product";"1";"";"";"";"";"";"create_candidate";"Reference absente du catalogue Odoo; validation metier requise."
"AJ10RGSR5FDKW";"DESC.AVD VT GD CHEROKEE FEUILL. 05-10";"Glace laterale";"product";"1";"";"";"";"";"";"create_candidate";"Reference absente du catalogue Odoo; validation metier requise."
"AJ13LYPR5RQ";"CUST ARG PRIV JEEP COMPASS 07-16";"Glace laterale";"product";"1";"";"";"";"";"";"create_candidate";"Reference absente du catalogue Odoo; validation metier requise."
"AJ14AGS";"PB VT JEEP WRANGLER 07-";"Pare-brise";"product";"2";"";"";"";"";"";"create_candidate";"Reference absente du catalogue Odoo; validation metier requise."
"AJ14AGS1B";"PB VT JEEP WRANGLER SERIG.JEEP 07-";"Pare-brise";"product";"3";"";"";"";"";"";"create_candidate";"Reference absente du catalogue Odoo; validation metier requise."
"AJ14BYPR";"LUN PRIVACY JEEP WRANGLER 1079MM  07-10";"Lunette";"product";"1";"";"";"";"";"";"create_candidate";"Reference absente du catalogue Odoo; validation metier requise."
"AJ14LGSR3FD";"DESC AVG VT JEEP WRANGLER 3/5P 07-";"Glace laterale";"product";"1";"";"";"";"";"";"create_candidate";"Reference absente du catalogue Odoo; validation metier requise."
"AJ14RGSR3FD";"DESC AVD VT JEEP WRANGLER 3/5P     07-18";"Glace laterale";"product";"2";"";"";"";"";"";"create_candidate";"Reference absente du catalogue Odoo; validation metier requise."
"AJ18AGRCMVW1B";"PB VT AC GRAND CHEROKEE CAPT LDW 13-";"Pare-brise";"product";"3";"";"";"";"";"";"create_candidate";"Reference absente du catalogue Odoo; validation metier requise."
"AJ18AGSMVW1B";"PB VT GRAND CHEROKEE CAPT 11-14";"Pare-brise";"product";"1";"";"";"";"";"";"create_candidate";"Reference absente du catalogue Odoo; validation metier requise."
"AJ18BYPROW";"LUN PRIVACY OUVR GRAND CHEROKEE 11-";"Lunette";"product";"1";"";"";"";"";"";"create_candidate";"Reference absente du catalogue Odoo; validation metier requise."
"AJ18LGSR5FDKW";"DESC AVG VT GD CHEROKEE FEUILL 11-";"Glace laterale";"product";"3";"";"";"";"";"";"create_candidate";"Reference absente du catalogue Odoo; validation metier requise."
"AJ19AGACIMOVZ";"PB VT AC RENEGADE CAPT CAM 14-18";"Pare-brise";"product";"1";"";"";"";"";"";"create_candidate";"Reference absente du catalogue Odoo; validation metier requise."
"AJ19AGACIOVZ1B";"PB VT AC JEEP RENEGADE  CAM     18-19";"Pare-brise";"product";"1";"";"";"";"";"";"create_candidate";"Reference absente du catalogue Odoo; validation metier requise."
"AJ19AGACIOVZ95";"PB VT AC JEEP RENEGADE  CAM     19-";"Pare-brise";"product";"1";"";"";"";"";"";"create_candidate";"Reference absente du catalogue Odoo; validation metier requise."
"AJ19AGAIOVZ";"PB VT ACO RENEGADE HUMID   14-";"Pare-brise";"product";"2";"";"";"";"";"";"create_candidate";"Reference absente du catalogue Odoo; validation metier requise."
"AJ19AGAVZ1B";"PB VT ACO JEEP RENEGADE   18-";"Pare-brise";"product";"2";"";"";"";"";"";"create_candidate";"Reference absente du catalogue Odoo; validation metier requise."
"AJ19BGSR";"LUN VT JEEP RENEGADE   14-";"Lunette";"product";"1";"";"";"";"";"";"create_candidate";"Reference absente du catalogue Odoo; validation metier requise."
"AJ19BGSRA";"LUN VT JEEP RENEGADE  ANT   14-";"Lunette";"product";"3";"";"";"";"";"";"create_candidate";"Reference absente du catalogue Odoo; validation metier requise."
"AJ19LGSR5FD1A";"DESC AVG VT JEEP RENEGADE 14-";"Glace laterale";"product";"1";"";"";"";"";"";"create_candidate";"Reference absente du catalogue Odoo; validation metier requise."
"AJ19LGSR5FVWZ";"DÉFLECTEUR AVANT GAUCHE TEINTÉ VERT RENEGADE 14-MO 0,80";"Glace laterale";"product";"1";"";"";"";"";"";"create_candidate";"Reference absente du catalogue Odoo; validation metier requise."
"AJ19RGSR5FVWZ";"DÉFLAVD TEINTÉ VERT RENEGADE 14-MO 0.80";"Glace laterale";"product";"1";"";"";"";"";"";"create_candidate";"Reference absente du catalogue Odoo; validation metier requise."
"AJ20LGSR5FDKW";"DESC AVG VT FEUILL JEEP CHEROKEE  14-";"Glace laterale";"product";"1";"";"";"";"";"";"create_candidate";"Reference absente du catalogue Odoo; validation metier requise."
"AJ20LGSR5RD";"DESC ARG VT JEEP CHEROKEE   14-";"Glace laterale";"product";"1";"";"";"";"";"";"create_candidate";"Reference absente du catalogue Odoo; validation metier requise."
"AJ21RGSR5RDW";"DESC ARD VT JEEP COMPASS 2    17-";"Glace laterale";"product";"1";"";"";"";"";"";"create_candidate";"Reference absente du catalogue Odoo; validation metier requise."
"AJ22BYPPOW";"LUN COULISS PRIV GLADIATOR PICKUP 20-";"Lunette";"product";"1";"";"";"";"";"";"create_candidate";"Reference absente du catalogue Odoo; validation metier requise."
"BB12FGTP2FDH11";"VITRE PORTE VT A770/S450/S510 À S850 12-";"Glace laterale";"product";"1";"";"";"";"";"";"create_candidate";"Reference absente du catalogue Odoo; validation metier requise."
"CADRE ETACHEITE";"CADRE ETANCHEITE SPRINTER";"Joint";"product";"1";"";"";"";"";"";"create_candidate";"Reference absente du catalogue Odoo; validation metier requise."
"E101AGACMVZ";"PB VT AIWAYS U5 CAPT CAM   20-";"Pare-brise";"product";"1";"";"";"";"";"";"create_candidate";"Reference absente du catalogue Odoo; validation metier requise."
"ESW-AR-002A";"TRINGLERIE ESSUIE-GLACE";"Autres";"product";"1";"";"";"";"";"";"create_candidate";"Reference absente du catalogue Odoo; validation metier requise."
"eurocode corrigé";"DESC ARG VT YETI         09-17";"Glace laterale";"product";"1";"";"";"";"";"";"create_candidate";"Reference absente du catalogue Odoo; validation metier requise."
"HIDROMEK";"LAT PELLE HIDROMEK";"Glace laterale";"product";"1";"";"";"";"";"";"create_candidate";"Reference absente du catalogue Odoo; validation metier requise."
"IPN500050";"AGRAFES PB RANGE ROVER";"Joint";"product";"1";"";"";"";"";"";"create_candidate";"Reference absente du catalogue Odoo; validation metier requise."
"ISU 8983910640";"GLACE LAT AVG ISUZU";"Glace laterale";"product";"1";"";"";"";"";"";"create_candidate";"Reference absente du catalogue Odoo; validation metier requise."
"ISU8978984251";"COULISSE VITRE PORTE AVD";"Autres";"product";"1";"";"";"";"";"";"create_candidate";"Reference absente du catalogue Odoo; validation metier requise."
"JAANPR85G77100052/EB714ZM";"VITRE LAT AVD ISUZU NPR P35";"Glace laterale";"product";"1";"";"";"";"";"";"create_candidate";"Reference absente du catalogue Odoo; validation metier requise."
"JOINT78";"JC AU METRE PB INTERIEUR LEVRE 9MM";"Joint";"product";"1";"";"";"";"";"";"create_candidate";"Reference absente du catalogue Odoo; validation metier requise."
"K07051150D";"FEU LED ARD AILE";"Autres";"product";"1";"";"";"";"";"";"create_candidate";"Reference absente du catalogue Odoo; validation metier requise."
"K137 / 355558132 / 356408132";"JC Enjoliveur inférieur Opel Corsa C 00-06 / Tigra Twin Top 04-";"Joint";"product";"1";"";"";"";"";"";"create_candidate";"Reference absente du catalogue Odoo; validation metier requise."
"LR046846";"BAGUETTE D PB RANGE SPORT";"Joint";"product";"1";"";"";"";"";"";"create_candidate";"Reference absente du catalogue Odoo; validation metier requise."
"LR080137";"DESC AVG DISCOVERY SPORT";"Glace laterale";"product";"1";"";"";"";"";"";"create_candidate";"Reference absente du catalogue Odoo; validation metier requise."
"MECANISME LV";"LV VITRE CITROEN C4";"Autres";"product";"1";"";"";"";"";"";"create_candidate";"Reference absente du catalogue Odoo; validation metier requise."
"PB INCONNU";"?";"Pare-brise";"product";"3";"";"";"";"";"";"create_candidate";"Reference absente du catalogue Odoo; validation metier requise."
"PRADH0022";"ADHESIF CAPT TOYOTA 12-";"Joint";"product";"2";"";"";"";"";"";"create_candidate";"Reference absente du catalogue Odoo; validation metier requise."
"PRDIV0155";"KIT 6X CALES POSE PARE BRISE";"Joint";"product";"3";"";"";"";"";"";"create_candidate";"Reference absente du catalogue Odoo; validation metier requise."
"R435";"PB VT AC PEUG 208 2 CAPT CAM HUM 22-";"Pare-brise";"product";"1";"";"";"";"";"";"create_candidate";"Reference absente du catalogue Odoo; validation metier requise."
"RC7420827129";"DESC AVD RENAULT PREMIUM";"Glace laterale";"product";"1";"";"";"";"";"";"create_candidate";"Reference absente du catalogue Odoo; validation metier requise."
"Renault Carton";"Vitre Latérale Renault dans un carton";"Glace laterale";"product";"1";"";"";"";"";"";"create_candidate";"Reference absente du catalogue Odoo; validation metier requise."
"SR01AGSMVZ";"PARE-BRISE TEINTÉ VERT SERES E3 CAPTEUR DE PLUIE 20-";"Pare-brise";"product";"1";"";"";"";"";"";"create_candidate";"Reference absente du catalogue Odoo; validation metier requise."
"VF3YAAMFA11447158";"PROJECTEUR G";"Autres";"product";"1";"";"";"";"";"";"create_candidate";"Reference absente du catalogue Odoo; validation metier requise."
"W2677";"PB VT AC RAM 1500 CAPT CAM HUD HUM 19-";"Pare-brise";"product";"1";"";"";"";"";"";"create_candidate";"Reference absente du catalogue Odoo; validation metier requise."
"W2721";"PB VTBL TOYOTA  TUNDRA /SEQUOIA 07-10";"Pare-brise";"product";"1";"";"";"";"";"";"create_candidate";"Reference absente du catalogue Odoo; validation metier requise."
"61309104";"";"";"";"";"141";"LINGETTE NETTOYANTE DERMA CRAFT X72P";"All / Saleable / Consommables Atelier";"product";"True";"odoo_only";"Produit existant dans Odoo mais absent du CSV source candidat."
"ADASS";"";"";"";"";"106";"FORFAIT RÃ©glage ADASS";"All / Saleable / Main d'Oeuvre";"service";"True";"odoo_only";"Produit existant dans Odoo mais absent du CSV source candidat."
"AGRPAHES";"";"";"";"";"48";"AGRAPHES KIT";"All";"consu";"True";"odoo_only";"Produit existant dans Odoo mais absent du CSV source candidat."
"BEG 13"" (325 mm)";"";"";"";"";"52";"Balai Essuie Glace (Taille 13"" | 325 mm)";"All / Saleable / Accessoires / Essuie-Glace";"product";"True";"odoo_only";"Produit existant dans Odoo mais absent du CSV source candidat."
"BEG 14"" (350 mm)";"";"";"";"";"53";"Balai Essuie Glace (Taille 14"" | 350 mm)";"All / Saleable / Accessoires / Essuie-Glace";"product";"True";"odoo_only";"Produit existant dans Odoo mais absent du CSV source candidat."
"BEG 16"" (400 mm)";"";"";"";"";"54";"Balai Essuie Glace (Taille 16"" | 400 mm)";"All / Saleable / Accessoires / Essuie-Glace";"product";"True";"odoo_only";"Produit existant dans Odoo mais absent du CSV source candidat."
"BEG 18"" (450 mm)";"";"";"";"";"55";"Balai Essuie Glace (Taille 18"" | 450 mm)";"All / Saleable / Accessoires / Essuie-Glace";"product";"True";"odoo_only";"Produit existant dans Odoo mais absent du CSV source candidat."
"BEG 19"" (475 mm)";"";"";"";"";"56";"Balai Essuie Glace (Taille 19"" | 475 mm)";"All / Saleable / Accessoires / Essuie-Glace";"product";"True";"odoo_only";"Produit existant dans Odoo mais absent du CSV source candidat."
"BEG 20"" (500 mm)";"";"";"";"";"57";"Balai Essuie Glace (Taille 20"" | 500 mm)";"All / Saleable / Accessoires / Essuie-Glace";"product";"True";"odoo_only";"Produit existant dans Odoo mais absent du CSV source candidat."
"BEG 21"" (525 mm)";"";"";"";"";"58";"Balai Essuie Glace (Taille 21"" | 525 mm)";"All / Saleable / Accessoires / Essuie-Glace";"product";"True";"odoo_only";"Produit existant dans Odoo mais absent du CSV source candidat."
"BEG 22"" (550 mm)";"";"";"";"";"59";"Balai Essuie Glace (Taille 22"" | 550 mm)";"All / Saleable / Accessoires / Essuie-Glace";"product";"True";"odoo_only";"Produit existant dans Odoo mais absent du CSV source candidat."
"BEG 24"" (600 mm)";"";"";"";"";"60";"Balai Essuie Glace (Taille 24"" | 600 mm)";"All / Saleable / Accessoires / Essuie-Glace";"product";"True";"odoo_only";"Produit existant dans Odoo mais absent du CSV source candidat."
"BEG 26"" (650 mm)";"";"";"";"";"61";"Balai Essuie Glace (Taille 26"" | 650 mm)";"All / Saleable / Accessoires / Essuie-Glace";"product";"True";"odoo_only";"Produit existant dans Odoo mais absent du CSV source candidat."
"BEG 28"" (700 mm)";"";"";"";"";"62";"Balai Essuie Glace (Taille 28"" | 700 mm)";"All / Saleable / Accessoires / Essuie-Glace";"product";"True";"odoo_only";"Produit existant dans Odoo mais absent du CSV source candidat."
"BEG 30"" (750 mm)";"";"";"";"";"63";"Balai Essuie Glace (Taille 30"" | 750 mm)";"All / Saleable / Accessoires / Essuie-Glace";"product";"True";"odoo_only";"Produit existant dans Odoo mais absent du CSV source candidat."
"BEG 31"" (775 mm)";"";"";"";"";"64";"Balai Essuie Glace (Taille 31"" | 775 mm)";"All / Saleable / Accessoires / Essuie-Glace";"product";"True";"odoo_only";"Produit existant dans Odoo mais absent du CSV source candidat."
"CALE PARE-BRISE";"";"";"";"";"16";"CALE PARE-BRISE";"All / Saleable / PiÃ¨ces de Rechange";"consu";"True";"odoo_only";"Produit existant dans Odoo mais absent du CSV source candidat."
"Carte lavage ATNL33";"";"";"";"";"135";"Carte de lavage rechargeable AUTONICKEL 33â¬";"All / Saleable / Accessoires";"product";"True";"odoo_only";"Produit existant dans Odoo mais absent du CSV source candidat."
"COMM";"";"";"";"";"170";"Communication";"All";"service";"True";"odoo_only";"Produit existant dans Odoo mais absent du CSV source candidat."
"CP-DEG500";"";"";"";"";"133";"NETTOYANT INDUSTRIEL R551 500ML (DEGRAISSANT)";"All / Saleable / Consommables Atelier";"product";"True";"odoo_only";"Produit existant dans Odoo mais absent du CSV source candidat."
"CP-SM3L";"";"";"";"";"134";"SAVON MAINS DERMA CRAFT BIOMAIN 3L";"All / Saleable / Consommables Atelier";"product";"True";"odoo_only";"Produit existant dans Odoo mais absent du CSV source candidat."
"Delivery_007";"";"";"";"";"51";"Free delivery charges";"All / Deliveries";"service";"True";"odoo_only";"Produit existant dans Odoo mais absent du CSV source candidat."
"DVF35";"";"";"";"";"75";"ESSUIE GLACE DURAVISION 350MM BALAI";"All / Saleable / Accessoires / Essuie-Glace";"product";"True";"odoo_only";"Produit existant dans Odoo mais absent du CSV source candidat."
"DVF38";"";"";"";"";"76";"ESSUIE GLACE DURAVISION 380MM BALAI";"All / Saleable / Accessoires / Essuie-Glace";"product";"True";"odoo_only";"Produit existant dans Odoo mais absent du CSV source candidat."
"DVF40";"";"";"";"";"77";"ESSUIE GLACE DURAVISION 410MM BALAI";"All / Saleable / Accessoires / Essuie-Glace";"product";"True";"odoo_only";"Produit existant dans Odoo mais absent du CSV source candidat."
"DVF43";"";"";"";"";"78";"ESSUIE GLACE DURAVISION 430MM BALAI";"All / Saleable / Accessoires / Essuie-Glace";"product";"True";"odoo_only";"Produit existant dans Odoo mais absent du CSV source candidat."
"DVF45";"";"";"";"";"79";"ESSUIE GLACE DURAVISION 450MM BALAI";"All / Saleable / Accessoires / Essuie-Glace";"product";"True";"odoo_only";"Produit existant dans Odoo mais absent du CSV source candidat."
"DVF48";"";"";"";"";"80";"ESSUIE GLACE DURAVISION 480MM BALAI";"All / Saleable / Accessoires / Essuie-Glace";"product";"True";"odoo_only";"Produit existant dans Odoo mais absent du CSV source candidat."
"DVF50";"";"";"";"";"81";"ESSUIE GLACE DURAVISION 510MM BALAI";"All / Saleable / Accessoires / Essuie-Glace";"product";"True";"odoo_only";"Produit existant dans Odoo mais absent du CSV source candidat."
"DVF53";"";"";"";"";"82";"ESSUIE GLACE DURAVISION 530MM BALAI";"All / Saleable / Accessoires / Essuie-Glace";"product";"True";"odoo_only";"Produit existant dans Odoo mais absent du CSV source candidat."
"DVF55";"";"";"";"";"83";"ESSUIE GLACE DURAVISION 550MM BALAI";"All / Saleable / Accessoires / Essuie-Glace";"product";"True";"odoo_only";"Produit existant dans Odoo mais absent du CSV source candidat."
"DVF58";"";"";"";"";"84";"ESSUIE GLACE DURAVISION 580MM BALAI";"All / Saleable / Accessoires / Essuie-Glace";"product";"True";"odoo_only";"Produit existant dans Odoo mais absent du CSV source candidat."
"DVF60";"";"";"";"";"85";"ESSUIE GLACE DURAVISION 610MM BALAI";"All / Saleable / Accessoires / Essuie-Glace";"product";"True";"odoo_only";"Produit existant dans Odoo mais absent du CSV source candidat."
"DVF65";"";"";"";"";"86";"ESSUIE GLACE DURAVISION 650MM BALAI";"All / Saleable / Accessoires / Essuie-Glace";"product";"True";"odoo_only";"Produit existant dans Odoo mais absent du CSV source candidat."
"DVF70";"";"";"";"";"87";"ESSUIE GLACE DURAVISION 700MM BALAI";"All / Saleable / Accessoires / Essuie-Glace";"product";"True";"odoo_only";"Produit existant dans Odoo mais absent du CSV source candidat."
"DVF75";"";"";"";"";"88";"ESSUIE GLACE DURAVISION 750MM BALAI";"All / Saleable / Accessoires / Essuie-Glace";"product";"True";"odoo_only";"Produit existant dans Odoo mais absent du CSV source candidat."
"DVF80";"";"";"";"";"89";"ESSUIE GLACE DURAVISION 800MM BALAI";"All / Saleable / Accessoires / Essuie-Glace";"product";"True";"odoo_only";"Produit existant dans Odoo mais absent du CSV source candidat."
"ECO1250";"";"";"";"";"73";"QUICK PUR PURIFIANT SYSTEME CLIM";"All / Saleable / PiÃ¨ces de Rechange";"product";"True";"odoo_only";"Produit existant dans Odoo mais absent du CSV source candidat."
"ENJOLIVEUR PARE BRISE";"";"";"";"";"34";"ENJOLIVEUR PARE BRISE";"All / Saleable / PiÃ¨ces de Rechange";"consu";"True";"odoo_only";"Produit existant dans Odoo mais absent du CSV source candidat."
"Eponges";"";"";"";"";"91";"ÃPONGES DE DÃCONTAMINATION * 98";"All / Saleable / Consommables Atelier";"product";"True";"odoo_only";"Produit existant dans Odoo mais absent du CSV source candidat."
"EXP_GEN";"";"";"";"";"171";"Others";"All / Expenses";"service";"True";"odoo_only";"Produit existant dans Odoo mais absent du CSV source candidat."
"FEC350";"";"";"";"";"122";"ESSUIE GLACE FORCH 350MM BALAI";"All / Saleable / Accessoires / Essuie-Glace";"product";"True";"odoo_only";"Produit existant dans Odoo mais absent du CSV source candidat."
"FEC375";"";"";"";"";"123";"ESSUIE GLACE FORCH 375MM BALAI";"All / Saleable / Accessoires / Essuie-Glace";"product";"True";"odoo_only";"Produit existant dans Odoo mais absent du CSV source candidat."
"FEC400";"";"";"";"";"124";"ESSUIE GLACE FORCH 400MM BALAI";"All / Saleable / Accessoires / Essuie-Glace";"product";"True";"odoo_only";"Produit existant dans Odoo mais absent du CSV source candidat."
"FEC425";"";"";"";"";"125";"ESSUIE GLACE FORCH 425MM BALAI";"All / Saleable / Accessoires / Essuie-Glace";"product";"True";"odoo_only";"Produit existant dans Odoo mais absent du CSV source candidat."
"FEC450";"";"";"";"";"126";"ESSUIE GLACE FORCH 450MM BALAI";"All / Saleable / Accessoires / Essuie-Glace";"product";"True";"odoo_only";"Produit existant dans Odoo mais absent du CSV source candidat."
"FEC475";"";"";"";"";"127";"ESSUIE GLACE FORCH 475MM BALAI";"All / Saleable / Accessoires / Essuie-Glace";"product";"True";"odoo_only";"Produit existant dans Odoo mais absent du CSV source candidat."
"FEC500";"";"";"";"";"128";"ESSUIE GLACE FORCH 500MM BALAI";"All / Saleable / Accessoires / Essuie-Glace";"product";"True";"odoo_only";"Produit existant dans Odoo mais absent du CSV source candidat."
"FEC525";"";"";"";"";"129";"ESSUIE GLACE FORCH 525MM BALAI";"All / Saleable / Accessoires / Essuie-Glace";"product";"True";"odoo_only";"Produit existant dans Odoo mais absent du CSV source candidat."
"FEC550";"";"";"";"";"130";"ESSUIE GLACE FORCH 550MM BALAI";"All / Saleable / Accessoires / Essuie-Glace";"product";"True";"odoo_only";"Produit existant dans Odoo mais absent du CSV source candidat."
"FEC650";"";"";"";"";"131";"ESSUIE GLACE FORCH 650MM BALAI";"All / Saleable / Accessoires / Essuie-Glace";"product";"True";"odoo_only";"Produit existant dans Odoo mais absent du CSV source candidat."
"FEC700";"";"";"";"";"132";"ESSUIE GLACE FORCH 700MM BALAI";"All / Saleable / Accessoires / Essuie-Glace";"product";"True";"odoo_only";"Produit existant dans Odoo mais absent du CSV source candidat."
"FILM avant";"";"";"";"";"160";"Film solaire vitre avant";"All";"consu";"True";"odoo_only";"Produit existant dans Odoo mais absent du CSV source candidat."
"Film solaire bandeau pour pare-brise";"";"";"";"";"43";"Film solaire bandeau pour pare-brise";"All / Saleable / PiÃ¨ces de Rechange";"consu";"True";"odoo_only";"Produit existant dans Odoo mais absent du CSV source candidat."
"FOOD";"";"";"";"";"166";"Meals";"All";"service";"True";"odoo_only";"Produit existant dans Odoo mais absent du CSV source candidat."
"FRAIS DE DEPLACEMENT";"";"";"";"";"32";"FRAIS DE DEPLACEMENT";"All / Saleable / PiÃ¨ces de Rechange";"service";"True";"odoo_only";"Produit existant dans Odoo mais absent du CSV source candidat."
"Frais d'identification";"";"";"";"";"18";"Frais d'identification (Interrogation de la base du constructeur / Identification du vitrage - XGLASS / SIDEXA)";"All / Saleable / PiÃ¨ces de Rechange";"service";"True";"odoo_only";"Produit existant dans Odoo mais absent du CSV source candidat."
"Gel Capteur";"";"";"";"";"19";"Gel Capteur";"All / Saleable / PiÃ¨ces de Rechange";"consu";"True";"odoo_only";"Produit existant dans Odoo mais absent du CSV source candidat."
"GIFT";"";"";"";"";"169";"Gifts";"All";"service";"True";"odoo_only";"Produit existant dans Odoo mais absent du CSV source candidat."
"GLACE FIXE PORTE ARD";"";"";"";"";"37";"GLACE FIXE PORTE ARD";"All / Saleable / PiÃ¨ces de Rechange";"consu";"True";"odoo_only";"Produit existant dans Odoo mais absent du CSV source candidat."
"GLACE FIXE PORTE ARG";"";"";"";"";"38";"GLACE FIXE PORTE ARG";"All / Saleable / PiÃ¨ces de Rechange";"consu";"True";"odoo_only";"Produit existant dans Odoo mais absent du CSV source candidat."
"GLACE FIXE PORTE AVD";"";"";"";"";"35";"GLACE FIXE PORTE AVD";"All / Saleable / PiÃ¨ces de Rechange";"consu";"True";"odoo_only";"Produit existant dans Odoo mais absent du CSV source candidat."
"GLACE FIXE PORTE AVG";"";"";"";"";"36";"GLACE FIXE PORTE AVG";"All / Saleable / PiÃ¨ces de Rechange";"consu";"True";"odoo_only";"Produit existant dans Odoo mais absent du CSV source candidat."
"GLACE MOBILE PORTE ARD";"";"";"";"";"41";"GLACE MOBILE PORTE ARD";"All / Saleable / PiÃ¨ces de Rechange";"consu";"True";"odoo_only";"Produit existant dans Odoo mais absent du CSV source candidat."
"GLACE MOBILE PORTE ARG";"";"";"";"";"42";"GLACE MOBILE PORTE ARG";"All / Saleable / PiÃ¨ces de Rechange";"consu";"True";"odoo_only";"Produit existant dans Odoo mais absent du CSV source candidat."
"GLACE MOBILE PORTE AVD";"";"";"";"";"39";"GLACE MOBILE PORTE AVD";"All / Saleable / PiÃ¨ces de Rechange";"consu";"True";"odoo_only";"Produit existant dans Odoo mais absent du CSV source candidat."
"GLACE MOBILE PORTE AVG";"";"";"";"";"40";"GLACE MOBILE PORTE AVG";"All / Saleable / PiÃ¨ces de Rechange";"consu";"True";"odoo_only";"Produit existant dans Odoo mais absent du CSV source candidat."
"Jeton";"";"";"";"";"67";"Jeton Lavage";"All / Saleable / Accessoires";"product";"True";"odoo_only";"Produit existant dans Odoo mais absent du CSV source candidat."
"JOINT SUP PARE-BRISE";"";"";"";"";"25";"JOINT SUP PARE-BRISE";"All / Saleable / PiÃ¨ces de Rechange";"consu";"True";"odoo_only";"Produit existant dans Odoo mais absent du CSV source candidat."
"JOINT1";"";"";"";"";"17";"JOINT 1";"All / Saleable / PiÃ¨ces de Rechange";"consu";"True";"odoo_only";"Produit existant dans Odoo mais absent du CSV source candidat."
"JOINT2";"";"";"";"";"27";"JOINT 2";"All / Saleable / PiÃ¨ces de Rechange";"consu";"True";"odoo_only";"Produit existant dans Odoo mais absent du CSV source candidat."
"JOINT3";"";"";"";"";"28";"JOINT 3";"All / Saleable / PiÃ¨ces de Rechange";"consu";"True";"odoo_only";"Produit existant dans Odoo mais absent du CSV source candidat."
"JOINT4";"";"";"";"";"26";"JOINT 4";"All / Saleable / PiÃ¨ces de Rechange";"consu";"True";"odoo_only";"Produit existant dans Odoo mais absent du CSV source candidat."
"Kit Collage Sika 400 ml";"";"";"";"";"21";"PP-PUSK1 - COLLE PU SIKATACK GO 400ML";"All / Saleable / PiÃ¨ces de Rechange";"product";"True";"odoo_only";"Produit existant dans Odoo mais absent du CSV source candidat."
"Kit Collage SupplÃ©mentaire";"";"";"";"";"22";"PP-PUSK1 - Kit Collage SupplÃ©mentaire";"All / Saleable / PiÃ¨ces de Rechange";"product";"True";"odoo_only";"Produit existant dans Odoo mais absent du CSV source candidat."
"LAMES ARASAGE 16MM";"";"";"";"";"93";"BOÃTE 10 LAMES ARASAGE 16MM";"All / Saleable / Consommables Atelier";"product";"True";"odoo_only";"Produit existant dans Odoo mais absent du CSV source candidat."
"LAMES ARASAGE 20MM";"";"";"";"";"92";"BOÃTE 10 LAMES ARASAGE 20MM";"All / Saleable / Consommables Atelier";"product";"True";"odoo_only";"Produit existant dans Odoo mais absent du CSV source candidat."
"LGC250";"";"";"";"";"74";"LAVE GLACE CONCENTRE ITEX 250ML";"All / Saleable / PiÃ¨ces de Rechange";"product";"True";"odoo_only";"Produit existant dans Odoo mais absent du CSV source candidat."
"LUNETTE V";"";"";"";"";"31";"LUNETTE V";"All / Saleable / PiÃ¨ces de Rechange";"consu";"True";"odoo_only";"Produit existant dans Odoo mais absent du CSV source candidat."
"LUNETTE V CHAUFFANTE";"";"";"";"";"30";"LUNETTE V CHAUFFANTE";"All / Saleable / PiÃ¨ces de Rechange";"consu";"True";"odoo_only";"Produit existant dans Odoo mais absent du CSV source candidat."
"MIL";"";"";"";"";"168";"Mileage";"All";"service";"True";"odoo_only";"Produit existant dans Odoo mais absent du CSV source candidat."
"MO - Nettoyage Bris de Glace";"";"";"";"";"44";"MO - Nettoyage Bris de Glace";"All / Saleable / Main d'Oeuvre";"service";"True";"odoo_only";"Produit existant dans Odoo mais absent du CSV source candidat."
"MO - Nettoyage Coulisseau";"";"";"";"";"45";"MO - Nettoyage Coulisseau";"All / Saleable / Main d'Oeuvre";"service";"True";"odoo_only";"Produit existant dans Odoo mais absent du CSV source candidat."
"Nettoyage Bris de Glace";"";"";"";"";"9";"Nettoyage Bris de Glace";"All / Saleable / Main d'Oeuvre";"service";"True";"odoo_only";"Produit existant dans Odoo mais absent du CSV source candidat."
"PARE-BRISE V CAPTEUR PLUIE";"";"";"";"";"14";"PARE-BRISE V CAPTEUR PLUIE";"All / Saleable / PiÃ¨ces de Rechange";"consu";"True";"odoo_only";"Produit existant dans Odoo mais absent du CSV source candidat."
"PARE-BRISE V CAPTEUR PLUIE (YC CAMERA)";"";"";"";"";"15";"PARE-BRISE V CAPTEUR PLUIE (YC CAMERA)";"All / Saleable / PiÃ¨ces de Rechange";"consu";"True";"odoo_only";"Produit existant dans Odoo mais absent du CSV source candidat."
"Pose Domicile";"";"";"";"";"46";"Pose Ã  Domicile";"All / Saleable / PiÃ¨ces de Rechange";"service";"True";"odoo_only";"Produit existant dans Odoo mais absent du CSV source candidat."
"POSE VITRAGE SIMPLE";"";"";"";"";"120";"POSE VITRAGE SIMPLE - PARE-BRISE MRA";"All / Saleable / Main d'Oeuvre";"service";"True";"odoo_only";"Produit existant dans Odoo mais absent du CSV source candidat."
"POSE VITRAGE SIMPLE";"";"";"";"";"119";"POSE VITRAGE SIMPLE - VITRE LATERALE MOBILE AVANT OU ARRIERE";"All / Saleable / Main d'Oeuvre";"service";"True";"odoo_only";"Produit existant dans Odoo mais absent du CSV source candidat."
"POSE VITRAGE SIMPLE";"";"";"";"";"118";"POSE VITRAGE SIMPLE - DEFLECTEUR ET CUSTODE";"All / Saleable / Main d'Oeuvre";"service";"True";"odoo_only";"Produit existant dans Odoo mais absent du CSV source candidat."
"POSE VITRAGE SIMPLE";"";"";"";"";"121";"POSE VITRAGE SIMPLE - LUNETTE MRA";"All / Saleable / Main d'Oeuvre";"service";"True";"odoo_only";"Produit existant dans Odoo mais absent du CSV source candidat."
"POSE VITRAGE SIMPLE";"";"";"";"";"117";"POSE VITRAGE SIMPLE - LUNETTE";"All / Saleable / Main d'Oeuvre";"service";"True";"odoo_only";"Produit existant dans Odoo mais absent du CSV source candidat."
"POSE VITRAGE SIMPLE";"";"";"";"";"33";"POSE VITRAGE SIMPLE - PARE-BRISE";"All / Saleable / Main d'Oeuvre";"service";"True";"odoo_only";"Produit existant dans Odoo mais absent du CSV source candidat."
"PP-DEG1000";"";"";"";"";"99";"DEGRAISSANT 1000ML";"All / Saleable / Consommables Atelier";"product";"True";"odoo_only";"Produit existant dans Odoo mais absent du CSV source candidat."
"PPP-PAP-1000";"";"";"";"";"72";"ROULEAUX DâESSUIES MAINS *2";"All / Saleable / Consommables Atelier";"consu";"True";"odoo_only";"Produit existant dans Odoo mais absent du CSV source candidat."
"PPP-WST54B";"";"";"";"";"69";"TAMPONS BOULES 180MM / 7 * 100";"All / Saleable / Consommables Atelier";"consu";"True";"odoo_only";"Produit existant dans Odoo mais absent du CSV source candidat."
"PPP-WST66F";"";"";"";"";"71";"FILM ADHÃSIF 50M L 600MM (0.070MM)";"All / Saleable / Consommables Atelier";"consu";"True";"odoo_only";"Produit existant dans Odoo mais absent du CSV source candidat."
"PPP-WST70";"";"";"";"";"68";"SAVON Ã MAIN 3KG";"All / Saleable / Consommables Atelier";"product";"True";"odoo_only";"Produit existant dans Odoo mais absent du CSV source candidat."
"PPP-WST70SCRUBS";"";"";"";"";"70";"LINGETTES SCRUBS * 72";"All / Saleable / Consommables Atelier";"product";"True";"odoo_only";"Produit existant dans Odoo mais absent du CSV source candidat."
"PRIMER 100 ml";"";"";"";"";"66";"PRIMER 207 (100ML) BOUCHON NOIR";"All / Saleable / Consommables Atelier";"product";"True";"odoo_only";"Produit existant dans Odoo mais absent du CSV source candidat."
"PRIMER 250 ml";"";"";"";"";"90";"PRIMER 207 (250ML) BOUCHON NOIR";"All / Saleable / Consommables Atelier";"product";"True";"odoo_only";"Produit existant dans Odoo mais absent du CSV source candidat."
"Produits Connexes";"";"";"";"";"20";"Produits Connexes";"All / Saleable / PiÃ¨ces de Rechange";"consu";"True";"odoo_only";"Produit existant dans Odoo mais absent du CSV source candidat."
"RETRAITEMENT DES DECHETS";"";"";"";"";"29";"RETRAITEMENT DES DECHETS";"All / Saleable / PiÃ¨ces de Rechange";"service";"True";"odoo_only";"Produit existant dans Odoo mais absent du CSV source candidat."
"T1 - Temps de MO 1";"";"";"";"";"24";"T1 - Temps de MO 1";"All / Saleable / Main d'Oeuvre";"service";"True";"odoo_only";"Produit existant dans Odoo mais absent du CSV source candidat."
"T2 - Temps de MO 2";"";"";"";"";"23";"T2 - Temps de MO 2";"All / Saleable / Main d'Oeuvre";"service";"True";"odoo_only";"Produit existant dans Odoo mais absent du CSV source candidat."
"T3 - Temps de MO 3";"";"";"";"";"113";"T3 - Temps de MO 3";"All / Saleable / Main d'Oeuvre";"service";"True";"odoo_only";"Produit existant dans Odoo mais absent du CSV source candidat."
"TRANS & ACC";"";"";"";"";"167";"Travel & Accommodation";"All";"service";"True";"odoo_only";"Produit existant dans Odoo mais absent du CSV source candidat."
"VIGNETTE CT";"";"";"";"";"105";"ADHESIFS PORTE CONTROLE TECHNIQUE";"All / Saleable / Consommables Atelier";"product";"True";"odoo_only";"Produit existant dans Odoo mais absent du CSV source candidat."
"VITRAGE1";"";"";"";"";"13";"VITRAGE 1";"All / Saleable / PiÃ¨ces de Rechange";"consu";"True";"odoo_only";"Produit existant dans Odoo mais absent du CSV source candidat."
"VITRAGE2";"";"";"";"";"47";"VITRAGE 2";"All / Saleable";"consu";"True";"odoo_only";"Produit existant dans Odoo mais absent du CSV source candidat."
