product_reference;product_name;source_type;target_category;target_subcategory;product_type;stockable;eurocode_format_valide;supplier;purchase_price;cost_price;public_price;other_code;internal_eurocode;eurocode_divergent;source_row_count;source_places;import_status;notes
00009221V1;LEVE VITRE ELEC AVG C4;LEVE-VITRE;Autres;Leve-vitre;product;true;true;HHH;63,27;63,27;63,27;;00009221V1;false;1;GALLERIA;import;Rapprochement Odoo par default_code a effectuer.
1034902-00-P;RR DOOR ROOF GLASS ASY, LH;GLACES LATERALES;Glace laterale;;product;true;true;TESLA;1116;1116;1116;;1034902-00-P;false;1;R909;import;Rapprochement Odoo par default_code a effectuer.
1034903-00-Q;RR DOOR ROOF GLASSY ASY, RH;GLACES LATERALES;Glace laterale;;product;true;true;TESLA;1116;1116;1116;1034903-90-J;1034903-00-Q;false;2;CASSE | R936;import;Doublon source consolide : controler quantites, prix et emplacements.
1364076080;CUSTODE ARG FIAT DUCATO;GLACES LATERALES;Glace laterale;;product;true;true;VSF Centre;368,75;811,25;368,75;1364076080;1364076080;false;1;Centre;import;Rapprochement Odoo par default_code a effectuer.
1606972480;FAISCEAU PROJECTEUR;FAISCEAU;Autres;Optique;product;true;true;BLUE AUTO;130,35;130,35;130,35;;1606972480;false;1;GALLERIA;import;Rapprochement Odoo par default_code a effectuer.
1612401680;PEUGEOT BOXER III 330-L2H2 PHASE 2 - 3P;FEU;Autres;Optique;product;true;true;HHH;85,82;85,82;85,82;;1612401680;false;1;GALLERIA;import;Rapprochement Odoo par default_code a effectuer.
17/03 : COTTET Eric;PB VT BERLINGO/PARTNER EMB  08-18;PARE BRISE;Pare-brise;;product;true;false;VSF Centre;84,18;185,2;105,23;;17/03 : COTTET Eric;false;1;R107;exclusion_format_eurocode;Rapprochement Odoo par default_code a effectuer. EXCLUE DE L'IMPORT (decision RPBM du 2026-08-05, D3) : format d'eurocode suspect (annotation, code constructeur, texte libre). Sans x_studio_eurocode valide, la fiche serait invisible au widget rpbm_agent et non synchronisable. A reprendre a la main dans le fichier Excel si la reference doit exister.
1813222;TOIT PANORAMIQUE;VITRE PAVILLON;Autres;Toit panoramique;product;true;true;CENTRE AUTO;1023,83;1023,83;1023,83;;1813222;false;1;Centre;import;Rapprochement Odoo par default_code a effectuer.
1941015D;PHARE  AVG SKODA Fabia;PHARES;Autres;Optique;product;true;true;AUTODIS;340,1;748,21;425,12;;;false;1;GALLERIA;import;Rapprochement Odoo par default_code a effectuer.
198679;FEU ARG;OPTIQUE;Autres;Optique;product;true;true;AAAM;438,02;963,65;547,53;;198679;false;1;GALLERIA;import;Rapprochement Odoo par default_code a effectuer.
1P0845051ACNBV;LUNETTE AR SEAT LEON;LUNETTES;Lunette;;product;true;true;Concess FR;219,91;483,8;219,91;;1P0845051ACNBV;false;1;Centre;import;Rapprochement Odoo par default_code a effectuer.
1S0827505E9B9;SERRURE VW UP;AUTRES;Autres;;product;true;true;Concess FR;35,3;77,66;35,3;;1S0827505E9B9;false;1;Centre;import;Rapprochement Odoo par default_code a effectuer.
1S0827566A3FZ;COMMANDE VW UP;AUTRES;Autres;;product;true;true;Concess FR;55,28;121,62;55,28;;1S0827566A3FZ;false;1;Centre;import;Rapprochement Odoo par default_code a effectuer.
1S0845051BCNVB;LUN VOLKSWAGEN UP! (12) PHASE 2;LUNETTES;Lunette;;product;true;true;AUTOS GM;341;341;341;;1S0845051BCNVB;false;1;GENIPA;import;Rapprochement Odoo par default_code a effectuer.
1Z0941701;FEU ANTIBROUILLARD AVG SKODA OCTAVIA;ANTIBROUILLARD;Autres;Optique;product;true;true;AUTODIS;95,03;95,03;135,76;;;false;1;GALLERIA;import;Rapprochement Odoo par default_code a effectuer.
1Z0941702;FEU ANTIBROUILLARD AVD SKODA OCTAVIA;ANTIBROUILLARD;Autres;Optique;product;true;true;AUTODIS;95,03;95,03;135,76;;;false;1;GALLERIA;import;Rapprochement Odoo par default_code a effectuer.
2034AGN;PB VT ALFA 156                     97-05;PARE BRISE;Pare-brise;;product;true;true;VSF Centre;86,97;191,33;108,71;;2034AGN;false;1;R318;import;Rapprochement Odoo par default_code a effectuer.
2034AGNP1B;PB VT ALFA 156 CAPT          97-05;PARE BRISE;Pare-brise;;product;true;true;VSF Centre;98,36;216,39;122,95;;2034AGNP1B;false;1;R135;import;Rapprochement Odoo par default_code a effectuer.
2034ASMS;JC PB ALFA 156                     97-05;JOINTS;Joint;;product;true;true;VSF Centre;11,16;24,55;13,95;;2034ASMS;false;2;R318 | J004;import;Doublon source consolide : controler quantites, prix et emplacements.
2037AGS;PB VT ALFA ROMEO 147 3/5P            00-;PARE BRISE;Pare-brise;;product;true;true;VSF Centre;78,18;171,99;97,72;;2037AGS;false;2;R231 | R222;import;Doublon source consolide : controler quantites, prix et emplacements.
2037ASMH;JC PB ALFA ROMEO 147           00-04;JOINTS;Joint;;product;true;true;VSF Centre;12,61;27,74;15,76;;2037ASMH;false;2;Caisse | J3D;import;Doublon source consolide : controler quantites, prix et emplacements.
2038AGS;PB VT ALFA GT                      03-10;PARE BRISE;Pare-brise;;product;true;true;VSF Centre;125,12;275,26;156,4;;2038AGS;false;3;R310 | Centre | GALLERIA;import;Doublon source consolide : controler quantites, prix et emplacements.
2038ASMC;JC PB ALFA ROMEO GT                03-10;JOINTS;Joint;;product;true;true;VSF Ouest;15,68;34,5;19,6;;2038ASMC;false;3;R310 | Centre | GALLERIA;import;Doublon source consolide : controler quantites, prix et emplacements.
2039AGSM1B;PB VT ALFA 159 CAPT                05-11;PARE BRISE;Pare-brise;;product;true;true;VSF Centre;111,2;244,64;139;;2039AGSM1B;false;1;R335;import;Rapprochement Odoo par default_code a effectuer.
2039ASMS;JC PB ALFA 159                     05-11;JOINTS;Joint;;product;true;true;VSF Centre;15,14;33,3;18,92;;2039ASMS;false;1;R335;import;Rapprochement Odoo par default_code a effectuer.
2042LGSH3FD;DESC AVG ALFA MITO 3P    08-;GLACES LATERALES;Glace laterale;;product;true;true;VSF Sud-Ouest;40,58;89,28;50,73;;2042LGSH3FD;false;1;Centre;import;Rapprochement Odoo par default_code a effectuer.
2045BGNHA;LUN.VT ALFA GIULIETTA             10-;LUNETTES;Lunette;;product;true;true;VSF Centre;79,2;174,24;99;;2045BGNHA;false;2;Centre | R905;import;Doublon source consolide : controler quantites, prix et emplacements.
2050RGSR5RD;DESC ARD VT ALFA ROMEO TONALE 22-;GLACES LATERALES;Glace laterale;;product;true;true;VSF Centre;47,2;103,84;59;;;false;1;GALLERIA;import;Rapprochement Odoo par default_code a effectuer.
2234520;PB VT CAPT FORD ECOSPORT;PARE BRISE;Pare-brise;;product;true;true;Concess FR;259;569,8;323,75;;2234520;false;1;Centre;import;Rapprochement Odoo par default_code a effectuer.
2251BCLR;LUN CL MG ZS  17-;LUNETTES;Lunette;;product;true;true;VSF Centre;111,46;245,2;139,32;;;false;2;CASSE | R930;import;Doublon source consolide : controler quantites, prix et emplacements.
2251RCLR5RDW;GLACE DESCENDANTE ARRIÈRE GAUCHE CLAIR MG ZS 17-;GLACES LATERALES;Glace laterale;;product;true;true;LANES AUTO;109,08;109,08;109,08;;2251RCLR5RDW;false;1;GALLERIA;import;Rapprochement Odoo par default_code a effectuer.
2253RGAR5FDKW;DESC AVD VT ACO FEUIL MG MARVEL R  21-;GLACES LATERALES;Glace laterale;;product;true;true;VSF Centre;111,2;244,64;139;;2253RGAR5FDKW;false;1;R914;import;Rapprochement Odoo par default_code a effectuer.
2301AGACMUVZ;PB VT AC SERIE 4 G26 4P CAP CAM HUD 21-;PARE BRISE;Pare-brise;;product;true;true;VSF Centre;266,98;587,35;333,72;;2301AGACMUVZ;false;2;R635 | R638;import;Doublon source consolide : controler quantites, prix et emplacements.
2303AGACMUVZ1L;PB VT AC BMW X1 U11 CAPT 2 CAM HUD 22-;PARE BRISE;Pare-brise;;product;true;true;VSF Centre;217,96;479,51;286,79;;;false;1;R430;import;Rapprochement Odoo par default_code a effectuer.
2425ACL;PB CL BMW SERIE 3 E30              83-90;PARE BRISE;Pare-brise;;product;true;true;VSF Centre;124,24;273,33;155,3;;2425ACL;false;1;R736;import;Rapprochement Odoo par default_code a effectuer.
2425AGNBL;PB VTBL BMW SERIE 3 E30            83-90;PARE BRISE;Pare-brise;;product;true;true;VSF Centre;66,04;145,29;82,55;;2425AGNBL;false;2;R501 | R605;import;Doublon source consolide : controler quantites, prix et emplacements.
2425AKRS;JT CLE PB KIT COMP  BMW SIE 3 E30 83-90;JOINTS;Joint;;product;true;true;VSF Centre;85,75;188,65;107,19;;2425AKRS;false;1;Dépôt 2;import;Rapprochement Odoo par default_code a effectuer.
2425ASCC;KIT CLE CHROMEE PARE-BRISE BMW SERIE 3E21 E30;JOINTS;Joint;;product;true;true;AAAM;165,48;165,48;165,48;;2425ASCC;false;1;GALLERIA;import;Rapprochement Odoo par default_code a effectuer.
2425ASRS;JT PB BMW SERIE 3 E30 A ENJ        83-90;JOINTS;Joint;;product;true;true;VSF Centre;34,23;75,31;42,79;;2425ASRS;false;3;Centre | J10B | J11B;import;Doublon source consolide : controler quantites, prix et emplacements.
2427RGNS4RD;GLACE DESCENDANTE ARRIÈRE DROIT TEINTÉ VERT SERIE 7 E32 COURT 87-94MO 0,75;GLACES LATERALES;Glace laterale;;product;true;true;;44,8;98,56;56;;2427RGNS4RD;false;1;T001;import;Rapprochement Odoo par default_code a effectuer.
2431AGNV;PB VT BMW SIE 3 E36 4P+COMPACT 91-96;PARE BRISE;Pare-brise;;product;true;true;VSF Centre;71,9;158,19;89,88;;2431AGNV;false;3;R315 | R702 | R406;import;Doublon source consolide : controler quantites, prix et emplacements.
2431ASMST;JC SUP.PB BMW SERIE 3 E36 BNE 91-96;JOINTS;Joint;;product;true;true;VSF Centre;4,51;9,93;5,64;;2431ASMST;false;2;R315 | J4A;import;Doublon source consolide : controler quantites, prix et emplacements.
2432AGNBLV;PB VTBL BMW SIE 3 E36 CPE/CABR     92-98;PARE BRISE;Pare-brise;;product;true;true;VSF Centre;93,4;205,48;116,75;;2432AGNBLV;false;1;Dépôt 1;import;Rapprochement Odoo par default_code a effectuer.
2432ASMC;JC PB BMW SERIE 3 E36 CPE/CABR  91-99;JOINTS;Joint;;product;true;true;VSF Centre;12,76;28,07;12,76;;2432ASMC;false;1;Dépôt 1;import;Rapprochement Odoo par default_code a effectuer.
2433AGNGNHV;PARE-BRISE TEINTÉ VERT DÉGRADÉ VERT BMW SERIE 7 E38 CHAUFFANT 95-00MO 3.00;PARE BRISE;Pare-brise;;product;true;true;INVENTAIRE;231,29;508,84;231,29;;2433AGNGNHV;false;1;R216;import;Rapprochement Odoo par default_code a effectuer.
2434AGNGNPV1B;PARE-BRISE TEINTÉ VERT DÉGRADÉ VERT CAPTEUR DE PLUIE PLUIE SERIE 5 01-03MO 2,80;PARE BRISE;Pare-brise;;product;true;true;INVENTAIRE;144,52;317,94;144,52;;2434AGNGNPV1B;false;1;R102;import;Rapprochement Odoo par default_code a effectuer.
2434AGNGNV;PARE-BRISE TEINTÉ VERT DÉGRADÉ VERT BMW SERIE 5 E39 96-03MO 2.60;PARE BRISE;Pare-brise;;product;true;true;INVENTAIRE;132,94;292,47;132,94;;2434AGNGNV;false;2;R320 | R313;import;Doublon source consolide : controler quantites, prix et emplacements.
2434AGNV;PB VT BMW SERIE 5 E39              96-03;PARE BRISE;Pare-brise;;product;true;true;VSF Centre;96,47;212,24;120,59;;2434AGNV;false;4;R429 | Centre | R332 | R235;import;Doublon source consolide : controler quantites, prix et emplacements.
2434AKCSB;AGRAFES  PB BMW SERIE 5 E39      96-03;JOINTS;Joint;;product;true;true;VSF Centre;2,04;4,49;2,55;;2434AKCSB;false;2;Centre;import;Doublon source consolide : controler quantites, prix et emplacements.
2434ASMS;JC PB BMW SERIE 5 E39             96-03;JOINTS;Joint;;product;true;true;VSF Centre;14,3;31,47;17,88;;2434ASMS;false;3;R429 | Centre | J6B;import;Doublon source consolide : controler quantites, prix et emplacements.
2436ACCGNV;PB ATH-VT  BMW E46 4P     98-05;PARE BRISE;Pare-brise;;product;true;true;VSF Centre;197,71;434,97;247,14;;2436ACCGNV;false;1;R334;import;Rapprochement Odoo par default_code a effectuer.
2436AGNGNMV6T;PB VTVT  CAPT P/LUM E46 4P     01-05;PARE BRISE;Pare-brise;;product;true;true;VSF Centre;115,6;254,32;144,5;;;false;1;R430;import;Rapprochement Odoo par default_code a effectuer.
2436AGNGNV;PB VTVT BMW SERIE 3 E46 4P         98-05;PARE BRISE;Pare-brise;;product;true;true;VSF Centre;96,64;212,61;120,8;;2436AGNGNV;false;2;R612 | R708;import;Doublon source consolide : controler quantites, prix et emplacements.
2436AGNMV1B;PARE-BRISE TEINTÉ VERT CAPTEUR DE PLUIE PLUIE BMW SÉRIE 3 4 PORTES COFFRE 98-01MO 2.60;PARE BRISE;Pare-brise;;product;true;true;INVENTAIRE;133,8;294,36;133,8;51318257930;2436AGNMV1B;false;1;R323;import;Rapprochement Odoo par default_code a effectuer.
2436AGNV;PB VT BMW SERIE 3 E46 BNE/BK 98-05;PARE BRISE;Pare-brise;;product;true;true;VSF Centre;82,1;180,62;102,63;;2436AGNV;true;10;R322 | R405 | R433 | R808 | R133 | R736 | R217 | R705 | R634;import;Doublon source consolide : controler quantites, prix et emplacements. EUROCODE INTERNE diverge de EUROCODE : arbitrage RPBM requis sur la reference qui fait foi.
2436ASMS;JC PB BMW SERIE 3 E46 BNE/BK 98-05;JOINTS;Joint;;product;true;true;VSF Centre;10,5;23,1;13,13;;2436ASMS;true;15;R322 | R334 | R405 | JT019 | R133 | R612 | Carton | J10B | R130 | JT023 | J5F | J6B | J9F | J11F;import;Doublon source consolide : controler quantites, prix et emplacements. EUROCODE INTERNE diverge de EUROCODE : arbitrage RPBM requis sur la reference qui fait foi.
2436LGNS4FD;DESC AVG VT BMW SIE 3E46 4P        98-05;GLACES LATERALES;Glace laterale;;product;true;true;VSF Centre;32,41;71,3;40,51;;2436LGNS4FD;false;1;Centre;import;Rapprochement Odoo par default_code a effectuer.
2436RGNS4FD;DESC AVD VT BMW SIE 3E46 4P        98-05;GLACES LATERALES;Glace laterale;;product;true;true;VSF Centre;39,4;86,68;49,25;;2436RGNS4FD;false;1;Centre;import;Rapprochement Odoo par default_code a effectuer.
2437ACCGNMV1B;PB REFL.DEGR+CAPT.SIE3 E46 CPE 98-05;PARE BRISE;Pare-brise;;product;true;true;A+ Glass;239;239;239;;2437ACCGNMV1B;false;2;R123 | R711;import;Doublon source consolide : controler quantites, prix et emplacements.
2437ACCGNMV6T;PARE-BRISE ATHERMIQUE TEINTÉ VERT SÉRIE 3 COUPÉ ET CABRIOLET CAPTEUR DE PLUIE 01-06MO 2.80;PARE BRISE;Pare-brise;;product;true;true;INVENTAIRE;226,01;497,22;226,01;;2437ACCGNMV6T;false;1;R107;import;Rapprochement Odoo par default_code a effectuer.
2437AGNGNMV1B;PARE-BRISE TEINTÉ VERT DÉGRADÉ VERT SÉRIE 3 COUPÉ ET CABRIOLET CAPTEUR DE PLUIE 99-01MO 2.70;PARE BRISE;Pare-brise;;product;true;true;INVENTAIRE;149,33;328,53;149,33;;2437AGNGNMV1B;false;1;R123;import;Rapprochement Odoo par default_code a effectuer.
2437AGNMV;PB VT BMW SIE 3 CPE/CAB CAPT 99-01;PARE BRISE;Pare-brise;;product;true;true;VSF Sud-Ouest;107,3;236,07;134,13;;2437AGNMV;false;1;R311;import;Rapprochement Odoo par default_code a effectuer.
2437AGNMV6T;PB VT BMW SIE 3 CPE/CAB+CAPT. 01-06;PARE BRISE;Pare-brise;;product;true;true;VSF Centre;103,65;228,03;129,56;;2437AGNMV6T;false;1;R123;import;Rapprochement Odoo par default_code a effectuer.
2437ASMC;JC PB BMW SERIE 3 E46 CPE/CABR 99-06;JOINTS;Joint;;product;true;true;VSF Centre;11,14;24,52;13,93;;2437ASMC;false;3;J010 | R311 | J9B;import;Doublon source consolide : controler quantites, prix et emplacements.
2437BGNCABGQW;LUN VT BMW E46 COUPE ANT  STOP   98-07;LUNETTES;Lunette;;product;true;true;VSF Centre;126,08;277,38;157,6;;2437BGNCABGQW;false;1;R902;import;Rapprochement Odoo par default_code a effectuer.
2437BSMC;JT LUN BMW SERIE 3 E46 CPE/CABR   99-06;JOINTS;Joint;;product;true;true;VSF Centre;15,24;33,53;19,05;;2437BSMC;false;1;J9D;import;Rapprochement Odoo par default_code a effectuer.
2437RGNC2FD;DESC AVD VT BWM SIE 3E46 CPE/CAB 99-06;GLACES LATERALES;Glace laterale;;product;true;true;VSF Centre;58,29;128,23;72,86;;;false;1;R837;import;Rapprochement Odoo par default_code a effectuer.
2439ACCGNMV1T;PB ATH VT BMW X5 E53+CAPT 02-06;PARE BRISE;Pare-brise;;product;true;true;VSF Centre;208;457,6;260;;2439ACCGNMV1T;false;1;Centre;import;Rapprochement Odoo par default_code a effectuer.
2439ACCGNV;PB ATHER VT BMW X5 E53             99-06;PARE BRISE;Pare-brise;;product;true;true;VSF Centre;192,58;423,67;240,72;;;false;1;R628;import;Rapprochement Odoo par default_code a effectuer.
2439ASMRT;JC SUP PB BMW X5 E53 99-06;JOINTS;Joint;;product;true;true;VSF Centre;9,6;21,12;12;;2439ASMRT;false;2;Centre | J9E;import;Doublon source consolide : controler quantites, prix et emplacements.
2439BYPRAW;LUN PRIVACY BMW X5 E53           99-06;LUNETTES;Lunette;;product;true;true;VSF Centre;167,3;368,07;209,13;;2439BYPRAW;false;3;Centre | R206 | R923;import;Doublon source consolide : controler quantites, prix et emplacements.
2439LGSR5RD;DESC ARG VT BMW X5             99-66;GLACES LATERALES;Glace laterale;;product;true;true;VSF Centre;37,83;83,23;47,29;;2439LGSR5RD;false;1;D2;import;Rapprochement Odoo par default_code a effectuer.
2440AGSV;PB VT BMW MINI BNE/CABRIO.         01-07;PARE BRISE;Pare-brise;;product;true;true;VSF Centre;60;132;75;;2440AGSV;false;3;R121 | Centre | R325;import;Doublon source consolide : controler quantites, prix et emplacements.
2440AKCHB1F;AGRAFES INF.PB MINI BNE/CABRIO 01-;JOINTS;Joint;;product;true;true;VSF Centre;4,75;10,45;5,94;;2440AKCHB1F;false;3;R121 | Centre;import;Doublon source consolide : controler quantites, prix et emplacements.
2440AKCHS1F;AGRAFES LAT PB MINI BNE/CABRIO 01-;JOINTS;Joint;;product;true;true;VSF Centre;5,22;11,48;6,52;;2440AKCHS1F;false;2;JDESSUS | JT007;import;Doublon source consolide : controler quantites, prix et emplacements.
2440AKMH1G;JCS PB KIT COMPLET MINI BNE/CABRIO  01-;JOINTS;Joint;;product;true;true;VSF Centre;89,38;196,64;111,73;;2440AKMH1G;false;1;Dépôt 2;import;Rapprochement Odoo par default_code a effectuer.
2440ASMHL;JC GAUCHE PB MINI BNE/CABRIO   01-;JOINTS;Joint;;product;true;true;VSF Centre;21,6;47,52;27;;2440ASMHL;false;1;JT007;import;Rapprochement Odoo par default_code a effectuer.
2440ASMHR;JC DROIT PB MINI BNE/CABRIO   01-;JOINTS;Joint;;product;true;true;VSF Centre;24;52,8;30;;2440ASMHR;false;1;JT007;import;Rapprochement Odoo par default_code a effectuer.
2440ASMHT1H;JC SUP PB BMW MINI BNE/CABRIO   01-;JOINTS;Joint;;product;true;true;VSF Centre;3,6;7,92;4,5;;2440ASMHT1H;false;2;R121 | JT007;import;Doublon source consolide : controler quantites, prix et emplacements.
2440RGSH3FD;DESC AVD VT BMW MINI BNE/CABR   00-07;GLACES LATERALES;Glace laterale;;product;true;true;VSF Centre;24,85;54,67;31,06;;2440RGSH3FD;false;1;Centre;import;Rapprochement Odoo par default_code a effectuer.
2442AGSV;PB VT BMW SERIE 3E46 COMPACT   01-04;PARE BRISE;Pare-brise;;product;true;true;VSF Centre;77,52;170,54;96,9;;2442AGSV;false;1;R315;import;Rapprochement Odoo par default_code a effectuer.
2442ASMH;JC PB BMW E46 COMPACT            01-04;JOINTS;Joint;;product;true;true;VSF Centre;15,12;33,26;18,9;2242ASMH;2442ASMH;false;1;R315;import;Rapprochement Odoo par default_code a effectuer.
2442LGSH3RQOZ;CUSTODE ARRIÈRE GAUCHE OUVRANT(E) TEINTÉ VERT SÉRIE 3E46 COMPACT 01-04;PARE BRISE;Pare-brise;;product;true;true;AAAM;221,9;221,9;221,9;;2442LGSH3RQOZ;false;1;Centre;import;Rapprochement Odoo par default_code a effectuer.
2445AGSGNMV6T;PB VTVT SIE 5 E60+CAPTEUR ROND 07-10;PARE BRISE;Pare-brise;;product;true;true;VSF Centre;119,2;262,24;149;;2445AGSGNMV6T;false;1;R328;import;Rapprochement Odoo par default_code a effectuer.
2445AGSMV;PB VT BMW SERIE 5 E60  CAPT   03-07;PARE BRISE;Pare-brise;;product;true;true;VSF Centre;134,06;294,92;167,57;;;false;1;R403;import;Rapprochement Odoo par default_code a effectuer.
2445AGSMV6T;PB VT SERIE 5E60 CAPTEUR  ROND 07-10;PARE BRISE;Pare-brise;;product;true;true;VSF Centre;117,69;258,91;147,11;;2445AGSMV6T;false;1;Centre;import;Rapprochement Odoo par default_code a effectuer.
2445AKCSS;AGRAFES KIT PB SERIE 5 E60/61  04-10;JOINTS;Joint;;product;true;true;VSF Centre;3,16;6,95;3,16;;2445AKCSS;false;1;Centre;import;Rapprochement Odoo par default_code a effectuer.
2445ASMST;JC SUP PB BMW SERIE 5 E60          03-10;PARE BRISE;Pare-brise;;product;true;true;VSF Centre;9,06;19,92;11,32;;2445ASMST;false;2;Centre | J10E;import;Doublon source consolide : controler quantites, prix et emplacements.
2446ACCGNMOV1B;PB ATH.VT BMW SIE 6 CPE/CAB.+DDPL 04-10;PARE BRISE;Pare-brise;;product;true;true;VSF Centre;183,2;403,04;229;;2446ACCGNMOV1B;false;1;R310;import;Rapprochement Odoo par default_code a effectuer.
2446AGNMV1B;PB VT BMW SIE 6 CPE/CABR.+DDPL 04-10;PARE BRISE;Pare-brise;;product;true;true;VSF Centre;180;396;225;;2446AGNMV1B;false;1;R431;import;Rapprochement Odoo par default_code a effectuer.
2446AGSMV1B;PB VT BMW SIE 6 CPE/CABR CAPT 04-10;PARE BRISE;Pare-brise;;product;true;true;VSF Centre;202,38;445,24;252,98;;2446AGSMV1B;false;2;R626 | R729;import;Doublon source consolide : controler quantites, prix et emplacements.
2446ASMC;JC PB BMW SERIE 6 CPE/CABR     04-11;JOINTS;Joint;;product;true;true;VSF Centre;23,2;51,04;29;;2446ASMC;false;4;R431 | R310 | J4B | GENIPA;import;Doublon source consolide : controler quantites, prix et emplacements.
2446BGSCABZ;LUN VT BMW SERIE 6 COUPE          03-10;LUNETTES;Lunette;;product;true;true;VSF Centre;208,94;459,66;261,17;;;false;1;R424;import;Rapprochement Odoo par default_code a effectuer.
2447ACCGNMV1B;PB REFL VT SIE 3E90 BNE/E91 BK CAP 05-12;PARE BRISE;Pare-brise;;product;true;true;VSF Centre;173,06;380,74;216,33;;2447ACCGNMV1B;false;1;R427;import;Rapprochement Odoo par default_code a effectuer.
2447AGNMV1B;PB VT BMW SERIE E90 BNE/BK+CAPT  05-12;PARE BRISE;Pare-brise;;product;true;true;VSF Centre;98,4;216,48;123;;2447AGNMV1B;false;13;R306 | R324 | R622 | R210 | R318 | R428 | R630 | R637 | R627 | R636 | R609 | R304;import;Doublon source consolide : controler quantites, prix et emplacements.
2447AGNV;PB VT BMW SERIE 3 E90 BNE/E91BK 05-12;PARE BRISE;Pare-brise;;product;true;true;VSF Centre;76;167,2;95;;2447AGNV;false;5;R306 | R330 | R314 | R428 | R524;import;Doublon source consolide : controler quantites, prix et emplacements.
2447AKCSS;AGR PB BMW SERIE 3 E90/91          05-12;JOINTS;Joint;;product;true;true;VSF Centre;7,38;16,23;9,22;;2447AKCSS;false;4;Centre | -;import;Doublon source consolide : controler quantites, prix et emplacements.
2447AKMS1F;JCS SUP   INF  PB BMW SIE 3 E90/91 05-12;JOINTS;Joint;;product;true;true;VSF Centre;13,51;29,73;16,89;;2447AKMS1F;false;4;J010 | J9C | JT001;import;Doublon source consolide : controler quantites, prix et emplacements.
2447ASMSB;JC INF.PB BMW SIE3 E90             05-12;JOINTS;Joint;;product;true;true;VSF Centre;4,64;10,21;5,8;;2447ASMSB;false;14;J002 | R330 | R314 | R135 | R428 | R324 | R622 | R210 | R318 | JT005 | J9G | J9C | J10B;import;Doublon source consolide : controler quantites, prix et emplacements.
2447ASMST;JC SUP PB BMW SIE3 E90             05-12;JOINTS;Joint;;product;true;true;VSF Centre;7,6;16,72;9,5;;2447ASMST;false;13;J002 | R330 | R314 | R135 | R428 | R324 | R622 | R210 | R318 | JT005 | J10E;import;Doublon source consolide : controler quantites, prix et emplacements.
2447BGDSABJW;LUN VT FONCEE SIE 3E90 BNE  ANT  05-12;LUNETTES;Lunette;;product;true;true;VSF Centre;156;343,2;195;;2447BGDSABJW;false;1;GENIPA;import;Rapprochement Odoo par default_code a effectuer.
2447BSMS;JCS LUN.BMW SIE3 E90 BNE 05-12;JOINTS;Joint;;product;true;true;PANTHER PRO;56;123,2;70;;2447BSMS;false;1;J4B;import;Rapprochement Odoo par default_code a effectuer.
2447LGNE5RD;DESC ARG VT BMW SERIE 3E90 BK 04-12;GLACES LATERALES;Glace laterale;;product;true;true;VSF Centre;39,98;87,96;49,98;;2447LGNE5RD;false;1;Centre;import;Rapprochement Odoo par default_code a effectuer.
2447LGNS4RD;DESC ARG VT BMW SERIE 3E90 BNE 04-12;GLACES LATERALES;Glace laterale;;product;true;true;VSF Centre;37,83;83,23;47,29;;2447LGNS4RD;false;1;Galléria;import;Rapprochement Odoo par default_code a effectuer.
2447RGNS4FD;DESC AVD VT BMW SERIE 3E90 BNE 04-12;GLACES LATERALES;Glace laterale;;product;true;true;VSF Centre;37,27;82;46,59;;2447RGNS4FD;false;1;Centre;import;Rapprochement Odoo par default_code a effectuer.
2448AGNGNMV1B;PB VTVT SIE 1E87 BNE/CAB CAP 04-11;PARE BRISE;Pare-brise;;product;true;true;VSF Centre;84,05;184,91;105,06;;2448AGNGNMV1B;false;4;CASSE | R709 | R636 | R515;import;Doublon source consolide : controler quantites, prix et emplacements.
2448AGNGYV;PB VTGY BMW SERIE 1 E87 BNE/CAB 04-11;PARE BRISE;Pare-brise;;product;true;true;VSF Centre;80,78;177,72;100,98;;2448AGNGYV;false;3;R232 | R429 | R735;import;Doublon source consolide : controler quantites, prix et emplacements.
2448AGNMV1B;PB VT BMW SIE 1E87 BNE/CAB+CAP.04-11;PARE BRISE;Pare-brise;;product;true;true;VSF Centre;99,56;219,03;131;;2448AGNMV1B;false;24;R225 | R112 | CASSE | R215 | R310 | R735 | R618 | R503 | R328 | R620 | R609 | R604 | R606 | R736 | GALLERIA | R126 | R636 | R623;import;Doublon source consolide : controler quantites, prix et emplacements.
2448AGNV;PB VT BMW SERIE 1 E87 BNE/CAB 04-11;PARE BRISE;Pare-brise;;product;true;true;VSF Centre;72;158,4;90;;2448AGNV;false;5;R317 | R311 | R511 | R231 | R636;import;Doublon source consolide : controler quantites, prix et emplacements.
2448ASDHB;JC FINITION MOUSSE SERIE 1 E87 04-11;JOINTS;Joint;;product;true;true;VSF Centre;14,98;32,95;18,72;;2448ASDHB;false;11;GENIPA | J10D | GALLERIA | J6B | JT001 | J10C | J108 | J10A;import;Doublon source consolide : controler quantites, prix et emplacements.
2448ASMH;JC PB BMW SERIE 1 + CAB 04-11;JOINTS;Joint;;product;true;true;VSF Ouest;10,63;23,39;13,99;;2448ASMH;false;32;R112 | R317 | Tringle | R429 | R735 | J9D | D2 Joints | JT034 | R311 | JT017 | Carton | JT022 | GENIPA | GALLERIA | J7D | J10D | J4D | J10 | J2D;import;Doublon source consolide : controler quantites, prix et emplacements.
2448ASMHB;JC INF.PB BMW SERIE 1/ X1 + CAB 04-11;JOINTS;Joint;;product;true;true;VSF Ouest;3,79;8,34;4,99;;2448ASMHB;false;23;R225 | R112 | R317 | J012 | R429 | J011 | JT008 | R735 | J10E | D2 Joints | Galléria | R311 | JT017 | Carton | J6B | J7A;import;Doublon source consolide : controler quantites, prix et emplacements.
2448BGDCAZ;LUN VT FONCEE SERIE 1 COUPE   04-11;LUNETTES;Lunette;;product;true;true;VSF Centre;164,82;362,6;206,02;;2448BGDCAZ;false;1;Caisse;import;Rapprochement Odoo par default_code a effectuer.
2448BGNCAZ;LUN VT BMW SERIE 1 COUPE         04-11;LUNETTES;Lunette;;product;true;true;VSF Centre;147,72;324,98;184,65;;2448BGNCAZ;false;3;R226 | R934 | R419;import;Doublon source consolide : controler quantites, prix et emplacements.
2448BGNHABJ2F;LUN VT SERIE 1 HAYON  ANT TV 04-11;LUNETTES;Lunette;;product;true;true;VSF Centre;100;220;125;;2448BGNHABJ2F;false;2;R924;import;Doublon source consolide : controler quantites, prix et emplacements.
2448LGNH3FD;DESC AVG VT SERIE 1E81 2/3PTES    04-11;GLACES LATERALES;Glace laterale;;product;true;true;VSF Centre;37,9;83,37;47,37;;2448LGNH3FD;false;2;R903 | GENIPA;import;Doublon source consolide : controler quantites, prix et emplacements.
2448LGNH5FD;DESC AVG VT SERIE 1E87 5PTES    04-11;GLACES LATERALES;Glace laterale;;product;true;true;VSF Centre;31,01;68,22;38,76;;2448LGNH5FD;false;2;Centre | Génipa;import;Doublon source consolide : controler quantites, prix et emplacements.
2448LGNH5RD;DESC ARG VT SERIE 1E87 5PTES    04-11;GLACES LATERALES;Glace laterale;;product;true;true;VSF Centre;23,2;51,04;29;;2448LGNH5RD;false;1;Centre;import;Rapprochement Odoo par default_code a effectuer.
2448LGNH5RV;DEFL.ARG VT SERIE 1E87 5PTES    04-11;GLACES LATERALES;Glace laterale;;product;true;true;VSF Centre;14,09;31;17,61;;2448LGNH5RV;false;1;Centre;import;Rapprochement Odoo par default_code a effectuer.
2448RGDH5RV;DEFL ARD VT FONCEE SIE 1E87 5P 04-11;GLACES LATERALES;Glace laterale;;product;true;true;VSF Centre;31,48;69,26;39,35;;2448RGDH5RV;false;1;T001;import;Rapprochement Odoo par default_code a effectuer.
2448RGNH3FD;DESC AVD VT SERIE 1E81 2/3PTES  04-11;GLACES LATERALES;Glace laterale;;product;true;true;VSF Centre;37,27;82;46,59;;2448RGNH3FD;false;1;Centre;import;Rapprochement Odoo par default_code a effectuer.
2448RGNH5FD;DESC AVD VT SERIE 1E87 5PTES    04-11;GLACES LATERALES;Glace laterale;;product;true;true;VSF Centre;31,94;70,28;39,93;;2448RGNH5FD;false;1;POSÉ;import;Rapprochement Odoo par default_code a effectuer.
2448RGNH5RV;DEFL.ARD VT SERIE 1E87 5PTES 04-11;GLACES LATERALES;Glace laterale;;product;true;true;VSF Centre;14,09;30,99;17,61;;2448RGNH5RV;false;1;Centre;import;Rapprochement Odoo par default_code a effectuer.
2449AGSGNMVW1B;PB VTVT BMW X3 + CAPT.PLUIE 04-10;PARE BRISE;Pare-brise;;product;true;true;VSF Centre;116;255,2;145;;2449AGSGNMVW1B;false;9;R109 | R434 | R206 | R613 | R836 | GALLERIA | R207 | R211 | R130;import;Doublon source consolide : controler quantites, prix et emplacements.
2449agsgnvw;2449agsgnvw;__VIDE__;Autres;;product;true;true;INVENTAIRE;;;;;;false;1;R122;import;Rapprochement Odoo par default_code a effectuer. PRIX RV absent : standard_price non calculable, phase de cout a exclure.
2449AGSMVW1B;PB VT BMW X3 E83 + CAPT.           04-10;PARE BRISE;Pare-brise;;product;true;true;VSF Centre;112;246,4;140;;2449AGSMVW1B;false;6;Centre | R228 | R305 | R326 | R427;import;Doublon source consolide : controler quantites, prix et emplacements.
2449AGSVW;PB VT BMW X3 E83                   04-10;PARE BRISE;Pare-brise;;product;true;true;VSF Centre;113,5;249,69;141,87;;2449AGSVW;false;1;R617;import;Rapprochement Odoo par default_code a effectuer.
2449AKCRS1F;AGR. PB BMW X3 04-10;JOINTS;Joint;;product;true;true;VSF Centre;4,76;10,47;5,95;;2449AKCRS1F;false;10;R109 | Centre | ??? | D2 | J9B | JT033;import;Doublon source consolide : controler quantites, prix et emplacements.
2449ASMRT;JC SUP PB BMW X3 04-10;JOINTS;Joint;;product;true;true;VSF Centre;14,62;32,16;18,27;;2449ASMRT;false;9;R109 | JT025 | J1E | Galléria | CASSE | J10G | J2A | J5F | J6C;import;Doublon source consolide : controler quantites, prix et emplacements.
2449BGSRAGI;LUN.VT BMW X3        04-10;LUNETTES;Lunette;;product;true;true;VSF Centre;132,8;292,16;166;;2449BGSRAGI;false;2;Centre;import;Doublon source consolide : controler quantites, prix et emplacements.
2449LGSR5FD;DESC AVG VT BMW X 3            05-10;GLACES LATERALES;Glace laterale;;product;true;true;VSF Centre;40,61;89,34;50,76;;2449LGSR5FD;false;1;R913;import;Rapprochement Odoo par default_code a effectuer.
2449RGPR5RD;DESC ARD VT PRIV BMW X3  03-10;GLACES LATERALES;Glace laterale;;product;true;true;VSF Centre;56,54;124,4;70,68;;2449RGPR5RD;false;1;Centre;import;Rapprochement Odoo par default_code a effectuer.
2449RGSR5RD;DESC ARD VT BMW X3  03-10;GLACES LATERALES;Glace laterale;;product;true;true;VSF Centre;25,56;56,23;31,95;;2449RGSR5RD;false;1;Centre;import;Rapprochement Odoo par default_code a effectuer.
2449RGSR5RQAZ;CUSTODE ARRIÈRE DROIT TEINTÉ VERT BMW X3  ANTENNE INTÉGRÉE 03-10MO 1.50;GLACES LATERALES;Glace laterale;;product;true;true;AAAM;399,38;399,38;399,38;;2449RGSR5RQAZ;false;1;Centre;import;Rapprochement Odoo par default_code a effectuer.
2452AGSMV1B;PB VT BMW X5 E70 +CAPT            06-09;PARE BRISE;Pare-brise;;product;true;true;VSF Centre;111,2;244,64;139;;2452AGSMV1B;false;2;R422 | GALLERIA;import;Doublon source consolide : controler quantites, prix et emplacements.
2452AKCRS;AGR.PB BMW X5 E70                06-13;JOINTS;Joint;;product;true;true;VSF Ouest;10,26;22,57;11,4;;2452AKCRS;false;1;???;import;Rapprochement Odoo par default_code a effectuer.
2452ASMRT;JC SUP PB BMW X5                  07-13;JOINTS;Joint;;product;true;true;VSF Centre;8,14;17,9;10,17;;2452ASMRT;false;2;R422 | GALLERIA;import;Doublon source consolide : controler quantites, prix et emplacements.
2452BGSRAW;LUN VT BMW X5 E70 ANT            06-13;LUNETTES;Lunette;;product;true;true;VSF Centre;176;387,2;220;;2452BGSRAW;false;1;R933;import;Rapprochement Odoo par default_code a effectuer.
2454AGSGYMV1B;PB VTGY BMW SIE3 COUPE E92+CAPT 06-13;PARE BRISE;Pare-brise;;product;true;true;VSF Centre;113,39;249,46;149,2;;2454AGSGYMV1B;false;12;R221 | R334 | R230 | Posé | R635 | R537 | R626 | R738 | R636 | R628 | R707;import;Doublon source consolide : controler quantites, prix et emplacements.
2454AGSGYV;PB VTGY BMW SIE3 COUPE E92  06-13;PARE BRISE;Pare-brise;;product;true;true;VSF Centre;98,78;217,31;123,47;;2454AGSGYV;false;1;R529;import;Rapprochement Odoo par default_code a effectuer.
2454ASMC;JC PB BMW SIE 3E92 COUPE    07-13;JOINTS;Joint;;product;true;true;VSF Ouest;14,44;31,77;19;;2454ASMC;false;14;J014 | Centre | R230 | Posé | Dépôt 2 | R537 | R626 | R529 | J9A | D2 | GALLERIA | J80 | J8D;import;Doublon source consolide : controler quantites, prix et emplacements. Variantes de casse/espacement fusionnees dans la source : 2454ASMC, 2454asmc.
2454ASMCB;JC INF.PB BMW SIE 3E93 CPE/CABRIO  07-13;JOINTS;Joint;;product;true;true;VSF Ouest;3,27;7,19;4,3;;2454ASMCB;false;11;R221 | J014 | R230 | Posé | D2 (Joints) | R537 | R626 | R529 | R739 | J7E | J3A;import;Doublon source consolide : controler quantites, prix et emplacements.
2454BGSCB;LUN VT BMW SERIE 3 E92 CPE   06-13;LUNETTES;Lunette;;product;true;true;VSF Centre;153,11;336,85;191,39;;2454BGSCB;false;1;Centre;import;Rapprochement Odoo par default_code a effectuer.
2454BSMC;JC LUN BMW SIE 3E92 COUPE    07-13;JOINTS;Joint;;product;true;true;VSF Centre;17,22;37,89;21,53;;2454BSMC;false;1;Centre;import;Rapprochement Odoo par default_code a effectuer.
2454LGSC2FDW;DESC AVG VT SIE 3 E92 COUPE 06-13;GLACES LATERALES;Glace laterale;;product;true;true;VSF Centre;46,78;102,92;58,48;;2454LGSC2FDW;false;1;GALLERIA;import;Rapprochement Odoo par default_code a effectuer.
2454RGSC2FDW;DESC AVD VT SIE 3 E92 COUPE 06-13;GLACES LATERALES;Glace laterale;;product;true;true;VSF Centre;46,78;102,92;58,48;;2454RGSC2FDW;false;1;R910;import;Rapprochement Odoo par default_code a effectuer.
2455AGSV;PB VT BMW MINI BNE/CABRIO        07-12;PARE BRISE;Pare-brise;;product;true;true;VSF Centre;52,12;114,66;65,15;;2455AGSV;false;2;R934 | R718;import;Doublon source consolide : controler quantites, prix et emplacements.
2455ASMHT;JC SUP PB MINI BNE/CAB/CLUBMAN 07-14;JOINTS;Joint;;product;true;true;VSF Centre;6,9;15,17;8,62;;2455ASMHT;false;3;JT002 | J7A | Galleria;import;Doublon source consolide : controler quantites, prix et emplacements. Variantes de casse/espacement fusionnees dans la source : 2455ASMHT, 2455asmht.
2455RGSH3FD;DESC AVD VT BMW MINI BNE/CABR 06-14;GLACES LATERALES;Glace laterale;;product;true;true;VSF Centre;29,82;65,6;37,27;;2455RGSH3FD;false;2;Centre | R929;import;Doublon source consolide : controler quantites, prix et emplacements.
2456AGSCMUV2T;PB VT BMW X6 E71 HUD CAPT CAM 08-14;PARE BRISE;Pare-brise;;product;true;true;VSF Centre;416;915,2;520;;2456AGSCMUV2T;false;1;R525;import;Rapprochement Odoo par default_code a effectuer.
2456AGSGYMV1T-PERDU;PB VTGY BMW X6 E71  CAPT           08-14;PARE BRISE;Pare-brise;;product;true;false;VSF Centre;165,07;363,15;165,07;;2456AGSGYMV1T-PERDU;false;1;PERDUE;exclusion_format_eurocode;Rapprochement Odoo par default_code a effectuer. EXCLUE DE L'IMPORT (decision RPBM du 2026-08-05, D3) : format d'eurocode suspect (annotation, code constructeur, texte libre). Sans x_studio_eurocode valide, la fiche serait invisible au widget rpbm_agent et non synchronisable. A reprendre a la main dans le fichier Excel si la reference doit exister.
2456ASMRT-PERDU;JC SUP PB BMW X6 E71             08-14;JOINTS;Joint;;product;true;true;VSF Centre;10,3;22,66;10,3;;2456ASMRT-PERDU;false;1;PERDUE;import;Rapprochement Odoo par default_code a effectuer.
2456ASMRT1H;JC SUP PB HUD  BMW X6 E71        08-14;JOINTS;Joint;;product;true;true;VSF Centre;33,04;72,69;41,3;;2456ASMRT1H;false;1;D2;import;Rapprochement Odoo par default_code a effectuer.
2456LGSR5FD;DESC AVG VT BMW X6 E71  08-14;GLACES LATERALES;Glace laterale;;product;true;true;VSF Centre;60,46;133,02;75,58;;2456LGSR5FD;false;1;GALLERIA;import;Rapprochement Odoo par default_code a effectuer.
2456LYPR5RV;DEFL ARG PRIVACY BMW X6 08-14;GLACES LATERALES;Glace laterale;;product;true;true;VSF Centre;36,98;81,36;46,23;;2456LYPR5RV;false;1;Centre;import;Rapprochement Odoo par default_code a effectuer.
2459BGDSAWZ1F;LUN VT FON BMW SIE 5 F60 BNE ANT 10-17;LUNETTES;Lunette;;product;true;true;VSF Centre;148,18;325,99;185,22;;2459BGDSAWZ1F;false;1;R631;import;Rapprochement Odoo par default_code a effectuer.
2459BGPSAWZ;LUN PRIVACY BMW SERIE 5 F10 ANT 10-17;LUNETTES;Lunette;;product;true;true;VSF Centre;135,2;297,44;169;;2459BGPSAWZ;false;1;Centre;import;Rapprochement Odoo par default_code a effectuer.
2460AGSGYMV1B;PB VTGY BMW X1 E84+ CAPT 10-15;PARE BRISE;Pare-brise;;product;true;true;VSF Centre;117,8;259,16;155;;2460AGSGYMV1B;false;9;R217 | R103 | R725 | R617 | R706 | R611 | R115 | R734;import;Doublon source consolide : controler quantites, prix et emplacements.
2460AGSGYV;PB VTGY BMW X1 E84                 10-15;PARE BRISE;Pare-brise;;product;true;true;VSF Centre;115,6;254,32;144,5;;2460AGSGYV;false;1;R606;import;Rapprochement Odoo par default_code a effectuer.
2460AGSMV1B;PB VT BMW X1 E84  CAPT            10-15;PARE BRISE;Pare-brise;;product;true;true;VSF Centre;146,69;322,71;183,36;;2460AGSMV1B;false;1;R628;import;Rapprochement Odoo par default_code a effectuer.
2460AGSV;PB VT BMW X1 E84                 10-15;PARE BRISE;Pare-brise;;product;true;true;VSF Centre;82,38;181,24;102,98;;2460AGSV;false;3;R616 | R319 | R211;import;Doublon source consolide : controler quantites, prix et emplacements.
2460ASMR;JC PB BMW X1 E84        09-15;JOINTS;Joint;;product;true;true;VSF Ouest;11,32;24,9;14,9;;2460ASMR;false;13;R217 | Centre | R103 | R616 | R725 | R617 | R611 | J10C | Galléria | JT005 | J5D | GALLERIA;import;Doublon source consolide : controler quantites, prix et emplacements.
2460ASMRB;JC INF.PB BMW X1 E84        09-15;JOINTS;Joint;;product;true;true;VSF Ouest;3,8;8,36;5;2448ASMHB;2460ASMRB;false;10;R217 | R103 | R725 | R617 | R706 | R611 | J9C | J1A | J10E;import;Doublon source consolide : controler quantites, prix et emplacements.
2460BGSRA;LUN VT BMW X1 ANT             09-15;LUNETTES;Lunette;;product;true;true;VSF Centre;118,57;260,85;148,21;;2460BGSRA;false;2;Centre | R935;import;Doublon source consolide : controler quantites, prix et emplacements.
2460LGNR5FD;DESC AVG VT BMW X1          09-15;GLACES LATERALES;Glace laterale;;product;true;true;VSF Centre;48,14;105,92;60,18;;2460LGNR5FD;false;1;Centre;import;Rapprochement Odoo par default_code a effectuer.
2460LGNR5RD;DESC ARG VT BMW X1          09-15;GLACES LATERALES;Glace laterale;;product;true;true;VSF Centre;35,09;77,19;43,86;;2460LGNR5RD;false;1;GALLERIA;import;Rapprochement Odoo par default_code a effectuer.
2460LGNR5RV;DEFL ARG VT BMW X1          09-15;GLACES LATERALES;Glace laterale;;product;true;true;VSF Centre;24,53;53,96;30,66;;2460LGNR5RV;false;1;D2;import;Rapprochement Odoo par default_code a effectuer.
2460RGNR5RV;DEFL ARD VT BMW X1          09-15;GLACES LATERALES;Glace laterale;;product;true;true;VSF Centre;24,53;53,96;30,66;;2460RGNR5RV;false;3;Centre | T302 | GALLERIA;import;Doublon source consolide : controler quantites, prix et emplacements.
2461AGNMUV;PB VT BMW SERIE 5GT HUD CAPT 09-12;PARE BRISE;Pare-brise;;product;true;true;VSF Centre;276,2;607,64;345,25;;2461AGNMUV;false;1;R520;import;Rapprochement Odoo par default_code a effectuer.
2461AKMH;JCS SUP D/G KIT PB BMW SERIE 5 GT   10-;JOINTS;Joint;;product;true;true;VSF Centre;35,94;79,08;44,93;;2461AKMH;false;1;J1A;import;Rapprochement Odoo par default_code a effectuer.
2461BGNHABW;LUN.VT BMW SERIE 5 GT+ANT 09-;LUNETTES;Lunette;;product;true;true;VSF Centre;135,2;297,44;169;;2461BGNHABW;false;1;Centre;import;Rapprochement Odoo par default_code a effectuer.
2462AGSMVWZ2B;PB VT MINI COUNTRYMAN +CAPT 10-12;PARE BRISE;Pare-brise;;product;true;true;VSF Centre;110,4;242,88;138;;2462AGSMVWZ2B;false;5;Centre | R101 | R620 | R701 | GENIPA;import;Doublon source consolide : controler quantites, prix et emplacements.
2462AGSVWZ3B;PB VT MINI COUNTRYMAN/PACEMAN  10-17;PARE BRISE;Pare-brise;;product;true;true;VSF Centre;95,49;210,07;119,36;;2462AGSVWZ3B;false;1;R802;import;Rapprochement Odoo par default_code a effectuer.
2462ASMHT;JC PB SUP MINI COUNTRYMAN      12-17;JOINTS;Joint;;product;true;true;VSF Centre;11,54;25,4;14,43;;2462ASMHT;false;1;JD5;import;Rapprochement Odoo par default_code a effectuer.
2463RGNT2FD;DESC AVD VT SERIE6 CABRIO F12 12-;GLACES LATERALES;Glace laterale;;product;true;true;VSF Centre;91,63;201,59;114,54;;2463RGNT2FD;false;1;Galléria;import;Rapprochement Odoo par default_code a effectuer.
2464ACCMUV6T;PB ATH BMW X3+CAPT.+HUD 12-;PARE BRISE;Pare-brise;;product;true;true;VSF Centre;256;563,2;256;;2464ACCMUV6T;false;1;Centre;import;Rapprochement Odoo par default_code a effectuer.
2464AGNMUV1B;PB VT BMW X3 F25 CAPT  HUD 10-12;PARE BRISE;Pare-brise;;product;true;true;VSF Centre;266,96;587,31;333,7;;2464AGNMUV1B;false;1;Centre;import;Rapprochement Odoo par default_code a effectuer.
2464AGNMV6B;PB VT BMW X3 F25  CAPT   12-13;PARE BRISE;Pare-brise;;product;true;true;VSF Centre;97,1;213,63;121,38;;2464AGNMV6B;false;2;CASSE | R228;import;Doublon source consolide : controler quantites, prix et emplacements.
2464ASDSB;JC FINITION MOUSSE BMW X3 F25 10-;JOINTS;Joint;;product;true;true;VSF Centre;7,14;15,72;8,93;;2464ASDSB;false;1;Centre;import;Rapprochement Odoo par default_code a effectuer.
2464ASMRT;JC SUP PB  BMW X3 F25       10-17;JOINTS;Joint;;product;true;true;VSF Centre;7,59;16,7;9,49;;2464ASMRT;false;3;J10E | Centre | J10G;import;Doublon source consolide : controler quantites, prix et emplacements. Variantes de casse/espacement fusionnees dans la source : 2464ASMRT, 2464asmrt.
2464BGNRA;LUN VT BMW X3 F25 ANT  10-17;LUNETTES;Lunette;;product;true;true;VSF Centre;122,62;269,76;153,27;;2464BGNRA;false;1;Centre;import;Rapprochement Odoo par default_code a effectuer.
2464LYPR5RV;DEFL ARG PRIVACY BMW X3 F25  10-17;GLACES LATERALES;Glace laterale;;product;true;true;VSF Centre;43,8;96,36;54,75;;2464LYPR5RV;false;1;T003;import;Rapprochement Odoo par default_code a effectuer.
2465AGSMV2P;PB VT BMW SERIE 3 F30 BNE+CAPT. 11-;PARE BRISE;Pare-brise;;product;true;true;VSF Centre;88,8;195,36;111;;2465AGSMV2P;false;4;R417 | R305 | R314 | R706;import;Doublon source consolide : controler quantites, prix et emplacements.
2465ASMST;JC SUP. PB BMW  SERIE 3 F30 BNE 11-;JOINTS;Joint;;product;true;true;VSF Centre;8,16;17,95;10,2;;2465ASMST;false;4;R417 | JT019 | JT008 | J4B;import;Doublon source consolide : controler quantites, prix et emplacements.
2467AGNGYMV2P;PB VTGY SERIE 1/2 F20/F23  CAPT 11-;PARE BRISE;Pare-brise;;product;true;true;VSF Centre;91,63;201,59;114,54;;2467AGNGYMV2P;false;10;R227 | R217 | Centre | R629 | R701 | R538 | R634 | R536 | R725;import;Doublon source consolide : controler quantites, prix et emplacements.
2467AGNMV2P;PB VT BMW SERIE 1 / 2 F20+CAPT.  11-;PARE BRISE;Pare-brise;;product;true;true;VSF Centre;84;184,8;105;;2467AGNMV2P;false;3;R422 | R415 | R407;import;Doublon source consolide : controler quantites, prix et emplacements.
2467AGNV;PB VT BMW SERIE 1 / 2 F20 / F23    11-21;PARE BRISE;Pare-brise;;product;true;true;VSF Centre;95,21;209,46;119,01;;2467AGNV;false;1;R634;import;Rapprochement Odoo par default_code a effectuer.
2467ASDHB;JC FINITION MOUSSE SERIE 1 / 2 F20 11- (2448ASDHB - JC FINITION MOUSSE SERIE 1 E87 04-11);JOINTS;Joint;;product;true;true;VSF Centre;16,58;36,48;20,73;;2467ASDHB;false;2;Centre | J9D;import;Doublon source consolide : controler quantites, prix et emplacements.
2467ASGH;JC PB BMW SERIE 1 / 2 F20   11-;JOINTS;Joint;;product;true;true;VSF Centre;7,2;15,84;9;;2467ASGH;false;9;R422 | Tringle | Centre | R629 | J9D | J10B | GALLERIA;import;Doublon source consolide : controler quantites, prix et emplacements.
2467BGNHAJ;LUN VT BMW SERIE 1 F20 5P ANT 11-19;LUNETTES;Lunette;;product;true;true;VSF Centre;103,2;227,04;129;;2467BGNHAJ;false;1;R924;import;Rapprochement Odoo par default_code a effectuer.
2467LGNH5FD;DESC AVG VT BMW SERIE 1 5P 11-19;GLACES LATERALES;Glace laterale;;product;true;true;VSF Centre;44,5;97,89;55,62;;2467LGNH5FD;false;1;R912;import;Rapprochement Odoo par default_code a effectuer.
2467LGNH5RVZ;DEFL ARG VT BMW SERIE 1 5P 11-19;GLACES LATERALES;Glace laterale;;product;true;true;VSF Centre;44;96,8;55;;;false;1;R837;import;Rapprochement Odoo par default_code a effectuer.
2467RGNH5RVZ;DEFL ARD VT BMW SERIE 1 5P 11-;GLACES LATERALES;Glace laterale;;product;true;true;Concess FR;77,15;169,73;77,15;;2467RGNH5RVZ;false;3;PAS REÇUE | Galléria | R912;import;Doublon source consolide : controler quantites, prix et emplacements.
2468AGSMV;PB VT BMW X4 F26   CAPT      14-18;PARE BRISE;Pare-brise;;product;true;true;VSF Centre;130,9;287,99;163,63;;;false;1;R728;import;Rapprochement Odoo par default_code a effectuer.
2468ASMRT;JC SUP  PB BMW X4 F26    14-18;JOINTS;Joint;;product;true;true;VSF Centre;7,29;16,03;9,11;;;false;1;J11C;import;Rapprochement Odoo par default_code a effectuer.
2468BGSRABZ;LUN VT BMW X4 F26  ANT     14-18;LUNETTES;Lunette;;product;true;true;VSF Centre;153,22;337,08;191,52;;;false;1;R423;import;Rapprochement Odoo par default_code a effectuer.
2468LGSR5FD;DESC AVG VT BMW X4 F26   14-18;GLACES LATERALES;Glace laterale;;product;true;true;VSF Centre;53,56;117,83;66,95;;;false;1;CARTON;import;Rapprochement Odoo par default_code a effectuer.
2468LGSR5RD;DESC ARG VT BMW X4 F26   14-18;GLACES LATERALES;Glace laterale;;product;true;true;VSF Centre;52,78;116,11;65,97;;;false;1;CARTON;import;Rapprochement Odoo par default_code a effectuer.
2468RGSR5FD;DESC AVD VT BMW X4 F26   14-18;GLACES LATERALES;Glace laterale;;product;true;true;VSF Centre;53,56;117,83;66,95;;;false;1;CARTON;import;Rapprochement Odoo par default_code a effectuer.
2468RGSR5RD;DESC ARD VT BMW X4 F26   14-18;GLACES LATERALES;Glace laterale;;product;true;true;VSF Centre;52,78;116,11;65,97;;;false;1;CARTON;import;Rapprochement Odoo par default_code a effectuer.
2469AGSMV2P;PB VT BMW SIE 3 GT CAPT      13-20;PARE BRISE;Pare-brise;;product;true;true;VSF Centre;107,82;237,21;134,78;;;false;1;R404;import;Rapprochement Odoo par default_code a effectuer.
2469ASGHT;JC SUP PB BMW SIE3 GT F34        13-20;JOINTS;Joint;;product;true;true;VSF Centre;10,44;22,97;13,05;;;false;1;J10E;import;Rapprochement Odoo par default_code a effectuer.
2470BYPH;LUN PRIVACY BMW I3          13-;LUNETTES;Lunette;;product;true;true;VSF Centre;127,2;279,84;159;;2470BYPH;false;1;R922;import;Rapprochement Odoo par default_code a effectuer.
2471AGSCMUV3P;PB VT SERIE 4 F32/36 CAP CAM HUD 13-20;PARE BRISE;Pare-brise;;product;true;true;VSF Centre;238,78;525,32;298,48;;;false;1;R416;import;Rapprochement Odoo par default_code a effectuer.
2471AGSCMV3P;PB VT BMW SERIE 4 F32/F36  CAPT CAM 13-;PARE BRISE;Pare-brise;;product;true;true;VSF Centre;125,42;275,92;156,77;;2471AGSCMV3P;false;1;R725;import;Rapprochement Odoo par default_code a effectuer.
2471ASMCT;JC SUP PB BMW SERIE 4 F32/F36 13-20;JOINTS;Joint;;product;true;true;VSF Centre;6,48;14,26;8,1;;2471ASMCT;false;2;J10E | J2F;import;Doublon source consolide : controler quantites, prix et emplacements.
2473AGCCMV1P;PARE-BRISE TEINTÉ VERT BMW X5 F15 CAPTEUR DE PLUIE CAMÉRA(S) 13-18MO 2.00;PARE BRISE;Pare-brise;;product;true;true;AAAM;1321,08;1321,08;1321,08;;2473AGCCMV1P;false;2;R706 | R501;import;Doublon source consolide : controler quantites, prix et emplacements.
2473asmrt;2473asmrt;__VIDE__;Autres;;product;true;true;INVENTAIRE;;;;;;false;1;J10C;import;Rapprochement Odoo par default_code a effectuer. PRIX RV absent : standard_price non calculable, phase de cout a exclure.
2474AGNMVZ6C;PB VT BMW MINI F55/56 3/5P CABR CAPT 14-;PARE BRISE;Pare-brise;;product;true;true;VSF Centre;97,1;213,63;121,38;;2474AGNMVZ6C;false;4;Centre | R930 | R934 | R808;import;Doublon source consolide : controler quantites, prix et emplacements.
2474AGNVZ1M;PB VT BMW MINI F55/56 3/5P CABR 14-;PARE BRISE;Pare-brise;;product;true;true;VSF Centre;106,92;235,22;133,65;;2474AGNVZ1M;false;2;CASSE | R737;import;Doublon source consolide : controler quantites, prix et emplacements.
2474ASDSB;JC FINITION MOUSSE MINI F56 14-;JOINTS;Joint;;product;true;true;VSF Centre;14,98;32,95;18,72;;2474ASDSB;false;1;J10D;import;Rapprochement Odoo par default_code a effectuer.
2474ASGHT1H;JC SUP PB MINI F55  5P     14-;JOINTS;Joint;;product;true;true;VSF Centre;5,48;12,06;6,85;;2474ASGHT1H;false;1;J10D;import;Rapprochement Odoo par default_code a effectuer.
2474ASMHT;JC SUP PB MINI F55/56 3/5P CABR  14-;JOINTS;Joint;;product;true;true;VSF Centre;6,53;14,36;8,16;;2474ASMHT;false;3;Centre | JD5 | J9C;import;Doublon source consolide : controler quantites, prix et emplacements.
2474BGNHAB6M;LUN VT BMW MINI F55 5P     14-24;LUNETTES;Lunette;;product;true;true;VSF Centre;86,46;190,22;108,08;;;false;1;GALLERIA;import;Rapprochement Odoo par default_code a effectuer.
2474LGNH5FD;DESC AVG VT BMW MINI F55 5P     14-;GLACES LATERALES;Glace laterale;;product;true;true;VSF Centre;47,6;104,72;59,5;;2474LGNH5FD;false;1;R915;import;Rapprochement Odoo par default_code a effectuer.
2475AGAMUV3P;PB VT SERIE 4 F33 CABRIO CAPT HUD 13-21;PARE BRISE;Pare-brise;;product;true;true;VSF Centre;271,72;597,78;339,65;;2475AGAMUV3P;false;3;CASSE | R620;import;Doublon source consolide : controler quantites, prix et emplacements.
2475ASGTT;JC SUP PB BMW SIE 4 F33 CABRIO 14-21;JOINTS;Joint;;product;true;true;VSF Centre;7,66;16,86;9,58;;2475ASGTT;false;1;JT10C;import;Rapprochement Odoo par default_code a effectuer.
2478ACDCMV;PB REFL ACO X6 II F16 CAPT LDW 14-;PARE BRISE;Pare-brise;;product;true;true;VSF Centre;164,82;362,6;206,02;;2478ACDCMV;false;1;R408;import;Rapprochement Odoo par default_code a effectuer.
2478AGACMV;PB VT ACO X6 II F16 CAPT LDW 14-;PARE BRISE;Pare-brise;;product;true;true;VSF Centre;158,89;349,55;198,61;;2478AGACMV;false;1;R534;import;Rapprochement Odoo par default_code a effectuer.
2478ASGRT;JC SUP PB BMW X6 II F16       14-;JOINTS;Joint;;product;true;true;VSF Centre;9,6;21,12;12;;2478ASGRT;false;2;R408 | R534;import;Doublon source consolide : controler quantites, prix et emplacements.
2480AGACMVZ;PB VT AC BMW X2  CAPT LDW 17-;PARE BRISE;Pare-brise;;product;true;true;VSF Centre;155,78;342,71;194,72;;2480AGACMVZ;false;1;Centre;import;Rapprochement Odoo par default_code a effectuer.
2482AGACMUVZ;PB VT AC BMW X1 CAPT CAM HUD  15-;PARE BRISE;Pare-brise;;product;true;true;VSF Centre;256,1;563,41;320,12;;2482AGACMUVZ;false;1;R511;import;Rapprochement Odoo par default_code a effectuer.
2482AGACMVZ;PB VT AC.BMW X1 F48 +CAPT+LDW  15-;PARE BRISE;Pare-brise;;product;true;true;VSF Centre;135,2;297,44;169;;2482AGACMVZ;false;15;R430 | R419 | Centre | R528 | R636 | CASSE | R538 | R428 | R726 | R412 | R410 | R529 | R635;import;Doublon source consolide : controler quantites, prix et emplacements.
2482ASDHB;JC FINITION MOUSSE BMW X1 15-;JOINTS;Joint;;product;true;true;VSF Centre;16,1;35,41;20,12;;2482ASDHB;false;4;Centre | R419 | R528;import;Doublon source consolide : controler quantites, prix et emplacements.
2482ASGRT;JC SUP BMW X1 15-;JOINTS;Joint;;product;true;true;VSF Centre;11,06;24,32;13,82;;2482ASGRT;false;9;Centre | R528 | JT002 | J4B | J10D | J4A | J10C | J4G | J11G;import;Doublon source consolide : controler quantites, prix et emplacements.
2482LGSR5RVWZ;DÉFLECTEUR ARRIÈRE GAUCHE TEINTÉ VERT BMW X1 F48          15-MO 1.50;GLACES LATERALES;Glace laterale;;product;true;true;AAAM;91,53;91,53;91,53;;2482LGSR5RVWZ;false;1;Galléria;import;Rapprochement Odoo par default_code a effectuer.
2482LYPR5RVWZ;DEFL ARG PRIV BMW X1 F48       15-22;GLACES LATERALES;Glace laterale;;product;true;true;VSF Centre;184;404,8;230;;;false;1;R903;import;Rapprochement Odoo par default_code a effectuer.
2482RGSR5FD;DESC AVD VT BMW X1             15-;GLACES LATERALES;Glace laterale;;product;true;true;VSF Centre;44,07;96,96;55,09;;2482RGSR5FD;false;1;R222;import;Rapprochement Odoo par default_code a effectuer.
2482RYPR5RVWZ;DÉFLECTEUR ARRIÈRE DROIT PRIVACY (NOIR) BMW X1 F48 15-MO 1.50;GLACES LATERALES;Glace laterale;;product;true;true;AAAM;134,08;134,08;134,08;;2482RYPR5RVWZ;false;2;Centre | T001;import;Doublon source consolide : controler quantites, prix et emplacements.
2484AGSCMVZ;PB VT MINI COUNTRYMAN  CAPT LDW 17-;PARE BRISE;Pare-brise;;product;true;true;VSF Centre;121,58;267,48;151,98;;2484AGSCMVZ;false;4;CASSE | Centre | R725 | GALLERIA;import;Doublon source consolide : controler quantites, prix et emplacements.
2487AGACMUVZ1L;PB  VERT AC BMW IX3  CAPTEUR DE PLUIE CAMÉRA;PARE BRISE;Pare-brise;;product;true;true;BCAM;1027,76;1027,76;1027,76;;2487AGACMUVZ1L;false;1;GENIPA;import;Rapprochement Odoo par default_code a effectuer.
2487AGACMVZ2L;PB VT AC BMW IX3  CAPT 3 CAM  22-;PARE BRISE;Pare-brise;;product;true;true;VSF Centre;171,55;377,4;225,72;;;false;1;R429;import;Rapprochement Odoo par default_code a effectuer.
2487ASGRT;JC SUP PB BMW X3 G01 17-;JOINTS;Joint;;product;true;true;VSF Centre;6,08;13,38;8;;;false;1;J8A;import;Rapprochement Odoo par default_code a effectuer.
2488BYPRABZ;PRIVLUN  BMW X4 G02 ANT 18-;LUNETTES;Lunette;;product;true;true;VSF Centre;211,43;465,15;264,29;;;false;1;GALLERIA;import;Rapprochement Odoo par default_code a effectuer.
2496AGACMVZ;PB VT ACO BMW SIE 1 F40  CAPT CAM  19-24;PARE BRISE;Pare-brise;;product;true;true;VSF Centre;119,2;262,24;149;;;false;1;R827;import;Rapprochement Odoo par default_code a effectuer.
2496LGSH5FD;DESC AVG VT BMW SERIE 1 F40    19-;GLACES LATERALES;Glace laterale;;product;true;true;VSF Centre;50,85;111,87;63,56;;;false;1;R837;import;Rapprochement Odoo par default_code a effectuer.
260103547R;PHARE AVD RENAULT CLIO III 05 - 09;PHARES;Autres;Optique;product;true;true;maRTINIQUE AUTO;331,67;729,68;436,41;;260103547R;false;1;GALLERIA;import;Rapprochement Odoo par default_code a effectuer.
265557200R;FEU ARG;FEU;Autres;Optique;product;true;true;MARTINIQUE AUTO;334,51;334,51;334,51;;265557200R;false;1;GALLERIA;import;Rapprochement Odoo par default_code a effectuer.
2678145;OPTIQUE AVG;OPTIQUE;Autres;Optique;product;true;true;Centre autos;775,09;775,09;968,86;;;false;1;GENIPA;import;Rapprochement Odoo par default_code a effectuer.
2714AGN1C;PB VT CITROEN VISA/C15         78-08;PARE BRISE;Pare-brise;;product;true;true;VSF Centre;44,88;98,74;56,1;;2714AGN1C;false;2;R311 | R211;import;Doublon source consolide : controler quantites, prix et emplacements.
2714ASRH;JT PB CITROEN VISA/C15       78-08;JOINTS;Joint;;product;true;true;VSF Centre;19,86;43,7;24,83;;2714ASRH;false;1;Tringle;import;Rapprochement Odoo par default_code a effectuer.
2717AGN1C;PB VT CITROEN AX                   87-96;PARE BRISE;Pare-brise;;product;true;true;VSF Centre;47,91;105,41;59,89;;2717AGN1C;false;3;R704 | R632 | R635;import;Doublon source consolide : controler quantites, prix et emplacements.
2717ASMH;JC PB CITROEN AX  87-96;JOINTS;Joint;;product;true;true;VSF Centre;6,44;14,17;8,05;;2717ASMH;false;4;Centre | R704 | R632 | J5B;import;Doublon source consolide : controler quantites, prix et emplacements.
2719AGN;PB VT CITROEN ZX                   91-98;PARE BRISE;Pare-brise;;product;true;true;VSF Centre;45,47;100,04;56,84;;2719AGN;false;1;R220;import;Rapprochement Odoo par default_code a effectuer.
2719AKMH;JC CALES PB KIT COMPLET CITROEN ZX 91-98;JOINTS;Joint;;product;true;true;VSF Centre;18,96;41,71;23,7;;2719AKMH;false;1;Carton Joints;import;Rapprochement Odoo par default_code a effectuer.
2724ACC1P;PB REFL  BERLINGO/PARTNER       96-08;PARE BRISE;Pare-brise;;product;true;true;VSF Centre;100,69;221,51;125,86;;2724ACC1P;false;10;R221 | R214 | R105 | Centre | R113 | CASSE | R511 | R635 | R606 | R128;import;Doublon source consolide : controler quantites, prix et emplacements.
2724ACCM6T;PB REFL BERLINGO/PARTNER CAPT  96-08;PARE BRISE;Pare-brise;;product;true;true;VSF Centre;121,72;267,78;152,15;;2724ACCM6T;false;1;Génipa;import;Rapprochement Odoo par default_code a effectuer.
2724AGS1P;PB VT BERLINGO / PARTNER 96-08;PARE BRISE;Pare-brise;;product;true;true;VSF Centre;42,17;92,77;55,49;6537A;2724AGS1P;false;27;R131 | R129 | R129 - R131 | CASSE | R214 | Dépôt 2 | R617 | R635 | R709 | R712 | R422 | R519 | R321 | R609 | R310 | R312 | R630 | R502 | R710 | R523 | R714;import;Doublon source consolide : controler quantites, prix et emplacements.
2724AKMV1H;JC SOUPLE CALES KIT PB PARTNER/BERLINGO;JOINTS;Joint;;product;true;true;VSF Centre;14,36;31,59;17,95;;2724AKMV1H;false;26;D2 (Joints) | R221 | R214 | R105 | R113 | R621 | GALLERIA | Génipa | R635 | J1D | R709 | JT007 | J10B | J9B | JT024 | JT014 | J5B | J10D | J1B;import;Doublon source consolide : controler quantites, prix et emplacements.
2724AKMV1H9;VO - JC SOUPLE+C. KIT PB PARTNER/BERLING;JOINTS;Joint;;product;true;true;VSF Ouest;13,38;29,44;17,6;6537A;2724AKMV1H9;false;5;R131 | R129;import;Doublon source consolide : controler quantites, prix et emplacements.
2724BCLVLU;LUN CL GCHE NON CH BERLINGO/PARTNER;LUNETTES;Lunette;;product;true;true;VSF Centre;34,08;74,98;42,6;;2724BCLVLU;false;1;R904;import;Rapprochement Odoo par default_code a effectuer.
2724BCLVR;LUN CL DR CH BERLINGO/PARTNER   96-08;LUNETTES;Lunette;;product;true;true;VSF Centre;33,72;74,18;42,15;;2724BCLVR;false;1;R915;import;Rapprochement Odoo par default_code a effectuer.
2724BGNV;LUN VT HAYON BERLINGO/PARTNER   96-08;LUNETTES;Lunette;;product;true;true;VSF Centre;67,91;149,41;84,89;;2724BGNV;false;1;R307;import;Rapprochement Odoo par default_code a effectuer.
2724BGNVL;LUN VT ARG CHAUF  BERLINGO     96-08;LUNETTES;Lunette;;product;true;true;VSF Centre;39,98;87,96;49,98;;2724BGNVL;false;4;Centre | R234;import;Doublon source consolide : controler quantites, prix et emplacements.
2724BGNVLU;LUN VT GAUCH BERLINGO/PARTNER NON CHAUF;LUNETTES;Lunette;;product;true;true;VSF Centre;32,22;70,89;40,28;;2724BGNVLU;false;1;Centre;import;Rapprochement Odoo par default_code a effectuer.
2724BGNVRU;LUN VT DROITE BERLINGO/PARTNER NON CH;LUNETTES;Lunette;;product;true;true;VSF Centre;32,22;70,89;40,28;8744G9;2724BGNVRU;false;2;Centre | Rack Bidons Droite;import;Doublon source consolide : controler quantites, prix et emplacements.
2724LGNV2FD;DESC AVG VT BERLINGO/PARTNER     96-08;GLACES LATERALES;Glace laterale;;product;true;true;VSF Centre;28,09;61,79;35,11;;2724LGNV2FD;false;3;Centre | R910;import;Doublon source consolide : controler quantites, prix et emplacements.
2724RGNV2FD;DESC AVD VT BERLINGO/PARTNER     96-08;GLACES LATERALES;Glace laterale;;product;true;true;VSF Centre;28,17;61,97;35,21;;2724RGNV2FD;false;1;R907;import;Rapprochement Odoo par default_code a effectuer.
2724RGNV4RDOW;GL PORT COUL ARD OUV VT BERLI/PART 96-08;GLACES LATERALES;Glace laterale;;product;true;true;VSF Centre;34,35;75,57;42,94;;2724RGNV4RDOW;false;3;Centre | R903 | GENIPA;import;Doublon source consolide : controler quantites, prix et emplacements.
2725ACCMV6T;PB REFL.XSARA+CAPT.PLUIE/LUMIE 01-04;PARE BRISE;Pare-brise;;product;true;true;VSF Centre;107,46;236,42;134,33;;2725ACCMV6T;false;2;R410 | R727;import;Doublon source consolide : controler quantites, prix et emplacements.
2725ACCV1B;PB REFL CITROEN XSARA   97-04;PARE BRISE;Pare-brise;;product;true;true;VSF Centre;80,78;177,72;100,98;;2725ACCV1B;false;1;R115;import;Rapprochement Odoo par default_code a effectuer.
2725AGSV1B;PB VT CITROEN XSARA                97-04;PARE BRISE;Pare-brise;;product;true;true;VSF Centre;46,23;101,71;57,79;;2725AGSV1B;false;1;R733;import;Rapprochement Odoo par default_code a effectuer.
2725AKMHT;JC+CALES KIT PB COMP. XSARA  97-04;JOINTS;Joint;;product;true;true;VSF Centre;7,66;16,84;9,57;;2725AKMHT;false;5;R410 | R115 | J6C | R727 | J4A;import;Doublon source consolide : controler quantites, prix et emplacements.
2725BGNHZ;LUN.VT CITROEN XSARA BNE 3/5P 97-04;LUNETTES;Lunette;;product;true;true;MPB;168;168;168;;2725BGNHZ;false;2;Centre;import;Doublon source consolide : controler quantites, prix et emplacements.
2725RGNH5FD;DESC AVD VT XSARA 5P/BK   97-04;GLACES LATERALES;Glace laterale;;product;true;true;VSF Centre;45,98;101,15;57,47;;;false;1;R912;import;Rapprochement Odoo par default_code a effectuer.
2725RGNH5RD;DESC ARD VT XSARA BNE 5P   97-02;GLACES LATERALES;Glace laterale;;product;true;true;VSF Centre;30,66;67,46;38,33;;2725RGNH5RD;false;1;Centre;import;Rapprochement Odoo par default_code a effectuer.
2726ACCMV1B;PB REFL.CITROEN C3 +CAPT           03-09;PARE BRISE;Pare-brise;;product;true;true;VSF Centre;151,2;317,52;189;;2726ACCMV1B;false;1;R203;import;Rapprochement Odoo par default_code a effectuer.
2726AGSMV1B;PB VT CITROEN C3 3/5P+CAPT    02-09;PARE BRISE;Pare-brise;;product;true;true;VSF Centre;82,58;181,68;103,23;;2726AGSMV1B;false;2;R601 | R638;import;Doublon source consolide : controler quantites, prix et emplacements.
2726AGSMV1B-O;PARE-BRISE TEINTÉ VERT CITROEN C3 3 ET 5 PORTES CAPTEUR DE PLUIE 02-09MO 1,80;PARE BRISE;Pare-brise;;product;true;true;Occcasion;;;;;2726AGSMV1B-O;false;1;R502;import;Rapprochement Odoo par default_code a effectuer. PRIX RV absent : standard_price non calculable, phase de cout a exclure.
2726AGSV;PB VT CITROEN C3 3/5P 02-09;PARE BRISE;Pare-brise;;product;true;true;VSF Centre;60,72;133,58;79,9;;2726AGSV;false;28;R117 | R124 - R117 | R227 | R129 | R430 | R128 | R204 | R323 | R208 | R109 | R320 | R627 | Génipa | R601 | R612 | Caisse D2 | R715 | R224 | R709 | R734 | R702 | CASSE | R738 | R729 | R605;import;Doublon source consolide : controler quantites, prix et emplacements.
2726AGSV-PERDU;PB VT CITROEN C3 3/5P              02-09;PARE BRISE;Pare-brise;;product;true;true;VSF Centre;67,17;147,77;83,96;;2726AGSV-PERDU;false;1;PERDUE;import;Rapprochement Odoo par default_code a effectuer.
2726AKMH1F;JCS PB KIT COMPLET CITROEN C3    02-09;JOINTS;Joint;;product;true;true;VSF Centre;15,42;33,93;19,28;;2726AKMH1F;false;6;J005 + Tringle | J7B | JT032 | Centre | JT023 | J10B;import;Doublon source consolide : controler quantites, prix et emplacements.
2726AKMH1F9;VO - JCS PB KIT COMP.  CITROEN C3 02-09;JOINTS;Joint;;product;true;true;VSF Ouest;13,95;30,69;18,35;;2726AKMH1F9;false;3;R203 | Caisse - R117 ?;import;Doublon source consolide : controler quantites, prix et emplacements.
2726ASMH;JC PB CITROEN C3                   02-09;JOINTS;Joint;;product;true;true;VSF Ouest;12;26,4;15;;2726ASMH;false;21;Caisse | R601 | R227 | R117 | R129 | R430 | R128 | Tringle | JT029 | Génipa | R612 | J8B | J10D | J7B | JT010 | J8G | J4C | J11F;import;Doublon source consolide : controler quantites, prix et emplacements.
2726ASMH-PERDU;JC PB CITROEN C3                   02-09;JOINTS;Joint;;product;true;true;VSF Centre;12,61;27,74;15,76;;2726ASMH-PERDU;false;1;PERDUE;import;Rapprochement Odoo par default_code a effectuer.
2726ASMHB;JC INF PB CITROEN C3               02-09;JOINTS;Joint;;product;true;true;VSF Ouest;2,68;5,9;3,35;;2726ASMHB;false;23;Caisse | J7F | J8G | R227 | R117 | JT013 | R129 | R430 | R128 | Tringle | JT010 | Génipa | R601 | R612 | Caisse D2 | JT021 | JT006 | J8A | J4C | J7E | J4G;import;Doublon source consolide : controler quantites, prix et emplacements.
2726ASMHB-PERDU;JC INF PB CITROEN C3               02-09;JOINTS;Joint;;product;true;true;VSF Centre;2,82;6,2;3,52;;2726ASMHB-PERDU;false;1;PERDUE;import;Rapprochement Odoo par default_code a effectuer.
2726BGSH;LUN VT CITROEN C3                  02-09;LUNETTES;Lunette;;product;true;true;VSF Centre;91,22;200,68;114,02;;;false;1;GENIPA;import;Rapprochement Odoo par default_code a effectuer.
2726BGSHW;LUN.VT CITROEN C3 02-09;LUNETTES;Lunette;;product;true;true;VSF Ouest;68;149,6;85;;2726BGSHW;false;5;Centre | R126 | R111 | R217;import;Doublon source consolide : controler quantites, prix et emplacements.
2726BGSHW-PERDU;LUN VT CITROEN C3                  02-09;LUNETTES;Lunette;;product;true;true;VSF Centre;71,46;157,2;89,32;;2726BGSHW-PERDU;false;1;PERDUE;import;Rapprochement Odoo par default_code a effectuer.
2726LGSH5FD;GLACE DESCENDANTE AVANT GAUCHE TEINTÉ VERT CITROEN C3 02-09;GLACES LATERALES;Glace laterale;;product;true;true;SODIVA;56,66;56,66;56,66;;2726LGSH5FD;false;2;Centre | R904;import;Doublon source consolide : controler quantites, prix et emplacements.
2726LGSH5FV;DEFL AVG VT CITROEN C3             02-09;GLACES LATERALES;Glace laterale;;product;true;true;VSF Centre;8,41;18,5;10,51;;2726LGSH5FV;false;2;T203 | T204;import;Doublon source consolide : controler quantites, prix et emplacements.
2726LGSH5RQ;CUST ARG VT CITROEN C3             02-09;GLACES LATERALES;Glace laterale;;product;true;true;VSF Centre;16,82;37;21,02;;2726LGSH5RQ;false;6;Centre | Galléria | T008;import;Doublon source consolide : controler quantites, prix et emplacements.
2726RGSH5FD;DESC AVD VT CITROEN C3             02-09;GLACES LATERALES;Glace laterale;;product;true;true;VSF Centre;24,38;53,63;30,47;;2726RGSH5FD;false;2;Centre | R910;import;Doublon source consolide : controler quantites, prix et emplacements.
2726RGSH5FV;DEFL AVD VT CITROEN C3             02-09;GLACES LATERALES;Glace laterale;;product;true;true;VSF Centre;8,41;18,5;10,51;;2726RGSH5FV;false;1;Centre;import;Rapprochement Odoo par default_code a effectuer.
2727ACCMV6T;PB REFL.CITROEN C5 +1 CAPTEUR      03-08;PARE BRISE;Pare-brise;;product;true;true;VSF Centre;124,8;274,56;156;;2727ACCMV6T;false;2;R331 | GALLERIA;import;Doublon source consolide : controler quantites, prix et emplacements.
2727AKKH1F;JCS+CALES PB KIT COMP. CITROEN C5 01-08;JOINTS;Joint;;product;true;true;VSF Centre;20,24;44,53;25,3;;2727AKKH1F;false;2;R331 | GALLERIA;import;Doublon source consolide : controler quantites, prix et emplacements.
2727BGSHBZ1H;LUN VT CITROEN C5 BNE TROU 00-04;LUNETTES;Lunette;;product;true;true;VSF Centre;181,47;399,24;226,84;;2727BGSHBZ1H;false;1;Centre;import;Rapprochement Odoo par default_code a effectuer.
2729ACCV;PB REFL.CITROEN XSARA PICASSO 00-04;PARE BRISE;Pare-brise;;product;true;true;VSF Centre;111,68;245,7;139,6;;2729ACCV;false;5;Centre | R427 | R112 | R128;import;Doublon source consolide : controler quantites, prix et emplacements.
2729ACCV1C;PB REFL CITROEN PICASSO            04-09;PARE BRISE;Pare-brise;;product;true;true;VSF Centre;123,41;271,5;154,26;;2729ACCV1C;false;1;R430;import;Rapprochement Odoo par default_code a effectuer.
2729AGSV;PB VT CITROEN PICASSO              00-04;PARE BRISE;Pare-brise;;product;true;true;VSF Centre;73,44;161,57;91,8;;2729AGSV;false;2;R302 | R517;import;Doublon source consolide : controler quantites, prix et emplacements.
2729AGSV1C;PB VT CITROEN PICASSO            04-09;PARE BRISE;Pare-brise;;product;true;true;VSF Centre;134,02;294,85;167,53;;2729AGSV1C;false;1;R630;import;Rapprochement Odoo par default_code a effectuer.
2729AKMV;JC+CALES KIT PB COMP. PICASSO 00-08;JOINTS;Joint;;product;true;true;VSF Centre;14,16;31,15;17,7;8281ASMH;2729AKMV;false;11;Centre | R427 | J11D | R112 | R430 | J11G | J4E | J10A;import;Doublon source consolide : controler quantites, prix et emplacements.
2729ASMV;ENJOLIVEUR PARE-BRISE CITROEN PICASSO 00-08;JOINTS;Joint;;product;true;true;VSF Centre;12,42;27,33;15,53;;2729ASMV;false;3;J11E | Tringle | J1A;import;Doublon source consolide : controler quantites, prix et emplacements.
2729LGSV5RD;DESC ARG VT PICASSO 1              99-09;GLACES LATERALES;Glace laterale;;product;true;true;VSF Centre;33,54;73,8;41,93;;2729LGSV5RD;false;1;Centre;import;Rapprochement Odoo par default_code a effectuer.
2731AGSV;PB VT CITROEN C2                   03-08;PARE BRISE;Pare-brise;;product;true;true;VSF Centre;56;123,2;70;;2731AGSV;false;8;Centre | R414 | R421 | R207 | R402 | R324 | R631 | R522;import;Doublon source consolide : controler quantites, prix et emplacements.
2731AKCHS;CLIPS LAT. KIT PB CITROEN C2       03-08;JOINTS;Joint;;product;true;true;VSF Centre;7,72;16,98;9,65;;2731AKCHS;false;3;Centre | R414;import;Doublon source consolide : controler quantites, prix et emplacements.
2731AKKH2F;JCS CALES PB KIT COMP  CITROEN C2 03-08;JOINTS;Joint;;product;true;true;VSF Centre;8,68;19,1;10,85;;2731AKKH2F;false;3;J10G | J10B;import;Doublon source consolide : controler quantites, prix et emplacements.
2731ASMHB;JC INF PB CITROEN C2               03-08;JOINTS;Joint;;product;true;true;VSF Centre;17,44;38,37;21,8;;2731ASMHB;false;2;JT005 | J10G;import;Doublon source consolide : controler quantites, prix et emplacements.
2731ASMHT;JC SUP PB CITROEN C2               03-08;JOINTS;Joint;;product;true;true;VSF Centre;2,08;4,58;2,6;;2731ASMHT;false;5;Centre | R414 | R421 | R207 | JT005;import;Doublon source consolide : controler quantites, prix et emplacements.
2731B/ 8744CX;LUNETTE TEINTÉ VERT CITROEN C2 03-08;LUNETTES;Lunette;;product;true;false;SODIVA;155,33;155,33;155,33;;2731B/ 8744CX;false;1;Centre;exclusion_format_eurocode;Rapprochement Odoo par default_code a effectuer. EXCLUE DE L'IMPORT (decision RPBM du 2026-08-05, D3) : format d'eurocode suspect (annotation, code constructeur, texte libre). Sans x_studio_eurocode valide, la fiche serait invisible au widget rpbm_agent et non synchronisable. A reprendre a la main dans le fichier Excel si la reference doit exister.
2731BGSHBW1H;LUN VT CITROEN C2  2 TROUS     03-08;LUNETTES;Lunette;;product;true;true;VSF Centre;75,24;165,53;99;;;false;1;GALLERIA;import;Rapprochement Odoo par default_code a effectuer.
2731LGSH3FD;DESC AVG VT CITROEN C2        03-08;GLACES LATERALES;Glace laterale;;product;true;true;VSF Centre;40,8;89,76;51;;2731LGSH3FD;false;1;R912;import;Rapprochement Odoo par default_code a effectuer.
2732ACDMVW2P;PB REFL.C4+CAPT+RETR.ELECT.04-10;PARE BRISE;Pare-brise;;product;true;true;VSF Centre;141,36;310,99;186;;2732ACDMVW2P;false;14;R134 - R135 | R134 | R326 | R406 | R415 | R333 | R414 | R503 | R612 | R616 | R701 | R726;import;Doublon source consolide : controler quantites, prix et emplacements.
2732AGAVW;PB VT ACO CITROEN C4   04-10;PARE BRISE;Pare-brise;;product;true;true;VSF Centre;108,44;238,57;135,55;;2732AGAVW;false;1;R414;import;Rapprochement Odoo par default_code a effectuer.
2732AGSMVW1B;PARE-BRISE TEINTÉ VERT CITROEN C4 CAPTEUR DE PLUIE RETRO MANUEL 04-10MO 2,50;PARE BRISE;Pare-brise;;product;true;true;VSF Centre;93,83;206,43;117,29;;2732AGSMVW1B;false;2;R513 | R601;import;Doublon source consolide : controler quantites, prix et emplacements.
2732AGSMVW1B - O;PB VT CITROEN C4 CAPT RETRO MANU 04-10;PARE BRISE;Pare-brise;;product;true;false;Occasion;;;;;2732AGSMVW1B-O;false;2;R502 | R601;exclusion_format_eurocode;Doublon source consolide : controler quantites, prix et emplacements. EXCLUE DE L'IMPORT (decision RPBM du 2026-08-05, D3) : format d'eurocode suspect (annotation, code constructeur, texte libre). Sans x_studio_eurocode valide, la fiche serait invisible au widget rpbm_agent et non synchronisable. A reprendre a la main dans le fichier Excel si la reference doit exister. PRIX RV absent : standard_price non calculable, phase de cout a exclure. Variantes de casse/espacement fusionnees dans la source : 2732AGSMVW1B - O, 2732AGSMVW1B-O.
2732AGSMVW2P;PB VT C4  CAPT RETRO ELECT 04-10;PARE BRISE;Pare-brise;;product;true;true;VSF Centre;82,42;181,32;103,02;;2732AGSMVW2P;false;7;R415 | Centre | CASSE | R432 | R516 | R409 | R108;import;Doublon source consolide : controler quantites, prix et emplacements.
2732AGSVW;PB VT CITROEN C4 04-10;PARE BRISE;Pare-brise;;product;true;true;VSF Centre;75,92;167,02;99,9;;2732AGSVW;false;13;R332 | R132 | R110 | R329 | R118 | R536 | R424 | NON LIVRÉ | R607 | R503 | R721 | R510 | R601;import;Doublon source consolide : controler quantites, prix et emplacements.
2732ASMHL;JC PB GAUCHE CITROEN C4            04-10;JOINTS;Joint;;product;true;true;VSF Centre;51,27;112,8;64,09;;2732ASMHL;false;1;JDESSUS;import;Rapprochement Odoo par default_code a effectuer.
2732ASMHR;JC PB DROIT CITROEN C4             04-10;JOINTS;Joint;;product;true;true;VSF Centre;51,27;112,8;64,09;;2732ASMHR;false;1;JDESSUS;import;Rapprochement Odoo par default_code a effectuer.
2732BGSHB1J;LUN INF VT CITROEN C4 3PTES   STOP 04-10;LUNETTES;Lunette;;product;true;true;VSF Centre;70,62;155,36;88,27;;2732BGSHB1J;false;1;Caisse D2;import;Rapprochement Odoo par default_code a effectuer.
2732BGSHY2J;LUN VT CITROEN C4 SUPERIEURE 3P 04-10;LUNETTES;Lunette;;product;true;true;VSF Centre;73,71;162,17;92,14;;2732BGSHY2J;false;1;Centre;import;Rapprochement Odoo par default_code a effectuer.
2732LGSH3FVZ;DEFL.AVG VT CITROEN C4 3/5PTES 04-10;GLACES LATERALES;Glace laterale;;product;true;true;VSF Centre;48,52;106,74;60,65;;2732LGSH3FVZ;false;1;Centre;import;Rapprochement Odoo par default_code a effectuer.
2732LGSH5RD;DESC ARG VT CITROEN C4  5PTES 04-10;GLACES LATERALES;Glace laterale;;product;true;true;VSF Centre;33,86;74,48;42,32;;2732LGSH5RD;false;1;Centre;import;Rapprochement Odoo par default_code a effectuer.
2734AKDH1F;MOUSSE INT  PB 1C/107/AYGO     05-14;JOINTS;Joint;;product;true;true;VSF Centre;15,18;33,39;18,97;;2734AKDH1F;false;1;GENIPA;import;Rapprochement Odoo par default_code a effectuer.
2734RGSH3RQ;CUST. ARRIERE DROITE VERT SOLAR;GLACES LATERALES;Glace laterale;;product;true;true;SODIVA;44,15;44,15;44,15;;2734RGSH3RQ;false;1;Centre;import;Rapprochement Odoo par default_code a effectuer.
2735ACDMVZ6A;PARE-BRISE ATHERMIQUE C4 PICASSO 1 CAPTEUR DE PLUIE 06-;PARE BRISE;Pare-brise;;product;true;true;SODIVA;532,87;532,87;532,87;;2735ACDMVZ6A;false;2;Centre;import;Doublon source consolide : controler quantites, prix et emplacements.
2735ACDMVZ7A;PARE-BRISE ATHERMIQUE C4 PICASSO 1 CAPTEUR DE PLUIE 06-;PARE BRISE;Pare-brise;;product;true;true;MPB;675;675;675;;2735ACDMVZ7A;false;2;Centre;import;Doublon source consolide : controler quantites, prix et emplacements.
2735AGAMVZ6A;PB VT CITROEN C4 PICASSO 1+CAPT 06-;PARE BRISE;Pare-brise;;product;true;true;VSF Centre;296,16;651,55;389,68;;2735AGAMVZ6A;false;4;CAISSE PLEINE | Centre;import;Doublon source consolide : controler quantites, prix et emplacements.
2735AGAMVZ6A-T;PB VT CITROEN C4 PICASSO 1+CAPT 06-;PARE BRISE;Pare-brise;;product;true;true;VSF Centre;296,16;651,55;389,68;;2735AGAMVZ6A-T;false;1;Centre;import;Rapprochement Odoo par default_code a effectuer.
2735AGCMVZ7A;PB VT SEAT IBIZA 5 5PTES      08-17;PARE BRISE;Pare-brise;;product;true;true;VSF Centre;77,14;169,72;96,43;;2735AGCMVZ7A;false;2;R603 | GALLERIA;import;Doublon source consolide : controler quantites, prix et emplacements.
2735AKCMS19;VO - CLIPS LAT. KIT PB C4 PICASSO1 06-13;JOINTS;Joint;;product;true;true;VSF Ouest;11,32;24,9;14,9;;2735AKCMS19;false;4;;import;Doublon source consolide : controler quantites, prix et emplacements.
2735BGSM1J;LUN VT C4 GD PICASSO 1   06-13;LUNETTES;Lunette;;product;true;true;VSF Centre;74,54;164;93,18;;2735BGSM1J;false;1;R221;import;Rapprochement Odoo par default_code a effectuer.
2735BYPMOW1R;CITROEN C4 GRAND PICASSO I (06-13): LUNETTE GRISE SURTEINTEE CHAUFF.+ OUVRANTE + ACC.+ 4 TROUS (CHGT TROU/TAILLE);LUNETTES;Lunette;;product;true;true;SODIVA;331,28;331,28;331,28;;2735BYPMOW1R;false;1;Centre;import;Rapprochement Odoo par default_code a effectuer.
2735LGPM5RDKW;GLACE DESCENDANTE ARRIÈRE GAUCHE FEUILLETE SURTEINT C4 PICASSO 1;GLACES LATERALES;Glace laterale;;product;true;true;SODIVA;226,57;226,57;226,57;;2735LGPM5RDKW;false;1;Centre;import;Rapprochement Odoo par default_code a effectuer.
2735LGSM5RDW;DESC ARG VT C4 PICASSO 1  5 PL   06-13;GLACES LATERALES;Glace laterale;;product;true;true;VSF Centre;29,42;64,73;36,78;;2735LGSM5RDW;false;1;Centre;import;Rapprochement Odoo par default_code a effectuer.
2738AGN;PB VT C-CROSSER/4007/OUTLAND 07-11;PARE BRISE;Pare-brise;;product;true;true;VSF Centre;116,86;257,08;146,07;;2738AGN;false;1;R213;import;Rapprochement Odoo par default_code a effectuer.
2738ASMRT;JC SUP PB C-CROSSER/4007/OUTLA 2 03-12;JOINTS;Joint;;product;true;true;VSF Centre;14,4;31,68;18;;2738ASMRT;false;1;J007;import;Rapprochement Odoo par default_code a effectuer.
2738BGNR;LUN VT C-CROSSER /4007    07-12;LUNETTES;Lunette;;product;true;true;VSF Centre;217,62;478,76;272,02;;2738BGNR;false;1;R933;import;Rapprochement Odoo par default_code a effectuer.
2738RGNR5FDW;DESC AVD VT CITR C-CROSSER/PEUG 4007 07-;GLACES LATERALES;Glace laterale;;product;true;true;VSF Centre;76,86;169,1;96,08;;2738RGNR5FDW;false;1;R915;import;Rapprochement Odoo par default_code a effectuer.
2740AGAMVZ1B;PB VT ACO.CITROEN C5 II+ CAPT 08-;PARE BRISE;Pare-brise;;product;true;true;VSF Centre;98,04;215,69;129;;2740AGAMVZ1B;false;3;R136 | R309;import;Doublon source consolide : controler quantites, prix et emplacements.
2740AGAVZ;PB VT ACOUST.CITROEN C5 II 08-;PARE BRISE;Pare-brise;;product;true;true;VSF Centre;98,4;216,48;123;;2740AGAVZ;false;1;R320;import;Rapprochement Odoo par default_code a effectuer.
2740AKCSS;CLIPS LAT. KIT PB CITROEN C5 II 08-;JOINTS;Joint;;product;true;true;VSF Centre;7,9;17,37;9,87;;2740AKCSS;false;1;R320;import;Rapprochement Odoo par default_code a effectuer.
2740AKCSS9;VO - CLIPS LAT. KIT PB C5 II     08-;JOINTS;Joint;;product;true;true;VSF Ouest;7,5;16,5;9,87;;2740AKCSS9;false;2;;import;Doublon source consolide : controler quantites, prix et emplacements.
2740LGAS4FDKW;DESC AVG FEUIL VT CITROEN C5 5P/BK 08-17;GLACES LATERALES;Glace laterale;;product;true;true;VSF Centre;108,44;238,57;135,55;;2740LGAS4FDKW;false;1;CASSE;import;Rapprochement Odoo par default_code a effectuer.
2740LGAS4RDK;DESC.ARG FEUIL VT CITROEN C5 5P 08-;GLACES LATERALES;Glace laterale;;product;true;true;VSF Centre;152,88;336,34;191,1;;2740LGAS4RDK;false;1;Centre;import;Rapprochement Odoo par default_code a effectuer.
2740LGSS4RD;DESC.ARG VT CITROEN C5 08-;GLACES LATERALES;Glace laterale;;product;true;true;VSF ?;35,98;79,16;44,98;;2740LGSS4RD;false;1;R911;import;Rapprochement Odoo par default_code a effectuer.
2740RGSS4FVZ;DEFL AVD VT CITROEN C5   08-17;GLACES LATERALES;Glace laterale;;product;true;true;VSF Centre;61,6;135,52;77;;;false;1;R915;import;Rapprochement Odoo par default_code a effectuer.
2741ACCMVZ2P;PB ATH BERLINGO/PARTNER+CAPT.08-;PARE BRISE;Pare-brise;;product;true;true;VSF Centre;135,2;283,92;169;6558A;2741ACCMVZ2P;false;1;R106;import;Rapprochement Odoo par default_code a effectuer.
2741ACCVZ1P;PB ATH BERLINGO/PARTNER  EMB     08-;PARE BRISE;Pare-brise;;product;true;true;VSF Centre;132,19;290,82;165,24;;2741ACCVZ1P;false;13;R433 | R434 | R620 | R501 | Génipa | CASSE | R607 | R502 | R328 | R505 | R322 | R323;import;Doublon source consolide : controler quantites, prix et emplacements.
2741AGSMVZ2P;PB VT BERLINGO/PARTNER CAPT 08-18;PARE BRISE;Pare-brise;;product;true;true;VSF Centre;103,2;227,04;129;;2741AGSMVZ2P;false;1;R636;import;Rapprochement Odoo par default_code a effectuer.
2741AGSVZ;PB VT BERLINGO/PARTNER            08-18;PARE BRISE;Pare-brise;;product;true;true;VSF Centre;76,33;167,92;95,41;;2741AGSVZ;false;4;POSÉ | CASSE | R519 | R511;import;Doublon source consolide : controler quantites, prix et emplacements.
2741AGSVZ-PERDU;PB VT BERLINGO/PARTNER            08-18;PARE BRISE;Pare-brise;;product;true;true;VSF Centre;76,33;167,92;95,41;;2741AGSVZ-PERDU;false;1;PERDUE;import;Rapprochement Odoo par default_code a effectuer.
2741AGSVZ1P;PB VT BERLINGO/PARTNER+EMB 08-;PARE BRISE;Pare-brise;;product;true;true;VSF Centre;71,14;156,51;93,6;6558A;2741AGSVZ1P;false;92;R115 | R333 | R228 | R420 | R431 | R102 | R316 | R114 | Centre | R432 | R221 | R116 | R422 | R403 | R433 | R133 | R425 | R322 | R405 | R212 | R519 | R528 | R604 | R633 | R629 | R505 | R529 | CASSE | R327 | R511 | R621 | R507 | R520 | R503 | R638 | R636 | R435 | GALLERIA | R517 | R522 | R111 | R715 | R506 | R533 | R515 | R211 | R606 | R434 | R609 | R538 | R532 | GENIPA | R406 | R738;import;Doublon source consolide : controler quantites, prix et emplacements.
2741BGPVRU;LUN ARD VT FONCEE BERLINGO 2 08-18;LUNETTES;Lunette;;product;true;true;VSF Centre;49,6;109,12;62;;2741BGPVRU;false;1;Centre;import;Rapprochement Odoo par default_code a effectuer.
2741BGSV;LUNETTE TEINTÉ VERT HAYON FIXE BERLINGO 2/PARTN 2 08-;LUNETTES;Lunette;;product;true;true;SODIVA;125,8;125,8;125,8;;2741BGSV;false;4;Centre | R904 | R922;import;Doublon source consolide : controler quantites, prix et emplacements.
2741BGSVL;LUN.ARG CHAUF.VT BERLINGO 2/PARTN.2 08-;LUNETTES;Lunette;;product;true;true;VSF Centre;44;96,8;55;;2741BGSVL;false;10;Centre | R904 | R907 | R908 | R902 | Génipa | R837 | R933;import;Doublon source consolide : controler quantites, prix et emplacements.
2741BGSVRU;LUN ARD VT BERLINGO 2/PARTN 2 08-18;LUNETTES;Lunette;;product;true;true;VSF Centre;37,27;82;46,59;;2741BGSVRU;false;10;Centre | Posé | R904 | GENIPA | R911 | R914 | R222 | R907 | R903;import;Doublon source consolide : controler quantites, prix et emplacements.
2741LGSV3FD;DESC.AVG VT BERLINGO/PARTNER     08-;GLACES LATERALES;Glace laterale;;product;true;true;VSF Centre;32,64;71,81;40,8;;2741LGSV3FD;false;6;Centre | D2 | R916 | R904;import;Doublon source consolide : controler quantites, prix et emplacements.
2741LGSV3FVZ;DÉFLECTEUR AVANT GAUCHE TEINTÉ VERT BERLINGO/PARTNER 08-18;GLACES LATERALES;Glace laterale;;product;true;true;BLUE AUTO;99,1;99,1;99,1;;2741LGSV3FVZ;false;7;Centre | T302 | T006 | R233;import;Doublon source consolide : controler quantites, prix et emplacements.
2741RGPV3RDOZ;PTE ARD OUVR VT FONCEE BERLINGO  08-18;GLACES LATERALES;Glace laterale;;product;true;true;VSF Centre;56,51;124,33;70,64;;;false;1;GALLERIA;import;Rapprochement Odoo par default_code a effectuer.
2741RGSV3FD;DESC.AVD VT BERLINGO/PARTNER     08-;GLACES LATERALES;Glace laterale;;product;true;true;VSF Centre;32;70,4;40;6558A;2741RGSV3FD;false;4;Centre | R908 | R907;import;Doublon source consolide : controler quantites, prix et emplacements.
2741RGSV3FVZ;DÉFLECTEUR AVANT DROIT TEINTÉ VERT BERLINGO/PARTNER 08-18;GLACES LATERALES;Glace laterale;;product;true;true;SODIVA;86,04;86,04;86,04;;2741RGSV3FVZ;false;7;Centre | Génipa | T001 | R229 | R903;import;Doublon source consolide : controler quantites, prix et emplacements.
2741RGSV3RDOZ;PTE ARD OUVR VT BERLINGO  08-;GLACES LATERALES;Glace laterale;;product;true;true;VSF Centre;27,66;60,84;34,57;;2741RGSV3RDOZ;false;1;Centre;import;Rapprochement Odoo par default_code a effectuer.
2741RGSV3RDZ;PTE ARD FIXE VT BERLINGO 08-18;GLACES LATERALES;Glace laterale;;product;true;true;VSF Centre;42,28;93,02;52,85;;2741RGSV3RDZ;false;2;R914 | R924;import;Doublon source consolide : controler quantites, prix et emplacements.
2741RGSV4RQ;CUST ARD VT BERLINGO 4P 08-18;GLACES LATERALES;Glace laterale;;product;true;true;VSF Centre;32,79;72,14;40,99;;2741RGSV4RQ;false;2;Centre | R908;import;Doublon source consolide : controler quantites, prix et emplacements.
2742AGSMVWZ1B;PB VT CITROEN C3 PICASSO  CAPT  09-;PARE BRISE;Pare-brise;;product;true;true;VSF Centre;125,26;275,56;156,57;;2742AGSMVWZ1B;false;1;R621;import;Rapprochement Odoo par default_code a effectuer.
2742AGSVWZ;PB VT CITROEN C3 PICASSO 09-;PARE BRISE;Pare-brise;;product;true;true;VSF Centre;116,52;256,34;145,65;;2742AGSVWZ;false;4;R331 | R503 | R615 | R426;import;Doublon source consolide : controler quantites, prix et emplacements.
2742AKMMS;KIT ENJOLIVEUR LATÉRALE KIT PARE-BRISE CITROEN C3 PICASSO 09-17;JOINTS;Joint;;product;true;true;INVENTAIRE;38,88;85,54;48,6;;2742AKMMS;false;1;J11G;import;Rapprochement Odoo par default_code a effectuer.
2742ASMML;JC ENJO GCHE PB CITROEN C3 PICASSO 09-;JOINTS;Joint;;product;true;true;VSF Centre;20,67;45,48;25,84;;2742ASMML;false;2;R503 | J10G;import;Doublon source consolide : controler quantites, prix et emplacements.
2742ASMMR;JC ENJO DROIT PB CITROEN C3 PICASSO 09-;JOINTS;Joint;;product;true;true;VSF Centre;17,66;38,86;22,08;;2742ASMMR;false;2;R503 | J10G;import;Doublon source consolide : controler quantites, prix et emplacements.
2742RGDM5RQZ;CUST ARD VT FONCEE C3 PICASSO 09-17;GLACES LATERALES;Glace laterale;;product;true;true;VSF Centre;38,68;85,1;48,35;;2742RGDM5RQZ;false;1;R908;import;Rapprochement Odoo par default_code a effectuer.
2742RGDM5RQZ-O;CUST ARD VT FONCEE C3 PICASSO 09-17;GLACES LATERALES;Glace laterale;;product;true;true;OCCASION;;;;;2742RGDM5RQZ-O;false;1;R908;import;Rapprochement Odoo par default_code a effectuer. PRIX RV absent : standard_price non calculable, phase de cout a exclure.
2742RGSM5RQ;CUST ARD VT C3 PICASSO        09-17;GLACES LATERALES;Glace laterale;;product;true;true;VSF Centre;25,78;56,72;32,23;;2742RGSM5RQ;false;1;R904;import;Rapprochement Odoo par default_code a effectuer.
2743AGSVZ;PB VT CITROEN C3 II 3/5P 09-16;PARE BRISE;Pare-brise;;product;true;true;VSF Centre;102,4;225,28;128;;2743AGSVZ;false;44;R314 | R307 | Centre | R426 | R429 | R134 | R109 | R201 | R235 | R332 | R413 | R505 | R514 | R601 | R113 | R329 | R725 | R714 | R722 | R607 | R720 | R721 | R727 | R626 | R538 | R809 | R430 | R535 | R507 | R609 | GALLERIA | R723 | R503 | R522;import;Doublon source consolide : controler quantites, prix et emplacements.
2743AKMHS;JCS LAT D/G PB CITROEN C3 II 09-16;JOINTS;Joint;;product;true;true;VSF Centre;17,26;37,98;21,58;;2743AKMHS;false;2;J7F | J9A;import;Doublon source consolide : controler quantites, prix et emplacements.
2743ASMHL;ENJOLIVEUR PARE-BRISE LATÉRALE GAUCHE CITROEN C3 3 ET 5 PORTES 09-16;JOINTS;Joint;;product;true;true;-;9,16;20,15;11,45;;2743ASMHL;false;3;JT022 | JT7E | J3E;import;Doublon source consolide : controler quantites, prix et emplacements.
2743ASMHR;JC PB LAT  DROIT CITROEN C3 3/5P 09-16;JOINTS;Joint;;product;true;true;VSF Centre;9,9;21,77;12,37;;2743ASMHR;false;2;J11F | J2G;import;Doublon source consolide : controler quantites, prix et emplacements.
2743BGSH;LUN VT CITROEN C3 II  10-16;LUNETTES;Lunette;;product;true;true;VSF Centre;111,74;245,82;139,67;;2743BGSH;false;10;Caisse | Centre | Posé | AVION | R924 | R919 | R217 | R933 | GENIPA | R419;import;Doublon source consolide : controler quantites, prix et emplacements.
2743CGSGYVZ;PB VTGY CITROEN C3 3/5P ZENITH 09-;PARE BRISE;Pare-brise;;product;true;true;VSF Centre;182,26;400,97;239,81;;2743CGSGYVZ;false;4;R716 | R717 | R719 | GENIPA;import;Doublon source consolide : controler quantites, prix et emplacements.
2743CGSGYVZ1D;PB VT CITROEN C3;PARE BRISE;Pare-brise;;product;true;true;SODIVA;975,67;975,67;975,67;;2743CGSGYVZ1D;false;2;GALLERIA;import;Doublon source consolide : controler quantites, prix et emplacements.
2743LGNH5FD;DESC AVG VT CITROEN C3 II     10-16;GLACES LATERALES;Glace laterale;;product;true;true;VSF Centre;21,02;46,24;26,27;;2743LGNH5FD;false;2;Centre | D2;import;Doublon source consolide : controler quantites, prix et emplacements.
2743LGNH5FVZ;DÉFLECTEUR AVANT GAUCHE TEINTÉ VERT CITROEN C3 II 10-16;GLACES LATERALES;Glace laterale;;product;true;true;SODIVA;80;80;80;;2743LGNH5FVZ;false;2;Centre | GALLERIA;import;Doublon source consolide : controler quantites, prix et emplacements.
2743RGNH5FD;GLACE DESCENDANTE AVANT DROIT TEINTÉ VERT CITROEN C3 II 10-16;GLACES LATERALES;Glace laterale;;product;true;true;SODIVA;42,82;42,82;42,82;;2743RGNH5FD;false;2;Centre | R909;import;Doublon source consolide : controler quantites, prix et emplacements.
2743RGNH5FVZ;DEFL AVD VT CITROEN C3 II     10-16;GLACES LATERALES;Glace laterale;;product;true;true;VSF Centre;71,62;157,57;89,53;;2743RGNH5FVZ;false;4;Centre | T001;import;Doublon source consolide : controler quantites, prix et emplacements.
2745AGAMVZ1B;PB VT ACO.DS3 +CAPT.3P+CABRIO.10-;PARE BRISE;Pare-brise;;product;true;true;VSF Centre;119,2;262,24;149;;2745AGAMVZ1B;true;22;R330 | R212 | R619 | R634 | Centre | R531 | R630 | R631 | R708 | R637 | R323 | R529 | R636 | R407 | R419 | R715 | R612 | R722 | R522 | R729 | R416;import;Doublon source consolide : controler quantites, prix et emplacements. EUROCODE INTERNE diverge de EUROCODE : arbitrage RPBM requis sur la reference qui fait foi.
2745AGAVZ;PB VT ACO.CITROEN DS3 3P+CABR. 10-;PARE BRISE;Pare-brise;;product;true;true;VSF Centre;115,7;254,55;144,63;;2745AGAVZ;false;22;R331 | R324 | R134 | R322 | R202 | R407 | R233 | Centre | R414 | R130 | R312 | R301 | R634 | R616 | R538 | R116 | R420 | R530 | R733 | R716 | R430;import;Doublon source consolide : controler quantites, prix et emplacements.
2745AGAVZ-O;PB VT ACO CITROEN DS3 3P CABR  10-;PARE BRISE;Pare-brise;;product;true;true;OCCASION;;;;;2745AGAVZ-O;false;4;Centre | R333 | R821 | R529;import;Doublon source consolide : controler quantites, prix et emplacements. PRIX RV absent : standard_price non calculable, phase de cout a exclure.
2745AGAVZ-T;PARE-BRISE TEINTÉ VERT ACOUSTIQUE CITROEN DS3 3 PORTES CABRIOLET 10-;PARE BRISE;Pare-brise;;product;true;true;CLIENT;;;;;2745AGAVZ-T;false;1;R122;import;Rapprochement Odoo par default_code a effectuer. PRIX RV absent : standard_price non calculable, phase de cout a exclure.
2745AGSVZ;PB VT CITROEN DS3 3P CABRIO     10-19;PARE BRISE;Pare-brise;;product;true;true;VSF Centre;124,64;274,21;164;;;false;1;R704;import;Rapprochement Odoo par default_code a effectuer.
2745AGSVZ - O;PARE-BRISE TEINTÉ VERT CITROEN DS3 3 PORTES CABRIOLET 10-19MO 1.90;PARE BRISE;Pare-brise;;product;true;false;Palette à identifier;;;;;2745AGSVZ - O;false;1;R825;exclusion_format_eurocode;Rapprochement Odoo par default_code a effectuer. EXCLUE DE L'IMPORT (decision RPBM du 2026-08-05, D3) : format d'eurocode suspect (annotation, code constructeur, texte libre). Sans x_studio_eurocode valide, la fiche serait invisible au widget rpbm_agent et non synchronisable. A reprendre a la main dans le fichier Excel si la reference doit exister. PRIX RV absent : standard_price non calculable, phase de cout a exclure.
2745BGDH;LUN VT FONCEE CITROEN DS3 3P  10-;LUNETTES;Lunette;;product;true;true;VSF Centre;85,14;187,3;106,42;;2745BGDH;false;2;D2 | R421;import;Doublon source consolide : controler quantites, prix et emplacements.
2745BGPH;LUN VT SURTEINTEE DS3 3P  10-;LUNETTES;Lunette;;product;true;true;VSF Centre;102,33;225,12;127,91;;2745BGPH;false;1;Centre;import;Rapprochement Odoo par default_code a effectuer.
2745LGDH3RQZ;CUST ARG VT FON DS3 3P CABR  10-19;GLACES LATERALES;Glace laterale;;product;true;true;VSF Centre;63,37;139,41;83,38;;;false;1;R903;import;Rapprochement Odoo par default_code a effectuer.
2745LGSH3FD;GLACE DESCENDANTE AVANT GAUCHE TEINTÉ VERT DS3 3 PORTES CABRIOLET  10-MO 0.50;GLACES LATERALES;Glace laterale;;product;true;true;SODIVA;32,04;32,04;32,04;;2745LGSH3FD;false;1;Centre;import;Rapprochement Odoo par default_code a effectuer.
2745RGSH3FVZ;DEFL.AVD VT DS3 3P+CABR 10-;GLACES LATERALES;Glace laterale;;product;true;true;SODIVA;64,97;64,97;64,97;;2745RGSH3FVZ;false;3;Centre | R903;import;Doublon source consolide : controler quantites, prix et emplacements.
2746AGAMVW1B;PB VT ACO CITROEN C4 II CAPT  10-18;PARE BRISE;Pare-brise;;product;true;true;VSF Centre;114,33;251,52;142,91;;2746AGAMVW1B;false;2;CASSE | R114;import;Doublon source consolide : controler quantites, prix et emplacements.
2746AGSMVW1B;PB VT CITROEN C4 II+CAPT 10-;PARE BRISE;Pare-brise;;product;true;true;VSF Centre;95,2;209,44;119;;2746AGSMVW1B;false;18;R305 | R406 | R401 | R412 | CASSE | R506 | R609 | R503 | R518 | R702 | R608 | R601 | R107 | R615 | R701;import;Doublon source consolide : controler quantites, prix et emplacements.
2746AGSVW;PB VT CITROEN C4 II 10-;PARE BRISE;Pare-brise;;product;true;true;VSF Centre;91,2;200,64;114;;2746AGSVW;false;14;R310 | R406 | R311 | R316 | R713 | R509 | R615 | R512 | R110 | CASSE | GENIPA | R412 | R604;import;Doublon source consolide : controler quantites, prix et emplacements.
2746BGPHA;LUN.VT FONCEE CITROEN C4 II+ANT.10-;LUNETTES;Lunette;;product;true;true;VSF Centre;105,41;231,9;131,76;;2746BGPHA;false;1;R120;import;Rapprochement Odoo par default_code a effectuer.
2746BGSHA;LUN VT CITROEN C4 II ANT 10-18;LUNETTES;Lunette;;product;true;true;VSF Centre;66,42;146,12;83,02;;2746BGSHA;false;1;D2;import;Rapprochement Odoo par default_code a effectuer.
2746LGSH5RD;DESC ARG VT CITROEN C4 II 5PTES 10-18;GLACES LATERALES;Glace laterale;;product;true;true;VSF Centre;21,53;47,36;26,91;;2746LGSH5RD;false;1;Centre;import;Rapprochement Odoo par default_code a effectuer.
2748AGAMVW1T;PB VT ACO CITROEN DS4  CAPT  11-;PARE BRISE;Pare-brise;;product;true;true;VSF Centre;159,5;350,91;199,38;;2748AGAMVW1T;false;18;Centre | R213 | R212 | R616 | R502 | R915 | CASSE | R411 | R106 | R704 | R415 | R418 | R407 | GALLERIA;import;Doublon source consolide : controler quantites, prix et emplacements.
2748AGAVW;PARE-BRISE TEINTÉ VERT ACOUSTIQUE CITROEN DS4    11-MO 2.40;PARE BRISE;Pare-brise;;product;true;true;SODIVA;327,05;327,05;327,05;;2748AGAVW;false;1;Galléria;import;Rapprochement Odoo par default_code a effectuer.
2748LGSC5FVWZ;DFL AVG CITROEN DS4 11-;PARE BRISE;Pare-brise;;product;true;true;SODIVA;108,12;108,12;108,12;;2748LGSC5FVWZ;false;1;Centre;import;Rapprochement Odoo par default_code a effectuer.
2750AGNMV2B;PB VT CITROEN C4 AIRCROSS CAPT 12-17;PARE BRISE;Pare-brise;;product;true;true;VSF Centre;129,74;285,44;162,18;5689AGNMV2B - PB VT  ASX/C4 AIRCROSS/4008 CAPT 10-;2750AGNMV2B;false;1;R122;import;Rapprochement Odoo par default_code a effectuer.
2750ASMR;JC PB CITROEN C4 AIRCROSS  12-17;JOINTS;Joint;;product;true;true;VSF Centre;21,22;46,68;26,52;5689ASMR - JC PB MITSUBISHI ASX             10-;2750ASMR;false;1;R122;import;Rapprochement Odoo par default_code a effectuer.
2750BGNR;LUNETTE TEINTÉ VERT C4 AIRCROSS                 12-17MO 1.50;LUNETTES;Lunette;;product;true;true;SODIVA;326,39;326,39;326,39;;2750BGNR;false;2;GALLERIA | GENIPA;import;Doublon source consolide : controler quantites, prix et emplacements.
2753ACDIMVZ;PB ATH.C4 PICASSO II +CAPT. 13-;PARE BRISE;Pare-brise;;product;true;true;VSF Centre;265,24;583,53;349;;2753ACDIMVZ;false;6;R717 | R719 | R718 | R611;import;Doublon source consolide : controler quantites, prix et emplacements.
2753AGACIMVZ1T;PB TV AC C4 PICASSO II CAPTEUR DE PLUIE CAM;PARE BRISE;Pare-brise;;product;true;true;SODIVA;509,58;509,58;727,97;;2753AGACIMVZ1T;false;1;GALLERIA;import;Rapprochement Odoo par default_code a effectuer.
2753RGSM5FD;DESC AVD VT C4 PICASSO/GD C4 13-;GLACES LATERALES;Glace laterale;;product;true;true;VSF Centre;37,5;82,49;46,87;;;false;1;R910;import;Rapprochement Odoo par default_code a effectuer.
2753RYPM5RDW2A;DESC ARD PRIV C4 PICASSO       13-;GLACES LATERALES;Glace laterale;;product;true;true;VSF Centre;39,84;87,65;49,8;;;false;1;R912;import;Rapprochement Odoo par default_code a effectuer.
2754AGS;PB VT C1 II / 108 / AYGO II  14-;PARE BRISE;Pare-brise;;product;true;true;VSF Centre;80,7;177,55;100,88;;2754AGS;false;4;R613 | R636 | R408 | R416;import;Doublon source consolide : controler quantites, prix et emplacements.
2754BGSHOW;LUN VT C1 II / 108   14-;LUNETTES;Lunette;;product;true;true;VSF Centre;142,07;312,56;177,59;;2754BGSHOW;false;1;R721;import;Rapprochement Odoo par default_code a effectuer.
2754BYPHOW;LUN PRIV C1 II /108   14-22;LUNETTES;Lunette;;product;true;true;VSF Centre;128,3;282,25;160,37;;2754BYPHOW;false;2;R922 | R417;import;Doublon source consolide : controler quantites, prix et emplacements.
2754LGSH3RQ;CUST ARG VT C1 II / 108 3P    14-22;GLACES LATERALES;Glace laterale;;product;true;true;VSF Centre;15,82;34,81;19,78;;2754LGSH3RQ;false;1;R226;import;Rapprochement Odoo par default_code a effectuer.
2754LGSH5FD;GLACE DESCENDANTE AVANT GAUCHE TEINTÉ VERT 108/C1 II /AYGO II 5 PORTES HAYON 14-;GLACES LATERALES;Glace laterale;;product;true;true;SODIVA;21,6;21,6;21,6;;2754LGSH5FD;false;1;Centre;import;Rapprochement Odoo par default_code a effectuer.
2755AGAMVZ1D;PB VT ACO CITROEN C4 CACTUS CAPT 17-20;PARE BRISE;Pare-brise;;product;true;true;VSF Centre;159,33;350,52;199,16;;2755AGAMVZ1D;false;1;R634;import;Rapprochement Odoo par default_code a effectuer.
2755AGSMVZ;PB VT C4 CACTUS +CAPT 14-;PARE BRISE;Pare-brise;;product;true;true;VSF Centre;114;250,8;142,5;;2755AGSMVZ;false;5;R316 | R425 | R312 | GALLERIA | GENIPA;import;Doublon source consolide : controler quantites, prix et emplacements.
2755AGSMVZ-O;PB VT C4 CACTUS  CAPT  14-;PARE BRISE;Pare-brise;;product;true;true;OCCASION;;;;;2755AGSMVZ-O;false;1;CASSE;import;Rapprochement Odoo par default_code a effectuer. PRIX RV absent : standard_price non calculable, phase de cout a exclure.
2755AGSVZ;PB VT C4 CACTUS 14-;PARE BRISE;Pare-brise;;product;true;true;VSF Centre;103,2;227,04;129;;2755AGSVZ;false;4;R315 | R631 | R628 | R514;import;Doublon source consolide : controler quantites, prix et emplacements.
2755AGSVZ1N;PB VT MINCE C4 CACTUS   14-;PARE BRISE;Pare-brise;;product;true;true;VSF Centre;111,78;245,91;139,72;;2755AGSVZ1N;false;1;Génipa;import;Rapprochement Odoo par default_code a effectuer.
2755AGSVZ6J;PB VT CITROEN C4 CACTUS     17-20;PARE BRISE;Pare-brise;;product;true;true;VSF Centre;126,66;278,64;158,32;;;false;1;R432;import;Rapprochement Odoo par default_code a effectuer.
2755BYPRI;LUN PRIV CITROEN C4 CACTUS  14-20;LUNETTES;Lunette;;product;true;true;VSF Centre;109,86;241,7;137,33;;2755BYPRI;false;1;R205;import;Rapprochement Odoo par default_code a effectuer.
2755RGSR5FD;DESC AVD VT CITROEN C4 CACTUS  14-;GLACES LATERALES;Glace laterale;;product;true;true;VSF Centre;37,04;81,49;46,3;;2755RGSR5FD;false;1;Centre;import;Rapprochement Odoo par default_code a effectuer.
2756ACDCIMVZ1C;PB ATH AC JUMPY /EXPERT 3 CAPT CAM 16-;PARE BRISE;Pare-brise;;product;true;true;VSF Centre;241,06;530,32;301,32;;2756ACDCIMVZ1C;false;1;R601;import;Rapprochement Odoo par default_code a effectuer.
2756AGAIMVZ1C;PB VT ACO JUMPY /EXPERT 3  CAPT  16-;PARE BRISE;Pare-brise;;product;true;true;VSF Centre;123,41;271,5;154,26;;2756AGAIMVZ1C;false;16;R136 | R114 | R135 | Centre | R506 | R503 | R632 | R605 | R313 | R713 | GALLERIA | R534 | R638;import;Doublon source consolide : controler quantites, prix et emplacements.
2756AGAVZ;PB VT ACO JUMPY /EXPERT 3   16-;PARE BRISE;Pare-brise;;product;true;true;VSF Centre;129,46;284,8;161,82;;2756AGAVZ;false;1;R609;import;Rapprochement Odoo par default_code a effectuer.
2756AGSVZ;PB VT JUMPY 3/EXPERT 3   16-;PARE BRISE;Pare-brise;;product;true;true;VSF Centre;108;237,6;135;;2756AGSVZ;false;4;R323 | R502 | R435 | R637;import;Doublon source consolide : controler quantites, prix et emplacements.
2756BGSVL1H;LUN ARG VT JUMPY/EXPERT III TROU 16-;LUNETTES;Lunette;;product;true;true;VSF Centre;81,74;179,83;120,21;;;false;1;R903;import;Rapprochement Odoo par default_code a effectuer.
2756BGSVLU;LUN ARG VT N CHAUF JUMPY /EXPERT 3  16-;LUNETTES;Lunette;;product;true;true;VSF Centre;75,66;166,46;94,58;;2756BGSVLU;false;1;R904;import;Rapprochement Odoo par default_code a effectuer.
2756BGSVR1H;LUN ARD VT JUMPY/EXPERT III TROU 16-;LUNETTES;Lunette;;product;true;true;VSF Centre;89,05;195,91;111,31;;2756BGSVR1H;false;2;R234 | Dcarton;import;Doublon source consolide : controler quantites, prix et emplacements.
2756BYPVL1H;LUN ARG PRIV JUMPY /EXPERT III TROU 16-;LUNETTES;Lunette;;product;true;true;VSF Centre;71,06;156,34;88,83;;2756BYPVL1H;false;1;R233;import;Rapprochement Odoo par default_code a effectuer.
2756BYPVR1H;LUN ARD PRIV JUMPY /EXPERT III TROU  16-;LUNETTES;Lunette;;product;true;true;VSF Centre;71,06;156,34;88,83;;2756BYPVR1H;false;1;R233;import;Rapprochement Odoo par default_code a effectuer.
2756LGSV5RD1J;GLACE ARG VT JUMPY / EXPERT 3 3 16-;GLACES LATERALES;Glace laterale;;product;true;true;VSF Centre;74,76;164,47;98,37;;;false;1;R903;import;Rapprochement Odoo par default_code a effectuer.
2756RGSV5FD;DESC AVD VT JUMPY / EXPERT 3 3 16-;GLACES LATERALES;Glace laterale;;product;true;true;Blue autos;156,3;156,3;195,37;;;false;1;GENIPA;import;Rapprochement Odoo par default_code a effectuer.
2756RGSV5FD1A;DESC AVD VT JUMPY / EXPERT 3 3 16-;GLACES LATERALES;Glace laterale;;product;true;true;VSF Centre;54,78;120,51;68,47;;;false;1;GENIPA;import;Rapprochement Odoo par default_code a effectuer.
2756RGSV5RD1J;GLACE ARD VT JUMPY / EXPERT 3 3 16-;GLACES LATERALES;Glace laterale;;product;true;true;VSF Centre;78,7;173,13;98,37;;;false;1;R423;import;Rapprochement Odoo par default_code a effectuer.
2756RYPV5RDF;GLACE COULIS ARD PRIV JUMPY/EXPERT 3 16-;GLACES LATERALES;Glace laterale;;product;true;true;VSF Centre;204;448,8;255;;2756RYPV5RDF;false;1;R902;import;Rapprochement Odoo par default_code a effectuer.
2756RYPV5RDF1J;GLACE COULIS ARD PRIV JUMPY/EXPERT 3 16-;GLACES LATERALES;Glace laterale;;product;true;true;VSF Centre;202,4;445,28;253;;2756RYPV5RDF1J;false;1;GENIPA;import;Rapprochement Odoo par default_code a effectuer.
2756RYPV5RQ1J;CUST ARD PRIV JUMPY/EXPERT 3 STANDAR 16-;GLACES LATERALES;Glace laterale;;product;true;true;VSF Centre;74,3;163,47;92,88;;;false;1;Dcarton;import;Rapprochement Odoo par default_code a effectuer.
2756RYPV5RQ2J;CUST ARD PRIV JUMPY/EXPERT 3 LONG 16-;GLACES LATERALES;Glace laterale;;product;true;true;VSF Centre;81,16;178,55;101,45;;2756RYPV5RQ2J;false;1;GALLERIA;import;Rapprochement Odoo par default_code a effectuer.
2758AGSCIMVZ1P;PB VT ACO CITROEN C3 III  CAPT LDW 16-;PARE BRISE;Pare-brise;;product;true;true;VSF Centre;111,2;244,64;139;;2758AGSCIMVZ1P;false;24;R635 | R301 | R332 | R502 | R706 | R624 | R636 | R537 | R723 | R913 | R314 | R131 | R710 | R630 | R435 | R429 | GENIPA | R427;import;Doublon source consolide : controler quantites, prix et emplacements.
2758AGSVZ;PB VT CITROEN C3 III      16-;PARE BRISE;Pare-brise;;product;true;true;VSF Centre;93,59;205,9;116,99;;2758AGSVZ;false;2;R320 | R622;import;Doublon source consolide : controler quantites, prix et emplacements.
2758BYPH;LUN PRIV CITROEN C3 III      16-;LUNETTES;Lunette;;product;true;true;VSF Centre;106,84;235,05;133,55;;2758BYPH;false;2;Centre | R927;import;Doublon source consolide : controler quantites, prix et emplacements.
2758LGSH5FD;DESC AVG VT CITROEN C3 III  16-;GLACES LATERALES;Glace laterale;;product;true;true;VSF Centre;35,09;77,19;43,86;;2758LGSH5FD;false;2;R904 | R915;import;Doublon source consolide : controler quantites, prix et emplacements.
2758LGSH5FVWZ;DÉFLECTEUR AVANT GAUCHE TEINTÉ VERT CITROEN C3 III 16-MO 0.80;GLACES LATERALES;Glace laterale;;product;true;true;SODIVA;85,99;85,99;85,99;;2758LGSH5FVWZ;false;5;Centre | T010 | R233 | R912 | R915;import;Doublon source consolide : controler quantites, prix et emplacements.
2758LYPH5RD;DESC ARG PRIV CITROEN C3 III  16-;GLACES LATERALES;Glace laterale;;product;true;true;VSF Centre;44,06;96,94;55,08;;;false;2;R904 | R906;import;Doublon source consolide : controler quantites, prix et emplacements.
2758RGSH5FD;DESC AVD VT CITROEN C3 III  16-;GLACES LATERALES;Glace laterale;;product;true;true;VSF Centre;37,04;81,49;46,3;;;false;1;R906;import;Rapprochement Odoo par default_code a effectuer.
2758RGSH5FVWZ;DÉFLECTEUR AVANT DROIT TEINTÉ VERT CITROEN C3 III  16-;GLACES LATERALES;Glace laterale;;product;true;true;SODIVA;86;86;86;;2758RGSH5FVWZ;false;7;Centre | GALLERIA | R230 | R229 | R906;import;Doublon source consolide : controler quantites, prix et emplacements.
2758RYPH5RD;DESC ARD PRIV CITROEN C3 III  16-;GLACES LATERALES;Glace laterale;;product;true;true;VSF Centre;37,83;83,23;47,29;;2758RYPH5RD;false;4;R904 | GENIPA | R903 | R916;import;Doublon source consolide : controler quantites, prix et emplacements.
2760AGSBCMVZ;PB VT C3 AIRCROSS RHD CAPT CAM 17-;PARE BRISE;Pare-brise;;product;true;true;VSF Centre;152,15;334,73;190,19;;;false;1;R616;import;Rapprochement Odoo par default_code a effectuer.
2760AGSCMVZ;PB VT C3 AIRCROSS CAPT CAM 17-;PARE BRISE;Pare-brise;;product;true;true;VSF Centre;132;290,4;165;;2760AGSCMVZ;false;6;R636 | R321 | R435 | R432 | R405;import;Doublon source consolide : controler quantites, prix et emplacements.
2760AGSCVZ;PB VT CITROEN C3 AIRCROSS CAMERA 17-;PARE BRISE;Pare-brise;;product;true;true;VSF Centre;106,37;234,01;132,96;;2760AGSCVZ;false;1;R627;import;Rapprochement Odoo par default_code a effectuer.
2760BGDR;LUN VT FONCEE CITROEN C3 AIRCROSS 17-;LUNETTES;Lunette;;product;true;true;VSF Centre;106,97;235,33;133,71;;2760BGDR;false;1;R924;import;Rapprochement Odoo par default_code a effectuer.
2760LCFR5RQZ2O;CUSTODE ARG TV C3 AIRCROSS 17-MO 1.30;GLACES LATERALES;Glace laterale;;product;true;true;SODIVA;143,05;314,71;204,36;;2760LCFR5RQZ2O;false;1;GALLERIA;import;Rapprochement Odoo par default_code a effectuer.
2760LGSR5FVWZ;DÉFLECTEUR AVANT GAUCHE TEINTÉ VERT CITROEN C3 AIRCROSS 17-MO 0.60;GLACES LATERALES;Glace laterale;;product;true;true;SODIVA;236,75;236,75;236,75;;2760LGSR5FVWZ;false;1;GALLERIA;import;Rapprochement Odoo par default_code a effectuer.
2761BYPRA;LUN PRIV CITROEN C5 AIRCROSS ANT  18-;LUNETTES;Lunette;;product;true;true;VSF Centre;123,07;270,76;153,84;;;false;1;GENIPA;import;Rapprochement Odoo par default_code a effectuer.
2761LYPR5RVWZ;DÉFLECTEUR ARRIÈRE GAUCHE PRIVACY (NOIR) C5 AIRCROSS 18-MO 0.60;GLACES LATERALES;Glace laterale;;product;true;true;SODIVA;143,01;143,01;178,76;;;false;1;GALLERIA;import;Rapprochement Odoo par default_code a effectuer.
2762AGRCIMVZ;PB VT ACO DS 7 CAPT LDW  17-;PARE BRISE;Pare-brise;;product;true;true;VSF Centre;132,36;291,19;165,45;;2762AGRCIMVZ;false;5;R301 | R620 | R506 | GALLERIA | R533;import;Doublon source consolide : controler quantites, prix et emplacements.
2762BYPRA;LUN PRIV DS 7 CROSSBACK ANT  17-;LUNETTES;Lunette;;product;true;true;VSF Centre;123,12;270,86;153,9;;;false;2;GALLERIA;import;Doublon source consolide : controler quantites, prix et emplacements.
2762RYQR5RDKW;DESC ARD PRIV FEUILL DS 7 CROSSBACK  17-;GLACES LATERALES;Glace laterale;;product;true;true;VSF Centre;86,33;189,92;107,91;;2762RYQR5RDKW;false;1;R908;import;Rapprochement Odoo par default_code a effectuer.
2763AGSCMVZ;PARE-BRISE TEINTÉ VERT BERLINGO 3/RIFTER CAPTEUR DE PLUIE CAMÉRA 18-;PARE BRISE;Pare-brise;;product;true;true;BLUE AUTO;98,26;216,16;122,82;;2763AGSCMVZ;false;16;Centre | R521 | R530 | GALLERIA | R505 | R601 | R604 | CASSE | R704 | R702 | R622 | R433 | R504 | R538;import;Doublon source consolide : controler quantites, prix et emplacements.
2763AGSVZ;PB VT BERLINGO 3/RIFTER/COMBO  18-;PARE BRISE;Pare-brise;;product;true;true;VSF Centre;94,11;207,05;117,64;;2763AGSVZ;false;7;R612 | R509 | R504 | GALLERIA | R435 | R426 | R638;import;Doublon source consolide : controler quantites, prix et emplacements.
2763AGSVZ-N;PARE-BRISE TEINTÉ VERT BERLINGO 3/RIFTER/COMBO 18-;PARE BRISE;Pare-brise;;product;true;true;CLIENT;;;;;2763AGSVZ-N;false;1;CASSE;import;Rapprochement Odoo par default_code a effectuer. PRIX RV absent : standard_price non calculable, phase de cout a exclure.
2763AGSVZ-O;PARE-BRISE TEINTÉ VERT BERLINGO 3/RIFTER/COMBO 18-;PARE BRISE;Pare-brise;;product;true;true;Centre;;;;3750AGSVZ-O;2763AGSVZ-O;false;1;CASSE;import;Rapprochement Odoo par default_code a effectuer. PRIX RV absent : standard_price non calculable, phase de cout a exclure.
2763BGSV;LUN VT BERLINGO 3 / RIFTER HAYON  18-;LUNETTES;Lunette;;product;true;true;VSF Centre;87,82;193,21;109,78;;2763BGSV;false;1;R933;import;Rapprochement Odoo par default_code a effectuer.
2763BGSV1A;LUN VT BERLINGO 3/RIFTER HAYON  18-;LUNETTES;Lunette;;product;true;true;VSF Centre;92,9;204,37;116,12;;;false;1;R407;import;Rapprochement Odoo par default_code a effectuer.
2763BGSVL;LUNETTE ARRIÈRE GAUCHE TEINTÉ VERT BERLINGO 3/ RIFTER  18-MO 0.90;LUNETTES;Lunette;;product;true;true;BLUE AUTO;168,87;168,87;168,87;;2763BGSVL;false;1;GALLERIA;import;Rapprochement Odoo par default_code a effectuer.
2763LGSV3FD;DESC AVG VT BERLINGO 3/RIFTER/COMBO  18-;GLACES LATERALES;Glace laterale;;product;true;true;VSF Centre;36,59;80,5;45,74;;;false;2;R908 | R905;import;Doublon source consolide : controler quantites, prix et emplacements.
2763LGSV3FD1A;DESC AVG VT BERLINGO 3/RIFTER/COMBO  18-;GLACES LATERALES;Glace laterale;;product;true;true;VSF Centre;42,23;92,91;52,79;;2763LGSV3FD1A;false;1;R913;import;Rapprochement Odoo par default_code a effectuer.
2763LGSV3FVWZ;DEFL AVG VT BERLINGO 3/RIFTER/COMBO  18-;GLACES LATERALES;Glace laterale;;product;true;true;VSF Centre;64,52;141,95;84,9;;;false;1;T001;import;Rapprochement Odoo par default_code a effectuer.
2763LGSV3RDOZ;GLACE ARG VT OUV BERLINGO 3/RIFTER 18-;GLACES LATERALES;Glace laterale;;product;true;true;VSF Centre;57,24;125,93;71,55;;;false;1;Dcarton;import;Rapprochement Odoo par default_code a effectuer.
2763RGSV3FD1A;DESC AVD VT BERLINGO 3/RIFTER/COMBO  18-;GLACES LATERALES;Glace laterale;;product;true;true;VSF Centre;42,57;93,65;53,21;;2763RGSV3FD1A;false;1;R234;import;Rapprochement Odoo par default_code a effectuer.
2763RGSV3FVWZ;DÉFLECTEUR AVANT DROIT TEINTÉ VERT BERLINGO 3/RIFTER/COMBO 18-MO NC;GLACES LATERALES;Glace laterale;;product;true;true;BLUE AUTO;122,1;122,1;122,1;;2763RGSV3FVWZ;false;3;Centre | GALLERIA | R910;import;Doublon source consolide : controler quantites, prix et emplacements.
2763RGSV3RD1J;DESC ARD VT BERLINGO 3/RIFTER/COMB  18-;GLACES LATERALES;Glace laterale;;product;true;true;VSF Centre;36,59;80,5;45,74;;;false;1;Dcarton;import;Rapprochement Odoo par default_code a effectuer.
2763RGSV3RDOZ;GLACE ARD VT OUV BERLINGO 3/RIFTER 18-;GLACES LATERALES;Glace laterale;;product;true;true;VSF Centre;57,24;125,93;71,55;;;false;1;Dcarton;import;Rapprochement Odoo par default_code a effectuer.
2763RYPV3RQ;CUST ARD PRIV BERLINGO 3/RIFTER  18-;GLACES LATERALES;Glace laterale;;product;true;true;VSF Centre;51,2;112,64;64;;2763RYPV3RQ;false;1;GALLERIA;import;Rapprochement Odoo par default_code a effectuer.
2764RGSR5FD;DESC AVD VT DS3 CROSSBACK   19-;GLACES LATERALES;Glace laterale;;product;true;true;VSF Centre;91,52;201,34;114,4;;;false;1;R908;import;Rapprochement Odoo par default_code a effectuer.
2765AGRCIMVZ;PB VT ACO ABS C4 III CAPT CAM 20-;PARE BRISE;Pare-brise;;product;true;true;VSF Centre;142,1;312,61;177,62;;2765AGRCIMVZ;false;1;R509;import;Rapprochement Odoo par default_code a effectuer.
2765LGSR5FD;DESC AVG VT CITROEN C4 III 20-;GLACES LATERALES;Glace laterale;;product;true;true;VSF Centre;54,54;120;68,18;;2765LGSR5FD;false;1;R913;import;Rapprochement Odoo par default_code a effectuer.
2765RGSR5FD;DESC AVD VT CITROEN C4 III 20-;GLACES LATERALES;Glace laterale;;product;true;true;VSF Centre;54,54;120;68,18;;2765RGSR5FD;false;1;R913;import;Rapprochement Odoo par default_code a effectuer.
2768AGACMUVZ;PB VT AC C5 X / DS4 CAPT CAM HUD 22-;PARE BRISE;Pare-brise;;product;true;true;VSF Centre;263,52;579,74;329,4;;;false;1;R726;import;Rapprochement Odoo par default_code a effectuer.
284G35FA1A;CAMERA ASSY LAN;CAMERA;Autres;;product;true;true;MARTINIQUE AUTO;788;788;788;;284G35FA1A;false;1;GENIPA;import;Rapprochement Odoo par default_code a effectuer.
284L85FA2A;COVER-LANE CAME NISSAN MICRA V - 5P;AUTRES;Autres;;product;true;true;MARTINIQUE AUTO;39,94;39,94;39,94;;284L85FA2A;false;2;GALLERIA;import;Doublon source consolide : controler quantites, prix et emplacements.
284L8HM10A;CACHE RETRO NISSAN MICRA;CACHE RETRO;Autres;Cache retro;product;true;true;MA;29,28;29,28;36,6;;;false;1;GENIPA;import;Rapprochement Odoo par default_code a effectuer.
2922AGN;PB VT DAIHATSU TERIOS              97-06;PARE BRISE;Pare-brise;;product;true;true;VSF Centre;115,79;254,74;144,74;;2922AGN;false;2;R612 | R516;import;Doublon source consolide : controler quantites, prix et emplacements.
2922ASMR;JC PB DAIHATSU TERIOS              97-06;JOINTS;Joint;;product;true;true;VSF Centre;19,12;42,06;23,9;;2922ASMR;false;2;R612 | J6D;import;Doublon source consolide : controler quantites, prix et emplacements.
2930AGN;PB VT DAIHATSU SIRION II/JUSTY 05-11;PARE BRISE;Pare-brise;;product;true;true;VSF Centre;126,21;277,66;157,76;;2930AGN;false;1;R532;import;Rapprochement Odoo par default_code a effectuer.
2930ASMH;JC PB DAIHATSU SIRION II/JUSTY 06-11;JOINTS;Joint;;product;true;true;VSF Centre;13,6;29,92;17;;2930ASMH;false;1;J10B;import;Rapprochement Odoo par default_code a effectuer.
2930RGSH5FDW;DESC AVD VT DAIHATSU SIRION II 5P 05-11;GLACES LATERALES;Glace laterale;;product;true;true;VSF Centre;85,46;188;106,82;;2930RGSH5FDW;false;1;R907;import;Rapprochement Odoo par default_code a effectuer.
2931AGN;PB VT DAIHATSU TERIOS II           06-12;PARE BRISE;Pare-brise;;product;true;true;VSF Centre;159,39;350,66;199,24;;2931AGN;false;4;R220 | R602 | R635 | R629;import;Doublon source consolide : controler quantites, prix et emplacements.
2931ASMR;JC PB DAIHATSU TERIOS II           06-12;JOINTS;Joint;;product;true;true;VSF Centre;9,11;20,05;11,39;;2931ASMR;false;6;R220 | R602 | J3B | R635 | R629 | J5B;import;Doublon source consolide : controler quantites, prix et emplacements.
2931BGNRW;LUN VT DAIHATSU TERIOS II         06-12;LUNETTES;Lunette;;product;true;true;VSF Centre;101,5;223,31;126,88;;2931BGNRW;false;2;D2 | GENIPA;import;Doublon source consolide : controler quantites, prix et emplacements.
2931BGPRW;LUN VT FONCEE DAIHATSU TERIOS II 06-12;LUNETTES;Lunette;;product;true;true;VSF Centre;85,31;187,69;106,64;;2931BGPRW;false;1;Centre;import;Rapprochement Odoo par default_code a effectuer.
2931LGSR5FDW;GLACE DESCENDANTE AVANT GAUCHE TEINTÉ VERT DAIHATSU TERIOS 06-12;GLACES LATERALES;Glace laterale;;product;true;true;CCIE;225,09;225,09;225,09;;2931LGSR5FDW;false;1;Centre;import;Rapprochement Odoo par default_code a effectuer.
2931RGSR5FDW;DESC AVD VT DAIHATSU TERIOS 06-12;GLACES LATERALES;Glace laterale;;product;true;true;VSF Centre;54,89;120,75;68,61;;2931RGSR5FDW;false;1;R914;import;Rapprochement Odoo par default_code a effectuer.
2G0945207B;FEU ARG;OPTIQUE;Autres;Optique;product;true;true;AUTOS GM;246,32;246,32;246,32;;2G0945207B;false;1;GALLERIA;import;Rapprochement Odoo par default_code a effectuer.
2K5845201A;GLACE DESCENDANTE AVANT GAUCHE TEINTÉ VERT VOLKSWAGEN CADDY;GLACES LATERALES;Glace laterale;;product;true;true;AUTOS GM;62,93;62,93;62,93;;2K5845201A;false;1;Centre;import;Rapprochement Odoo par default_code a effectuer.
3000BGNH;LUNETTE TEINTÉ VERT DAEWOO NEXIA 3 ET 5 PORTES 95-MO 1,80;LUNETTES;Lunette;;product;true;true;INVENTAIRE;117,56;258,63;117,56;;3000BGNH;false;1;R236;import;Rapprochement Odoo par default_code a effectuer.
3014AGNBL;PB VTBL DAEWOO KALOS               02-08;PARE BRISE;Pare-brise;;product;true;true;VSF Centre;79,9;175,79;99,88;;3014AGNBL;false;1;R520;import;Rapprochement Odoo par default_code a effectuer.
3014AGSBL;PB VTBL DAEWOO KALOS               02-08;PARE BRISE;Pare-brise;;product;true;true;VSF Centre;85,5;188,09;106,87;;3014AGSBL;false;1;R207;import;Rapprochement Odoo par default_code a effectuer.
3014ASMH;JC PB DAEWOO KALOS                 02-08;JOINTS;Joint;;product;true;true;VSF Centre;5,89;12,95;7,36;;3014ASMH;false;2;R520 | JT019;import;Doublon source consolide : controler quantites, prix et emplacements.
3014BGSHW;LUN VT CHEVR KALOS/AVEO 3/5P  02-08;LUNETTES;Lunette;;product;true;true;VSF Centre;90,28;198,62;112,85;;3014BGSHW;false;2;Dépôt 1 | Centre;import;Doublon source consolide : controler quantites, prix et emplacements.
3014LGSH3RQO;CUST.ARG OUVR.VT KALOS 3P 02-08;GLACES LATERALES;Glace laterale;;product;true;true;VSF Centre;71,2;156,64;89;;3014LGSH3RQO;false;1;Centre;import;Rapprochement Odoo par default_code a effectuer.
3014LGSH5FD;DESC.AVG VT DAEWOO KALOS/AVEO 4/5P 02-08;GLACES LATERALES;Glace laterale;;product;true;true;VSF Centre;47,2;103,84;59;;3014LGSH5FD;false;3;Centre | R904;import;Doublon source consolide : controler quantites, prix et emplacements.
3014RGSH3RQO;CUST ARD OUVR VT KALOS 3P 02-08;GLACES LATERALES;Glace laterale;;product;true;true;VSF Centre;66,42;146,12;83,02;;3014RGSH3RQO;false;1;R903;import;Rapprochement Odoo par default_code a effectuer.
3015AGSBLH;PB VTBL SSANGYONG REXTON CHAUF 02-17;PARE BRISE;Pare-brise;;product;true;true;VSF Centre;143,02;314,65;178,78;;3015AGSBLH;false;2;R709 | R631;import;Doublon source consolide : controler quantites, prix et emplacements.
3015ASMR;JC PB SSANGYONG REXTON             02-17;JOINTS;Joint;;product;true;true;VSF Centre;11,7;25,73;14,62;;3015ASMR;false;2;J6B;import;Doublon source consolide : controler quantites, prix et emplacements.
3015LGDR5RD;DESC ARG VT FONCEE SS YONG REXTON  02-17;GLACES LATERALES;Glace laterale;;product;true;true;VSF Centre;44,66;98,26;55,83;;3015LGDR5RD;false;1;D2;import;Rapprochement Odoo par default_code a effectuer.
3020LGNM5FD;DESC AVG VT KYRON/ACTYON 06-;GLACES LATERALES;Glace laterale;;product;true;true;VSF Centre;52,96;116,51;66,2;;3020LGNM5FD;false;1;R911;import;Rapprochement Odoo par default_code a effectuer.
3022AGSBL;PB VTBL CHEVROLET AVEO            06-11;PARE BRISE;Pare-brise;;product;true;true;VSF Centre;112;246,4;140;;3022AGSBL;false;1;R737;import;Rapprochement Odoo par default_code a effectuer.
3022ASMS;JC PB CHEVROLET AVEO               06-11;JOINTS;Joint;;product;true;true;VSF Centre;5,64;12,41;7,05;;3022ASMS;false;1;J10D;import;Rapprochement Odoo par default_code a effectuer.
3024ACCBLMV1B;PB ATH BL CHEVRO.CAPTIVA  +CAPT 06-;PARE BRISE;Pare-brise;;product;true;true;VSF Centre;383,2;843,04;479;;3024ACCBLMV1B;false;1;R331;import;Rapprochement Odoo par default_code a effectuer.
3024AGABLV;PB VTBL ACO CHEVROLET CAPTIVA 06-18;PARE BRISE;Pare-brise;;product;true;true;VSF Centre;121,22;266,68;121,22;;3024AGABLV;false;1;R421;import;Rapprochement Odoo par default_code a effectuer.
3024AGNBLV;PB VTBL CHEVROLET CAPTIVA         06-18;PARE BRISE;Pare-brise;;product;true;true;VSF Centre;137,55;302,61;202,28;;;false;1;R417;import;Rapprochement Odoo par default_code a effectuer.
3024AGSBLMV1B;PB VTBL CHEVRO.CAPTIVA CAPT. 06-;PARE BRISE;Pare-brise;;product;true;true;MPB;412;412;412;;3024AGSBLMV1B;false;10;Centre | R402 | R307 | R426 | R434 | R414 | R626 | R723 | R715;import;Doublon source consolide : controler quantites, prix et emplacements.
3024AGSBLMV1B-PERDU;PB VTBL CHEVROLET CAPTIVA CAPT  06-18;PARE BRISE;Pare-brise;;product;true;false;VSF Centre;210,26;462,58;262,83;;3024AGSBLMV1B-PERDU;false;1;PERDUE;exclusion_format_eurocode;Rapprochement Odoo par default_code a effectuer. EXCLUE DE L'IMPORT (decision RPBM du 2026-08-05, D3) : format d'eurocode suspect (annotation, code constructeur, texte libre). Sans x_studio_eurocode valide, la fiche serait invisible au widget rpbm_agent et non synchronisable. A reprendre a la main dans le fichier Excel si la reference doit exister.
3024ASMR;JC PB CHEVROLET CAPTIVA 06-;JOINTS;Joint;;product;true;true;MPB;34,17;75,17;42,71;;3024ASMR;false;12;Centre | R331 | Carton Joints | R421 | Caisse Joints | Caisse | R626 | D2 (Joints) | R723 | J11C;import;Doublon source consolide : controler quantites, prix et emplacements.
3024ASMR-PERDU;JC PB CHEVROLET CAPTIVA            06-18;JOINTS;Joint;;product;true;true;VSF Centre;35,9;78,97;44,87;;3024ASMR-PERDU;false;1;PERDUE;import;Rapprochement Odoo par default_code a effectuer.
3024LGNR5FD;DESC.AVG VT CHEVROLET CAPTIVA   06-;LUNETTES;Lunette;;product;true;true;VSF Centre;49,6;109,12;62;;3024LGNR5FD;false;1;Centre;import;Rapprochement Odoo par default_code a effectuer.
3024LYPR5RD;DESC ARG PRIVACY CHEVR  CAPTIVA   06-18;GLACES LATERALES;Glace laterale;;product;true;true;VSF Centre;76,75;168,85;95,94;;;false;1;R906;import;Rapprochement Odoo par default_code a effectuer.
3026AGSBLIMV;PB VTBL CHEVROLET CRUZE +CAPT. 09-;PARE BRISE;Pare-brise;;product;true;true;VSF Centre;127,2;279,84;159;;3026AGSBLIMV;false;1;Centre;import;Rapprochement Odoo par default_code a effectuer.
3026ASMS;JC PB CHEVROLET CRUZE 09-;JOINTS;Joint;;product;true;true;VSF Centre;31,2;68,64;39;;3026ASMS;false;1;Centre;import;Rapprochement Odoo par default_code a effectuer.
3026BGSHW;LUN VT CHEVROLET CRUZE 5P    11-;LUNETTES;Lunette;;product;true;true;VSF Centre;123,41;271,5;154,26;;3026BGSHW;false;1;Centre;import;Rapprochement Odoo par default_code a effectuer.
3026BGSS;LUN VT CHEVROLET CRUZE BNE   09-17;LUNETTES;Lunette;;product;true;true;VSF Centre;180,04;396,09;225,05;;3026BGSS;false;2;R906 | GALLERIA;import;Doublon source consolide : controler quantites, prix et emplacements.
3026LGSS4FD;DESC AVG VT CHEVROLET CRUZE 4/5P   09-17;GLACES LATERALES;Glace laterale;;product;true;true;VSF Centre;46,57;102,45;58,21;;3026LGSS4FD;false;1;AVION;import;Rapprochement Odoo par default_code a effectuer.
3026LGSS4RD;DESC ARG VT CHEVROLET CRUZE 4P   09-17;GLACES LATERALES;Glace laterale;;product;true;true;VSF Centre;28,66;63,06;35,83;;3026LGSS4RD;false;3;Galléria | D2 | GALLERIA;import;Doublon source consolide : controler quantites, prix et emplacements.
3026RGSH5RV;DEFL ARD VT CHEVROLET CRUZE 5P   09-17;GLACES LATERALES;Glace laterale;;product;true;true;VSF Centre;26,49;58,29;34,86;;;false;1;R914;import;Rapprochement Odoo par default_code a effectuer.
3029AGNBL;PB VTBL SSANGYONG KORANDO II   10-19;PARE BRISE;Pare-brise;;product;true;true;VSF Centre;132,39;291,26;165,49;;3029AGNBL;false;2;R731 | R535;import;Doublon source consolide : controler quantites, prix et emplacements.
3029AGNBLH;PB VTBL SSANGYONG KORANDO CHAUF 10-19;PARE BRISE;Pare-brise;;product;true;true;VSF Centre;152,8;336,16;191;;3029AGNBLH;false;1;Génipa;import;Rapprochement Odoo par default_code a effectuer.
3029ASMR;JC PB SSANGYONG KORANDO  11-19;JOINTS;Joint;;product;true;true;VSF Centre;10,2;22,44;12,75;;3029ASMR;false;3;R731 | R535 | Génipa;import;Doublon source consolide : controler quantites, prix et emplacements.
3030AGNBLMV1B;PB VTBL CHEVROLET ORLANDO+CAPT.11-;PARE BRISE;Pare-brise;;product;true;true;VSF Centre;135,2;297,44;169;;3030AGNBLMV1B;false;1;R430;import;Rapprochement Odoo par default_code a effectuer.
3030AGNBLV;PB VTBL CHEVROLET ORLANDO 11-18;PARE BRISE;Pare-brise;;product;true;true;VSF Centre;125,31;275,69;156,64;;3030AGNBLV;false;1;R501;import;Rapprochement Odoo par default_code a effectuer.
3030ASMM;JC PB CHEVROLET ORLANDO 11-;JOINTS;Joint;;product;true;true;VSF Ouest;22,41;49,3;28,01;;3030ASMM;false;1;R430;import;Rapprochement Odoo par default_code a effectuer.
3030BGNMBI;LUN  VT CHEVROLET ORLANDO STOP 11-18;LUNETTES;Lunette;;product;true;true;VSF Centre;151,2;332,64;189;;3030BGNMBI;false;2;R918 | R919;import;Doublon source consolide : controler quantites, prix et emplacements.
3030RGNMFFV;DFL AVG CHEVROLET ORLANDO;GLACES LATERALES;Glace laterale;;product;true;true;CENTRALE CASSE;55,3;55,3;55,3;;3030RGNMFFV;false;1;Centre;import;Rapprochement Odoo par default_code a effectuer.
3031AGSBLV;PB VTBL CHEVROLET AVEO 4/5P  11-;PARE BRISE;Pare-brise;;product;true;true;VSF Centre;91,63;201,59;114,54;;3031AGSBLV;false;4;R623 | R737 | R536 | R511;import;Doublon source consolide : controler quantites, prix et emplacements.
3031ASMH;JC PB CHEVROLET AVEO       11-;JOINTS;Joint;;product;true;true;VSF Centre;8,24;18,13;10,3;;3031ASMH;false;4;R623 | J10E | JT8B | J10D;import;Doublon source consolide : controler quantites, prix et emplacements.
3031BGSHB;LUN VT CHEVRO AVEO 5P HAYON 11-;LUNETTES;Lunette;;product;true;true;VSF Centre;82,28;181,02;102,85;;3031BGSHB;false;1;GALLERIA;import;Rapprochement Odoo par default_code a effectuer.
3042AGSBL;PB VTBL SSANGYONG TIVOLI   15-;PARE BRISE;Pare-brise;;product;true;true;Vsf Centre;139,98;307,95;174,97;;3042AGSBL;false;2;Centre | R303;import;Doublon source consolide : controler quantites, prix et emplacements.
3042LGSR5FD;DESC AVG VT SSANGYONG TIVOLI /XLV 15-;GLACES LATERALES;Glace laterale;;product;true;true;VSF Centre;44,07;96,96;55,09;;3042LGSR5FD;false;1;Galléria;import;Rapprochement Odoo par default_code a effectuer.
3042RGSR5FD;DESC AVD VT SSANGYONG TIVOLI /XLV 15-;GLACES LATERALES;Glace laterale;;product;true;true;VSF Centre;52,83;116,23;66,04;;3042RGSR5FD;false;1;GALLERIA;import;Rapprochement Odoo par default_code a effectuer.
3047AGABLCHM;PB VTBL AC KORANDO 3 CHAU CAP CAM 19-;PARE BRISE;Pare-brise;;product;true;true;VSF Centre;212,8;468,16;266;;3047AGABLCHM;false;1;R526;import;Rapprochement Odoo par default_code a effectuer.
31440019;MECANISME LEVE VITRE;MECANISME;Autres;Leve-vitre;product;true;true;MA;391,31;391,31;489,14;;;false;1;GALLERIA;import;Rapprochement Odoo par default_code a effectuer.
3329AGNBL;PB VTBL FIAT X1/9                  73-88;PARE BRISE;Pare-brise;;product;true;true;VSF Centre;392,82;864,2;491,02;;3329AGNBL;false;1;R616;import;Rapprochement Odoo par default_code a effectuer.
3340RGNH3FD;DESC AVD VT CINQUECENTO/SEIC  92-97;GLACES LATERALES;Glace laterale;;product;true;true;VSF Centre;60,8;133,76;76;;3340RGNH3FD;false;1;T004;import;Rapprochement Odoo par default_code a effectuer.
3345AGS;PB VT EVASION/806/ULYS./ZETA       95-07;PARE BRISE;Pare-brise;;product;true;true;VSF Centre;70,4;147,84;88;2721AGS;3345AGS;false;2;R104 | R228;import;Doublon source consolide : controler quantites, prix et emplacements.
3345AKMV;JC+C KIT PB COMP. EVAS/806/ULY./ZET. 95-;JOINTS;Joint;;product;true;true;VSF Ouest;18,2;40,04;22,75;2721A;3345AKMV;false;3;JT027 | J11F | J2F;import;Doublon source consolide : controler quantites, prix et emplacements.
3345RGSV5RQO;CUST OUVR ARD VT 806/EVASION  95-03;GLACES LATERALES;Glace laterale;;product;true;true;VSF Centre;53,04;116,69;66,3;;3345RGSV5RQO;false;1;R915;import;Rapprochement Odoo par default_code a effectuer.
3351AGS;PB VT FIAT PUNTO II                99-12;PARE BRISE;Pare-brise;;product;true;true;VSF Centre;71,28;156,82;89,1;;3351AGS;false;4;R435 | R208 | CASSE | R507;import;Doublon source consolide : controler quantites, prix et emplacements.
3351ASMHT;JC SUP.PB FIAT PUNTO II     99-12;JOINTS;Joint;;product;true;true;VSF Centre;6,76;14,87;8,45;;3351ASMHT;false;4;R435 | R208 | CASSE | J3B;import;Doublon source consolide : controler quantites, prix et emplacements.
3351BGSHBW;LUN VT PUNTO II 3P SS TROU         99-12;LUNETTES;Lunette;;product;true;true;VSF Centre;88,29;194,23;110,36;;3351BGSHBW;false;1;R113;import;Rapprochement Odoo par default_code a effectuer.
3354LGSV3FDW;DESC AVG VT FIAT DOBLO             01-10;GLACES LATERALES;Glace laterale;;product;true;true;VSF Centre;38,66;85,06;48,33;;3354LGSV3FDW;false;1;OK;import;Rapprochement Odoo par default_code a effectuer.
3355AGSMZ;PARE-BRISE TEINTÉ VERT FIAT STILO 5 PORTES HAYON CAPTEUR DE PLUIE 01-08MO 3,20;PARE BRISE;Pare-brise;;product;true;true;INVENTAIRE;145,71;320,56;145,71;;3355AGSMZ;false;1;R319;import;Rapprochement Odoo par default_code a effectuer.
3356AGSMZ;PARE-BRISE TEINTÉ VERT FIAT STILO 3 PORTES CAPTEUR DE PLUIE 01-07MO 3,20;PARE BRISE;Pare-brise;;product;true;true;INVENTAIRE;156,29;343,84;156,29;;3356AGSMZ;false;1;R110;import;Rapprochement Odoo par default_code a effectuer.
3359AGS;PB VT FIAT PANDA II 03-12;PARE BRISE;Pare-brise;;product;true;true;VSF Centre;67,64;148,81;89;;3359AGS;false;8;R123 | R323 | R204 | R533 | R506 | R523 | R423;import;Doublon source consolide : controler quantites, prix et emplacements.
3359AKKH1G;JC+CALES KIT PB FIAT PANDA II      03-12;JOINTS;Joint;;product;true;true;VSF Centre;24,29;53,43;30,36;;3359AKKH1G;false;3;R323 | J010 | J3B;import;Doublon source consolide : controler quantites, prix et emplacements.
3359AKKH1G9;VO - JC+CALES KIT PB FIAT PANDA II 03-12;JOINTS;Joint;;product;true;true;VSF Ouest;23,07;50,75;30,36;;3359AKKH1G9;false;2;;import;Doublon source consolide : controler quantites, prix et emplacements.
3359ASMH;JC PB FIAT PANDA II                03-12;JOINTS;Joint;;product;true;true;VSF Centre;13,6;29,92;17;;3359ASMH;false;2;J8B | GENIPA;import;Doublon source consolide : controler quantites, prix et emplacements.
3359BGSHBW;LUN.VT FIAT PANDA II               03-12;LUNETTES;Lunette;;product;true;true;VSF Centre;87,2;191,84;109;;3359BGSHBW;false;1;R927;import;Rapprochement Odoo par default_code a effectuer.
3359RGSH5RDW;DESC ARD VT FIAT PANDA II          03-12;GLACES LATERALES;Glace laterale;;product;true;true;VSF Centre;31,94;70,28;39,93;;3359RGSH5RDW;false;1;Centre;import;Rapprochement Odoo par default_code a effectuer.
3362AGAZ2B;PB VT ACOU GRANDE PUNTO N SERIG 05-18;PARE BRISE;Pare-brise;;product;true;true;VSF Centre;110,4;242,88;138;;;false;1;R407;import;Rapprochement Odoo par default_code a effectuer.
3362AGSZ2B;PB VT GRANDE PUNTO NOUV.SERIG.05-;PARE BRISE;Pare-brise;;product;true;true;VSF Centre;75,2;165,44;94;;3362AGSZ2B;false;5;Centre | R413 | R431 | R538 | R610;import;Doublon source consolide : controler quantites, prix et emplacements.
3362BGSH;LUN VT FIAT GRANDE PUNTO           05-;LUNETTES;Lunette;;product;true;true;VSF Centre;54,11;119,05;67,64;;3362BGSH;false;1;Centre;import;Rapprochement Odoo par default_code a effectuer.
3362BYPH;LUN PRIVACY FIAT GRANDE PUNTO  05-18;LUNETTES;Lunette;;product;true;true;VSF Centre;86,87;191,12;108,59;;3362BYPH;false;1;R225;import;Rapprochement Odoo par default_code a effectuer.
3362LGSH5FDW;DESC AVG VT FIAT GRANDE PUNTO 5P 05-18;GLACES LATERALES;Glace laterale;;product;true;true;VSF Centre;44,67;98,28;55,84;;3362LGSH5FDW;false;1;R905;import;Rapprochement Odoo par default_code a effectuer.
3363AGA;PB VT ACOU SEDICI/SUZUKI SX4 06-10;PARE BRISE;Pare-brise;;product;true;true;VSF Centre;97,5;214,51;121,88;;3363AGA;false;1;R525;import;Rapprochement Odoo par default_code a effectuer.
3363AGA1P;PB VT AC SEDICI/SUZ SX4 NOUV EMB 10-13;PARE BRISE;Pare-brise;;product;true;true;VSF Centre;98,56;216,83;123,2;;3363AGA1P;false;1;R324;import;Rapprochement Odoo par default_code a effectuer.
3363AGS1P;PB VT SEDICI/SUZUKI SX4 NOUV EMB 10-13;PARE BRISE;Pare-brise;;product;true;true;VSF Centre;94,39;207,66;117,99;;3363AGS1P;false;3;Centre | R318;import;Doublon source consolide : controler quantites, prix et emplacements.
3363ASMR;JC PB FIAT SEDICI/SUZUKI SX4       06-13;JOINTS;Joint;;product;true;true;VSF Centre;10,69;23,51;13,36;;3363ASMR;false;4;R324 | Centre | R525 | R318;import;Doublon source consolide : controler quantites, prix et emplacements.
3363BGSR;LUN VT FIAT SEDICI/SUZUKI SX4     06-13;LUNETTES;Lunette;;product;true;true;VSF Centre;119,31;262,49;149,14;;3363BGSR;false;1;R902;import;Rapprochement Odoo par default_code a effectuer.
3365AGSMVZ1B;PB VT FIAT BRAVO +CAPT          07-15;PARE BRISE;Pare-brise;;product;true;true;VSF Centre;95,2;209,44;119;;3365AGSMVZ1B;false;3;R402 | CASSE | R110;import;Doublon source consolide : controler quantites, prix et emplacements.
3365AGSZ;PB VT FIAT BRAVO                  07-15;PARE BRISE;Pare-brise;;product;true;true;VSF Centre;100;220;125;;;false;1;R630;import;Rapprochement Odoo par default_code a effectuer.
3366AGAVZ;PB VT ACOU FIAT 500            07-;PARE BRISE;Pare-brise;;product;true;true;VSF Centre;116,03;255,27;145,04;;3366AGAVZ;false;2;R703 | GALLERIA;import;Doublon source consolide : controler quantites, prix et emplacements.
3366AGSZ;PB VT FIAT 500                 07-;PARE BRISE;Pare-brise;;product;true;true;VSF Centre;87,2;191,84;109;;3366AGSZ;false;1;R327;import;Rapprochement Odoo par default_code a effectuer.
3366AGSZ1B;PB VT FIAT 500                 07-;PARE BRISE;Pare-brise;;product;true;true;VSF Centre;98,05;215,71;122,56;;3366AGSZ1B;false;4;R428 | R602 | R720 | R614;import;Doublon source consolide : controler quantites, prix et emplacements.
3366AGSZ1V;PB VT FIAT 500 GDE SERIGRAPHIE   07-;PARE BRISE;Pare-brise;;product;true;true;VSF Centre;98,05;215,71;122,56;;3366AGSZ1V;false;2;R636;import;Doublon source consolide : controler quantites, prix et emplacements.
3366BGDHB;LUN.VT FONCEE FIAT 500 07-;LUNETTES;Lunette;;product;true;true;VSF Centre;71,81;157,98;89,76;;3366BGDHB;false;1;Centre;import;Rapprochement Odoo par default_code a effectuer.
3366GZPH3PRK1J;TOIT PANO FIAT 500               07-;TOIT;Autres;Toit panoramique;product;true;true;VSF Centre;415,09;913,19;518,86;;3366GZPH3PRK1J;false;1;R933;import;Rapprochement Odoo par default_code a effectuer.
3366GZPH3PRKWZ;TOIT PANO FIAT 500               07-;TOIT;Autres;Toit panoramique;product;true;true;VSF Centre;509,32;1120,5;636,65;;3366GZPH3PRKWZ;false;1;GALLERIA;import;Rapprochement Odoo par default_code a effectuer.
3366LGSH3FDW;DESC AVG VT FIAT 500        07-;GLACES LATERALES;Glace laterale;;product;true;true;VSF Centre;43,2;95,04;54;;3366LGSH3FDW;false;1;R904;import;Rapprochement Odoo par default_code a effectuer.
3366RGSH3FDW;GLACE DESCENDANTE AVANT DROIT TEINTÉ VERT FIAT 500 07-;GLACES LATERALES;Glace laterale;;product;true;true;CENTRE AUTO;97,54;97,54;97,54;;3366RGSH3FDW;false;2;Centre | R906;import;Doublon source consolide : controler quantites, prix et emplacements.
3367AGAAVZ;PB VT ACO 500C CABRIO ANT  09-;PARE BRISE;Pare-brise;;product;true;true;VSF Centre;154,46;339,82;193,08;;3367AGAAVZ;false;1;R704;import;Rapprochement Odoo par default_code a effectuer.
3367AGNZ1V;PB VT FIAT 500C CABR GDE SERIG  09-;PARE BRISE;Pare-brise;;product;true;true;VSF Centre;90,58;199,27;119,18;;;false;1;R427;import;Rapprochement Odoo par default_code a effectuer.
3369AGSV;PB VT FIAT DOBLO 2/OPEL COMBO D 10-15;PARE BRISE;Pare-brise;;product;true;true;VSF Centre;56,3;123,87;70,38;;3369AGSV;false;1;R332;import;Rapprochement Odoo par default_code a effectuer.
3369BGDVL;LUN ARG VT FONCEE FIAT DOBLO II  10-;LUNETTES;Lunette;;product;true;true;VSF Centre;43,72;96,18;54,65;;3369BGDVL;false;2;D2 | Galléria;import;Doublon source consolide : controler quantites, prix et emplacements.
3369BGSVL;LUN ARG VT DOBLO 2/COMBO D  10-;LUNETTES;Lunette;;product;true;true;VSF Centre;37,74;83,04;47,18;;3369BGSVL;false;4;Centre | R226 | R902 | R930;import;Doublon source consolide : controler quantites, prix et emplacements.
3369BGSVR;LUN.ARD.VT DOBLO 2/COMBO D 10-;LUNETTES;Lunette;;product;true;true;VSF Centre;60,18;132,39;75,22;;3369BGSVR;false;1;Centre;import;Rapprochement Odoo par default_code a effectuer.
3369RGSV2FDIW;DESC AVD VT DOBLO 2/COMBO D   10-;GLACES LATERALES;Glace laterale;;product;true;true;VSF Centre;35,09;77,19;43,86;;3369RGSV2FDIW;false;1;R903;import;Rapprochement Odoo par default_code a effectuer.
3372AGACWZ;PB VT ACO FIAT PANDA III CAM 12-;PARE BRISE;Pare-brise;;product;true;true;VSF Centre;194,7;428,33;243,37;;;false;1;GENIPA;import;Rapprochement Odoo par default_code a effectuer.
3372AGSWZ;PB VT FIAT PANDA III     12-;PARE BRISE;Pare-brise;;product;true;true;VSF Centre;103,2;227,04;129;;3372AGSWZ;false;4;R305 | R618 | R722 | R536;import;Doublon source consolide : controler quantites, prix et emplacements.
3372LGSH5RQZ;CUST ARG VT FIAT PANDA III 12-;GLACES LATERALES;Glace laterale;;product;true;true;VSF Centre;78,1;171,81;97,62;;3372LGSH5RQZ;false;1;R234;import;Rapprochement Odoo par default_code a effectuer.
3372RGSH5FDW;DESC AVD VT FIAT PANDA III          12-;GLACES LATERALES;Glace laterale;;product;true;true;VSF Centre;41,95;92,29;52,44;;3372RGSH5FDW;false;1;R226;import;Rapprochement Odoo par default_code a effectuer.
3373AGSWZ;PB VT FIAT 500L      12-;PARE BRISE;Pare-brise;;product;true;true;VSF Centre;87,2;191,84;109;;3373AGSWZ;false;2;R330 | R501;import;Doublon source consolide : controler quantites, prix et emplacements.
3374AGACHIMVZ;PB VT AC FIAT 500X CHAUF CAPT CAM 15-18;PARE BRISE;Pare-brise;;product;true;true;VSF Centre;189,41;416,7;236,76;;3374AGACHIMVZ;false;2;R311 | R429;import;Doublon source consolide : controler quantites, prix et emplacements.
3374AGACIMVZ;PB VT AC FIAT 500X  CAPT CAM 15-18;PARE BRISE;Pare-brise;;product;true;true;VSF Centre;125,11;275,25;156,39;;3374AGACIMVZ;false;3;R207 | R522 | R417;import;Doublon source consolide : controler quantites, prix et emplacements.
3374AGSVZ;PB VT FIAT 500X        14-;PARE BRISE;Pare-brise;;product;true;true;VSF Centre;102,56;225,63;128,2;;3374AGSVZ;false;3;R231 | R611 | R416;import;Doublon source consolide : controler quantites, prix et emplacements.
3374LGSR5FD;GLACE DESCENDANTE AVANT GAUCHE TEINTÉ VERT FIAT 500X 15-;GLACES LATERALES;Glace laterale;;product;true;true;CENTRE AUTO;80,4;80,4;80,4;;3374LGSR5FD;false;1;Centre;import;Rapprochement Odoo par default_code a effectuer.
3374LGSR5FVWZ;DÉFLECTEUR AVANT GAUCHE TEINTÉ VERT FIAT 500X 15-MO 1.00;GLACES LATERALES;Glace laterale;;product;true;true;Centre auto;131,75;289,86;188,22;;;false;1;GALLERIA;import;Rapprochement Odoo par default_code a effectuer.
3374LGSR5RD;GLACE DESCENDANTE ARRIÈRE GAUCHE TEINTÉ VERT FIAT 500X 15-MO 0.85;GLACES LATERALES;Glace laterale;;product;true;true;CENTRE AUTO;105,52;105,52;105,52;;3374LGSR5RD;false;1;Centre;import;Rapprochement Odoo par default_code a effectuer.
3374RGSR5FVWZ;DÉFLECTEUR AVANT DROIT TEINTÉ VERT FIAT 500X;GLACES LATERALES;Glace laterale;;product;true;true;CENTRE AUTO;175,91;175,91;175,91;;3374RGSR5FVWZ;false;1;GALLERIA;import;Rapprochement Odoo par default_code a effectuer.
3375BGSSB;LUN VT FIAT TIPO 4 PORTES   16-;LUNETTES;Lunette;;product;true;true;VSF Centre;93,26;205,18;116,58;;;false;1;R701;import;Rapprochement Odoo par default_code a effectuer.
3375RGSH5RDW;DESC ARD VT FIAT TIPO 5P HAYON 16-;GLACES LATERALES;Glace laterale;;product;true;true;VSF Centre;28,66;63,04;35,82;;3375RGSH5RDW;false;1;R904;import;Rapprochement Odoo par default_code a effectuer.
3547AGN1B;PB VT MAVERICK/TERRANO II          94-;PARE BRISE;Pare-brise;;product;true;true;VSF Centre;86,32;189,9;107,9;;3547AGN1B;false;4;R303 | R227 | R115 | R708;import;Doublon source consolide : controler quantites, prix et emplacements.
3547AGNBL1B;PB VTBL MAVERICK/TERRANO II 94-;PARE BRISE;Pare-brise;;product;true;true;VSF Centre;86,32;189,9;107,9;;3547AGNBL1B;false;8;R130 | R334 | R217 | R111 | R421 | R731 | CASSE;import;Doublon source consolide : controler quantites, prix et emplacements.
3547ASMRT;JC SUP.PB MAVERICK/TERRANO II    94-01;JOINTS;Joint;;product;true;true;VSF Centre;8,31;18,28;10,39;;3547ASMRT;false;9;R303 | R130 | R334 | R227 | J003 | Galléria | J10B | JT013 | J8C;import;Doublon source consolide : controler quantites, prix et emplacements.
3549AGNBLV;PB VTBL FORD EXPLORER ENCAP  91-03  §§§§;PARE BRISE;Pare-brise;;product;true;true;VSF Centre;186,63;410,59;233,29;;3549AGNBLV;false;1;R728;import;Rapprochement Odoo par default_code a effectuer.
3550AGNV2P;PARE-BRISE TEINTÉ VERT GALAXY/SHARAN/ALHAMB VIN 01-06MO 2,20;PARE BRISE;Pare-brise;;product;true;true;INVENTAIRE;104,56;230,03;104,56;;3550AGNV2P;false;1;R823;import;Rapprochement Odoo par default_code a effectuer.
3552AGN;PB VT FORD FIESTA V/MAZDA 121    96-02;PARE BRISE;Pare-brise;;product;true;true;VSF Centre;50,82;111,8;63,52;;3552AGN;false;3;R110 | Centre | R614;import;Doublon source consolide : controler quantites, prix et emplacements.
3552ASMH;JC PB FORD FIESTA V/MAZDA 121   96-02;JOINTS;Joint;;product;true;true;VSF Centre;8,2;18,04;10,25;;3552ASMH;false;3;R110 | Centre | J5B;import;Doublon source consolide : controler quantites, prix et emplacements.
3555AGNZ;PB VT FORD PUMA                    97-03;PARE BRISE;Pare-brise;;product;true;true;VSF Centre;105,08;231,18;131,35;;3555AGNZ;false;1;R705;import;Rapprochement Odoo par default_code a effectuer.
3555ASMC;JC SUP PB FORD PUMA         97-03;JOINTS;Joint;;product;true;true;VSF Centre;5,7;12,53;7,12;;3555ASMC;false;1;AVION;import;Rapprochement Odoo par default_code a effectuer.
3556AGSVW;PB VT FORD FOCUS 1                 98-04;PARE BRISE;Pare-brise;;product;true;true;VSF Centre;79,73;175,4;99,66;;3556AGSVW;false;5;R205 | R202 | R313 | R322 | R412;import;Doublon source consolide : controler quantites, prix et emplacements.
3556ASMH;JC PB FORD FOCUS 1                 98-04;JOINTS;Joint;;product;true;true;VSF Centre;12,3;27,05;15,37;;3556ASMH;false;4;- | R202 | R313 | J10F;import;Doublon source consolide : controler quantites, prix et emplacements.
3556BGSS;LUN VT FOCUS 1 BNE 4P COFFRE 98-04;LUNETTES;Lunette;;product;true;true;VSF Centre;115,13;253,28;143,91;;3556BGSS;false;1;Dépôt 1;import;Rapprochement Odoo par default_code a effectuer.
3556LGSH5FD;DESC AVG VT FOCUS 1 4/5P    BK     98-04;GLACES LATERALES;Glace laterale;;product;true;true;VSF Centre;38,16;83,95;47,7;;3556LGSH5FD;false;3;Centre | R914;import;Doublon source consolide : controler quantites, prix et emplacements.
3556LGSH5RDW;DESC ARG VT FOCUS 1 BNE 4/5 P      98-04;GLACES LATERALES;Glace laterale;;product;true;true;VSF Centre;41,33;90,92;51,66;;3556LGSH5RDW;false;1;Centre;import;Rapprochement Odoo par default_code a effectuer.
3559AGSVZ;PB VT FORD MONDEO II               00-07;PARE BRISE;Pare-brise;;product;true;true;VSF Centre;80;176;100;;3559AGSVZ;false;1;R410;import;Rapprochement Odoo par default_code a effectuer.
3559RGSH5FD;DESC AVD VT FORD MONDEO 2   00-;GLACES LATERALES;Glace laterale;;product;true;true;VSF Centre;50,4;110,88;63;;3559RGSH5FD;false;1;R912;import;Rapprochement Odoo par default_code a effectuer.
3562AGSMVW1B;PB VT FORD FIESTA V    CAPTEUR     05-08;PARE BRISE;Pare-brise;;product;true;true;VSF Centre;96,45;212,19;120,56;;3562AGSMVW1B;false;1;R506;import;Rapprochement Odoo par default_code a effectuer.
3562AGSVW;PB VT FORD FIESTA VI               02-08;PARE BRISE;Pare-brise;;product;true;true;VSF Centre;72,8;160,16;91;;3562AGSVW;false;8;R431 | R430 | R318 | R425 | R410 | R411 | R406 | R633;import;Doublon source consolide : controler quantites, prix et emplacements.
3562ASMH;JC PB FORD FIESTA VI               02-08;JOINTS;Joint;;product;true;true;VSF Centre;7,61;16,74;9,51;;3562ASMH;false;1;J2A;import;Rapprochement Odoo par default_code a effectuer.
3562BGSHI;LUN VT FORD FIESTA VI 5P           02-08;LUNETTES;Lunette;;product;true;true;VSF Centre;100,04;220,09;125,05;;3562BGSHI;false;1;R213;import;Rapprochement Odoo par default_code a effectuer.
3562BGSHI1J;LUN.VT FORD FIESTA VI 3P 02-08;LUNETTES;Lunette;;product;true;true;VSF Centre;79,2;174,24;99;;3562BGSHI1J;false;1;R336;import;Rapprochement Odoo par default_code a effectuer.
3562LGSH5FDW1M;DESC AVG VT FORD FIESTA V 5P     02-08;GLACES LATERALES;Glace laterale;;product;true;true;VSF Centre;45,98;101,16;57,48;;3562LGSH5FDW1M;false;1;R903;import;Rapprochement Odoo par default_code a effectuer.
3562LGSH5RD;DESC ARG VT FORD FIESTA V 5P     02-08;GLACES LATERALES;Glace laterale;;product;true;true;VSF Centre;34,95;76,89;43,69;;3562LGSH5RD;false;1;Centre;import;Rapprochement Odoo par default_code a effectuer.
3562LGSH5RQW;CUST ARG VT FORD FIESTA V 5P     02-08;GLACES LATERALES;Glace laterale;;product;true;true;VSF Centre;31,2;68,64;39;;3562LGSH5RQW;false;1;Centre;import;Rapprochement Odoo par default_code a effectuer.
3562RGSH3RQW;CUST.ARD VT FORD FIESTA V 3P     02-08;GLACES LATERALES;Glace laterale;;product;true;true;VSF Centre;63,2;139,04;79;;3562RGSH3RQW;false;1;Centre;import;Rapprochement Odoo par default_code a effectuer.
3562RGSH5FDW1M;DESC AVD VT FORD FIESTA V 5P     02-08;GLACES LATERALES;Glace laterale;;product;true;true;VSF Centre;39,79;87,54;49,74;;3562RGSH5FDW1M;false;1;R917;import;Rapprochement Odoo par default_code a effectuer.
3563LGSV5FDW1M;DESC AVG VT FORD FUSION           02-11;GLACES LATERALES;Glace laterale;;product;true;true;VSF Centre;53,43;117,55;66,79;;;false;1;R932;import;Rapprochement Odoo par default_code a effectuer.
3565AGSMVW2P;PB VT FORD C-MAX   CAPTEUR       03-10;PARE BRISE;Pare-brise;;product;true;true;VSF Centre;125,98;277,16;157,48;;3565AGSMVW2P;false;2;R411 | R528;import;Doublon source consolide : controler quantites, prix et emplacements.
3566AGSHMVW7X;PB VT FOCUS II CAPT CHAUFF     06-11;PARE BRISE;Pare-brise;;product;true;true;VSF Centre;281,08;618,38;351,35;;3566AGSHMVW7X;false;1;R505;import;Rapprochement Odoo par default_code a effectuer.
3566AGSMVW7X;PB VT FORD FOCUS II CC  CAPT  06-11;PARE BRISE;Pare-brise;;product;true;true;VSF Centre;113,42;249,53;141,78;;3566AGSMVW7X;false;5;R221 | R405 | R502 | GALLERIA;import;Doublon source consolide : controler quantites, prix et emplacements.
3566AGSVW2R;PB VT FORD FOCUS II + CC 06-11;PARE BRISE;Pare-brise;;product;true;true;VSF Centre;87,2;191,84;109;;3566AGSVW2R;false;9;R321 | R204 | R422 | R434 | R419 | R515 | R630 | CASSE | R514;import;Doublon source consolide : controler quantites, prix et emplacements.
3566ASMH;JC PB FORD FOCUS II  CC     06-11;JOINTS;Joint;;product;true;true;VSF Centre;25,35;55,77;31,69;;3566ASMH;false;2;J7D | J7G;import;Doublon source consolide : controler quantites, prix et emplacements.
3566ASMHB;JC PB INF FORD FOCUS II  CC     06-;JOINTS;Joint;;product;true;true;VSF Centre;4,82;10,6;6,02;;3566ASMHB;false;4;JT020 | J5G | R221 | J6G;import;Doublon source consolide : controler quantites, prix et emplacements.
3566RGSH3FD1M;DESC AVD VT FOCUS II 3PTES      04-11;GLACES LATERALES;Glace laterale;;product;true;true;VSF Centre;68,71;151,17;85,89;;3566RGSH3FD1M;false;1;R906;import;Rapprochement Odoo par default_code a effectuer.
35670-54P00-000;FEU ARG;OPTIQUE;Autres;Optique;product;true;true;CCIE;181,3;398,87;226,63;;35670-54P00-000;false;1;GALLERIA;import;Rapprochement Odoo par default_code a effectuer.
3570BYPP;LUN PRIVACY FORD RANGER 07-12;LUNETTES;Lunette;;product;true;true;VSF Centre;99,91;219,81;124,89;;3570BYPP;false;1;R112;import;Rapprochement Odoo par default_code a effectuer.
3572AGAVW;PARE-BRISE TEINTÉ VERT ACOUSTIQUE FORD FIESTA VI 08-12MO 1.50;PARE BRISE;Pare-brise;;product;true;true;-;98,05;215,71;122,56;;3572AGAVW;false;1;R401;import;Rapprochement Odoo par default_code a effectuer.
3572AGAVW1B;PB VT ACO FORD FIESTA VI      12-17;PARE BRISE;Pare-brise;;product;true;true;VSF Centre;109,09;239,99;136,36;;3572AGAVW1B;false;4;R534 | R321 | R512;import;Doublon source consolide : controler quantites, prix et emplacements.
3572AGSMVW1P;PB VT FORD FIESTA VI+CAPT      08-12;PARE BRISE;Pare-brise;;product;true;true;VSF Centre;87,2;191,84;109;;3572AGSMVW1P;false;5;R322 | R224 | R323 | R505 | R614;import;Doublon source consolide : controler quantites, prix et emplacements.
3572AGSMVW6P;PB VT FORD FIESTA VI CAPT      12-17;PARE BRISE;Pare-brise;;product;true;true;VSF Centre;97,1;213,63;121,38;;3572AGSMVW6P;false;4;Centre | R526 | GENIPA | R426;import;Doublon source consolide : controler quantites, prix et emplacements.
3572AGSVW;PB VT FORD FIESTA VI 08-12;PARE BRISE;Pare-brise;;product;true;true;VSF Centre;84,36;185,59;111;;3572AGSVW1B;true;17;R228 | R224 | R204 | R312 | R405 | R410 | R112 | R517 | R507 | R108 | R509 | R724 | R722 | R633 | R321;import;Doublon source consolide : controler quantites, prix et emplacements. EUROCODE INTERNE diverge de EUROCODE : arbitrage RPBM requis sur la reference qui fait foi.
3572AGSVW-O;PB VT FORD FIESTA VI             08-12;PARE BRISE;Pare-brise;;product;true;true;OCCASION;;;;;3572AGSVW-O;false;1;R108;import;Rapprochement Odoo par default_code a effectuer. PRIX RV absent : standard_price non calculable, phase de cout a exclure.
3572AGSVW-T;PB VT FORD FIESTA VI             08-12;PARE BRISE;Pare-brise;;product;true;true;VSF Centre;91,94;202,26;114,92;;3572AGSVW-T;false;1;R216;import;Rapprochement Odoo par default_code a effectuer.
3572AGSVW1B;PB VT FORD FIESTA VI             12-17;PARE BRISE;Pare-brise;;product;true;true;VSF Centre;74,82;164,6;93,52;;3572AGSVW;true;11;CASSE | R634 | R623 | R417 | R518 | R619 | R129 | R514 | R502 | R622;import;Doublon source consolide : controler quantites, prix et emplacements. EUROCODE INTERNE diverge de EUROCODE : arbitrage RPBM requis sur la reference qui fait foi.
3572BGPH;LUN VT FONCEE FORD FIESTA 3/5P 08-17;LUNETTES;Lunette;;product;true;true;VSF Centre;139,29;306,43;174,11;;3572BGPH;false;2;R415 | R934;import;Doublon source consolide : controler quantites, prix et emplacements.
3572BYPH;LUN PRIVACY FORD FIESTA 3/5P 08-17;LUNETTES;Lunette;;product;true;true;VSF Centre;160,78;353,72;200,98;;3572BYPH;false;1;D2;import;Rapprochement Odoo par default_code a effectuer.
3572LYPH5RD;DESC ARG PRIVACY FIESTA 5P     08-17;GLACES LATERALES;Glace laterale;;product;true;true;VSF Centre;43,72;96,18;54,65;;3572LYPH5RD;false;1;Centre;import;Rapprochement Odoo par default_code a effectuer.
3572RGSH3FD1M;DESC AVD VT FORD FIESTA 3P     08-17;GLACES LATERALES;Glace laterale;;product;true;true;VSF Centre;44,07;96,96;55,09;;3572RGSH3FD1M;false;1;R905;import;Rapprochement Odoo par default_code a effectuer.
3572RGSH3RQZ;CUSTODE ARD FORD FIESTA 08-17;GLACES LATERALES;Glace laterale;;product;true;true;CENTRE AUTO;192,94;192,94;192,94;;3572RGSH3RQZ;false;1;GALLERIA;import;Rapprochement Odoo par default_code a effectuer.
3572RGSH5FQZ;CUST AVD VT FORD FIESTA 3/ 5P 08-17;GLACES LATERALES;Glace laterale;;product;true;true;VSF Centre;58,01;127,62;72,51;;3572RGSH5FQZ;false;1;Centre;import;Rapprochement Odoo par default_code a effectuer.
3572RYPH3RQZ1D;CUSTODE ARRIÈRE DROIT PRIVACY (NOIR) FIESTA 3 PORTES CHROME 08-17MO 1.30;GLACES LATERALES;Glace laterale;;product;true;true;CENTRE AUTO;255,98;255,98;255,98;;3572RYPH3RQZ1D;false;1;Galléria;import;Rapprochement Odoo par default_code a effectuer.
3574ABLMVW1P;PB BL FORD KUGA 1  CAPT    08-13;PARE BRISE;Pare-brise;;product;true;true;VSF Centre;170;374;212,5;;3574ABLMVW1P;false;1;R721;import;Rapprochement Odoo par default_code a effectuer.
3574AGAVW;PB VT ACO FORD KUGA 1         08-13;PARE BRISE;Pare-brise;;product;true;true;VSF Centre;105,08;231,18;131,35;;3574AGAVW;false;1;R330;import;Rapprochement Odoo par default_code a effectuer.
3574AGNMVW1P;PB VT FORD KUGA 1 CAPT           08-13;PARE BRISE;Pare-brise;;product;true;true;VSF Centre;100,04;220,09;125,05;;3574AGNMVW1P;false;3;R601 | R417 | R504;import;Doublon source consolide : controler quantites, prix et emplacements.
3574AGSMVW1P;PB VT FORD KUGA 1 CAPT           08-13;PARE BRISE;Pare-brise;;product;true;true;VSF Centre;100,04;220,09;125,05;;3574AGSMVW1P;false;1;R516;import;Rapprochement Odoo par default_code a effectuer.
3574AGSVW;PB VT FORD KUGA 1                08-13;PARE BRISE;Pare-brise;;product;true;true;VSF Centre;106,84;235,05;133,55;;3574AGSVW;false;5;Centre | R303 | R229 | R631 | R113;import;Doublon source consolide : controler quantites, prix et emplacements.
3574ASMRL;JC PB GAUCHE FORD KUGA    08-;JOINTS;Joint;;product;true;true;VSF Centre;18,03;39,67;22,54;;3574ASMRL;false;1;R516;import;Rapprochement Odoo par default_code a effectuer.
3574ASMRR;JC PB DROIT FORD KUGA    08-;JOINTS;Joint;;product;true;true;VSF Centre;18,03;39,67;22,54;;3574ASMRR;false;1;R516;import;Rapprochement Odoo par default_code a effectuer.
3574BYPR;LUN PRIVACY FORD KUGA 1    08-13;LUNETTES;Lunette;;product;true;true;VSF Centre;154,22;339,29;192,78;;3574BYPR;false;1;Centre;import;Rapprochement Odoo par default_code a effectuer.
3575LGSH3RQZ;CUSTODE TEINTÉ VERT GAUCHE FORD KA II          08-MO 1.10;PARE BRISE;Pare-brise;;product;true;true;CENTRE AUTO;148,12;148,12;148,12;;3575LGSH3RQZ;false;2;Centre | T001;import;Doublon source consolide : controler quantites, prix et emplacements.
3575RGSH3FDW;GLACE DESCENDANTE AVANT DROIT TEINTÉ VERT FORD KA II 08-;GLACES LATERALES;Glace laterale;;product;true;true;CENTRE AUTO;163,88;163,88;163,88;;3575RGSH3FDW;false;1;Centre;import;Rapprochement Odoo par default_code a effectuer.
3577AGSEMVW6T;PB VT FORD C-MAX 2  CAPT  13-19;PARE BRISE;Pare-brise;;product;true;true;VSF Centre;161,14;354,5;201,42;;;false;2;R406 | GALLERIA;import;Doublon source consolide : controler quantites, prix et emplacements.
3577AGSVW;PARE-BRISE TEINTÉ VERT FORD C-MAX II 10-MO 1.60;PARE BRISE;Pare-brise;;product;true;true;CENTRE AUTO;501,9;501,9;501,9;;3577AGSVW;false;1;Centre;import;Rapprochement Odoo par default_code a effectuer.
3578AGACMVW6Q;PB VT ACO FOCUS 3 CAPT CAM         15-18;PARE BRISE;Pare-brise;;product;true;true;VSF Centre;242,09;532,59;302,61;;;false;1;R526;import;Rapprochement Odoo par default_code a effectuer.
3578AGAEMVW96;PB VT ACO FOCUS 3  CAPT EMS 15-;PARE BRISE;Pare-brise;;product;true;true;VSF Centre;154,22;339,29;192,78;;3578AGAEMVW96;false;2;R131 | R301;import;Doublon source consolide : controler quantites, prix et emplacements.
3578AGAVW;PB VT ACO FOCUS 3       10-18;PARE BRISE;Pare-brise;;product;true;true;VSF Centre;116,03;255,27;145,04;;3578AGAVW;false;1;R214;import;Rapprochement Odoo par default_code a effectuer.
3578AGSCMVW6Q;PB VT FORD FOCUS 3 CAPT CAM        15-18;PARE BRISE;Pare-brise;;product;true;true;VSF Centre;157,64;346,81;197,05;;;false;1;R603;import;Rapprochement Odoo par default_code a effectuer.
3578AGSVW;PB VT FORD FOCUS 3 10-;PARE BRISE;Pare-brise;;product;true;true;VSF Centre;103,2;227,04;129;;3578AGSVW;false;2;Centre | R408;import;Doublon source consolide : controler quantites, prix et emplacements.
3578LGSH5FD;DESC AVG VT FORD FOCUS 3 5P 10-18;GLACES LATERALES;Glace laterale;;product;true;true;VSF Centre;57,32;126,1;71,65;;3578LGSH5FD;false;1;GALLERIA;import;Rapprochement Odoo par default_code a effectuer.
3579AGACHMVW1E;PB VT FORD RANGER CHAU CAPT CAM 18-02/19;PARE BRISE;Pare-brise;;product;true;true;VSF Centre;395,33;869,72;494,16;;3579AGACHMVW1E;false;1;R311;import;Rapprochement Odoo par default_code a effectuer.
3579AGACHMVW1L;PB VT ACO RANGER CHAUF CAPT CAM 12-;PARE BRISE;Pare-brise;;product;true;true;VSF Centre;403,02;886,64;503,77;;3579AGACHMVW1L;false;1;R716;import;Rapprochement Odoo par default_code a effectuer.
3579AGACHMVW30;PB VT FORD RANGER CHAUF CAPT CAM 20-21;PARE BRISE;Pare-brise;;product;true;true;VSF Centre;476,51;1048,33;595,64;;;false;1;GALLERIA;import;Rapprochement Odoo par default_code a effectuer.
3579AGACMVW1L;PB VT FORD RANGER CAPT CAM         18-;PARE BRISE;Pare-brise;;product;true;true;VSF Centre;155,9;342,99;194,88;;3579AGACMVW1L;false;1;R526;import;Rapprochement Odoo par default_code a effectuer.
3579AGNHMVW1C;PB VT FORD RANGER CHAUF.+CAPT.12-16;PARE BRISE;Pare-brise;;product;true;true;VSF Centre;239,2;526,24;299;;3579AGNHMVW1C;false;6;R405 | Centre | R432 | R233 | R710;import;Doublon source consolide : controler quantites, prix et emplacements.
3579AGNHMVW1C-O;PB VT FORD RANGER CHAUF.+CAPT.12-16;PARE BRISE;Pare-brise;;product;true;true;OCCASION;;;;;3579AGNHMVW1C-O;false;1;CASSE;import;Rapprochement Odoo par default_code a effectuer. PRIX RV absent : standard_price non calculable, phase de cout a exclure.
3579AGNHMVW6P;PB VT FORD RANGER CHAUF CAPT 16-;PARE BRISE;Pare-brise;;product;true;true;VSF Centre;375,2;825,44;469;;3579AGNHMVW6P;false;1;R726;import;Rapprochement Odoo par default_code a effectuer.
3579AGNMVW1C;PB VT FORD RANGER +CAPT.12-;PARE BRISE;Pare-brise;;product;true;true;MPB;300;300;300;;3579AGNMVW1C;false;2;Centre | R608;import;Doublon source consolide : controler quantites, prix et emplacements.
3579AGNMVW6P;PB VT FORD RANGER  CAPT 16-;PARE BRISE;Pare-brise;;product;true;true;VSF Centre;160,78;353,71;200,97;;3579AGNMVW6P;false;3;Centre | R620 | R604;import;Doublon source consolide : controler quantites, prix et emplacements.
3579AGNVWZ;PB VT FORD RANGER 12-;PARE BRISE;Pare-brise;;product;true;true;VSF Ouest;123,41;271,5;154,26;;3579AGNVWZ;false;1;Centre;import;Rapprochement Odoo par default_code a effectuer.
3579BGPP;LUN VT FONCEE RANGER PICK UP 12-;LUNETTES;Lunette;;product;true;true;VSF Centre;95,25;209,55;119,06;;3579BGPP;false;3;Centre | R202 | R933;import;Doublon source consolide : controler quantites, prix et emplacements.
3579BYPP;LUN PRIV FORD RANGER PICK UP 12-;LUNETTES;Lunette;;product;true;true;VSF Centre;132,12;290,66;173,84;;;false;1;GALLERIA;import;Rapprochement Odoo par default_code a effectuer.
3579RGAP4FDKW;DESC AVD VT FEUIL RANGER DBLE CAB 4P 18-;GLACES LATERALES;Glace laterale;;product;true;true;VSF Centre;294,33;647,52;367,91;;3579RGAP4FDKW;false;1;R903;import;Rapprochement Odoo par default_code a effectuer.
3579RGNP2FD;DESC AVD VT FORD RANGER 2P 12-;GLACES LATERALES;Glace laterale;;product;true;true;VSF Centre;79,25;174,35;99,06;;3579RGNP2FD;false;1;Centre;import;Rapprochement Odoo par default_code a effectuer.
3579RGNP4FD;GLACE DESCENDANTE AVANT DROIT TEINTÉ VERT FORD RANGER 4 PORTES COFFRE 12-;GLACES LATERALES;Glace laterale;;product;true;true;CENTRE AUTO;202,45;202,45;202,45;;3579RGNP4FD;false;1;Centre;import;Rapprochement Odoo par default_code a effectuer.
3579RGNP4FD1J;GLACE DESCENDANTE AVANT DROIT TEINTÉ VERT RANGER DOUBLE CABINE 4 PORTES COFFRE 12-MO 0.70;GLACES LATERALES;Glace laterale;;product;true;true;CENTRE AUTO;210,4;210,4;210,4;;3579RGNP4FD1J;false;1;Centre;import;Rapprochement Odoo par default_code a effectuer.
3580AGSVW1P;PB VT FORD B MAX           12-17;PARE BRISE;Pare-brise;;product;true;true;VSF Centre;135,03;297,07;168,79;;3580AGSVW1P;false;1;R724;import;Rapprochement Odoo par default_code a effectuer.
3580RGSM5FQZ1D;CUST AVD VT FORD B MAX CHROME 12-17;GLACES LATERALES;Glace laterale;;product;true;true;VSF Centre;76,9;169,17;96,12;;3580RGSM5FQZ1D;false;1;T010;import;Rapprochement Odoo par default_code a effectuer.
3581BYPRAIW;LUN PRIV FORD KUGA II ANT 13-20;LUNETTES;Lunette;;product;true;true;VSF Centre;144,74;318,44;180,93;;3581BYPRAIW;false;1;R935;import;Rapprochement Odoo par default_code a effectuer.
3581RYPR5RDW;DESC ARD PRIV FORD KUGA II 13-20;GLACES LATERALES;Glace laterale;;product;true;true;VSF Centre;67,04;147,49;83,8;;3581RYPR5RDW;false;1;R901;import;Rapprochement Odoo par default_code a effectuer.
3583AGACHMV7P;PB VT AC ECOSPORT CHAUF CAPT CAM 19-22;PARE BRISE;Pare-brise;;product;true;true;VSF Centre;305,08;671,18;381,35;;;false;1;R528;import;Rapprochement Odoo par default_code a effectuer.
3583AGACMV7P;PB VT AC FORD ECOSPORT CAPT CAM 19-22;PARE BRISE;Pare-brise;;product;true;true;VSF Centre;173,82;382,41;217,28;;;false;1;R415;import;Rapprochement Odoo par default_code a effectuer.
3583AGAMVZ1C;PB VT ACO FORD ECOSPORT CAPT 14-;PARE BRISE;Pare-brise;;product;true;true;VSF Centre;113,47;249,64;141,84;;3583AGAMVZ1C;false;5;R422 | R312 | Centre | R526 | GALLERIA;import;Doublon source consolide : controler quantites, prix et emplacements.
3583AGAMVZ6P;PB VT FORD ECOSPORT 2EME EMB CAPT  18-;PARE BRISE;Pare-brise;;product;true;true;VSF Centre;122,58;269,68;153,23;;3583AGAMVZ6P;false;2;R610 | R526;import;Doublon source consolide : controler quantites, prix et emplacements.
3583AGSVZ;PB VT FORD ECOSPORT    14-;PARE BRISE;Pare-brise;;product;true;true;VSF Centre;87,2;191,84;109;;3583AGSVZ;false;6;R423 | Centre | R503 | R636 | R524;import;Doublon source consolide : controler quantites, prix et emplacements.
3583BGNR;LUN VT FORD ECOSPORT   14-18;LUNETTES;Lunette;;product;true;true;VSF Centre;94,33;207,52;117,91;;3583BGNR;false;1;R731;import;Rapprochement Odoo par default_code a effectuer.
3583BYPR;LUN PRIV FORD ECOSPORT   14-18;LUNETTES;Lunette;;product;true;true;VSF Centre;121,42;267,13;151,78;;3583BYPR;false;1;R935;import;Rapprochement Odoo par default_code a effectuer.
3583BYPRA;LUN PRIV FORD ECOSPORT ANT   14-18;LUNETTES;Lunette;;product;true;true;VSF Centre;150,66;331,44;188,32;;3583BYPRA;false;1;R933;import;Rapprochement Odoo par default_code a effectuer.
3583BYPRAI1J;LUN PRIV FORD ECOSPORT ANT   18-;LUNETTES;Lunette;;product;true;true;VSF Centre;107,18;235,8;133,98;;3583BYPRAI1J;false;1;Caisse D2;import;Rapprochement Odoo par default_code a effectuer.
3583BYPRI1L;LUNETTE PRIVACY FORD ECOSPORT       18-MO 1.20;LUNETTES;Lunette;;product;true;true;CENTRE AUTO;462,87;462,87;462,87;;3583BYPRI1L;false;1;Centre;import;Rapprochement Odoo par default_code a effectuer.
3583LYPR5RD;DESC ARG PRIVACY FORD ECOSPORT    14-;GLACES LATERALES;Glace laterale;;product;true;true;VSF Centre;64,88;142,74;81,1;;3583LYPR5RD;false;2;R914 | R906;import;Doublon source consolide : controler quantites, prix et emplacements.
3583RGNR5FD;DESC AVD VT FORD ECOSPORT    14-22;GLACES LATERALES;Glace laterale;;product;true;true;VSF Centre;61,4;135,08;76,75;;3583RGNR5FD;false;2;R905 | R927;import;Doublon source consolide : controler quantites, prix et emplacements.
3583RGNR5RQ;CUSTODE ARD VT FORD ECOSPORT;GLACES LATERALES;Glace laterale;;product;true;true;CENTRE AUTO;71,15;71,15;71,15;;3583RGNR5RQ;false;1;GENIPA;import;Rapprochement Odoo par default_code a effectuer.
3590AGSV;PB VT FORD KA   16-;PARE BRISE;Pare-brise;;product;true;true;VSF Centre;91,63;201,59;114,54;;3590AGSV;false;5;R537 | R628 | R711 | R516 | GENIPA;import;Doublon source consolide : controler quantites, prix et emplacements.
3590BYPH;LUN PRIVACY FORD KA   16-;LUNETTES;Lunette;;product;true;true;VSF Centre;101,38;223,03;126,72;;3590BYPH;false;1;D2;import;Rapprochement Odoo par default_code a effectuer.
3590LGNH5FD;DESC AVG VT FORD KA   16-19;GLACES LATERALES;Glace laterale;;product;true;true;VSF Centre;57,32;126,1;71,65;;3590LGNH5FD;false;1;R906;import;Rapprochement Odoo par default_code a effectuer.
3590LGNH5RD;DESC ARG VT FORD KA   16-19;GLACES LATERALES;Glace laterale;;product;true;true;VSF Centre;37,9;83,37;47,37;;;false;1;R906;import;Rapprochement Odoo par default_code a effectuer.
3592AGACMVZ;PB VT AC FORD FIESTA 7/PUMA CAPT CAM 17-;PARE BRISE;Pare-brise;;product;true;true;VSF Centre;142,45;313,39;178,06;;;false;2;R432 | R532;import;Doublon source consolide : controler quantites, prix et emplacements.
3592AGSCMVZ;PB VT FORD FIESTA 7/PUMA 2 CAPT CAM 17-;PARE BRISE;Pare-brise;;product;true;true;VSF Centre;119,27;262,4;149,09;;3592AGSCMVZ;false;5;R511 | R533 | R610 | R532 | R431;import;Doublon source consolide : controler quantites, prix et emplacements.
3592BGSHAI;LUN VT FORD FIESTA 7  ANT  17-;LUNETTES;Lunette;;product;true;true;VSF Centre;105,78;232,71;132,22;;3592BGSHAI;false;1;R924;import;Rapprochement Odoo par default_code a effectuer.
3592BYPHAI;LUN PRIV FORD FIESTA 7  ANT  17-;LUNETTES;Lunette;;product;true;true;VSF Centre;149,18;328,2;186,48;;3592BYPHAI;false;2;D2 | Galléria;import;Doublon source consolide : controler quantites, prix et emplacements.
3592LGSH5FD1M;DESC AVG VT FORD FIESTA 7 5P   17-;GLACES LATERALES;Glace laterale;;product;true;true;VSF Centre;48,63;106,99;60,79;;3592LGSH5FD1M;false;2;D2 | R908;import;Doublon source consolide : controler quantites, prix et emplacements.
3592LGSH5RQZ;CUSTODE ARG FORD FIESTA - 17;GLACES LATERALES;Glace laterale;;product;true;true;CENTRE AUTO;247;247;247;;3592LGSH5RQZ;false;1;GENIPA;import;Rapprochement Odoo par default_code a effectuer.
3592RGSH3FQZ;VITRE CUSTODE AVD FIXE;GLACES LATERALES;Glace laterale;;product;true;true;Centre autos;196,81;196,81;281,16;;;false;1;GALLERIA;import;Rapprochement Odoo par default_code a effectuer.
3592RYPH5RD;DESC ARD PRIV FORD FIESTA 7 5P   17-;GLACES LATERALES;Glace laterale;;product;true;true;VSF Centre;57,33;126,12;71,66;;3592RYPH5RD;false;1;R910;import;Rapprochement Odoo par default_code a effectuer.
3593AGACMVZ;PB VT ACO FORD FOCUS 4 CAM CAPT 18-;PARE BRISE;Pare-brise;;product;true;true;VSF Centre;166,82;367;208,52;;3593AGACMVZ;false;2;R535 | R411;import;Doublon source consolide : controler quantites, prix et emplacements.
3594AGACMVZ;PB VT AC FORD KUGA 3 LHD CAPT CAM 19-;PARE BRISE;Pare-brise;;product;true;true;VSF Centre;244,8;538,56;306;;3594AGACMVZ;false;1;R601;import;Rapprochement Odoo par default_code a effectuer.
3595LYPR5RQZ;CUST ARG PRIV FORD PUMA 2    20-;GLACES LATERALES;Glace laterale;;product;true;true;VSF Centre;82,08;180,58;102,6;;3595LYPR5RQZ;false;1;GALLERIA;import;Rapprochement Odoo par default_code a effectuer.
3732RGNL2FD;DESC AVD VT IVECO EUROCARGO     91-03;GLACES LATERALES;Glace laterale;;product;true;true;VSF Centre;40,99;90,18;51,24;;3732RGNL2FD;false;1;Centre;import;Rapprochement Odoo par default_code a effectuer.
3735AGN1B;PARE-BRISE TEINTÉ VERT BOXER 1 /JUMPER 1 94-06MO 4.50;PARE BRISE;Pare-brise;;product;true;true;-;78,75;173,25;98,44;6523AGN1B;3735AGN1B;false;1;R532;import;Rapprochement Odoo par default_code a effectuer.
3739ACLV1B;PB CL FORD TRANSIT                 00-14;PARE BRISE;Pare-brise;;product;true;true;VSF Centre;108,54;238,8;135,68;;3739ACLV1B;false;1;R602;import;Rapprochement Odoo par default_code a effectuer.
3739AGNV1P;PB VT TRANSIT III   EMBASE         06-14;PARE BRISE;Pare-brise;;product;true;true;VSF Centre;91,5;201,31;114,38;;3739AGNV1P;false;8;R208 | R115 | CASSE | R727 | Génipa | R107 | R328;import;Doublon source consolide : controler quantites, prix et emplacements.
3739AKCVS1F;CLIPS LAT  PB FORD TRANSIT IV     00-14;JOINTS;Joint;;product;true;true;VSF Centre;3,26;7,18;4,08;;3739AKCVS1F;false;8;Centre | R115 | R636 ? | Génipa | R802 | J10B;import;Doublon source consolide : controler quantites, prix et emplacements.
3739ASMVT;JC SUP PB FORD TRANSIT             00-14;JOINTS;Joint;;product;true;true;VSF Centre;5,97;13,13;7,46;;3739ASMVT;false;6;R208 | R115 | J7E | Génipa | J1C;import;Doublon source consolide : controler quantites, prix et emplacements.
3739BGNVLU;LUN VT GCHE TRANSIT III NON CHAUF  00-14;LUNETTES;Lunette;;product;true;true;VSF Centre;77,22;169,89;96,53;;3739BGNVLU;false;1;Centre;import;Rapprochement Odoo par default_code a effectuer.
3739BGNVR;LUN VT DTE CHAUF TRANSIT III     00-14;LUNETTES;Lunette;;product;true;true;VSF Centre;74,82;164,6;93,52;;3739BGNVR;false;1;Centre;import;Rapprochement Odoo par default_code a effectuer.
3739LCLV2FVZ;DEFL AVG CL FORD TRANSIT III 01-14;GLACES LATERALES;Glace laterale;;product;true;true;VSF Centre;73,03;160,67;91,29;;3739LCLV2FVZ;false;1;R912;import;Rapprochement Odoo par default_code a effectuer.
3739LGNV2FD;DESC AVG VT FORD TRANSIT III       01-14;GLACES LATERALES;Glace laterale;;product;true;true;VSF Centre;32;70,4;40;;;false;2;CASSE | R927;import;Doublon source consolide : controler quantites, prix et emplacements.
3739LGSP4RD;GLACE AR D+G VT TRANSIT DBLE CAB 01-;GLACES LATERALES;Glace laterale;;product;true;true;VSF Centre;88,46;194,6;110,57;;3739LGSP4RD;false;1;R915;import;Rapprochement Odoo par default_code a effectuer.
3739RCLV2FD;DESC AVD CL FORD TRANSIT III       01-14;GLACES LATERALES;Glace laterale;;product;true;true;VSF Centre;31,2;68,64;39;;3739RCLV2FD;false;1;R908;import;Rapprochement Odoo par default_code a effectuer.
3739rclv4mqs;3739rclv4mqs;__VIDE__;Autres;;product;true;true;INVENTAIRE;;;;;;false;1;r923;import;Rapprochement Odoo par default_code a effectuer. PRIX RV absent : standard_price non calculable, phase de cout a exclure.
3739RGNV2FVZ;DEFL AVD VT FORD TRANSIT III       01-14;GLACES LATERALES;Glace laterale;;product;true;true;VSF Centre;68;149,6;85;;;false;1;R926;import;Rapprochement Odoo par default_code a effectuer.
3739RGSP4RD;GLACE AR D+G VT TRANSIT DBLE CAB 01-;GLACES LATERALES;Glace laterale;;product;true;true;VSF Centre;87,71;192,97;109,64;;3739RGSP4RD;false;1;R914;import;Rapprochement Odoo par default_code a effectuer.
3741AGN;PB VT IVECO DAILY II 98-;PARE BRISE;Pare-brise;;product;true;true;VSF Centre;81,93;180,25;107,8;;3741AGN;false;10;R209 | R126 | R328 | R518 | R530 | R612 | R322;import;Doublon source consolide : controler quantites, prix et emplacements.
3741AKMV;JC CALES KIT COMP PB IVECO DAILY II  98-;JOINTS;Joint;;product;true;true;VSF Centre;10,24;22,53;12,8;;3741AKMV;false;8;R126 | Tringle | D2 (Joints) | J1D | J1B | J8B | J4D;import;Doublon source consolide : controler quantites, prix et emplacements.
3741AKMV9;VO - JC+CALES KIT PB IVECO DAILY II  98-;JOINTS;Joint;;product;true;true;VSF Ouest;9,39;20,66;12,36;;3741AKMV9;false;3;R209;import;Doublon source consolide : controler quantites, prix et emplacements.
3741BGSPU;LUN VT IVECO DAILY II BENNE   99-14;LUNETTES;Lunette;;product;true;true;VSF Centre;39,3;86,45;49,12;;3741BGSPU;false;1;R213;import;Rapprochement Odoo par default_code a effectuer.
3743AGSV;PB VT FORD TRANSIT CONNECT SS EMB 03-13;PARE BRISE;Pare-brise;;product;true;true;VSF Centre;79,2;174,24;99;;;false;1;R427;import;Rapprochement Odoo par default_code a effectuer.
3743AGSV1C;PB VT FORD TRANSIT CONNECT     03-13;PARE BRISE;Pare-brise;;product;true;true;VSF Centre;73,02;160,64;91,27;;3743AGSV1C;false;4;R409 | R235 | Centre | R721;import;Doublon source consolide : controler quantites, prix et emplacements.
3743ASMV;JC PB FORD CONNECT                 03-13;JOINTS;Joint;;product;true;true;VSF Centre;17,6;38,72;22;;3743ASMV;false;5;R409 | R235 | Centre | J2B | J9F;import;Doublon source consolide : controler quantites, prix et emplacements.
3743LGDV4RD;GLACE ARG VT FONCEE CONNECT 09-13;GLACES LATERALES;Glace laterale;;product;true;true;VSF Centre;124,15;273,13;155,19;;;false;1;DOMICILE;import;Rapprochement Odoo par default_code a effectuer.
3743LGDV4RD1J;GLACE ARG FIXE VT FONC FORD CONNECT 09-1;GLACES LATERALES;Glace laterale;;product;true;true;VSF Centre;109,18;240,2;136,48;;;false;1;R906;import;Rapprochement Odoo par default_code a effectuer.
3743LGNV2FD;GLACE DESCENDANTE AVANT GAUCHE TEINTÉ VERT FORD CONNECT 02-13;GLACES LATERALES;Glace laterale;;product;true;true;CENTRE AUTO;119,62;119,62;119,62;;3743LGNV2FD;false;1;Centre;import;Rapprochement Odoo par default_code a effectuer.
3743RGNV2FD;DESC AVD VT FORD CONNECT        02-13;GLACES LATERALES;Glace laterale;;product;true;true;VSF Centre;35,09;77,19;43,86;;3743RGNV2FD;false;1;R234;import;Rapprochement Odoo par default_code a effectuer.
3750AGSVZ;PB VT BOXER/JUMPER2/DUCATO 3 06-14;PARE BRISE;Pare-brise;;product;true;true;VSF Centre;105,64;232,41;139;6552A;3750AGSVZ;false;30;R126 | R125 | R427 | R114 | R629 | R133 | R330 | R538 | NON TROUVE | R501 | R731 | R407 | R732 | R513 | R503 | CASSE | R720 | R401;import;Doublon source consolide : controler quantites, prix et emplacements.
3750AKSV1F;CLIPS KIT PB BOXER/JUMPER2/DUC.3 06-;JOINTS;Joint;;product;true;true;VSF Centre;2,8;6,16;3,5;;3750AKSV1F;false;4;R427 | Centre | J11A;import;Doublon source consolide : controler quantites, prix et emplacements.
3750AKSV1F9;VO - CLIPS KIT PB BOXER/JUMP.2/DUC.3 06-;JOINTS;Joint;;product;true;true;VSF Ouest;2,66;5,85;3,5;;3750AKSV1F9;false;4;;import;Doublon source consolide : controler quantites, prix et emplacements.
3750BGSVIL;LUN ARG VT CHAUF BOXE/JUMPER2 06-;LUNETTES;Lunette;;product;true;true;VSF Centre;118,69;261,11;148,36;;3750BGSVIL;false;2;R222 | R907;import;Doublon source consolide : controler quantites, prix et emplacements.
3750BGSVIR;LUN ARD VT CHAUF BOXE/JUMPER2  06-;LUNETTES;Lunette;;product;true;true;VSF Centre;124,69;274,31;155,86;;3750BGSVIR;false;1;R222;import;Rapprochement Odoo par default_code a effectuer.
3750BGSVLUW;LUN ARG VT NON CHAUF BOXE/JUMPER2 06-;LUNETTES;Lunette;;product;true;true;VSF Centre;81,02;178,24;101,27;;3750BGSVLUW;false;1;GALLERIA;import;Rapprochement Odoo par default_code a effectuer.
3750BGSVLW;LUN ARG CHAUF BOXE/JUMPER2/DUCAT 3 06-;LUNETTES;Lunette;;product;true;true;SODIVA;255,58;255,58;255,58;;3750BGSVLW;false;1;Centre;import;Rapprochement Odoo par default_code a effectuer.
3750BGSVRUW;LUN ARD NON-CH BOXE/JUMPER2/DUCAT 3 06-;LUNETTES;Lunette;;product;true;true;VSF Centre;69,66;153,26;87,08;;3750BGSVRUW;false;2;R224 | GALLERIA;import;Doublon source consolide : controler quantites, prix et emplacements.
3750LGSV3FV;DFL AVG VT BOXER 2/JUMPER 2/DUCATO 06-;GLACES LATERALES;Glace laterale;;product;true;true;BLUE AUTO;103,88;103,88;103,88;;3750LGSV3FV;false;6;Centre | NON RECUE | D2 | R229 | R234;import;Doublon source consolide : controler quantites, prix et emplacements.
3750RGSV3FDW;DESC AVD VT BOXER 2/JUMPER 2/DUC  06-;GLACES LATERALES;Glace laterale;;product;true;true;VSF Centre;31,82;70,01;39,78;;3750RGSV3FDW;false;3;Centre | GALLERIA;import;Doublon source consolide : controler quantites, prix et emplacements.
3750RGSV3FV;DEFL AVD VT BOXER 2/JUMPER 2/DUC  06-;GLACES LATERALES;Glace laterale;;product;true;true;VSF Centre;33,3;73,25;41,62;;3750RGSV3FV;false;3;Centre | T001 | R234;import;Doublon source consolide : controler quantites, prix et emplacements.
3750RGSV4RQS1J;CUSTODE ARRIÈRE DROIT TEINTÉ VERT DUCATO 3;GLACES LATERALES;Glace laterale;;product;true;true;BLUE AUTO;583,91;583,91;583,91;;3750RGSV4RQS1J;false;1;GENIPA;import;Rapprochement Odoo par default_code a effectuer.
3752ACCVZ;PB ATH SCUDO/EXPERT/JUMPY 2   07-16;PARE BRISE;Pare-brise;;product;true;true;VSF Centre;183,61;403,94;229,51;;3752ACCVZ;false;2;R517 | GENIPA;import;Doublon source consolide : controler quantites, prix et emplacements.
3752AGSVZ;PB VT SCUDO/EXPERT/JUMPY 07-;PARE BRISE;Pare-brise;;product;true;true;VSF Centre;82,84;182,25;109;2736AGSVZ / 6522AGN / 6553AGSVZ;2736AGSVZ;true;18;Centre | R206 | R205 - R206 | R135 | R136 | R501 | R405 | R732 | R607 | R703 | R601 | R428 | R212 | R520 | R502 | CASSE;import;Doublon source consolide : controler quantites, prix et emplacements. EUROCODE INTERNE diverge de EUROCODE : arbitrage RPBM requis sur la reference qui fait foi.
3752BGDVL;LUNETTE GAUCHE TEINTÉ VERT FONCÉ JUMPY/EXPERT CHAUFFANT 06-16MO 0,90;LUNETTES;Lunette;;product;true;true;VSF Centre;80,06;176,12;100,07;;3752BGDVL;false;1;R911;import;Rapprochement Odoo par default_code a effectuer.
3752BGSVLU;LUN GCHE VT JUMPY/EXPERT NON CH.06-;LUNETTES;Lunette;;product;true;true;VSF Centre;55,2;121,44;69;;3752BGSVLU;false;4;Centre | R910 | GALLERIA;import;Doublon source consolide : controler quantites, prix et emplacements.
3752BGSVRU;LUNETTE DROITE TEINTÉ VERT JUMPY/EXPERT NON CHAUFFANT 06-;LUNETTES;Lunette;;product;true;true;BLUE AUTO;158,39;158,39;158,39;;3752BGSVRU;false;7;Centre | R912 | R907 | R224 | R913 | GALLERIA;import;Doublon source consolide : controler quantites, prix et emplacements.
3752LGPV5RDF;GLACE PTE ARG COULISS VT EXPERT/SC 07-16;GLACES LATERALES;Glace laterale;;product;true;true;VSF Centre;272,41;599,3;340,51;;3752LGPV5RDF;false;1;R901;import;Rapprochement Odoo par default_code a effectuer.
3752LGSV5FD;DESC.AVG VT EXPERT/SCUDO       07-;GLACES LATERALES;Glace laterale;;product;true;true;VSF Centre;33,6;73,92;42;;3752LGSV5FD;false;9;Centre | R903 | R234 | R912 | R908;import;Doublon source consolide : controler quantites, prix et emplacements.
3752LGSV5RDF;GLACE PTE ARG VT COUL VT EXPERT/SCU 07-1;GLACES LATERALES;Glace laterale;;product;true;true;VSF Centre;252,23;554,91;315,29;;3752LGSV5RDF;false;1;R901;import;Rapprochement Odoo par default_code a effectuer.
3752RGSV5FD;GLACE DESCENDANTE AVANT DROIT TEINTÉ VERT EXPERT/SCUDO 07-;GLACES LATERALES;Glace laterale;;product;true;true;BLUE AUTO;95,66;95,66;95,66;;3752RGSV5FD;false;3;Centre;import;Doublon source consolide : controler quantites, prix et emplacements.
3752RGSV5RDF;GLACE PTE ARRIÈRE DROIT TEINTÉ VERT COULISSANTE TEINTÉ VERT EXPERT / SCUDO 07-1MO 0,80;GLACES LATERALES;Glace laterale;;product;true;true;VSF Centre;252,23;554,91;315,29;;3752RGSV5RDF;false;1;R932;import;Rapprochement Odoo par default_code a effectuer.
3769AGSVW;PARE-BRISE TEINTÉ VERT TRANSIT CUSTOM 13-MO 1.70;PARE BRISE;Pare-brise;;product;true;true;CENTRE AUTO;611,91;611,91;611,91;;3769AGSVW;false;1;GALLERIA;import;Rapprochement Odoo par default_code a effectuer.
3769AGSVW1C;PARE-BRISE TEINTÉ VERT TRANSIT CUSTOM  EMBASE RÉTRO      13-MO 1.70;PARE BRISE;Pare-brise;;product;true;true;CENTRE AUTO;487,56;487,56;487,56;;3769AGSVW1C;false;3;Centre | R428 | GALLERIA;import;Doublon source consolide : controler quantites, prix et emplacements.
3769BYPVI1Q;LUN PRIV TR CUSTOM HAYON TROU 12-18;LUNETTES;Lunette;;product;true;true;VSF Centre;98,44;216,57;123,05;;3769BYPVI1Q;false;1;R405;import;Rapprochement Odoo par default_code a effectuer.
3769LGSV2FV;DEFL AVG VT TRANSIT CUSTOM 13-;GLACES LATERALES;Glace laterale;;product;true;true;VSF Centre;48,48;106,66;60,6;;3769LGSV2FV;false;1;R914;import;Rapprochement Odoo par default_code a effectuer.
3769RGSV2FV;DEFL AVD VT TRANSIT CUSTOM 13-;GLACES LATERALES;Glace laterale;;product;true;true;VSF Centre;25,6;56,32;32;;3769RGSV2FV;false;1;Centre;import;Rapprochement Odoo par default_code a effectuer.
3770AGAVZ1C;PB VT AC TRANSIT CONNECT 2  EMB 13-;PARE BRISE;Pare-brise;;product;true;true;VSF Centre;106,9;235,17;133,62;;3770AGAVZ1C;false;1;Centre;import;Rapprochement Odoo par default_code a effectuer.
3770AGSCEHMVZ2C;PB VT CONNECT 2 CHAUF+GPS+LDW+CAPT13-;PARE BRISE;Pare-brise;;product;true;true;VSF Centre;255,2;561,44;319;;3770AGSCEHMVZ2C;false;1;R433;import;Rapprochement Odoo par default_code a effectuer.
3770AGSEVZ1C;PB VT TRANSIT CONNECT 2 EMB TRAPEZ  13-;PARE BRISE;Pare-brise;;product;true;true;VSF Centre;125,31;275,69;156,64;;3770AGSEVZ1C;false;1;R608;import;Rapprochement Odoo par default_code a effectuer.
3770AGSEVZ2C;PB VT CONNECT 2  EMB RONDE UR 13-;PARE BRISE;Pare-brise;;product;true;true;VSF Centre;160,95;354,09;201,19;;;false;1;R529;import;Rapprochement Odoo par default_code a effectuer.
3770AGSVZ1P;PB VT FORD CONNECT 2   18-;PARE BRISE;Pare-brise;;product;true;true;VSF Centre;121,05;266,31;151,31;;;false;1;R407;import;Rapprochement Odoo par default_code a effectuer.
3770LGSV5FD;DESC AVG VT TRANSIT CONNECT 2 13-;GLACES LATERALES;Glace laterale;;product;true;true;VSF Centre;69,46;152,82;86,83;;3770LGSV5FD;false;1;Centre;import;Rapprochement Odoo par default_code a effectuer.
3770RGSV5FD;DESC AVD VT TRANSIT CONNECT 2 13-;GLACES LATERALES;Glace laterale;;product;true;true;VSF Centre;71,39;157,06;89,24;;3770RGSV5FD;false;1;R234;import;Rapprochement Odoo par default_code a effectuer.
3770RGSV5FV;DEFL AVD VT TRANSIT CONNECT 2 13-;GLACES LATERALES;Glace laterale;;product;true;true;VSF Centre;37,4;82,28;55;;;false;1;R903;import;Rapprochement Odoo par default_code a effectuer.
3771AGSCZ1C;PB VT IVECO DAILY III CAM          14-19;PARE BRISE;Pare-brise;;product;true;true;VSF Centre;134,74;296,42;168,42;;3771AGSCZ1C;false;3;R501 | R411 | R412;import;Doublon source consolide : controler quantites, prix et emplacements.
3771AGSZ;PB VT IVECO DAILY III         14-;PARE BRISE;Pare-brise;;product;true;true;VSF Centre;87,8;193,16;109,75;;3771AGSZ;false;3;R530 | R532 | R431;import;Doublon source consolide : controler quantites, prix et emplacements.
3771AKCVS1F;KIT AGRAFES PB IVECO DAILY III 14PCS 14-;JOINTS;Joint;;product;true;true;VSF Centre;7,2;15,84;9;;;false;1;J1G;import;Rapprochement Odoo par default_code a effectuer.
3771LGSV2FD;DESC AVG VT IVECO DAILY III         14-;GLACES LATERALES;Glace laterale;;product;true;true;VSF Centre;37,9;83,37;47,37;;3771LGSV2FD;false;2;R914 | R904;import;Doublon source consolide : controler quantites, prix et emplacements.
3771LGSV2FVZ;DEFL AVG VT IVECO DAILY III         14-;GLACES LATERALES;Glace laterale;;product;true;true;VSF Centre;47,2;103,84;59;;3771LGSV2FVZ;false;3;R232 | R905;import;Doublon source consolide : controler quantites, prix et emplacements.
3771RGSV2FVZ;DEFL AVD VT IVECO DAILY III         14-;GLACES LATERALES;Glace laterale;;product;true;true;VSF Centre;44,8;98,56;56;;3771RGSV2FVZ;false;2;T003 | GALLERIA;import;Doublon source consolide : controler quantites, prix et emplacements.
3772AGSCMVZ2C;PB VT TRANSIT 4 BAS  CAPT LDW 14-;PARE BRISE;Pare-brise;;product;true;true;VSF Centre;84;84;105;;3772AGSCMVZ2C;false;2;CASSE | R422;import;Doublon source consolide : controler quantites, prix et emplacements.
3772AGSVZ1C;PARE-BRISE TEINTÉ VERT TRANSIT 4 BAS EMBASE 14-MO 1.80;PARE BRISE;Pare-brise;;product;true;true;VSF Centre;146,4;322,08;183;;3772AGSVZ1C;false;1;R620;import;Rapprochement Odoo par default_code a effectuer.
3773BGDVIR1H;LUNETTE DROITE TEINTÉ VERT FONCÉ TRANSIT 4 HAUT TROU 14-MO 0.90;LUNETTES;Lunette;;product;true;true;CENTRE AUTO;682,64;682,64;682,64;;3773BGDVIR1H;false;1;Centre;import;Rapprochement Odoo par default_code a effectuer.
3775931;FEU ARG;OPTIQUE;Autres;Optique;product;true;true;MISTER AUTO;143,56;315,83;143,56;;3775931;false;1;GALLERIA;import;Rapprochement Odoo par default_code a effectuer.
3930ABL;PB BL HONDA CIVIC EC/ED 3P 87-91;PARE-BRISE;Pare-brise;;product;true;true;VSF Centre;209,62;461,17;262,03;;;false;1;R726;import;Rapprochement Odoo par default_code a effectuer.
3930ASMH1D;JC PB HONDA CIVIC EC/ED 3P 87-91;JOINTS;Joint;;product;true;true;VSF Centre;43,88;96,54;54,85;;;false;1;Jdessus;import;Rapprochement Odoo par default_code a effectuer.
3940AGN;PB VT HONDA CIVIC 4PTES            92-95;PARE BRISE;Pare-brise;;product;true;true;VSF Centre;129,66;285,26;162,08;;3940AGN;false;1;R611;import;Rapprochement Odoo par default_code a effectuer.
3940AKCS;AGRAFES PB HONDA CIVIC 4PTES  92-95;JOINTS;Joint;;product;true;true;VSF Centre;10,5;23,11;13,13;;3940AKCS;false;1;Centre;import;Rapprochement Odoo par default_code a effectuer.
3940ASMST;JC SUP PB HONDA CIVIC 3/4PTES VOIR 3941A;JOINTS;Joint;;product;true;true;VSF Centre;7,74;17,02;9,67;3941ASMHT;3940ASMST;false;1;R611;import;Rapprochement Odoo par default_code a effectuer.
3941ABL;PB BL HONDA CIVIC 3PTES            92-95;PARE BRISE;Pare-brise;;product;true;true;VSF Centre;126,84;279,05;158,55;;3941ABL;false;1;R312;import;Rapprochement Odoo par default_code a effectuer.
3941ASMHT;JC SUP  PB HONDA CIVIC 91-96;JOINTS;Joint;;product;true;true;VSF Centre;8,94;19,68;11,18;;3941ASMHT;false;2;JT001 | J8A;import;Doublon source consolide : controler quantites, prix et emplacements.
3948RGNC2FDW;DESC AVD VT CIVIC CRX DEL SOL 92-98;GLACES LATERALES;Glace laterale;;product;true;true;VSF Centre;133,46;293,62;166,83;;3948RGNC2FDW;false;1;R905;import;Rapprochement Odoo par default_code a effectuer.
3954AGNGNVW;PARE-BRISE TEINTÉ VERT DÉGRADÉ VERT ROV 400-45/HONDA CIVIC 5 PORTES HAYON 95-00MO 4.50;PARE BRISE;Pare-brise;;product;true;true;INVENTAIRE;135,27;297,59;135,27;;3954AGNGNVW;false;1;R216;import;Rapprochement Odoo par default_code a effectuer.
3956AGN;PB VT HONDA CIVIC 3PTES            96-01;PARE BRISE;Pare-brise;;product;true;true;VSF Centre;88,49;194,67;110,61;;3956AGN;false;1;R302;import;Rapprochement Odoo par default_code a effectuer.
3956ASMH;JC PB HONDA CIVIC 3PTES            96-01;JOINTS;Joint;;product;true;true;VSF Centre;58,24;128,13;72,8;;3956ASMH;false;1;Tringle;import;Rapprochement Odoo par default_code a effectuer.
3962AGN;PB VT HONDA CRV 97-02;PARE BRISE;Pare-brise;;product;true;true;VSF Centre;121,84;268,05;152,3;;3962AGN;false;2;R108 | R311;import;Doublon source consolide : controler quantites, prix et emplacements.
3962ASMR;JC PB HONDA CRV 97-02;JOINTS;Joint;;product;true;true;VSF Centre;54,03;118,87;67,54;;3962ASMR;false;2;R108 | JT019;import;Doublon source consolide : controler quantites, prix et emplacements.
3969AGNV;PB VT HONDA S2000                  99-09;PARE BRISE;Pare-brise;;product;true;true;VSF Centre;150,18;330,4;187,73;;3969AGNV;false;1;R323;import;Rapprochement Odoo par default_code a effectuer.
3969ASMT;JC SUP HONDA S 2000                99-09;JOINTS;Joint;;product;true;true;VSF Centre;27,2;59,84;34;;3969ASMT;false;1;JT019;import;Rapprochement Odoo par default_code a effectuer.
3976AGSV1C;PB VT HONDA CIVIC 3P HBK           03-05;PARE BRISE;Pare-brise;;product;true;true;VSF Centre;112;246,4;140;;3976AGSV1C;false;1;R324;import;Rapprochement Odoo par default_code a effectuer.
3976ASMHT;JC SUP PB HONDA CIVIC 3 PTES       01-05;JOINTS;Joint;;product;true;true;VSF Ouest;9,6;21,12;12;;3976ASMHT;false;1;J001;import;Rapprochement Odoo par default_code a effectuer.
3986AGNBLMV;PARE-BRISE TEINTÉ VERT DÉGRADÉ BLEU HONDA ACCORD BERLINE ET BREAK CAPTEUR DE PLUIE 03-08MO 4.40;PARE BRISE;Pare-brise;;product;true;true;INVENTAIRE;;;;;3986AGNBLMV;false;1;CASSE;import;Rapprochement Odoo par default_code a effectuer. PRIX RV absent : standard_price non calculable, phase de cout a exclure.
3992AGNV;PB VT HONDA FR-V                   04-10;PARE BRISE;Pare-brise;;product;true;true;VSF Centre;82,42;181,32;103,02;;3992AGNV;false;1;R329;import;Rapprochement Odoo par default_code a effectuer.
3998AGSIMV1P;PB VT CIVIC 3/5PTES LHD CAPT ELECT 06-11;PARE BRISE;Pare-brise;;product;true;true;VSF Centre;140;308;175;;3998AGSIMV1P;false;1;R615;import;Rapprochement Odoo par default_code a effectuer.
3998AGSMV1B;PB VT HONDA CIVIC 3/5PTES LHD CAPT 06-11;PARE BRISE;Pare-brise;;product;true;true;VSF Centre;125,26;275,56;156,57;;3998AGSMV1B;false;2;R313 | R508;import;Doublon source consolide : controler quantites, prix et emplacements.
3998AGSV;PB VT HONDA CIVIC 3/5PTES          06-11;PARE BRISE;Pare-brise;;product;true;true;VSF Centre;89,11;196,05;111,39;;3998AGSV;false;1;R528;import;Rapprochement Odoo par default_code a effectuer.
3998AKCH1F;CLIPS KIT PB COMP  HONDA CIVIC 5P 05-11;JOINTS;Joint;;product;true;true;VSF Centre;33,54;73,8;41,93;;3998AKCH1F;false;3;J005 | D2 (Joints) | R508;import;Doublon source consolide : controler quantites, prix et emplacements.
3998ASMHT;JC SUP PB HONDA CIVIC 3/5P       05-11;JOINTS;Joint;;product;true;true;VSF Centre;4,21;9,26;5,26;;3998ASMHT;false;6;J005 | Centre | R528 | J5A | J1A | J3A;import;Doublon source consolide : controler quantites, prix et emplacements.
3999AGSV;PARE-BRISE TEINTÉ VERT HONDA CIVIC HYBRID 4 PORTES COFFRE 05-11MO 3,70;PARE BRISE;Pare-brise;;product;true;true;VSF Centre;158,31;348,29;197,89;;3999AGSV;false;1;R406;import;Rapprochement Odoo par default_code a effectuer.
3999ASMST;ENJOLIVEUR SUPÉRIEUR PARE-BRISE CIVIC HYBRID 4 PORTES COFFRE 05-11;JOINTS;Joint;;product;true;true;VSF Centre;8,82;19,4;11,02;;3999ASMST;false;1;JT001;import;Rapprochement Odoo par default_code a effectuer.
4000AGAIMVW6N;PB VT HONDA CRV III   CAPT      10-12;PARE BRISE;Pare-brise;;product;true;true;VSF Centre;158,89;349,55;198,61;;4000AGAIMVW6N;false;1;R514;import;Rapprochement Odoo par default_code a effectuer.
4000AGAMV95;PB VT HONDA CRV III   CAPT      07-10;PARE BRISE;Pare-brise;;product;true;true;VSF Centre;142,07;312,56;177,59;;4000AGAMV95;false;1;R211;import;Rapprochement Odoo par default_code a effectuer.
4000ASMRT;JC SUP PB HONDA CRV III            07-12;JOINTS;Joint;;product;true;true;VSF Centre;6,64;14,61;8,3;;4000ASMRT;false;3;J005 | R514 | J5A;import;Doublon source consolide : controler quantites, prix et emplacements.
4004AGSV;PB VT HONDA JAZZ 2 LHD            09-15;PARE BRISE;Pare-brise;;product;true;true;VSF Centre;125,31;275,69;156,64;;4004AGSV;false;2;R513 | GALLERIA;import;Doublon source consolide : controler quantites, prix et emplacements.
4004AGSV1P;PB VT HONDA JAZZ 2 LHD            09-15;PARE BRISE;Pare-brise;;product;true;true;VSF Centre;119,05;261,9;156,64;;;false;2;R427 | GALLERIA;import;Doublon source consolide : controler quantites, prix et emplacements.
4004ASMH1H;JC PB HONDA JAZZ TOIT TOLE   08-15;JOINTS;Joint;;product;true;true;VSF Centre;13,6;29,92;17;;4004ASMH1H;false;4;J6B | GALLERIA;import;Doublon source consolide : controler quantites, prix et emplacements.
4004BGSHB;LUN VT HONDA JAZZ 09-15;LUNETTES;Lunette;;product;true;true;VSF Centre;75,37;165,81;94,21;;4004BGSHB;false;1;Centre;import;Rapprochement Odoo par default_code a effectuer.
4004LGSH5FQ;DEFL AVG VT HONDA JAZZ 09-15;GLACES LATERALES;Glace laterale;;product;true;true;VSF Centre;95,23;209,51;119,04;;;false;1;GALLERA;import;Rapprochement Odoo par default_code a effectuer.
4004RGSH5FDW1M;DESC AVD VT HONDA JAZZ 09-15;GLACES LATERALES;Glace laterale;;product;true;true;VSF Centre;64,46;141,82;80,58;;4004RGSH5FDW1M;false;1;Centre;import;Rapprochement Odoo par default_code a effectuer.
4011AGAIMV1P;PB VT ACO HONDA CRV LHD CAPT 12-18;PARE BRISE;Pare-brise;;product;true;true;VSF Centre;150,48;331,06;188,1;;4011AGAIMV1P;false;1;R620;import;Rapprochement Odoo par default_code a effectuer.
4011ASGRT;JC SUP PB HONDA CRV     12-18;JOINTS;Joint;;product;true;true;VSF Centre;10,21;22,46;12,76;;4011ASGRT;false;1;J8A;import;Rapprochement Odoo par default_code a effectuer.
4017LYPR5RDW;DESC ARG PRIV HONDA HR-V 15-;GLACES LATERALES;Glace laterale;;product;true;true;VSF Centre;48,86;107,5;61,08;;4017LYPR5RDW;false;1;Centre;import;Rapprochement Odoo par default_code a effectuer.
4021BYPR;LUN PRIVACY HONDA CRV  18-;LUNETTES;Lunette;;product;true;true;VSF Centre;167,3;368,07;209,13;;;false;1;GALLERIA;import;Rapprochement Odoo par default_code a effectuer.
4105ACL;PARE-BRISE CLAIR HYUNDAI PONY/EXCEL 89-94MO 2,90;PARE BRISE;Pare-brise;;product;true;true;INVENTAIRE;118,65;261,03;118,65;;4105ACL;false;1;R112;import;Rapprochement Odoo par default_code a effectuer.
4105AKMH;KIT ENJOLIVEUR PARE-BRISE HYUNDAI PONY/EXCEL 89-94;JOINTS;Joint;;product;true;true;INVENTAIRE;82,14;180,71;82,14;;4105AKMH;false;1;J5C;import;Rapprochement Odoo par default_code a effectuer.
4109AGNBL;PB VTBL PONY/ACCENT/EXCEL        94-96;PARE BRISE;Pare-brise;;product;true;true;VSF Centre;89,48;196,86;111,85;;4109AGNBL;false;2;R435 | R133;import;Doublon source consolide : controler quantites, prix et emplacements.
4109ASMH;JC PB PONY/ACCENT/EXCEL            94-99;JOINTS;Joint;;product;true;true;VSF Centre;9,22;20,28;11,52;;4109ASMH;false;2;R435 | J10F;import;Doublon source consolide : controler quantites, prix et emplacements.
4115ALGBL;PARE-BRISE TEINTÉ VERT DÉGRADÉ BLEU HYUNDAI ATOS 98-08MO 2,80;PARE BRISE;Pare-brise;;product;true;true;INVENTAIRE;106,21;233,66;106,21;;4115ALGBL;false;1;R322;import;Rapprochement Odoo par default_code a effectuer.
4116AGNBL;PB VTBL HYUNDAI SATELLITE/H200/H1 98-08;PARE BRISE;Pare-brise;;product;true;true;VSF Centre;126,53;278,36;158,16;;4116AGNBL;false;3;R703 | GALLERIA | R435;import;Doublon source consolide : controler quantites, prix et emplacements.
4116ASMV;JC PB HYUNDAI SATELLITE/H200/H1   98-08;JOINTS;Joint;;product;true;true;VSF Centre;6,72;14,78;8,4;;4116ASMV;false;3;R703 | GALLERIA | galleria;import;Doublon source consolide : controler quantites, prix et emplacements. Variantes de casse/espacement fusionnees dans la source : 4116ASMV, 4116asmv.
4118AGNBL;PB VTBL HYUNDAI ACCENT 4/5P 00-05;PARE BRISE;Pare-brise;;product;true;true;VSF Centre;75,86;166,88;94,82;;4118AGNBL;true;4;R332 | R126 | R218 | R326;import;Doublon source consolide : controler quantites, prix et emplacements. EUROCODE INTERNE diverge de EUROCODE : arbitrage RPBM requis sur la reference qui fait foi.
4118ASMH;JC PB HYUNDAI ACCENT 4/5P 00-05;JOINTS;Joint;;product;true;true;VSF Centre;8;17,6;10;;4118ASMH;false;3;R332 | J7F;import;Doublon source consolide : controler quantites, prix et emplacements.
4118BGNHW1H;LUN VT HYUNDAI ACCENT 5P  TROU 00-01;LUNETTES;Lunette;;product;true;true;VSF Centre;145,57;320,25;181,96;;4118BGNHW1H;false;1;R901;import;Rapprochement Odoo par default_code a effectuer.
4118BGNHW1R;LUN VT HYUNDAI ACCENT 5P  TROU 01-05;LUNETTES;Lunette;;product;true;true;VSF Centre;141,98;312,35;177,47;;4118BGNHW1R;false;1;R206;import;Rapprochement Odoo par default_code a effectuer.
4120AGNBLW;PB VTBL TRAJET/HIGHWAY VAN       00-07;PARE BRISE;Pare-brise;;product;true;true;VSF Centre;105,18;231,4;131,48;;4120AGNBLW;false;1;R132;import;Rapprochement Odoo par default_code a effectuer.
4120ASMV;JC PB HYUNDAI TRAJET               00-07;JOINTS;Joint;;product;true;true;VSF Centre;32,29;71,03;40,36;;4120ASMV;false;1;R132;import;Rapprochement Odoo par default_code a effectuer.
4124AGNBL;PB VTBL HYUNDAI TERRACAN         01-07;PARE BRISE;Pare-brise;;product;true;true;VSF Centre;88;193,6;110;;4124AGNBL;false;2;R104 | R215;import;Doublon source consolide : controler quantites, prix et emplacements.
4124ASMR;JC PB HYUNDAI TERRACAN             01-07;JOINTS;Joint;;product;true;true;VSF Centre;23,2;51,04;29;;4124ASMR;false;1;R104;import;Rapprochement Odoo par default_code a effectuer.
4125AGNBL;PB VTBL HYUNDAI MATRIX MPV    01-10;PARE BRISE;Pare-brise;;product;true;true;Vsf Centre;83,66;184,04;104,57;;4125AGNBL;false;2;Centre | R615;import;Doublon source consolide : controler quantites, prix et emplacements.
4125ASMH;JC PB HYUNDAI MATRIX MPV       01-10;JOINTS;Joint;;product;true;true;Vsf Centre;14,91;32,81;18,64;;4125ASMH;false;2;Centre | R615;import;Doublon source consolide : controler quantites, prix et emplacements.
4125LGNH5FD;DESC.AVG VT HYUNDAI MATRIX  01-10;GLACES LATERALES;Glace laterale;;product;true;true;VSF Centre;44;96,8;55;;4125LGNH5FD;false;1;Centre;import;Rapprochement Odoo par default_code a effectuer.
4128AGSBL;PB VTBL HYUNDAI GETZ               02-10;PARE BRISE;Pare-brise;;product;true;true;VSF Centre;72,62;159,77;90,78;;4128AGSBL;false;7;R110 | R423 | R201 | R614 | R527 | R634 | GALLERIA;import;Doublon source consolide : controler quantites, prix et emplacements.
4128ASMH;JC PB HYUNDAI GETZ                 02-10;JOINTS;Joint;;product;true;true;VSF Centre;8,16;17,95;10,2;;4128ASMH;false;7;R110 | R423 | JT012 | R614 | J8D | J10B | GALLERIA;import;Doublon source consolide : controler quantites, prix et emplacements.
4128ASMH-PERDU;JC PB HYUNDAI GETZ                 02-10;JOINTS;Joint;;product;true;true;VSF Centre;8,41;18,5;10,51;;4128ASMH-PERDU;false;1;PERDUE;import;Rapprochement Odoo par default_code a effectuer.
4128BGSHW1H;LUN VT HYUNDAI GETZ 3/5P TROU  02-10;LUNETTES;Lunette;;product;true;true;VSF Centre;79,82;175,6;99,77;;4128BGSHW1H;false;3;Centre | D2 | GALLERIA;import;Doublon source consolide : controler quantites, prix et emplacements.
4128LGSH5FDW;DESC AVG VT HYUNDAI GETZ 5PTES  02-10;GLACES LATERALES;Glace laterale;;product;true;true;VSF Centre;59,15;130,13;73,94;;4128LGSH5FDW;false;1;R912;import;Rapprochement Odoo par default_code a effectuer.
4128LGSH5RV;DEFL ARG VT HUYNDAI GETZ 5PTES  02-10;GLACES LATERALES;Glace laterale;;product;true;true;VSF Centre;23,66;52,06;29,58;;4128LGSH5RV;false;2;Centre;import;Doublon source consolide : controler quantites, prix et emplacements.
4128RGSH3FDW;DESC AVD VT HYUNDAI GETZ 3PTES  02-10;GLACES LATERALES;Glace laterale;;product;true;true;VSF Centre;73,74;162,22;92,17;;4128RGSH3FDW;false;1;R901;import;Rapprochement Odoo par default_code a effectuer.
4128RGSH5FDW;DESC AVD VT HYUNDAI GETZ 5PTES 02-10;GLACES LATERALES;Glace laterale;;product;true;true;VSF Centre;54,77;120,49;68,46;;4128RGSH5FDW;false;2;R909 | R911;import;Doublon source consolide : controler quantites, prix et emplacements.
4128RGSH5RV;DEFL ARD VT HYUNDAI GETZ 5PTES  02-10;GLACES LATERALES;Glace laterale;;product;true;true;VSF Centre;22,46;49,42;28,08;;4128RGSH5RV;false;2;Centre | T002;import;Doublon source consolide : controler quantites, prix et emplacements.
4129AGNBLHV;PB VTBL TUCSON CHAUF.EMB 6CM 04-10;PARE BRISE;Pare-brise;;product;true;true;VSF Centre;127,2;279,84;159;;4129AGNBLHV;false;1;R116;import;Rapprochement Odoo par default_code a effectuer.
4129AGNBLV;PB VTBL HYUNDAI TUCSON 04-10;PARE BRISE;Pare-brise;;product;true;true;VSF Centre;84;184,8;105;;4129AGNBLV;false;7;R324 | R221 | R316 | CASSE | R428 | R511 | R208;import;Doublon source consolide : controler quantites, prix et emplacements.
4129ASMR;JC PB HYUNDAI TUCSON 04-10;JOINTS;Joint;;product;true;true;VSF Centre;25,6;56,32;32;;4129ASMR;false;7;R324 | J7D | R221 | R316 | J7B | JT007 | JT004;import;Doublon source consolide : controler quantites, prix et emplacements.
4129BGNRBO2Q;LUN.VT HYUNDAI TUCSON OUVR. 04-10;LUNETTES;Lunette;;product;true;true;VSF Centre;111,2;244,64;139;;4129BGNRBO2Q;false;1;Centre;import;Rapprochement Odoo par default_code a effectuer.
4129BYPROB;LUNETTE PRIVACY HYUNDAÏ TUCSON OUVRANT(E) 04-10;LUNETTES;Lunette;;product;true;true;CENTRE AUTO;278,86;278,86;278,86;;4129BYPROB;false;1;Centre;import;Rapprochement Odoo par default_code a effectuer.
4133AGNBLV;PARE-BRISE TEINTÉ VERT DÉGRADÉ BLEU HYUNDAI SANTA FE 2 05-10;PARE BRISE;Pare-brise;;product;true;true;MPB;198,22;198,22;198,22;;4133AGNBLV;false;2;Centre | R607;import;Doublon source consolide : controler quantites, prix et emplacements.
4133AGSBLMV1B;PB VTBL HYUNDAI SANTA FE 2+CAPT.05-12;PARE BRISE;Pare-brise;;product;true;true;VSF Centre;151,2;332,64;189;;4133AGSBLMV1B;false;4;R324 | Centre | CASSE | R524;import;Doublon source consolide : controler quantites, prix et emplacements.
4133ASMR;JC PB HYUNDAI SANTA FE II 05-12;JOINTS;Joint;;product;true;true;VSF Centre;25,18;55,39;31,47;;4133ASMR;false;3;R324 | Centre | D2;import;Doublon source consolide : controler quantites, prix et emplacements.
4133BYPR;LUN PRIV HYUNDAI SANTA FE II       05-12;LUNETTES;Lunette;;product;true;true;VSF Centre;206,47;454,24;258,09;;4133BYPR;false;1;R227;import;Rapprochement Odoo par default_code a effectuer.
4133LGSR5FD;GLACE DESCENDANTE AVANT GAUCHE TEINTÉ VERT HYUNDAI SANTA FE II 05-12;GLACES LATERALES;Glace laterale;;product;true;true;CENTRE AUTO;147,11;147,11;147,11;;4133LGSR5FD;false;1;Centre;import;Rapprochement Odoo par default_code a effectuer.
4133LYPR5RDW;DESC ARG PRIVACY SANTA FE II 05-12;GLACES LATERALES;Glace laterale;;product;true;true;VSF Centre;80,78;177,72;100,98;;4133LYPR5RDW;false;1;Centre;import;Rapprochement Odoo par default_code a effectuer.
4134AGNBLV;PB VTBL HYUNDAI ACCENT          06-11;PARE BRISE;Pare-brise;;product;true;true;VSF Centre;98,13;215,88;122,66;;4134AGNBLV;false;1;R633;import;Rapprochement Odoo par default_code a effectuer.
4134ASMHT;JC SUP PB HYUNDAI ACCENT           06-11;JOINTS;Joint;;product;true;true;VSF Centre;7,77;17,09;9,71;;4134ASMHT;false;1;J10E;import;Rapprochement Odoo par default_code a effectuer.
4135AGNHMV6G;PB VT HY I30 CHAUF  CAPT VIN 12CM  07-12;PARE BRISE;Pare-brise;;product;true;true;VSF Centre;165,72;364,58;207,15;;;false;1;GENIPA;import;Rapprochement Odoo par default_code a effectuer.
4135AGNV1G;PB VT HYUNDAI I30 VIN A 12CM     07-12;PARE BRISE;Pare-brise;;product;true;true;VSF Centre;100,04;220,09;125,05;;4135AGNV1G;false;4;Galléria | R813 | R412 | R805;import;Doublon source consolide : controler quantites, prix et emplacements.
4135AGSV;PARE-BRISE TEINTÉ VERT HYUNDAI I30 07-12;PARE BRISE;Pare-brise;;product;true;true;HHH;171,8;171,8;171,8;;4135AGSV;false;4;Centre | R421 | R329 | R426;import;Doublon source consolide : controler quantites, prix et emplacements.
4135ASMHL;JC GAUCHE  PB HYUNDAI I30         07-12;JOINTS;Joint;;product;true;true;VSF Centre;34,44;75,77;43,05;;4135ASMHL;false;1;J9E;import;Rapprochement Odoo par default_code a effectuer.
4135ASMHT;JC SUP PB HYUNDAI I30              07-12;JOINTS;Joint;;product;true;true;VSF Centre;7,57;16,65;9,46;;4135ASMHT;false;6;Galléria | JT005 | J8A | J11E | GENIPA | J1G;import;Doublon source consolide : controler quantites, prix et emplacements.
4135BGNH;LUN VT HYUNDAI I30 5P    08-12;LUNETTES;Lunette;;product;true;true;VSF Centre;121,62;267,56;152,02;;4135BGNH;false;1;R928;import;Rapprochement Odoo par default_code a effectuer.
4135LGNH5FD;DESC AVG VT HYUNDAI I30 5PTES 07-12;GLACES LATERALES;Glace laterale;;product;true;true;VSF Centre;49,6;109,12;62;;4135LGNH5FD;false;1;Centre;import;Rapprochement Odoo par default_code a effectuer.
4135RGNH5FD;DESC AVD VT HYUNDAI I30 5PTES 07-12;GLACES LATERALES;Glace laterale;;product;true;true;VSF Centre;48,86;107,5;61,08;;4135RGNH5FD;false;2;Centre | R914;import;Doublon source consolide : controler quantites, prix et emplacements.
4136AGNBLV;PB VTBL HYU SATELLITE/H1/I800  08-;PARE BRISE;Pare-brise;;product;true;true;VSF Centre;98,56;216,83;123,2;;4136AGNBLV;false;3;R134 | R519 | R732;import;Doublon source consolide : controler quantites, prix et emplacements.
4136AGNV;PB VT HYUNDAI SATELLITE/H1/I800  08-;PARE BRISE;Pare-brise;;product;true;true;VSF Centre;100,04;220,09;125,05;;4136AGNV;false;2;R732 | R538;import;Doublon source consolide : controler quantites, prix et emplacements.
4136ASMVT;JC SUP PB HYUNDAI H1            07-;JOINTS;Joint;;product;true;true;VSF Centre;4,55;10,01;5,69;;4136ASMVT;false;5;R134 | R732 | J9E | J6B;import;Doublon source consolide : controler quantites, prix et emplacements.
4136BGNVL;LUN ARG VT CHAUF HYUNDAI H1 07-;LUNETTES;Lunette;;product;true;true;VSF Centre;125,33;275,72;156,66;;4136BGNVL;false;1;R902;import;Rapprochement Odoo par default_code a effectuer.
4136BGNVR;LUN ARD VT CHAUF HYUNDAI H1 07-;LUNETTES;Lunette;;product;true;true;VSF Centre;144,51;317,93;180,64;;4136BGNVR;false;1;R914;import;Rapprochement Odoo par default_code a effectuer.
4136BGPVR;LUN ARD VT FONCEE HYUNDAI H1 07-;LUNETTES;Lunette;;product;true;true;VSF Centre;141,74;311,82;177,17;;4136BGPVR;false;2;Centre;import;Doublon source consolide : controler quantites, prix et emplacements.
4137AGNGNV;PB VTVT HYUNDAI I10                08-13;PARE BRISE;Pare-brise;;product;true;true;VSF Centre;78,48;172,66;98,1;;4137AGNGNV;false;2;GENIPA | R537;import;Doublon source consolide : controler quantites, prix et emplacements.
4137ASMH;JC PB HYUNDAI  I10          09-13;JOINTS;Joint;;product;true;true;VSF Centre;11,7;25,73;14,62;;4137ASMH;false;3;GENIPA | J5D | Galleria;import;Doublon source consolide : controler quantites, prix et emplacements. Variantes de casse/espacement fusionnees dans la source : 4137ASMH, 4137asmh.
4137RGNH5RDW;DESC ARD VT HYUNDAI   I10 5PTES 07-13;GLACES LATERALES;Glace laterale;;product;true;true;VSF Centre;38,26;84,16;47,82;;4137RGNH5RDW;false;1;Centre;import;Rapprochement Odoo par default_code a effectuer.
4137RGNH5RV;DEFL ARD VT  HYUNDAI I10 5PTES 07-13;GLACES LATERALES;Glace laterale;;product;true;true;VSF Centre;29,41;64,7;36,76;;4137RGNH5RV;false;2;Centre | R234;import;Doublon source consolide : controler quantites, prix et emplacements.
4139AGSV;PB VT HYUNDAI I20 09-15;PARE BRISE;Pare-brise;;product;true;true;VSF Centre;77,14;169,7;96,42;;4139AGSV;false;7;R218 | R215 | R422 | R506 | R705 | R737 | R209;import;Doublon source consolide : controler quantites, prix et emplacements.
4139ASMH;JC PB HYUNDAI I20 09-15;JOINTS;Joint;;product;true;true;VSF Centre;9,52;20,94;11,9;;4139ASMH;false;7;R218 | R215 | R506 | D2 (Joints) | R705 | J10B | J9G;import;Doublon source consolide : controler quantites, prix et emplacements.
4139LGSH3FD;DESC AVG VT HYUNDAI I20 3P 09-15;GLACES LATERALES;Glace laterale;;product;true;true;VSF Centre;63,5;139,69;79,37;;4139LGSH3FD;false;2;R906 | R907;import;Doublon source consolide : controler quantites, prix et emplacements.
4139LGSH5FD;DESC AVG VT HYUNDAI I20 09-15;GLACES LATERALES;Glace laterale;;product;true;true;VSF Centre;41,41;91,1;51,76;;4139LGSH5FD;false;4;Centre | R903 | R907;import;Doublon source consolide : controler quantites, prix et emplacements.
4141AGNHMV1B;PB VT HYUNDAI IX35 CHAUF+CAPT.10-;PARE BRISE;Pare-brise;;product;true;true;VSF Centre;142,21;312,86;177,76;;4141AGNHMV1B;false;5;R303 | Centre | R417 | R618;import;Doublon source consolide : controler quantites, prix et emplacements.
4141AGSBLHMV;PB VTBL HYUNDAI IX35 CHAUF CAPT 10-15;PARE BRISE;Pare-brise;;product;true;true;VSF Centre;151,2;332,64;189;;;false;2;CASSE | R523;import;Doublon source consolide : controler quantites, prix et emplacements.
4141AGSBLHMV1B;PB VTBL HYUNDAI IX35 CHAUF CAPT 10-;PARE BRISE;Pare-brise;;product;true;true;VSF Centre;136,27;299,8;170,34;;4141AGSBLHMV1B;false;1;R618;import;Rapprochement Odoo par default_code a effectuer.
4141AGSBLHV;PB VTBL HYUNDAI IX35 CHAUFF  09-15;PARE BRISE;Pare-brise;;product;true;true;VSF Centre;189,01;415,82;236,26;;;false;1;GENIPA;import;Rapprochement Odoo par default_code a effectuer.
4141AGSBLV;PB VTBL HYUNDAI IX35       10-;PARE BRISE;Pare-brise;;product;true;true;VSF Centre;100;220;125;;4141AGSBLV;false;10;R427 | R424 | R433 | R620 | CASSE | R703 | R136 | R708 | GALLERIA;import;Doublon source consolide : controler quantites, prix et emplacements.
4141AGSV;PB VT HYUNDAI IX35 10-;PARE BRISE;Pare-brise;;product;true;true;VSF Centre;120,84;265,85;159;;4141AGSV;false;5;R227 | R310 | R424 | R523 | R211;import;Doublon source consolide : controler quantites, prix et emplacements.
4141ASMR;JC PB HYUNDAI IX35                 10-;JOINTS;Joint;;product;true;true;VSF Ouest;16,72;36,78;22;;4141ASMR;false;21;R310 | Tringle | R303 | R424 | Centre | JT007 | R618 | R620 | R523 | J2C | JT001 | JT025 | JT006 | J6B | J8B | GALLERIA | J6D | GENIPA;import;Doublon source consolide : controler quantites, prix et emplacements.
4141BGSR;LUN VT HYUNDAI IX35       10-15;LUNETTES;Lunette;;product;true;true;VSF Centre;117,95;259,49;147,44;;4141BGSR;false;1;R927;import;Rapprochement Odoo par default_code a effectuer.
4141BYPR;LUNETTE PRIVACY HYUNDAI IX35 10-;LUNETTES;Lunette;;product;true;true;AUTODIS;254,55;254,55;254,55;;4141BYPR;false;4;Centre | Galléria | R910 | R930;import;Doublon source consolide : controler quantites, prix et emplacements.
4141LGDR5RDW;DESC ARG VT FONCEE HYUNDAI IX35      10-;GLACES LATERALES;Glace laterale;;product;true;true;VSF Centre;64,15;141,13;80,19;;4141LGDR5RDW;false;1;Centre;import;Rapprochement Odoo par default_code a effectuer.
4141LGSR5FD;DESC AVG VT HYUNDAI IX35       10-;GLACES LATERALES;Glace laterale;;product;true;true;VSF Centre;59,48;130,86;74,35;;4141LGSR5FD;false;1;Centre;import;Rapprochement Odoo par default_code a effectuer.
4141LYPR5RQZ;CUST ARG PRIVACY HYUNDAI IX35   10-15;GLACES LATERALES;Glace laterale;;product;true;true;VSF Centre;118,37;260,41;147,96;;;false;1;R905;import;Rapprochement Odoo par default_code a effectuer.
4141RGSR5FD;DESC AVD VT HYUNDAI IX35       10-15;GLACES LATERALES;Glace laterale;;product;true;true;VSF Centre;48,78;107,32;60,98;;4141RGSR5FD;false;1;R916;import;Rapprochement Odoo par default_code a effectuer.
4141RYPR5RDW;DESC ARD PRIVACY HYUNDAI IX35       10-;GLACES LATERALES;Glace laterale;;product;true;true;VSF Centre;92,46;203,4;115,57;;4141RYPR5RDW;false;2;R914 | Centre;import;Doublon source consolide : controler quantites, prix et emplacements.
4141RYPR5RQZ;CUSTODE ARRIÈRE DROIT PRIVACY HYUNDAI IX35       10-MO 0,90;GLACES LATERALES;Glace laterale;;product;true;true;CENTRE AUTO;196,51;196,51;196,51;;4141RYPR5RQZ;false;1;Centre;import;Rapprochement Odoo par default_code a effectuer.
4147AGNBLV;PB VTBL HYUNDAI VELOSTER  11-19;PARE BRISE;Pare-brise;;product;true;true;VSF Centre;135,03;297,07;168,79;;4147AGNBLV;false;1;R710;import;Rapprochement Odoo par default_code a effectuer.
4147ASMHT;JC SUP PB HYUNDAI VELOSTER  11-19;JOINTS;Joint;;product;true;true;VSF Centre;21,62;47,56;27,02;;4147ASMHT;false;1;J10A;import;Rapprochement Odoo par default_code a effectuer.
4147GZPH4PRB;TOIT VITRE PARTIE ARR FIXE VELOSTER  11-;TOIT;Autres;Toit panoramique;product;true;true;VSF Centre;392,66;863,84;490,82;;4147GZPH4PRB;false;1;R901;import;Rapprochement Odoo par default_code a effectuer.
4147LGNH4RQZ;CUST ARG VT HYUNDAI VELOSTER 11-19;GLACES LATERALES;Glace laterale;;product;true;true;VSF Centre;96,17;211,57;120,21;;4147LGNH4RQZ;false;1;R901;import;Rapprochement Odoo par default_code a effectuer.
4151BGNHI;LUN VT HYUNDAI I30 3/5P 12-17;LUNETTES;Lunette;;product;true;true;VSF Centre;121,05;266,31;151,31;;4151BGNHI;false;1;R924;import;Rapprochement Odoo par default_code a effectuer.
4151RGNH5FDW1M;DESC AVD VT HYUNDAI I30 12-17;GLACES LATERALES;Glace laterale;;product;true;true;VSF Centre;62,97;138,53;78,71;;4151RGNH5FDW1M;false;1;R915;import;Rapprochement Odoo par default_code a effectuer.
4153AGABLHMOV;PB VTBL ACO SANTA FE CHAU  CAPT    12-19;PARE BRISE;Pare-brise;;product;true;true;VSF Centre;246,29;541,83;307,86;;4153AGABLHMOV;false;1;R415;import;Rapprochement Odoo par default_code a effectuer.
4153AGCBLHMOV;PB VTBL AC SANTA FE CHAU CAPT VAP12-19;PARE BRISE;Pare-brise;;product;true;true;VSF Centre;200,29;440,63;250,36;;4153AGCBLHMOV;false;1;Centre;import;Rapprochement Odoo par default_code a effectuer.
4153AGNBLHMOV;PB VTBL HYUNDAI SANTA FE CHAUF CAPT 12-1;PARE BRISE;Pare-brise;;product;true;true;VSF Centre;159,69;351,31;199,61;;4153AGNBLHMOV;false;5;R523 | CASSE | R506 | R432;import;Doublon source consolide : controler quantites, prix et emplacements.
4153ASMHT;JC SUP  PB SANTA FE 3   12-19;JOINTS;Joint;;product;true;true;VSF Centre;11,12;24,46;13,9;;4153ASMHT;false;4;R523 | J9B | J9A | J4A;import;Doublon source consolide : controler quantites, prix et emplacements.
4153LGSR5FDW1M;DESC AVG VT HYUNDAI SANTA FE 12-19;GLACES LATERALES;Glace laterale;;product;true;true;VSF Centre;46,22;101,68;57,77;;4153LGSR5FDW1M;false;1;D2;import;Rapprochement Odoo par default_code a effectuer.
4155AGNV;PB VT HYUNDAI I10                13-;PARE BRISE;Pare-brise;;product;true;true;VSF Centre;87,62;192,76;109,52;;4155AGNV;false;2;R410 | R610;import;Doublon source consolide : controler quantites, prix et emplacements.
4155ASMH;JC PB HYUNDAI I10                13-;JOINTS;Joint;;product;true;true;VSF Centre;29,44;64,77;36,8;;4155ASMH;false;2;Tringle | J10A;import;Doublon source consolide : controler quantites, prix et emplacements.
4155BGNHI;LUN VT HYUNDAI I10 1 TROU  13-;LUNETTES;Lunette;;product;true;true;VSF Ouest;88,51;194,73;110,64;;4155BGNHI;false;2;Centre;import;Doublon source consolide : controler quantites, prix et emplacements.
4155LGNH5FDW;DESC AVG VT HYUNDAI I10      13-20;GLACES LATERALES;Glace laterale;;product;true;true;VSF Centre;57,32;126,1;71,65;;4155LGNH5FDW;false;1;GENIPA;import;Rapprochement Odoo par default_code a effectuer.
4155LGNH5RDW;DESC ARG VT HYUNDAI I10      13-20;GLACES LATERALES;Glace laterale;;product;true;true;VSF Centre;38,86;85,5;48,58;;4155LGNH5RDW;false;1;T001;import;Rapprochement Odoo par default_code a effectuer.
4155LGNH5RVZ;DEFL ARG VT HYUNDAI I10      13-;GLACES LATERALES;Glace laterale;;product;true;true;VSF Centre;91,29;200,83;114,11;;4155LGNH5RVZ;false;1;T008;import;Rapprochement Odoo par default_code a effectuer.
4155RGNH5FDW;GLACE DESCENDANTE AVANT DROIT TEINTÉ VERT HYUNDAI I10 13-20MO 0,40;GLACES LATERALES;Glace laterale;;product;true;true;VSF Centre;53,07;116,76;66,34;;4155RGNH5FDW;false;1;R906;import;Rapprochement Odoo par default_code a effectuer.
4155RGNH5RDW;DESC ARD VT HYUNDAI I10      13-20;GLACES LATERALES;Glace laterale;;product;true;true;VSF Centre;31,05;68,31;38,81;;4155RGNH5RDW;false;3;T003 | R915 | r911;import;Doublon source consolide : controler quantites, prix et emplacements. Variantes de casse/espacement fusionnees dans la source : 4155RGNH5RDW, 4155rgnh5rdw.
4157BGNHI;LUN.VT HYUNDAI I20 5P. 14-;LUNETTES;Lunette;;product;true;true;VSF Centre;103,2;227,04;129;;4157BGNHI;false;3;Centre | R212;import;Doublon source consolide : controler quantites, prix et emplacements.
4157BYPHI;LUN PRIVACY HYUNDAI I20 5P      14-20;LUNETTES;Lunette;;product;true;true;VSF Centre;116,86;257,08;146,07;;4157BYPHI;false;1;D2;import;Rapprochement Odoo par default_code a effectuer.
4157LGNH5RDW;DESC ARG VT HYUNDAI I20 5P          14-;GLACES LATERALES;Glace laterale;;product;true;true;VSF Centre;32,3;71,07;40,38;;4157LGNH5RDW;false;1;Centre;import;Rapprochement Odoo par default_code a effectuer.
4157LGNH5RV;DEFL ARG VT HYUNDAI I20 5P         14-20;GLACES LATERALES;Glace laterale;;product;true;true;VSF Centre;17,54;38,59;23,08;;;false;2;GALLERIA | R905;import;Doublon source consolide : controler quantites, prix et emplacements.
4157RGNH5RDW;DESC ARD VT HYUNDAI I20 5P         14-20;GLACES LATERALES;Glace laterale;;product;true;true;VSF Centre;35,09;77,19;43,86;;4157RGNH5RDW;false;1;R907;import;Rapprochement Odoo par default_code a effectuer.
4157RGNH5RV;DEFL ARD VT HYUNDAI I20 5P        14-20;GLACES LATERALES;Glace laterale;;product;true;true;VSF Centre;17,1;37,61;21,37;;4157RGNH5RV;false;1;Génipa;import;Rapprochement Odoo par default_code a effectuer.
4159AGABLOVW;PB VTBL AC.TUCSON 2 +HUMID.15-;PARE BRISE;Pare-brise;;product;true;true;MPB;380;380;380;;4159AGABLOVW;false;2;R430 | Centre;import;Doublon source consolide : controler quantites, prix et emplacements.
4159AGABLVW;PB VTBL AC TUCSON 2     15-;PARE BRISE;Pare-brise;;product;true;true;VSF Centre;157,66;346,86;197,08;;4159AGABLVW;false;8;R304 | R502 | R522 | Galléria | R217 | R513 | R424 | R415;import;Doublon source consolide : controler quantites, prix et emplacements.
4159AGRBLCHMOVW;PB VTBL ABS AC TUCSON 2 CHAU CAP CAM 15-;PARE BRISE;Pare-brise;;product;true;true;VSF Centre;193,6;425,92;242;;4159AGRBLCHMOVW;false;1;R118;import;Rapprochement Odoo par default_code a effectuer.
4159AGRBLMOVW;PB VTBL TUCSON 2 +CAPT 15-;PARE BRISE;Pare-brise;;product;true;true;VSF Centre;135,2;297,44;169;;4159AGRBLMOVW;false;5;R322 | R201 | R411 | R316 | GENIPA;import;Doublon source consolide : controler quantites, prix et emplacements.
4159AGRBLOVW;PB VTBL ABS AC TUCSON 2 VAP 15-;PARE BRISE;Pare-brise;;product;true;true;VSF Centre;203,38;447,43;254,22;;4159AGRBLOVW;false;1;R722;import;Rapprochement Odoo par default_code a effectuer.
4159ASMR;ENJOLIVEUR PARE-BRISE HYUNDAI TUCSON 2 15-;JOINTS;Joint;;product;true;true;CENTRE AUTO;40,37;40,37;40,37;;4159ASMR;true;10;Centre | J8D | R502 | J024 | JT002 | GENIPA | J6B | J2F | J5f;import;Doublon source consolide : controler quantites, prix et emplacements. EUROCODE INTERNE diverge de EUROCODE : arbitrage RPBM requis sur la reference qui fait foi. Variantes de casse/espacement fusionnees dans la source : 4159ASMR, 4159asmr.
4159BGPRI1H;LUN VT FONCEE HYUNDAI TUCSON 2 TROU 15-;LUNETTES;Lunette;;product;true;true;VSF Centre;174,42;383,72;218,02;;4159BGPRI1H;false;3;R217 | GALLERIA | GENIPA;import;Doublon source consolide : controler quantites, prix et emplacements.
4159LGSR5FDW1M;DESC AVG VT HYUNDAI TUCSON 2 15-;GLACES LATERALES;Glace laterale;;product;true;true;VSF Centre;50,81;111,78;63,51;;4159LGSR5FDW1M;false;1;Centre;import;Rapprochement Odoo par default_code a effectuer.
4159RGSR5FDW;GLACE DESCENDANTE AVANT DROIT TEINTÉ VERT HYUNDAI TUCSON 2 15-MO 0.40;GLACES LATERALES;Glace laterale;;product;true;true;CENTRE AUTO;115,04;115,04;115,04;;4159RGSR5FDW;false;1;GALLERIA;import;Rapprochement Odoo par default_code a effectuer.
4163AGRBLCMOV;PB VTBL HYUNDAI IONIQ   CAPT CAM 16-;PARE BRISE;Pare-brise;;product;true;true;VSF Centre;216;475,2;270;;;false;1;GALLERIA;import;Rapprochement Odoo par default_code a effectuer.
4163ASMH;JC PB HYUNDAI IONIQ  16-;JOINTS;Joint;;product;true;true;VSF Centre;36,46;80,22;45,58;;;false;1;GALLERIA;import;Rapprochement Odoo par default_code a effectuer.
4167AGNBLCIMOV;PB VTBL HYUNDAI KONA LHD CAPT CAM   17-;PARE BRISE;Pare-brise;;product;true;true;VSF Centre;193,3;425,27;241,63;;4167AGNBLCIMOV;false;1;R517;import;Rapprochement Odoo par default_code a effectuer.
4167AGSBLCIMO1Z;PB VTBL KONA LHD CAPT CAM 09/17-;PARE BRISE;Pare-brise;;product;true;true;VSF Centre;180;396;225;;4167AGSBLCIMO1Z;false;2;R618 | R427;import;Doublon source consolide : controler quantites, prix et emplacements.
4167AGSBLCIMO2Z;PB VTBL KONA LHD CAPT CAM 17-;PARE BRISE;Pare-brise;;product;true;true;VSF Centre;186,73;410,8;233,41;;4167AGSBLCIMO2Z;false;1;R502;import;Rapprochement Odoo par default_code a effectuer.
4167AGSBLCIMO3Z;PB VTBL KONA LHD CAPT CAM VAP 21-;PARE BRISE;Pare-brise;;product;true;true;VSF Centre;180,27;396,6;225,34;;4167AGSBLCIMO3Z;false;1;R605;import;Rapprochement Odoo par default_code a effectuer.
4167ASMR;JC PB HYUNDAI KONA    17-;jOINTS;Joint;;product;true;true;VSF Centre;25,6;56,32;32;;4167ASMR;false;4;J5B | J8D | J2G;import;Doublon source consolide : controler quantites, prix et emplacements.
4167RGNR5FDW1M;DESC AVD VT HYUNDAI KONA    17-;GLACES LATERALES;Glace laterale;;product;true;true;VSF Centre;56,8;124,96;71;;4167RGNR5FDW1M;false;1;R907;import;Rapprochement Odoo par default_code a effectuer.
4177RGNH5RV;DEFL ARD VT HYUNDAI I10  20-;GLACES LATERALES;Glace laterale;;product;true;true;VSF Centre;43,03;94,67;56,62;;;false;1;GALLERIA;import;Rapprochement Odoo par default_code a effectuer.
4178AGNV;PB VT HYUNDAI I20 LHD 5PTES / BAYON 20-;PARE BRISE;Pare-brise;;product;true;true;VSF Centre;159,01;349,82;198,76;;;false;1;GALLERIA;import;Rapprochement Odoo par default_code a effectuer.
4178BGNHI;LUN VT HYUNDAI I20 5PTES  20-;LUNETTES;Lunette;;product;true;true;VSF Centre;203,91;448,61;254,89;;4178BGNHI;false;1;R926;import;Rapprochement Odoo par default_code a effectuer.
4178RGNH5FDW;DESC AVD VT HYUNDAI I20 5P / BAYON  20-;GLACES LATERALES;Glace laterale;;product;true;true;VSF Centre;69,34;152,54;86,67;;4178RGNH5FDW;false;1;GALLERIA;import;Rapprochement Odoo par default_code a effectuer.
4179AGACIMOV;PB VT ACO TUCSON CAPT CAM HUM 21-;PARE BRISE;Pare-brise;;product;true;true;VSF Centre;140,25;308,55;184,54;;;false;1;R525;import;Rapprochement Odoo par default_code a effectuer.
4179AGRCIMOV;PB VT ACO ABS TUCSON CAPT CAM HUM 21-;PARE BRISE;Pare-brise;;product;true;true;VSF Centre;175,2;385,44;219;;;false;1;R630;import;Rapprochement Odoo par default_code a effectuer.
4179ASMRT;JC SUP PB HYUNDAI TUCSON  21-;JOINTS;Joint;;product;true;true;VSF Centre;8,91;19,61;11,73;;;false;2;J4A | J6C;import;Doublon source consolide : controler quantites, prix et emplacements.
4179RYPR5RQZ;CUST ARD PRIVACY HYUNDAI TUCSON 21-;GLACES LATERALES;Glace laterale;;product;true;true;VSF Centre;76,55;168,41;95,69;;;false;1;R908;import;Rapprochement Odoo par default_code a effectuer.
4340AGSCMVZ;PB VT JAGUAR F-PACE  CAPT  CAM 15-;PARE BRISE;Pare-brise;;product;true;true;VSF Centre;170,62;375,37;213,28;;4340AGSCMVZ;false;1;R518;import;Rapprochement Odoo par default_code a effectuer.
4340LGSR5FD1M;DESC AVG VT JAGUAR F-PACE  15-;GLACES LATERALES;Glace laterale;;product;true;true;VSF Centre;53,07;116,76;66,34;;4340LGSR5FD1M;false;1;R905;import;Rapprochement Odoo par default_code a effectuer.
4340RGSR5FD1M;DESC AVD VT JAGUAR F-PACE  15-;GLACES LATERALES;Glace laterale;;product;true;true;VSF Centre;53,07;116,76;66,34;;4340RGSR5FD1M;false;1;R907;import;Rapprochement Odoo par default_code a effectuer.
4402AGNBL;PARE-BRISE TEINTÉ VERT DÉGRADÉ BLEU KIA SPORTAGE 95-04MO 2.00;PARE BRISE;Pare-brise;;product;true;true;INVENTAIRE;186,03;409,27;186,03;;4402AGNBL;false;1;R135;import;Rapprochement Odoo par default_code a effectuer.
4418AGNBLV;PB VTBL KIA SORENTO 1             02-09;PARE BRISE;Pare-brise;;product;true;true;VSF Centre;103,2;227,04;129;;4418AGNBLV;false;12;R315 | R426 | R235 | R334 | R333 | R406 | R436 | R614 | R601 | R716 | R519 | R324;import;Doublon source consolide : controler quantites, prix et emplacements.
4418ASMR;JC PB KIA SORENTO 1                02-09;JOINTS;Joint;;product;true;true;VSF Centre;23,2;51,04;29;;4418ASMR;false;10;R315 | R426 | Centre | R334 | R333 | J004 | JT003 | R614 | R601 | J6B;import;Doublon source consolide : controler quantites, prix et emplacements.
4418RGNR5FDW;GLACE DESCENDANTE AVANT DROIT TEINTÉ VERT KIA SORENTO 1 02-09;GLACES LATERALES;Glace laterale;;product;true;true;AUTOS GM;176,26;176,26;176,26;;4418RGNR5FDW;false;1;Centre;import;Rapprochement Odoo par default_code a effectuer.
4418RGPR5RVZ;DÉFLECTEUR ARRIÈRE DROIT TEINTÉ VERT FONCE KIA SORENTO 1 02-09;GLACES LATERALES;Glace laterale;;product;true;true;AUTOS GM;48,36;48,36;48,36;;4418RGPR5RVZ;false;1;Centre;import;Rapprochement Odoo par default_code a effectuer.
4422AGN1P;PB VT KIA PICANTO NOUV EMB  09-11;PARE BRISE;Pare-brise;;product;true;true;VSF Centre;97,1;213,63;121,38;;4422AGN1P;false;3;R301 | R518 | R420;import;Doublon source consolide : controler quantites, prix et emplacements.
4422ASMH;JC PB KIA PICANTO                  04-11;JOINTS;Joint;;product;true;true;VSF Centre;12,24;26,93;15,3;;4422ASMH;false;4;R301 | R518 | J4D;import;Doublon source consolide : controler quantites, prix et emplacements.
4422BGNH1H;LUN VT KIA PICANTO                 04-11;LUNETTES;Lunette;;product;true;true;VSF Centre;108,44;238,57;135,55;;4422BGNH1H;false;2;Centre | R930;import;Doublon source consolide : controler quantites, prix et emplacements.
4422LGNH5RV;DEFL ARG VT KIA PICANTO     04-11;GLACES LATERALES;Glace laterale;;product;true;true;VSF Centre;31,09;68,39;38,86;;4422LGNH5RV;false;1;GENIPA;import;Rapprochement Odoo par default_code a effectuer.
4422RGNH5RV;DEFL.ARD VT KIA PICANTO        04-11;GLACES LATERALES;Glace laterale;;product;true;true;VSF Centre;25,6;56,32;32;;4422RGNH5RV;false;2;Centre;import;Doublon source consolide : controler quantites, prix et emplacements.
4423AGNBL;PB VTBL KIA K2500/K2700K2900 PU  00-;PARE BRISE;Pare-brise;;product;true;true;VSF Centre;113,42;249,53;141,78;;4423AGNBL;false;13;R605 | R532 | Génipa | R630 | CASSE | R607 | R730 | R311 | R722 | R612 | R208 | R631;import;Doublon source consolide : controler quantites, prix et emplacements.
4424AGNBL;PB VTBL KIA SPORTAGE II            05-10;PARE BRISE;Pare-brise;;product;true;true;VSF Centre;125,26;275,56;156,57;;4424AGNBL;false;1;R520;import;Rapprochement Odoo par default_code a effectuer.
4424AGNBLH;PB VTBL KIA SPORTAGE II CHAUFF     05-10;PARE BRISE;Pare-brise;;product;true;true;VSF Centre;159,73;351,4;199,66;;4424AGNBLH;false;2;R537 | R716;import;Doublon source consolide : controler quantites, prix et emplacements.
4424ASMR;JC PB KIA SPORTAGE II              04-10;JOINTS;Joint;;product;true;true;VSF Centre;20,18;44,39;25,22;;4424ASMR;false;2;R537 | J5D;import;Doublon source consolide : controler quantites, prix et emplacements.
4424LLGR5FDW;DESC AVG VT KIA SPORTAGE  05-10;GLACES LATERALES;Glace laterale;;product;true;true;VSF Centre;66,91;147,21;83,64;;4424LLGR5FDW;false;1;Centre;import;Rapprochement Odoo par default_code a effectuer.
4424LLGR5RDW;DESC ARG VT SPORTAGE 05-10;GLACES LATERALES;Glace laterale;;product;true;true;VSF Centre;47,47;104,44;59,34;;4424LLGR5RDW;false;1;Centre;import;Rapprochement Odoo par default_code a effectuer.
4424LYPR5RDW;DESC ARG PRIVACY SPORTAGE 05-10;GLACES LATERALES;Glace laterale;;product;true;true;VSF Centre;76,75;168,85;95,94;;4424LYPR5RDW;false;1;R905;import;Rapprochement Odoo par default_code a effectuer.
4429BYPM;LUN PRIVACY KIA CARNIVAL II       06-;LUNETTES;Lunette;;product;true;true;VSF Centre;482,35;1061,17;602,94;;4429BYPM;false;1;R927;import;Rapprochement Odoo par default_code a effectuer.
4430AGNBLHMV1P;PB VTBL CARENS 3 CHAUF CAPT 07-13;PARE BRISE;Pare-brise;;product;true;true;VSF Centre;158,89;349,55;198,61;;4430AGNBLHMV1P;false;1;R516;import;Rapprochement Odoo par default_code a effectuer.
4430ASMM;JC PB KIA CARENS 3                07-13;JOINTS;Joint;;product;true;true;VSF Centre;25,14;55,3;31,42;;4430ASMM;false;1;R516;import;Rapprochement Odoo par default_code a effectuer.
4430RGNM5FD;DESC AVD VT KIA CARENS 3  06-13;GLACES LATERALES;Glace laterale;;product;true;true;VSF Centre;62,07;136,56;77,59;;4430RGNM5FD;false;1;R222;import;Rapprochement Odoo par default_code a effectuer.
4431AGNMV1P;PB VT KIA CEE D  CAPT           07-12;PARE BRISE;Pare-brise;;product;true;true;VSF Centre;116,86;257,08;146,07;;4431AGNMV1P;false;3;Centre | R620 | R510;import;Doublon source consolide : controler quantites, prix et emplacements.
4431ASMH;JC PB KIA CEE D                    07-12;JOINTS;Joint;;product;true;true;VSF Centre;13,37;29,41;16,71;;4431ASMH;false;3;Centre | R620 | J6B;import;Doublon source consolide : controler quantites, prix et emplacements.
4431BGNHW1H;LUN VT KIA CEE D 3/5P TROU   07-12;LUNETTES;Lunette;;product;true;true;VSF Centre;115,6;254,32;144,5;;4431BGNHW1H;false;1;R612;import;Rapprochement Odoo par default_code a effectuer.
4433AGNMV1P;PB VT KIA PRO CEE D  CAPT    07-13;PARE BRISE;Pare-brise;;product;true;true;VSF Centre;97,1;213,63;121,38;;4433AGNMV1P;false;5;R434 | R403 | Centre | R604 | R525;import;Doublon source consolide : controler quantites, prix et emplacements.
4433ASMH;JC PB KIA PRO CEE D                07-13;JOINTS;Joint;;product;true;true;VSF Centre;16,24;35,73;20,3;;4433ASMH;false;6;R434 | R403 | Centre | R604 | R525 | J7A;import;Doublon source consolide : controler quantites, prix et emplacements.
4433BGNH1H;LUN VT KIA PRO CEE D 3P  TROU EG 07-10;LUNETTES;Lunette;;product;true;true;VSF Centre;125,31;275,69;156,64;;4433BGNH1H;false;1;R912;import;Rapprochement Odoo par default_code a effectuer.
4433LGNH3FD1M;GLACE DESCENDANTE AVANT GAUCHE TEINTÉ VERT KIA PRO CEE D 3 PORTES 10-13MO 0.40;GLACES LATERALES;Glace laterale;;product;true;true;AUTOS GM;93,28;93,28;93,28;;4433LGNH3FD1M;false;2;Centre;import;Doublon source consolide : controler quantites, prix et emplacements.
4434AGS;PB VT KIA SOUL I LHD               09-14;PARE BRISE;Pare-brise;;product;true;true;VSF Centre;93,17;204,97;116,46;;4434AGS;false;5;R226 | Centre | R408 | R704 | R409;import;Doublon source consolide : controler quantites, prix et emplacements.
4434AGSBL;PB VTBL KIA SOUL I LHD          09-14;PARE BRISE;Pare-brise;;product;true;true;VSF Centre;131,86;290,08;164,82;;4434AGSBL;false;2;R504 | R638;import;Doublon source consolide : controler quantites, prix et emplacements.
4434ASMHT;JC SUP.PB KIA SOUL I               09-14;JOINTS;Joint;;product;true;true;VSF Centre;5,57;12,25;6,96;;4434ASMHT;false;7;R226 | Centre | R408 | JT013 | R638 | J8E | J10E;import;Doublon source consolide : controler quantites, prix et emplacements.
4434BGSHB;LUN VT KIA SOUL I                  09-14;LUNETTES;Lunette;;product;true;true;VSF Centre;125,31;275,69;156,64;;;false;1;GALLERIA;import;Rapprochement Odoo par default_code a effectuer.
4434BYDHB;LUN PRIVACY KIA SOUL I       09-14;LUNETTES;Lunette;;product;true;true;VSF Centre;135,03;297,07;168,79;;4434BYDHB;false;1;R903;import;Rapprochement Odoo par default_code a effectuer.
4434RYDH5RD;GLACE DESCENDANTE ARRIÈRE DROIT PRIVACY KIA SOUL I 09-14;GLACES LATERALES;Glace laterale;;product;true;true;AUTOS GM;187,88;187,88;187,88;;4434RYDH5RD;false;1;Centre;import;Rapprochement Odoo par default_code a effectuer.
4435AGSMV1B;PB VT KIA VENGA  CAPT          09-18;PARE BRISE;Pare-brise;;product;true;true;VSF Centre;116,86;257,08;146,07;;4435AGSMV1B;false;2;CASSE | R526;import;Doublon source consolide : controler quantites, prix et emplacements.
4435AGSV;PB VT KIA VENGA                 09-18;PARE BRISE;Pare-brise;;product;true;true;VSF Centre;108,44;238,57;135,55;;4435AGSV;false;2;R318 | Centre;import;Doublon source consolide : controler quantites, prix et emplacements.
4435ASMML;JC PB GAUCHE KIA VENGA T TOLE 09-18;JOINTS;Joint;;product;true;true;VSF Centre;23,02;50,64;28,77;;4435ASMML;false;1;JT003;import;Rapprochement Odoo par default_code a effectuer.
4435ASMMR;JC PB DROIT KIA VENGA T TOLE 09-18;JOINTS;Joint;;product;true;true;VSF Centre;23,02;50,64;28,77;;4435ASMMR;false;1;JT006;import;Rapprochement Odoo par default_code a effectuer.
4435BGNM;LUN VT KIA VENGA           09-18;LUNETTES;Lunette;;product;true;true;VSF Centre;120,77;265,69;150,96;;4435BGNM;false;2;R921 | GALLERIA;import;Doublon source consolide : controler quantites, prix et emplacements.
4435LGNM5RD;DESC ARG VT KIA VENGA    09-18;GLACES LATERALES;Glace laterale;;product;true;true;VSF Centre;39,22;86,29;49,03;;4435LGNM5RD;false;1;GALLERIA;import;Rapprochement Odoo par default_code a effectuer.
4437AGSBLHMV1B;PB VTBL KIA SORENTO 2 CHAUF CAPT 10-12;PARE BRISE;Pare-brise;;product;true;true;VSF Centre;193,21;425,06;241,51;;4437AGSBLHMV1B;false;1;R505;import;Rapprochement Odoo par default_code a effectuer.
4437AGSHMV1B;PB VT KIA SORENTO LHD CHAUF/CAP 10-15;PARE BRISE;Pare-brise;;product;true;true;VSF Centre;228,68;503,1;285,85;;4437AGSHMV1B;false;1;R611;import;Rapprochement Odoo par default_code a effectuer.
4437ASMRT;JC SUP PB KIA SORENTO II       09-15;JOINTS;Joint;;product;true;true;VSF Centre;11,66;25,64;14,57;;4437ASMRT;false;1;J8B;import;Rapprochement Odoo par default_code a effectuer.
4437BGNRI1J;LUN VT KIA SORENTO 12-15;LUNETTES;Lunette;;product;true;true;VSF Centre;160;352;200;;4437BGNRI1J;false;1;R931;import;Rapprochement Odoo par default_code a effectuer.
4437BYPR;LUN.PRIVACY KIA SORENTO 10-12;LUNETTES;Lunette;;product;true;true;VSF Centre;167,2;367,84;209;;4437BYPR;false;1;Centre;import;Rapprochement Odoo par default_code a effectuer.
4438AGABLMV1B;PB VTBL ACO SPORTAGE III  CAPT  14-16;PARE BRISE;Pare-brise;;product;true;true;VSF Centre;121,58;267,48;151,98;;4438AGABLMV1B;false;15;Centre | R115 | R412 | R435 | R334 | R301 | R216 | R507 | R710 | R705 | R537 | R517 | R315 | R131 | R604;import;Doublon source consolide : controler quantites, prix et emplacements.
4438AGABLV;PB VTBL ACO KIA SPORTAGE III       14-16;PARE BRISE;Pare-brise;;product;true;true;Vsf Centre;115,13;253,28;143,91;;4438AGABLV;false;1;R133;import;Rapprochement Odoo par default_code a effectuer.
4438AGABLV1B;PB VTBL ACO KIA SPORTAGE III       14-16;PARE BRISE;Pare-brise;;product;true;true;VSF Centre;144,28;317,42;180,35;;4438AGABLV1B;false;1;R726;import;Rapprochement Odoo par default_code a effectuer.
4438AGNBLHMV;PB VTBL KIA SPORTAGE LHD CHAUF/CAP 10-16;PARE BRISE;Pare-brise;;product;true;true;VSF Centre;163,14;358,92;203,93;;4438AGNBLHMV;false;3;R622 | R702 | GENIPA;import;Doublon source consolide : controler quantites, prix et emplacements.
4438AGNBLMV1B;PB VTBL KIA SPORTAGE III  CAPT 10-16;PARE BRISE;Pare-brise;;product;true;true;VSF Centre;164,18;361,19;205,22;;;false;1;R532;import;Rapprochement Odoo par default_code a effectuer.
4438ASMR;JC PB KIA SPORTAGE 3           10-16;JOINTS;Joint;;product;true;true;VSF Centre;23,66;52,06;29,58;;4438ASMR;false;16;Centre | R115 | R334 | J007 | JT007 | R507 | J6B | JD5 | J10D | JT022 | J3B | GALLERIA | GENIPA | J9G | J6D;import;Doublon source consolide : controler quantites, prix et emplacements.
4438BGNRB;LUN.VT KIA SPORTAGE 10-;LUNETTES;Lunette;;product;true;true;VSF Centre;102,98;226,56;128,72;;4438BGNRB;false;4;R318 | Centre | R309;import;Doublon source consolide : controler quantites, prix et emplacements.
4438BGNRB1J;LUN VT KIA SPORTAGE SS BECQUET 10-16;LUNETTES;Lunette;;product;true;true;VSF Centre;116,86;257,08;146,07;;4438BGNRB1J;false;2;R924;import;Doublon source consolide : controler quantites, prix et emplacements.
4438BYPRB;LUNETTE PRIVACY KIA SPORTAGE 10-16;LUNETTES;Lunette;;product;true;true;AUTOS GM;246,84;246,84;246,84;;4438BYPRB;false;3;Centre | R934;import;Doublon source consolide : controler quantites, prix et emplacements.
4438LGNR5FD;DESC AVG VT KIA SPORTAGE 10-16;GLACES LATERALES;Glace laterale;;product;true;true;VSF Centre;71,06;156,34;88,83;;4438LGNR5FD;false;5;T003 | R904 | R915 | GALLERIA;import;Doublon source consolide : controler quantites, prix et emplacements.
4438RGNR5FD;GLACE DESCENDANTE AVANT DROIT TEINTÉ VERT KIA SPORTAGE 10-16;GLACES LATERALES;Glace laterale;;product;true;true;??;;;;;4438RGNR5FD;false;1;R915;import;Rapprochement Odoo par default_code a effectuer. PRIX RV absent : standard_price non calculable, phase de cout a exclure.
4438RGNR5FD1M;DESC.AVD VT KIA SPORTAGE 10-;GLACES LATERALES;Glace laterale;;product;true;true;VSF Centre;130,55;287,21;163,19;;4438RGNR5FD1M;false;3;R226 | Centre | R910;import;Doublon source consolide : controler quantites, prix et emplacements.
4438RGNR5RD;DESC ARD VT KIA SPORTAGE 10-16;GLACES LATERALES;Glace laterale;;product;true;true;VSF Centre;71,06;156,34;88,83;;4438RGNR5RD;false;1;R222;import;Rapprochement Odoo par default_code a effectuer.
4438RGNR5RV;DFL ARD KIA SPORTAGE;GLACES LATERALES;Glace laterale;;product;true;true;AUTOS GM;68,81;68,81;68,81;;4438RGNR5RV;false;2;Centre;import;Doublon source consolide : controler quantites, prix et emplacements.
4438RGPR5RD;DESC ARD VT FONC KIA SPORTAGE 10-16;GLACES LATERALES;Glace laterale;;product;true;true;VSF Centre;69,2;152,24;86,5;;4438RGPR5RD;false;1;GALLERIA;import;Rapprochement Odoo par default_code a effectuer.
4438RYPR5RD;DESC ARD PRIVACY KIA SPORTAGE 10-16;GLACES LATERALES;Glace laterale;;product;true;true;VSF Centre;81,46;179,2;101,82;;4438RYPR5RD;false;1;Centre;import;Rapprochement Odoo par default_code a effectuer.
4439AGN;PB VT KIA PICANTO 3/5P LHD 11-;PARE BRISE;Pare-brise;;product;true;true;VSF Centre;95,2;209,44;119;;4439AGN;false;16;R308 | R309 | R225 | Centre | R206 | R611 | R507 | R730 | R614 | R310 | R633 | R538 | R413 | R728;import;Doublon source consolide : controler quantites, prix et emplacements.
4439AGN-PERDU;PB VT KIA PICANTO 3/5P LHD 11-17;PARE BRISE;Pare-brise;;product;true;true;VSF Centre;100,04;220,09;125,05;;4439AGN-PERDU;false;1;PERDUE;import;Rapprochement Odoo par default_code a effectuer.
4439ASMH;JC KIA PICANTO 11-;JOINTS;Joint;;product;true;true;VSF Centre;23,21;51,06;29,01;;4439ASMH;false;14;R308 | Tringle | J009 | Centre | J8F | R206 | J8A | R507 | J10E | J10D | J2F | J6B;import;Doublon source consolide : controler quantites, prix et emplacements.
4439ASMH-PERDU;JC KIA PICANTO 11-17;JOINTS;Joint;;product;true;true;VSF Centre;24,38;53,64;30,48;;4439ASMH-PERDU;false;1;PERDUE;import;Rapprochement Odoo par default_code a effectuer.
4439BGNHI1H;LUNETTE TEINTÉ VERT KIA PICANTO 3 ET 5 PORTES 11-17;LUNETTES;Lunette;;product;true;true;AUTOS GM;256,11;256,11;256,11;;4439BGNHI1H;false;5;Centre | Dépôt 2 | R934 | R927;import;Doublon source consolide : controler quantites, prix et emplacements.
4439BYPHI1H;LUN PRIV KIA PICANTO 3/5P 11-17;LUNETTES;Lunette;;product;true;true;VSF Centre;127,54;280,6;159,43;;4439BYPHI1H;false;1;R933;import;Rapprochement Odoo par default_code a effectuer.
4439LGNH3FDW1M;DESC AVG KIA PICANTO 11-17;GLACES LATERALES;Glace laterale;;product;true;true;AUTOS GM;141,88;141,88;141,88;;4439LGNH3FDW1M;false;3;Centre | R906;import;Doublon source consolide : controler quantites, prix et emplacements.
4439LGNH5FDW1M;DESC AVG VT KIA PICANTO 5P 11-17;GLACES LATERALES;Glace laterale;;product;true;true;VSF Centre;60,53;133,16;75,66;;4439LGNH5FDW1M;false;4;Centre | T003 | R233 | R914;import;Doublon source consolide : controler quantites, prix et emplacements.
4439LGNH5RV;DEFL ARG VT KIA PICANTO 5P 11-17;GLACES LATERALES;Glace laterale;;product;true;true;VSF Centre;17,96;39,51;22,45;;4439LGNH5RV;false;1;T001;import;Rapprochement Odoo par default_code a effectuer.
4439RGNH3FDW1M;DESC AVD VT KIA PICANTO 3P 11-17;GLACES LATERALES;Glace laterale;;product;true;true;VSF Centre;53,07;116,76;66,34;;4439RGNH3FDW1M;false;1;R906;import;Rapprochement Odoo par default_code a effectuer.
4439RGNH5FDW1M;DESC AVD VT KIA PICANTO 5P 11-17;GLACES LATERALES;Glace laterale;;product;true;true;VSF Centre;69,95;153,89;87,44;;4439RGNH5FDW1M;false;1;R234;import;Rapprochement Odoo par default_code a effectuer.
4439RGNH5RV;DEFL ARD VT KIA PICANTO 5P 11-17;GLACES LATERALES;Glace laterale;;product;true;true;VSF Centre;16,26;35,76;20,32;;4439RGNH5RV;false;4;Centre | T001 | R904 | GALLERIA;import;Doublon source consolide : controler quantites, prix et emplacements.
4440AGNMV1B;PB VT KIA RIO III LHD CAPT      11-17;PARE BRISE;Pare-brise;;product;true;true;VSF Centre;116,03;255,27;145,04;;4440AGNMV1B;false;1;R530;import;Rapprochement Odoo par default_code a effectuer.
4440AGSBLMOV1B;PB VTBL KIA RIO III LHD CAPT HUMID 11-17;PARE BRISE;Pare-brise;;product;true;true;VSF Centre;179;393,8;223,75;;4440AGSBLMOV1B;false;1;R114;import;Rapprochement Odoo par default_code a effectuer.
4440ASMH;JC PB VT KIA RIO III 5P 11-17;JOINTS;Joint;;product;true;true;VSF Centre;40,77;89,69;50,96;;4440ASMH;false;1;JT014;import;Rapprochement Odoo par default_code a effectuer.
4440BGNHI;LUN VT KIA RIO III 5P AVEC TROU 11-17;LUNETTES;Lunette;;product;true;true;VSF Centre;100,04;220,09;125,05;;4440BGNHI;false;1;Posé;import;Rapprochement Odoo par default_code a effectuer.
4442AGNBLPV;PARE-BRISE TEINTÉ VERT DÉGRADÉ BLEU KIA CEE D CONDUITE À GAUCHE 12-15;PARE BRISE;Pare-brise;;product;true;true;AUTOS GM;337,04;337,04;337,04;;4442AGNBLPV;false;2;Centre | R623;import;Doublon source consolide : controler quantites, prix et emplacements.
4442AGNV;PB VT KIA CEE D LHD         12-;PARE BRISE;Pare-brise;;product;true;true;VSF Centre;86,83;191,03;108,54;;4442AGNV;false;1;R117;import;Rapprochement Odoo par default_code a effectuer.
4442ASMH;JC PB KIA CEED  12-;JOINTS;Joint;;product;true;true;VSF Centre;28,61;62,94;35,76;;4442ASMH;false;2;R414 | Centre;import;Doublon source consolide : controler quantites, prix et emplacements.
4442BGNHI;LUN VT KIA CEE D 5P          12-;LUNETTES;Lunette;;product;true;true;VSF Centre;142,07;312,56;177,59;;4442BGNHI;false;1;Centre;import;Rapprochement Odoo par default_code a effectuer.
4442BYPHI;LUNETTE PRIVACY KIA CEE D 5 PORTES HAYON 12-MO 1.50;LUNETTES;Lunette;;product;true;true;AUTOS GM;474,91;474,91;474,91;;4442BYPHI;false;1;Galléria;import;Rapprochement Odoo par default_code a effectuer.
4442LGNH5FQZ1D;CUSTODE AVANT GAUCHE TEINTÉ VERT CEE D 5 PORTES HAYON BREAK CHROME 12-;GLACES LATERALES;Glace laterale;;product;true;true;AUTOS GM;185,25;185,25;185,25;;4442LGNH5FQZ1D;false;1;Centre;import;Rapprochement Odoo par default_code a effectuer.
4442RGNH5RDW;DESC ARD VT KIA CEE D 5P 12-;GLACES LATERALES;Glace laterale;;product;true;true;VSF Centre;76,98;169,35;96,22;;;false;1;R908;import;Rapprochement Odoo par default_code a effectuer.
4443AGNBLMOV;PB VTBL KIA CARENS CAPT VAP 13-;PARE BRISE;Pare-brise;;product;true;true;VSF Centre;184,1;405,03;230,13;;4443AGNBLMOV;false;1;R505;import;Rapprochement Odoo par default_code a effectuer.
4443BYPMI;LUN PRIV KIA CARENS     13-;LUNETTES;Lunette;;product;true;true;VSF Centre;158,89;349,55;198,61;;4443BYPMI;false;1;D2;import;Rapprochement Odoo par default_code a effectuer.
4444AGNBLPV;PARE-BRISE TEINTÉ VERT DÉGRADÉ BLEU KIA PRO CEE D 3 PORTES CAPTEUR DE PLUIE;PARE BRISE;Pare-brise;;product;true;true;AUTO GM;432,11;432,11;432,11;;4444AGNBLPV;false;1;GALLERIA;import;Rapprochement Odoo par default_code a effectuer.
4444AGNBLPV1B;PB VTBL KIA PRO CEE D 3P  CAPT     15-18;PARE BRISE;Pare-brise;;product;true;true;VSF Centre;135,03;297,07;168,79;;4444AGNBLPV1B;false;1;R519;import;Rapprochement Odoo par default_code a effectuer.
4444ASMH;JC PB KIA PRO CEE D 3P             12-18;JOINTS;Joint;;product;true;true;VSF Centre;29,9;65,77;37,37;;4444ASMH;false;1;J4B;import;Rapprochement Odoo par default_code a effectuer.
4445AGSBLV;PARE-BRISE TEINTÉ VERT DÉGRADÉ BLEU KIA SOUL II CONDUITE À GAUCHE 14-2.2;PARE BRISE;Pare-brise;;product;true;true;AUTOS GM;416,1;416,1;416,1;;4445AGSBLV;false;3;Galléria | R708 | GALLERIA;import;Doublon source consolide : controler quantites, prix et emplacements.
4445ASMHL;ENJOLIVEUR PARE-BRISE GAUCHE KIA SOUL II      14-;JOINTS;Joint;;product;true;true;AUTOS GM;114,62;114,62;114,62;;4445ASMHL;false;1;Galléria;import;Rapprochement Odoo par default_code a effectuer.
4445ASMHR;ENJOLIVEUR PARE-BRISE DROIT KIA SOUL II      14-;JOINTS;Joint;;product;true;true;AUTOS GM;131,3;131,3;131,3;;4445ASMHR;false;1;Galléria;import;Rapprochement Odoo par default_code a effectuer.
4445ASMHT;JC SUP PB KIA SOUL II      14-19;JOINTS;Joint;;product;true;true;VSF Centre;10,03;22,07;12,54;;4445ASMHT;false;2;J7A | GALLERIA;import;Doublon source consolide : controler quantites, prix et emplacements.
4446AGRBLHMVW;PB VTBL KIA SORENTO CHAUF CAPT 15-20;PARE BRISE;Pare-brise;;product;true;true;VSF Centre;316,69;696,71;395,86;;4446AGRBLHMVW;false;3;R606 | CASSE | R211;import;Doublon source consolide : controler quantites, prix et emplacements.
4446ASMRT;JC SUP PB KIA SORENTO III 15-20;JOINTS;Joint;;product;true;true;VSF Centre;16,1;35,41;20,12;;4446ASMRT;false;2;J1A | J8F;import;Doublon source consolide : controler quantites, prix et emplacements. Variantes de casse/espacement fusionnees dans la source : 4446ASMRT, 4446asmrt.
4446BYPRI;LUN PRIVACY KIA SORENTO III 15-;LUNETTES;Lunette;;product;true;true;VSF Centre;195,36;429,79;244,2;;4446BYPRI;false;3;Centre | D2 | R934;import;Doublon source consolide : controler quantites, prix et emplacements.
4447AGABLIMOVW;PB VTBL AC SPORTAGE 4   CAPT  16-;PARE BRISE;Pare-brise;;product;true;true;VSF Centre;158,89;349,55;198,61;;4447AGABLIMOVW;false;7;R206 | R618 | R405 | R214 | R723 | R526 | GENIPA;import;Doublon source consolide : controler quantites, prix et emplacements.
4447AGABLVW;PB VTBL AC SPORTAGE 4   16-;PARE BRISE;Pare-brise;;product;true;true;VSF Centre;125,26;275,56;156,57;;4447AGABLVW;false;7;R617 | Centre | Galléria | R606 | R429 | R413 | R531;import;Doublon source consolide : controler quantites, prix et emplacements.
4447ASMR;JC SUP  PB KIA SPORTAGE 4      16-;JOINTS;Joint;;product;true;true;VSF Centre;21,11;46,45;26,39;;4447ASMR;false;9;Tringle | R617 | Centre | R618 | Galléria | JT022 | J1D | J7B | J2B;import;Doublon source consolide : controler quantites, prix et emplacements.
4447BGSRI;LUN VT KIA SPORTAGE 4  16-21;LUNETTES;Lunette;;product;true;true;VSF Centre;105,3;231,67;131,63;;4447BGSRI;false;1;R910;import;Rapprochement Odoo par default_code a effectuer.
4447LGSR5FDW1M;DESC AVG VT KIA  SPORTAGE 4  16-21;GLACES LATERALES;Glace laterale;;product;true;true;VSF Centre;73,03;160,67;91,29;;4447LGSR5FDW1M;false;3;R901 | R906 | R912;import;Doublon source consolide : controler quantites, prix et emplacements.
4447LGSR5RV;DEFL ARG VT KIA SPORTAGE 4  16-;GLACES LATERALES;Glace laterale;;product;true;true;VSF Centre;28,99;63,78;36,24;;4447LGSR5RV;false;1;Centre;import;Rapprochement Odoo par default_code a effectuer.
4447RGPR5RDW;DESC ARD VT FONCEE SPORTAGE 4  16-21;GLACES LATERALES;Glace laterale;;product;true;true;VSF Centre;65,1;143,23;81,38;;4447RGPR5RDW;false;1;R222;import;Rapprochement Odoo par default_code a effectuer.
4447RGPR5RV;DEFL ARD VT FONCEE SPORTAGE 4  16-21;GLACES LATERALES;Glace laterale;;product;true;true;VSF Centre;34,05;74,91;42,56;;4447RGPR5RV;false;1;T001;import;Rapprochement Odoo par default_code a effectuer.
4447RGSR5FDW1M;DESC AVD VT KIA  SPORTAGE 4  16-21;GLACES LATERALES;Glace laterale;;product;true;true;VSF Centre;73,03;160,67;91,29;;4447RGSR5FDW1M;false;1;T010;import;Rapprochement Odoo par default_code a effectuer.
4450AGRBLOV;PB VTBL AC KIA NIRO LHD HUMIDITE   16-22;PARE BRISE;Pare-brise;;product;true;true;VSF Centre;184,75;406,45;230,94;;4450AGRBLOV;false;2;R702 | R635;import;Doublon source consolide : controler quantites, prix et emplacements.
4450ASMR;JC PB KIA NIRO       16-22;JOINTS;Joint;;product;true;true;VSF Centre;20;44;25;;4450ASMR;false;2;J8D | J6D;import;Doublon source consolide : controler quantites, prix et emplacements.
4453AGNV;PB VT KIA RIO IV / STONIC      17-;PARE BRISE;Pare-brise;;product;true;true;VSF Centre;119,92;263,82;149,9;;4453AGNV;false;4;GALLERIA | R609 | R608 | R434;import;Doublon source consolide : controler quantites, prix et emplacements.
4453AGSBLV;PB VTBL KIA RIO IV / STONIC      17-;PARE BRISE;Pare-brise;;product;true;true;VSF Centre;122,86;270,28;153,57;;;false;1;GENIPA;import;Rapprochement Odoo par default_code a effectuer.
4453ASMH;JC PB KIA RIO IV/STONIC         17-;JOINTS;Joint;;product;true;true;VSF Centre;20,45;44,99;25,56;;4453ASMH;false;5;GALLERIA | J9A | J8B | GENIPA | J9F;import;Doublon source consolide : controler quantites, prix et emplacements.
4453LGNH5FDW1M;DESC AVG VT KIA RIO IV / STONIC   17-;GLACES LATERALES;Glace laterale;;product;true;true;VSF Centre;49,6;109,12;62;;4453LGNH5FDW1M;false;1;Centre;import;Rapprochement Odoo par default_code a effectuer.
4453LYPR5RV;DEFL ARG PRIV KIA STONIC    17-;GLACES LATERALES;Glace laterale;;product;true;true;VSF Centre;39,06;85,92;48,82;;;false;1;R903;import;Rapprochement Odoo par default_code a effectuer.
4453RGNH5FDW1M;DESC AVD VT KIA RIO IV / STONIC   17-;GLACES LATERALES;Glace laterale;;product;true;true;VSF Centre;53,07;116,76;66,34;;4453RGNH5FDW1M;false;2;T003 | R906;import;Doublon source consolide : controler quantites, prix et emplacements.
4453RGNR5RDW;DESC ARD VT KIA STONIC    17-;GLACES LATERALES;Glace laterale;;product;true;true;VSF Centre;48,38;106,44;60,48;;4453RGNR5RDW;false;1;T010;import;Rapprochement Odoo par default_code a effectuer.
4453RGNR5RV;DÉFLECTEUR ARRIÈRE DROIT TEINTÉ VERT KIA STONIC 17-MO 0,40;GLACES LATERALES;Glace laterale;;product;true;true;VSF Centre;36,16;79,55;45,2;;4453RGNR5RV;false;2;T306 | T011;import;Doublon source consolide : controler quantites, prix et emplacements.
4455AGN;PB VT KIA PICANTO 3   17-;PARE BRISE;Pare-brise;;product;true;true;VSF Centre;151,76;333,87;189,7;;4455AGN;false;12;R533 | R636 | GALLERIA | R602 | R604 | R637 | R726 | R703 | R514 | R411 | R510;import;Doublon source consolide : controler quantites, prix et emplacements.
4455ASMH;JC PB KIA PICANTO 3   17-;JOINTS;Joint;;product;true;true;VSF Centre;23,58;51,87;29,47;;4455ASMH;false;12;R533 | J10C | J9A | GALLERIA | J10B | J4B | J8D | J3G | J11F;import;Doublon source consolide : controler quantites, prix et emplacements.
4455BGNHI;LUN VT KIA PICANTO 3   17-;LUNETTES;Lunette;;product;true;true;VSF Centre;111,26;244,78;139,08;;4455BGNHI;false;13;Centre | R115 | R216 | R921 | R933 | R919 | R920 | R420 | R835;import;Doublon source consolide : controler quantites, prix et emplacements.
4455LGNH5FDW;DESC AVG VT KIA PICANTO 3   17-;GLACES LATERALES;Glace laterale;;product;true;true;VSF Centre;65,1;143,23;81,38;;4455LGNH5FDW;false;2;Centre | R910;import;Doublon source consolide : controler quantites, prix et emplacements.
4455LGNH5RDW;GLACE DESCENDANTE ARRIÈRE GAUCHE TEINTÉ VERT KIA PICANTO 3   17-MO 0.60;GLACES LATERALES;Glace laterale;;product;true;true;AUTO GM;165,06;165,06;165,06;;4455LGNH5RDW;false;3;GALLERIA | R910;import;Doublon source consolide : controler quantites, prix et emplacements.
4455LGNH5RV;DEFL ARG VT KIA PICANTO 3   17-;GLACES LATERALES;Glace laterale;;product;true;true;VSF Centre;38,47;84,64;48,09;;4455LGNH5RV;false;4;J006 | GENIPA | R911;import;Doublon source consolide : controler quantites, prix et emplacements.
4455LYPH5RV;DEFL ARG PRIVACY KIA PICANTO 3   17-;GLACES LATERALES;Glace laterale;;product;true;true;VSF Centre;32,85;72,27;41,06;;4455LYPH5RV;false;1;T005;import;Rapprochement Odoo par default_code a effectuer.
4455RGNH5FDW;DESC AVD VT KIA PICANTO 3   17-;GLACES LATERALES;Glace laterale;;product;true;true;VSF Centre;65,1;143,23;81,38;;4455RGNH5FDW;false;6;Centre | R909 | R914 | R908 | R904 | GALLERIA;import;Doublon source consolide : controler quantites, prix et emplacements.
4455RGNH5RDW;DESC ARD VT KIA PICANTO 3   17-;GLACES LATERALES;Glace laterale;;product;true;true;VSF Centre;75,24;165,53;94,05;;4455RGNH5RDW;false;1;R902;import;Rapprochement Odoo par default_code a effectuer.
4455RGNH5RV;DEFL ARD VT KIA PICANTO 3   17-;GLACES LATERALES;Glace laterale;;product;true;true;VSF Centre;31,57;69,45;39,46;;4455RGNH5RV;false;3;Centre | R233 | R911;import;Doublon source consolide : controler quantites, prix et emplacements.
4457AGNMOV;PB VT KIA CEED 5P/XCEED CAPT HUM 18-;PARE BRISE;Pare-brise;;product;true;true;VSF Centre;137,22;301,89;171,53;;4457AGNMOV;false;2;R424 | R637;import;Doublon source consolide : controler quantites, prix et emplacements.
4457AGNV;PB VT KIA CEED 5P /XCEED        18-;PARE BRISE;Pare-brise;;product;true;true;VSF Centre;112,87;248,32;141,09;;4457AGNV;false;1;Centre;import;Rapprochement Odoo par default_code a effectuer.
4457ASMHT;JC PB KIA CEED 5P /XCEED        18-;JOINTS;Joint;;product;true;true;VSF Centre;9,6;21,12;12;;4457ASMHT;false;1;J9A;import;Rapprochement Odoo par default_code a effectuer.
4457BYPHI;LUN PRIV KIA CEED 5P              18-;LUNETTES;Lunette;;product;true;true;VSF Centre;176,37;388,01;220,46;;;false;1;GALLERIA;import;Rapprochement Odoo par default_code a effectuer.
4457LGNH5FDW1M;DESC AVG VT KIA CEED/XCEED 5P   18-;GLACES LATERALES;Glace laterale;;product;true;true;VSF Centre;61;134,2;76,25;;;false;1;R912;import;Rapprochement Odoo par default_code a effectuer.
4625AGN;PB VT DAF 65/75/85-CF                93-;PARE BRISE;Pare-brise;;product;true;true;VSF Centre;101,42;223,12;126,77;;4625AGN;false;1;Centre;import;Rapprochement Odoo par default_code a effectuer.
4625ASML;JC PB DAF 65/75/85-CF                93-;JOINTS;Joint;;product;true;true;VSF Centre;53,83;118,43;67,29;;4625ASML;false;1;Centre;import;Rapprochement Odoo par default_code a effectuer.
4911AGN;PB VT MAN TG BAS/TGS/TGL/TGM   00-;PARE BRISE;Pare-brise;;product;true;true;VSF Centre;121,42;267,13;151,78;;4911AGN;false;1;R520;import;Rapprochement Odoo par default_code a effectuer.
4911AKMLT;KIT ENJO PB MAN TG BAS /TGS/TGL/TGM  00-;JOINTS;Joint;;product;true;true;VSF Centre;44;96,8;55;;4911AKMLT;false;1;J3E;import;Rapprochement Odoo par default_code a effectuer.
5127ABLBL;PARE-BRISE TEINTÉ BLEU DÉGRADÉ BLEU MAZDA B2000 / 2200 85-95MO 2,75;PARE BRISE;Pare-brise;;product;true;true;INVENTAIRE;167,25;367,95;167,25;;5127ABLBL;false;1;Casse;import;Rapprochement Odoo par default_code a effectuer.
5127ACL;PB CL MAZDA B2000 / 2200           85-95;PARE BRISE;Pare-brise;;product;true;true;VSF Centre;99,27;218,4;130,62;;;false;1;GENIPA;import;Rapprochement Odoo par default_code a effectuer.
51317240671;JONIT PARE BRISE BMW SERIE 1;JOINTS;Joint;;product;true;true;AAAM;51,05;51,05;63,81;;51317240671;false;1;GENIPA;import;Rapprochement Odoo par default_code a effectuer.
5142AGN;PB VT MAZDA 626 GE 5PTES 92-97;PARE BRISE;Pare-brise;;product;true;true;VSF Centre;97,28;214,02;121,6;;5142AGN;false;2;Centre | R103;import;Doublon source consolide : controler quantites, prix et emplacements.
5153AGN;PB VT MAZDA 626 GF 97-03;PARE BRISE;Pare-brise;;product;true;true;VSF Centre;108,59;238,9;135,74;;5153AGN;false;1;R224;import;Rapprochement Odoo par default_code a effectuer.
5153ASMH;JC PB MAZDA 626 GF 97-03;JOINTS;Joint;;product;true;true;VSF Centre;41,04;90,29;51,3;;5153ASMH;false;1;J6F;import;Rapprochement Odoo par default_code a effectuer.
5158AGN;PB VT MAZDA B2500/BT 50 PICK UP 98-12;PARE BRISE;Pare-brise;;product;true;true;VSF Centre;98,5;216,7;129,6;;5158AGN;false;14;R223 | R222 - R223 | R313 | R216 | R720 | R703 | R631 | R634 | R611 | R402 | R407 | R833;import;Doublon source consolide : controler quantites, prix et emplacements.
5158ASMPT;JC PB MAZDA B2500/BT50/FORD RANGER 99-12;JOINTS;Joint;;product;true;true;VSF Ouest;11,6;25,52;15,26;;5158ASMPT;false;11;R223 | Tringle | J5B | R720 | R703 | J4D;import;Doublon source consolide : controler quantites, prix et emplacements.
5158RGNP2FD;DESC AVD VT B2500/RANGER 2/4P  99-07;GLACES LATERALES;Glace laterale;;product;true;true;VSF Centre;26,93;59,24;33,66;;5158RGNP2FD;false;1;Centre;import;Rapprochement Odoo par default_code a effectuer.
5166BGNH;LUN VT MAZDA 3 5P                  03-06;LUNETTES;Lunette;;product;true;true;VSF Centre;80,72;177,58;100,9;;5166BGNH;false;2;Centre | R921;import;Doublon source consolide : controler quantites, prix et emplacements.
5166BGNH-PERDU;LUN VT MAZDA 3 5P                  03-06;LUNETTES;Lunette;;product;true;true;VSF Centre;80,72;177,58;100,9;;5166BGNH-PERDU;false;1;PERDUE;import;Rapprochement Odoo par default_code a effectuer.
5166RGNS4RD;DESC ARD VT MAZDA 3 4 PORTES       03-09;GLACES LATERALES;Glace laterale;;product;true;true;VSF Centre;37,15;81,73;46,44;;5166RGNS4RD;false;1;R914;import;Rapprochement Odoo par default_code a effectuer.
5168AGNM1B;PB VT MAZDA 5 + CAPT 05-10;PARE BRISE;Pare-brise;;product;true;true;VSF Centre;124;272,8;155;;5168AGNM1B;false;2;R221 | R415;import;Doublon source consolide : controler quantites, prix et emplacements.
5168ASMV;JC PB MAZDA 5 05-10;JOINTS;Joint;;product;true;true;VSF Centre;8,72;19,18;10,9;;5168ASMV;false;2;R221 | Dépôt 1;import;Doublon source consolide : controler quantites, prix et emplacements.
5168RGNV5FD;DESC AVD VT MAZDA 5        05-10;GLACES LATERALES;Glace laterale;;product;true;true;VSF Centre;25,3;55,65;31,62;;5168RGNV5FD;false;2;Centre | R234;import;Doublon source consolide : controler quantites, prix et emplacements.
51717240672;BAIE DE PB BMW SERIE 1;BAIE DE PARE BRISE;Autres;Baie de pare-brise;product;true;true;AAAM;121,69;121,69;152,11;;51717240672;false;1;GENIPA;import;Rapprochement Odoo par default_code a effectuer.
5172AGN;PB VT BT 50 PICK UP/RANGER 07-12;PARE BRISE;Pare-brise;;product;true;true;VSF Centre;75,24;165,53;99;;5172AGN;false;18;R116 | R332 | R222 | R316 | R130 | R104 | R530 | CASSE | R514 | R312 | R311 | R111 | R327 | R814 | R626 | R411;import;Doublon source consolide : controler quantites, prix et emplacements.
5172ASMPT;JC SUP PB BT 50 PICK UP/RANGER     07-12;JOINTS;Joint;;product;true;true;VSF Centre;13,7;30,13;17,12;;5172ASMPT;false;5;J10B | JT005 | JT019 | J11G;import;Doublon source consolide : controler quantites, prix et emplacements.
5172RYPP4RDW;DESC ARD PRIV BT 50/RANGER 4P  07-12;GLACES LATERALES;Glace laterale;;product;true;true;VSF Centre;34,3;75,45;42,87;;5172RYPP4RDW;false;2;Centre;import;Doublon source consolide : controler quantites, prix et emplacements.
5173AGNW;PB VT MAZDA 2                      07-13;PARE BRISE;Pare-brise;;product;true;true;VSF Centre;109,57;241,05;136,96;;5173AGNW;false;3;Dépôt 1 | R506 | R713;import;Doublon source consolide : controler quantites, prix et emplacements.
5173ASMH;JC PB MAZDA 2 *                    07-13;JOINTS;Joint;;product;true;true;VSF Centre;28,58;62,88;35,73;;5173ASMH;false;3;Dépôt 1 | J6E | R506;import;Doublon source consolide : controler quantites, prix et emplacements.
5173BYPH;LUN PRIVACY MAZDA 2               07-13;LUNETTES;Lunette;;product;true;true;VSF Centre;111,53;245,36;139,41;;5173BYPH;false;1;R903;import;Rapprochement Odoo par default_code a effectuer.
5173LGNH5FD;DESC.AVG VT MAZDA 2 5P. 07-13;GLACES LATERALES;Glace laterale;;product;true;true;VSF Centre;32,75;72,05;40,94;;5173LGNH5FD;false;2;Centre;import;Doublon source consolide : controler quantites, prix et emplacements.
5174AGNMW1B;PB VT MAZDA 6 LHD CAPT             07-12;PARE BRISE;Pare-brise;;product;true;true;VSF Centre;125,26;275,56;156,57;;5174AGNMW1B;false;1;R521;import;Rapprochement Odoo par default_code a effectuer.
5174ASMH;JC PB MAZDA 6                      07-12;JOINTS;Joint;;product;true;true;VSF Centre;11,77;25,89;14,71;;5174ASMH;false;2;R521 | J2B;import;Doublon source consolide : controler quantites, prix et emplacements.
5175AGNVW;PB VT MAZDA 3                 09-13;PARE BRISE;Pare-brise;;product;true;true;VSF Centre;107,22;235,88;134,02;;5175AGNVW;false;1;R620;import;Rapprochement Odoo par default_code a effectuer.
5175ASMH;JC PB MAZDA 3       09-13;JOINTS;Joint;;product;true;true;VSF Centre;29,71;65,37;37,14;;5175ASMH;false;1;J2E;import;Rapprochement Odoo par default_code a effectuer.
5175RGNH5FD;DESC AVD VT MAZDA 3     09-;GLACES LATERALES;Glace laterale;;product;true;true;VSF Centre;48,91;107,61;61,14;;;false;1;GENIPA;import;Rapprochement Odoo par default_code a effectuer.
5179AGACIMW3V;PB VT ACO MAZDA CX-5 CAPT LDW 12-17;PARE BRISE;Pare-brise;;product;true;true;VSF Centre;243,02;534,65;303,78;;5179AGACIMW3V;false;1;R721;import;Rapprochement Odoo par default_code a effectuer.
5179AGACIMW5V;PB VT ACO MAZDA CX-5 CAPT LDW 12-17;PARE BRISE;Pare-brise;;product;true;true;VSF Centre;162,38;357,24;202,98;;5179AGACIMW5V;false;10;Centre | R626 | R426 | R411 | R301 | R633 | R707 | R219;import;Doublon source consolide : controler quantites, prix et emplacements.
5179AGAMW1B;PB VT ACOUS MAZDA CX-5 CAPT    12-17;PARE BRISE;Pare-brise;;product;true;true;VSF Centre;147,12;323,66;183,9;;5179AGAMW1B;false;2;R638 | R625;import;Doublon source consolide : controler quantites, prix et emplacements.
5179BGSRA1B;LUN VT MAZDA CX-5    12-17;LUNETTES;Lunette;;product;true;true;VSF Centre;108,44;238,57;135,55;;5179BGSRA1B;false;1;D2;import;Rapprochement Odoo par default_code a effectuer.
5179BYPRA1B;LUN PRIVACY MAZDA CX-5    12-17;LUNETTES;Lunette;;product;true;true;VSF Centre;106,84;235,05;133,55;;5179BYPRA1B;false;3;Centre | D2 | R935;import;Doublon source consolide : controler quantites, prix et emplacements.
5179LGSR5FDW;DESC AVG VT MAZDA CX 5   12-17;GLACES LATERALES;Glace laterale;;product;true;true;VSF Centre;44,07;96,96;55,09;;5179LGSR5FDW;false;1;R911;import;Rapprochement Odoo par default_code a effectuer.
5179RYPR5RV;DFL  ARD PRIVACY MAZDA CX 5 12-17;GLACES LATERALES;Glace laterale;;product;true;true;CENTRE AUTO;93,69;93,69;93,69;;5179RYPR5RV;false;1;Centre;import;Rapprochement Odoo par default_code a effectuer.
5181AGACMVW95;PB VT ACO MAZDA 3 LHD  CAPT  CAM  16-;PARE BRISE;Pare-brise;;product;true;true;VSF Centre;205,5;452,09;256,87;;5181AGACMVW95;false;1;R628;import;Rapprochement Odoo par default_code a effectuer.
5181AGAMVW;PB VT ACO MAZDA 3   CAPT         13-16;PARE BRISE;Pare-brise;;product;true;true;VSF Centre;154,46;339,82;193,08;;5181AGAMVW;false;1;R538;import;Rapprochement Odoo par default_code a effectuer.
5181AGAVW;PB VT ACO MAZDA 3            13-;PARE BRISE;Pare-brise;;product;true;true;VSF Centre;125,26;275,56;156,57;;5181AGAVW;false;1;R509;import;Rapprochement Odoo par default_code a effectuer.
5181BGSHAZ;LUN VT MAZDA 3 5P ANT              13-;LUNETTES;Lunette;;product;true;true;VSF Centre;112,05;246,51;140,06;;5181BGSHAZ;false;1;R230;import;Rapprochement Odoo par default_code a effectuer.
5181LGSH5FDW;DESC AVG VT MAZDA 3 5P        13-;GLACES LATERALES;Glace laterale;;product;true;true;VSF Centre;48;105,6;60;;5181LGSH5FDW;false;1;R222;import;Rapprochement Odoo par default_code a effectuer.
5181RGSH5RV;DEFL ARD VT MAZDA 3 5P      13-;GLACES LATERALES;Glace laterale;;product;true;true;VSF Centre;18,22;40,09;22,78;;5181RGSH5RV;false;2;Centre;import;Doublon source consolide : controler quantites, prix et emplacements.
5183AGACMVW1L;PB VT AC MAZDA 2 LHD  CAPT LDW  15-;PARE BRISE;Pare-brise;;product;true;true;VSF Centre;209,49;460,87;261,86;;5183AGACMVW1L;false;1;R415;import;Rapprochement Odoo par default_code a effectuer.
5183AGACMVW97;PB VT AC MAZDA 2 LHD  CAPT CAM  15-;PARE BRISE;Pare-brise;;product;true;true;VSF Centre;221,59;487,5;276,99;;5183AGACMVW97;false;2;R704 | GENIPA;import;Doublon source consolide : controler quantites, prix et emplacements.
5183LGSH5FDW;DESC AVG VT MAZDA 2         15-;GLACES LATERALES;Glace laterale;;product;true;true;VSF Centre;55,79;122,74;69,74;;;false;1;GALLERIA;import;Rapprochement Odoo par default_code a effectuer.
5184AGACMVW1L;PB VT AC MAZDA CX 3 LHD CAPT CAM 15-21;PARE BRISE;Pare-brise;;product;true;true;VSF Centre;203,04;446,69;253,8;;;false;1;R537;import;Rapprochement Odoo par default_code a effectuer.
5184AGACMVW2L;PB VT AC MAZDA CX 3 LHD  CAPT LDW  16-;PARE BRISE;Pare-brise;;product;true;true;VSF Centre;168,78;371,32;210,98;;5184AGACMVW2L;false;6;R727 | R609 | CASSE | R420 | GENIPA | GALLERIA;import;Doublon source consolide : controler quantites, prix et emplacements.
5184AGACMVW3L;PB VT AC MAZDA CX 3 LHD  CAPT LDW  16-;PARE BRISE;Pare-brise;;product;true;true;VSF Centre;168,78;371,32;210,98;;5184AGACMVW3L;false;1;R301;import;Rapprochement Odoo par default_code a effectuer.
5184BYPRA;LUN PRIVACY MAZDA CX 3 ANT  15-21;LUNETTES;Lunette;;product;true;true;VSF Centre;97,71;214,97;128,57;;;false;2;R930 | R424;import;Doublon source consolide : controler quantites, prix et emplacements.
5184LGSR5FDW;DESC AVG VT MAZDA CX 3   15-21;GLACES LATERALES;Glace laterale;;product;true;true;VSF Centre;34,26;75,36;42,82;;5184LGSR5FDW;false;1;R229;import;Rapprochement Odoo par default_code a effectuer.
5187AGACMVZ1L;PB VT AC MAZDA CX-5 CAPT CAM  17-;PARE BRISE;Pare-brise;;product;true;true;VSF Centre;157,14;345,72;196,43;;;false;1;R529;import;Rapprochement Odoo par default_code a effectuer.
5187AGAMVZ;PB VT AC MAZDA CX-5  CAPT          17-;PARE BRISE;Pare-brise;;product;true;true;VSF Centre;158,75;349,25;198,44;;5187AGAMVZ;false;2;R512 | R631;import;Doublon source consolide : controler quantites, prix et emplacements.
5187BYPRA;LUN PRIV MAZDA CX-5  ANTENNE  17-;LUNETTES;Lunette;;product;true;true;VSF Centre;73,34;161,36;91,68;;5187BYPRA;false;3;D2 | R927 | GENIPA;import;Doublon source consolide : controler quantites, prix et emplacements.
5187RGAR5FDKW;DESC AVD VT FEUILL ACO MAZDA CX-5   17-;GLACES LATERALES;Glace laterale;;product;true;true;VSF Centre;69,53;152,96;86,91;;5187RGAR5FDKW;false;1;R912;import;Rapprochement Odoo par default_code a effectuer.
52174843;FEU ANTIBROULLARD AVG FIAT PANDA;PHARES;Autres;Optique;product;true;true;CENTRE AUTO;118,94;118,94;118,94;;52174843;false;1;GENIPA;import;Rapprochement Odoo par default_code a effectuer.
52185922 (CODE CONSTRUCTEUR);FEU INT ARD FIAT TIPO II PHASE 1 - 5P 2016-06-> 1.3JTD 95 FAP;FEU;Autres;Optique;product;true;false;CENTRE AUTO;102,78;102,78;102,78;;52185922 (CODE CONSTRUCTEUR);false;1;GALLERIA;exclusion_format_eurocode;Rapprochement Odoo par default_code a effectuer. EXCLUE DE L'IMPORT (decision RPBM du 2026-08-05, D3) : format d'eurocode suspect (annotation, code constructeur, texte libre). Sans x_studio_eurocode valide, la fiche serait invisible au widget rpbm_agent et non synchronisable. A reprendre a la main dans le fichier Excel si la reference doit exister.
52193555;PHARE AVG;OPTIQUE;Autres;Optique;product;true;true;CENTRE AUTO;267,94;267,94;267,94;;52193555;false;1;GENIPA;import;Rapprochement Odoo par default_code a effectuer.
52214462;OPTIQUE PHARE GAUCHE FIAT TIPO II PHASE 1 - 5P 2016-06-> 1.3JTD 95 FAP;AUTRES;Autres;;product;true;true;CENTRE AUTO;436,73;436,73;436,73;;52214462;false;1;GALLERIA;import;Rapprochement Odoo par default_code a effectuer.
5326AGNGN;PB VTVT MERCEDES W201              83-84;PARE BRISE;Pare-brise;;product;true;true;VSF Centre;134,93;296,84;168,66;;;false;1;R708;import;Rapprochement Odoo par default_code a effectuer.
5328AGN;PB VT MERCEDES W124 BNE/BK     85-95;PARE BRISE;Pare-brise;;product;true;true;VSF Centre;128,56;282,83;160,7;;5328AGN;false;1;R328;import;Rapprochement Odoo par default_code a effectuer.
5328BGNS;LUN.VT MERCEDES W124 BNE  85-95;LUNETTES;Lunette;;product;true;true;VSF Centre;109,55;241,01;136,94;;5328BGNS;false;1;R231;import;Rapprochement Odoo par default_code a effectuer.
5328BGNSK;LUN.VT FEUIL.MERCEDES W124 BNE  85-95;LUNETTES;Lunette;;product;true;true;VSF Centre;239,7;527,33;299,62;;5328BGNSK;false;1;Centre;import;Rapprochement Odoo par default_code a effectuer.
5329RGNS4RV;DEFL ARD VT MERCEDES W201 85-93;GLACES LATERALES;Glace laterale;;product;true;true;VSF Centre;9,4;20,68;11,75;5326RGNS4RV - DEFL ARD VT MERCEDES W201   83-93;5329RGNS4RV;false;1;T001;import;Rapprochement Odoo par default_code a effectuer.
5334BGNSA;LUN VT MERCEDES W202 BNE  ANT  93-00;LUNETTES;Lunette;;product;true;true;VSF Centre;98,05;215,71;122,56;;5334BGNSA;false;1;R932;import;Rapprochement Odoo par default_code a effectuer.
5337AGNGYMV;PB VTGR MB W210  CAPT    95-03;PARE BRISE;Pare-brise;;product;true;true;VSF Centre;126,94;279,26;158,67;;5337AGNGYMV;false;2;R312 | R118;import;Doublon source consolide : controler quantites, prix et emplacements.
5337ASMST;JC SUP PB MERCEDES W210            95-03;JOINTS;Joint;;product;true;true;VSF Centre;15,9;34,97;19,87;;5337ASMST;false;1;R312;import;Rapprochement Odoo par default_code a effectuer.
5339AGNV;PB VT MERCEDES SLK W170            96-05;PARE BRISE;Pare-brise;;product;true;true;VSF Centre;100,66;221,44;125,82;;5339AGNV;false;1;R721;import;Rapprochement Odoo par default_code a effectuer.
5339ASMTT;JC PB MERCEDES SLK W170     96-05;JOINTS;Joint;;product;true;true;VSF Centre;10,09;22,19;12,61;;5339ASMTT;false;1;R721;import;Rapprochement Odoo par default_code a effectuer.
5341AGNGYV;PARE-BRISE VTGR MERCEDES CLK W208 COUPÉ 97-02MO 3.50;PARE BRISE;Pare-brise;;product;true;true;INVENTAIRE;142,21;312,86;142,21;A2086710210;5341AGNGYV;false;1;R327;import;Rapprochement Odoo par default_code a effectuer.
5341AGNGYV1P;PARE-BRISE VTGR CLK W208 CABRIOLET 97-02MO 3.50;PARE BRISE;Pare-brise;;product;true;true;INVENTAIRE;146,68;322,7;146,68;;5341AGNGYV1P;false;1;R301;import;Rapprochement Odoo par default_code a effectuer.
5342BGNHAB;LUN VT MERCEDES CLASSE A        97-04;LUNETTES;Lunette;;product;true;true;VSF Centre;92;202,4;115;;;false;1;GENIPA;import;Rapprochement Odoo par default_code a effectuer.
5343AGSGYMVZ1C;PB VTGR MB W163 CLASSE M+CAPT 98-05;PARE BRISE;Pare-brise;;product;true;true;VSF Centre;159,2;350,24;199;;5343AGSGYMVZ1C;false;1;R132;import;Rapprochement Odoo par default_code a effectuer.
5343BYPRAB;LUN PRIVACY MERCEDES CLASSE M 98-05;LUNETTES;Lunette;;product;true;true;VSF Centre;113,02;248,64;141,27;;5343BYPRAB;false;1;R113;import;Rapprochement Odoo par default_code a effectuer.
5344ACCGYHMVW1T;PB ATHGR W220 SIE S BNE CHAUF CAPT 98-02;PARE BRISE;Pare-brise;;product;true;true;VSF Centre;273,84;602,45;342,3;;5344ACCGYHMVW1T;false;1;R735;import;Rapprochement Odoo par default_code a effectuer.
5344AGNGYHMVW1T;PB VTGR W220 SIE S BNE CHAUF CAPT  98-02;PARE BRISE;Pare-brise;;product;true;true;VSF Centre;230,5;507,11;288,13;;5344AGNGYHMVW1T;false;1;R733;import;Rapprochement Odoo par default_code a effectuer.
5347ACCMVW1K;PB ATH MB W211 CLASSE E   CAP 01-09;PARE BRISE;Pare-brise;;product;true;true;VSF Centre;137,9;303,39;172,38;;5347ACCMVW1K;false;2;R115 | R302;import;Doublon source consolide : controler quantites, prix et emplacements.
5347AKCSB;AGRAFES PB CACHE MOT W211   02-09;JOINTS;Joint;;product;true;true;VSF Centre;1,62;3,57;2,03;;5347AKCSB;false;1;Centre;import;Rapprochement Odoo par default_code a effectuer.
5347BGSSAGJPZ;LUN VT MERCEDES W211 BNE  ANT  01-09;LUNETTES;Lunette;;product;true;true;VSF Centre;217,73;479;272,16;;5347BGSSAGJPZ;false;1;Centre;import;Rapprochement Odoo par default_code a effectuer.
5351AGSGYMVW;PB VTGY W203 +CAP.PL/LUM. BNE/BK 00-03;PARE BRISE;Pare-brise;;product;true;true;VSF Centre;113,54;249,79;149,4;;5351AGSGYMVW;false;4;R220 | Centre | R606;import;Doublon source consolide : controler quantites, prix et emplacements.
5351AGSMVW6T;PB VT MB W203 CLASSE C CAP LUMIERE 03-07;PARE BRISE;Pare-brise;;product;true;true;VSF Centre;106,12;233,46;132,65;;5351AGSMVW6T;false;1;R514;import;Rapprochement Odoo par default_code a effectuer.
5351ASMSB;PB VT RENAULT KANGOO 98-07;JOINTS;Joint;;product;true;true;VSF Ouest;2,66;5,85;3,5;;5351ASMSB;false;2;J6G;import;Doublon source consolide : controler quantites, prix et emplacements.
5351ASMST;JC SUP.PB MERCEDES W203            00-07;JOINTS;Joint;;product;true;true;VSF Ouest;2,96;6,51;3,9;;5351ASMST;false;5;R220 | Centre | J1C | J8E;import;Doublon source consolide : controler quantites, prix et emplacements.
5351BGSSAGJPX;LUN VT MERCEDES W203 BNE ANT  00-07;LUNETTES;Lunette;;product;true;true;VSF Centre;130,48;287,06;163,1;;5351BGSSAGJPX;false;1;Centre;import;Rapprochement Odoo par default_code a effectuer.
5351RGSS4FD;DESC AVD VT W203 BNE/BK            00-07;GLACES LATERALES;Glace laterale;;product;true;true;VSF Centre;37,78;83,11;47,22;;5351RGSS4FD;false;1;R915;import;Rapprochement Odoo par default_code a effectuer.
5351RGSS4RD;DESC ARD VT W203 BNE            00-07;GLACES LATERALES;Glace laterale;;product;true;true;VSF Centre;23,07;50,76;30,36;;;false;1;R903;import;Rapprochement Odoo par default_code a effectuer.
5352AGSGYMVW6T;PB VTGR W203 SPORT CPE+CAPT P/L.03-11;PARE BRISE;Pare-brise;;product;true;true;VSF Centre;103,2;227,04;129;;5352AGSGYMVW6T;false;2;R407 | R302;import;Doublon source consolide : controler quantites, prix et emplacements.
5352AGSMVW6T;PB VT W203 SPORT CPE CAPT P/L 03-11;PARE BRISE;Pare-brise;;product;true;true;VSF Centre;102;224,4;127,5;;5352AGSMVW6T;false;1;Centre;import;Rapprochement Odoo par default_code a effectuer.
5352ASMCT;JC SUP PB W203 C SPORT COUPE   01-11;JOINTS;Joint;;product;true;true;VSF Centre;4;8,8;5;;5352ASMCT;false;3;R407 | J7G | R302;import;Doublon source consolide : controler quantites, prix et emplacements.
5352BGSCAGPW;LUN.VT MB W203 COUPE +ANT/GPS 01-11;LUNETTES;Lunette;;product;true;true;VSF Centre;130,4;286,88;163;;5352BGSCAGPW;false;1;Centre;import;Rapprochement Odoo par default_code a effectuer.
5352LGSC2FD1H;DESC AVG VT W203 SPORTCOUPE  00-11;GLACES LATERALES;Glace laterale;;product;true;true;VSF Centre;33,96;74,71;42,45;;5352LGSC2FD1H;false;1;???;import;Rapprochement Odoo par default_code a effectuer.
5352RGSC2FD1H;DESC AVD VT W203 SPORTCOUPE  00-11;GLACES LATERALES;Glace laterale;;product;true;true;VSF Centre;44,92;98,82;56,15;;5352RGSC2FD1H;false;1;Posé;import;Rapprochement Odoo par default_code a effectuer.
5353AGSGYMVW;PB VTGY MERCEDES W209 CLK +CAPT 02-09;PARE BRISE;Pare-brise;;product;true;true;VSF Centre;116;255,2;145;;5353AGSGYMVW;false;1;R428;import;Rapprochement Odoo par default_code a effectuer.
5353LBSC2RQOW;CUST ARG BL OUV W209 CLK CPE 02-09;GLACES LATERALES;Glace laterale;;product;true;true;Concess FR;404,71;890,36;404,71;;5353LBSC2RQOW;false;1;Centre;import;Rapprochement Odoo par default_code a effectuer.
5356LGST2FD;DESC AVG VT MB SLK W171  04-11;GLACES LATERALES;Glace laterale;;product;true;true;VSF Centre;62,07;136,56;77,59;;5356LGST2FD;false;4;CASSE | R905 | R912 | GALLERiA;import;Doublon source consolide : controler quantites, prix et emplacements.
5358AGSBLMV1B;PB VTBL CLASSE A/B W169/245+CAPT 04-12;PARE BRISE;Pare-brise;;product;true;true;VSF Centre;95,2;209,44;119;;5358AGSBLMV1B;false;1;R331;import;Rapprochement Odoo par default_code a effectuer.
5358AGSMV1B;"PB VT CLASSE A/B W169/245+CAPT 04-12
PB VTBL CLASSE A/B W169/245+CAPT 04-12";PARE BRISE;Pare-brise;;product;true;true;VSF Centre;95,2;209,44;119;;5358AGSMV1B;false;7;R331 | R529 | R501 | R601 | GALLERIA | R704;import;Doublon source consolide : controler quantites, prix et emplacements.
5358AGSV;PB VT MB CLASSE A/B  - W169/245   04-12;PARE BRISE;Pare-brise;;product;true;true;VSF Centre;81,6;179,52;102;;5358AGSV;false;1;R312;import;Rapprochement Odoo par default_code a effectuer.
5358AKCHD1F;KIT AGR.PB CLASSE A/B W169   04-12;JOINTS;Joint;;product;true;true;VSF Centre;2,9;6,39;3,63;;5358AKCHD1F;false;6;R331 | Centre | JT018 | D2 (Joints) | R501 | J10E;import;Doublon source consolide : controler quantites, prix et emplacements.
5358AKCHS;CLIPS LAT. KIT PB CLASSE A/B W169  04-12;JOINTS;Joint;;product;true;true;VSF Centre;7,44;16,37;9,3;;5358AKCHS;false;4;R331 | JT018;import;Doublon source consolide : controler quantites, prix et emplacements.
5358BGSHB;LUN VT MB CLASSE A W169  STOP 04-12;LUNETTES;Lunette;;product;true;true;VSF Centre;100;220;125;;5358BGSHB;false;1;R930;import;Rapprochement Odoo par default_code a effectuer.
5358BGSHBGX;LUN.VT CLASSE A W169+GPS+STOP 04-12;LUNETTES;Lunette;;product;true;true;VSF Centre;127,2;279,84;159;;5358BGSHBGX;false;1;R121;import;Rapprochement Odoo par default_code a effectuer.
5358RGSV5RD;DESC.ARD VT MB CLASS B W245 5P.04-11;GLACES LATERALES;Glace laterale;;product;true;true;VSF Centre;28,56;62,83;35,7;;5358RGSV5RD;false;1;Centre;import;Rapprochement Odoo par default_code a effectuer.
5361AGSMVZ;PB VT MERCEDES ML W164  CAPT 05-12;PARE BRISE;Pare-brise;;product;true;true;VSF Centre;158,4;348,48;198;;5361AGSMVZ;false;2;R702 | R411;import;Doublon source consolide : controler quantites, prix et emplacements.
5361BYPRA;LUN PRIV MERCEDES ML W164 ANT   05-12;LUNETTES;Lunette;;product;true;true;VSF Centre;158,89;349,55;198,61;;5361BYPRA;false;1;R915;import;Rapprochement Odoo par default_code a effectuer.
5361LGSR5RD;DESC ARG VT MERCEDES W164     05-12;GLACES LATERALES;Glace laterale;;product;true;true;VSF Centre;33,16;72,95;41,45;;5361LGSR5RD;false;1;Centre;import;Rapprochement Odoo par default_code a effectuer.
5361RGSR5FD;DESC AVD VT MERCEDES W164     05-12;GLACES LATERALES;Glace laterale;;product;true;true;VSF Centre;53,57;117,85;66,96;;5361RGSR5FD;false;1;R910;import;Rapprochement Odoo par default_code a effectuer.
5364AGSMVZ1K;PB VT W204 CLAS C CAPT BNE/BK 10-13;PARE BRISE;Pare-brise;;product;true;true;VSF Centre;108,6;238,92;135,75;;5364AGSMVZ1K;false;1;R526;import;Rapprochement Odoo par default_code a effectuer.
5364ASMST;JC SUP MB CLASSE C W204 BNE/BK 07-13;JOINTS;Joint;;product;true;true;VSF Centre;4,5;9,91;5,63;;5364ASMST;false;1;J5C;import;Rapprochement Odoo par default_code a effectuer.
5368AGSV;PB VT MCC SMART FORTWO II     07-14;PARE BRISE;Pare-brise;;product;true;true;VSF Centre;68;149,6;85;;5368AGSV;false;1;R412;import;Rapprochement Odoo par default_code a effectuer.
5369BGNRAB;LUN VT MB W204 GLK ANT STOP    07-15;LUNETTES;Lunette;;product;true;true;VSF Centre;126,1;277,43;157,63;;5369BGNRAB;false;1;R934;import;Rapprochement Odoo par default_code a effectuer.
5369RGNR5FD;DESC AVD VT MB W204 GLK   08-15;GLACES LATERALES;Glace laterale;;product;true;true;VSF Centre;35,09;77,19;43,86;;5369RGNR5FD;false;1;T003;import;Rapprochement Odoo par default_code a effectuer.
5370AGACMVW1K;PB VT AC CLAS E W207 CPE CAP LDW 09-13;PARE BRISE;Pare-brise;;product;true;true;VSF Centre;154,22;339,29;192,78;;5370AGACMVW1K;false;1;Centre;import;Rapprochement Odoo par default_code a effectuer.
5370AGACMVZ1B;PB VT AC MB W207 CPE  CAM CAPT 09-13;PARE BRISE;Pare-brise;;product;true;true;VSF Centre;189,53;416,96;236,91;;5370AGACMVZ1B;false;1;GALLERIA;import;Rapprochement Odoo par default_code a effectuer.
5370AGAMVW1K;PB VT AC.W207 CLAS.E CPE +CAPT.09-;PARE BRISE;Pare-brise;;product;true;true;VSF Centre;126,85;279,07;158,56;;5370AGAMVW1K;false;4;R427 | R112 | R628 | R508;import;Doublon source consolide : controler quantites, prix et emplacements.
5370BGNCAW;LUN VT MB W207 COUPE  ANT 09-;LUNETTES;Lunette;;product;true;true;VSF Centre;146,06;321,34;182,58;;5370BGNCAW;false;1;Centre;import;Rapprochement Odoo par default_code a effectuer.
5374AGAAMVZ;PB VT AC W207 CABR  ANT  CAPT 09-;PARE BRISE;Pare-brise;;product;true;true;VSF Centre;132,52;291,54;165,65;;5374AGAAMVZ;false;1;R215;import;Rapprochement Odoo par default_code a effectuer.
5376AGAAMVW;PB VT AC W204 COUPE ANT CAP   11-15;PARE BRISE;Pare-brise;;product;true;true;VSF Centre;241,9;532,19;302,38;;5376AGAAMVW;false;1;R538;import;Rapprochement Odoo par default_code a effectuer.
5377AGAMVW;PB VT ACO CLASSE B W246 CAPT 11-15;PARE BRISE;Pare-brise;;product;true;true;VSF Centre;119,92;263,82;149,9;;5377AGAMVW;false;1;R635;import;Rapprochement Odoo par default_code a effectuer.
5377BGSHAJQ2F;LUN VT MB B W246  ANT TV ALAR DIST 11-18;LUNETTES;Lunette;;product;true;true;VSF Centre;154,46;339,82;193,08;;5377BGSHAJQ2F;false;1;R927;import;Rapprochement Odoo par default_code a effectuer.
5377LYPH5RD;GLACE DESCENDANTE ARRIÈRE GAUCHE PRIVACY CLASSE B W246 11-18;GLACES LATERALES;Glace laterale;;product;true;true;SOCAUMAR;111,16;111,16;111,16;;5377LYPH5RD;false;1;Centre;import;Rapprochement Odoo par default_code a effectuer.
5381AGAACMVW1T;PB VT MB A/CLA/GLA W176 CAPT ANT LDW 15-;PARE BRISE;Pare-brise;;product;true;true;VSF Centre;98,56;216,83;123,2;;5381AGAACMVW1T;false;1;Centre;import;Rapprochement Odoo par default_code a effectuer.
5381AGACMVW1B;PB VT ACO CLAS A /CLA/GLA CAPT LDW 12-15;PARE BRISE;Pare-brise;;product;true;true;VSF Centre;139,98;307,95;174,97;;5381AGACMVW1B;false;6;R321 | CASSE | R513 | R429 | R536 | R622;import;Doublon source consolide : controler quantites, prix et emplacements.
5381AGACMVW1T;PB VT ACO CLASS A /CLA/GLA CAPT CAM 15;PARE BRISE;Pare-brise;;product;true;true;VSF Centre;159,84;351,65;199,8;;5381AGACMVW1T;false;2;R217 | GALLERIA;import;Doublon source consolide : controler quantites, prix et emplacements.
5381AGAMVW;PB VT MB A/CLA/GLA W176+CAPT 12-15;PARE BRISE;Pare-brise;;product;true;true;VSF Centre;111,2;244,64;139;;5381AGAMVW;false;14;R315 | Centre | R417 | R109 | R622 | R734 | R611 | R636 | R530 | GENIPA | R723;import;Doublon source consolide : controler quantites, prix et emplacements.
5381AGAMVW-PERDU;PB VT MB A/CLA/GLA W176 CAPT 12-15;PARE BRISE;Pare-brise;;product;true;false;VSF Centre;100,86;221,88;126,07;;5381AGAMVW-PERDU;false;1;PERDUE;exclusion_format_eurocode;Rapprochement Odoo par default_code a effectuer. EXCLUE DE L'IMPORT (decision RPBM du 2026-08-05, D3) : format d'eurocode suspect (annotation, code constructeur, texte libre). Sans x_studio_eurocode valide, la fiche serait invisible au widget rpbm_agent et non synchronisable. A reprendre a la main dans le fichier Excel si la reference doit exister.
5381AGAMVW1T;PB VT MB A/CLA/GLA W176/117/156+CAPT 15-;PARE BRISE;Pare-brise;;product;true;true;VSF Centre;111,2;244,64;139;;5381AGAMVW1T;false;8;R308 | R412 | R132 | R611 | R529 | R624 | GENIPA | R408;import;Doublon source consolide : controler quantites, prix et emplacements.
5381AGSCMVW1T;PB VT CLASS A /CLA/GLA CAPT CAM 15-;PARE BRISE;Pare-brise;;product;true;true;VSF Centre;122,08;268,57;160,63;;;false;3;GALLERIA | CASSE;import;Doublon source consolide : controler quantites, prix et emplacements.
5381BGSCABJZ;LUN.VT CLA C117 4P.+ANT TV 12-;LUNETTES;Lunette;;product;true;true;CLIENT;;;;;5381BGSCABJZ;false;1;R119;import;Rapprochement Odoo par default_code a effectuer. PRIX RV absent : standard_price non calculable, phase de cout a exclure.
5381BGSHAQ;LUN VT MB W176 CLASSE A ANT 12-;LUNETTES;Lunette;;product;true;true;VSF Centre;96,17;211,57;120,21;;5381BGSHAQ;false;1;R927;import;Rapprochement Odoo par default_code a effectuer.
5381BYPCABJQZ;LUN PRIV CLA C117 4P  ANT TV 12-;LUNETTES;Lunette;;product;true;true;VSF Centre;161,02;354,24;201,27;;5381BYPCABJQZ;false;1;R311;import;Rapprochement Odoo par default_code a effectuer.
5381BYPCABQZ;LUN PRIV MB CLA C117 4P  ANT  12-;LUNETTES;Lunette;;product;true;true;VSF Centre;101,5;223,31;126,88;;5381BYPCABQZ;false;1;R731;import;Rapprochement Odoo par default_code a effectuer.
5381BYPRAX1F;LUN PRIV MB GLA W156 ANT ALARM 14-;LUNETTES;Lunette;;product;true;true;VSF Centre;125,73;276,6;157,16;;;false;1;R420;import;Rapprochement Odoo par default_code a effectuer.
5381RGNR5RVWZ1M;DÉFLECTEUR ARRIÈRE DROIT TEINTÉ VERT MERCEDES GLACE W156 14-MO 0.80;GLACES LATERALES;Glace laterale;;product;true;true;SOCAUMAR;111,64;111,64;111,64;;5381RGNR5RVWZ1M;false;1;GALLERIA;import;Rapprochement Odoo par default_code a effectuer.
5381RGSC4FD;DESC AVD VT MB CLA C117 4P  12-;GLACES LATERALES;Glace laterale;;product;true;true;VSF Centre;40,48;89,06;50,6;;5381RGSC4FD;false;1;GALLERIA;import;Rapprochement Odoo par default_code a effectuer.
5381RYPR5RD;DESC ARD PRIV MB GLA W156 14-;GLACES LATERALES;Glace laterale;;product;true;true;VSF Centre;42,03;92,47;52,54;;;false;1;GALLERIA;import;Rapprochement Odoo par default_code a effectuer.
5382AGSGYACMZ;PB VTGY VITO 3 W447 ANT CAPT LDW 14-;PARE BRISE;Pare-brise;;product;true;true;VSF Centre;134,16;295,15;167,7;;5382AGSGYACMZ;false;1;R206;import;Rapprochement Odoo par default_code a effectuer.
5382RGSM5FD;DESC AVD VT MERCEDES VITO 3 /CLASSE V W447 14-;GLACES LATERALES;Glace laterale;;product;true;true;SOCAUMAR;103,71;103,71;103,71;;5382RGSM5FD;false;2;Centre;import;Doublon source consolide : controler quantites, prix et emplacements.
5391AGAACMUVZ1L;PB VT AC GLC X253 ANT C/C/H 16-19;PARE BRISE;Pare-brise;;product;true;true;VSF Centre;240,68;529,51;316,69;;;false;1;R624;import;Rapprochement Odoo par default_code a effectuer.
5391AGACMUVZ1L;PB VT AC GLC X253 CAPT CAM HUD  15-19;PARE BRISE;Pare-brise;;product;true;true;VSF Centre;346,67;762,68;433,34;;5391AGACMUVZ1L;false;1;R326;import;Rapprochement Odoo par default_code a effectuer.
5391AGACMVZ;PB VT AC GLC X253  CAPT CAM  15-19;PARE BRISE;Pare-brise;;product;true;true;VSF Centre;152,06;334,54;190,08;;5391AGACMVZ;false;2;R703 | R407;import;Doublon source consolide : controler quantites, prix et emplacements.
5391AGACMVZ3L;PB VT AC GLC X253  CAPT CAM  19-;PARE BRISE;Pare-brise;;product;true;true;VSF Centre;154,42;339,73;193,03;;5391AGACMVZ3L;false;1;GENIPA;import;Rapprochement Odoo par default_code a effectuer.
5391AGAMVZ;PB VT ACOUST GLC X253  CAPT    15-;PARE BRISE;Pare-brise;;product;true;true;VSF Centre;125,03;275,07;156,29;;5391AGAMVZ;false;1;R737;import;Rapprochement Odoo par default_code a effectuer.
5391RGAR5FDKW;DESC AVD VT AC FEUIL  GLC X253  15-;GLACES LATERALES;Glace laterale;;product;true;true;VSF Centre;51,1;112,41;63,87;;5391RGAR5FDKW;false;1;Centre;import;Rapprochement Odoo par default_code a effectuer.
5395AGSMVZ;PB VT MERCEDES C205 COUPE CAPT 15-21;PARE BRISE;Pare-brise;;product;true;true;VSF Centre;153,37;337,41;191,71;;;false;1;R405;import;Rapprochement Odoo par default_code a effectuer.
5397AGACMVZ;PARE-BRISE TEINTÉ VERT AC GLC COUPE X 253 CAPTEUR DE PLUIE CAMÉRA(S) 16-MO 2.80;PARE BRISE;Pare-brise;;product;true;true;SOCAUMAR;757,01;757,01;757,01;;5397AGACMVZ;false;1;GALLERIA;import;Rapprochement Odoo par default_code a effectuer.
5397AGAMVZ;PB VT AC MB GLC COUPE X 253 CAPT  16-;PARE BRISE;Pare-brise;;product;true;true;VSF Centre;128,59;282,9;160,74;;;false;1;R725;import;Rapprochement Odoo par default_code a effectuer.
5399AGACMUVZ;PARE-BRISE TEINTÉ VERT AC MERCEDES A W177 CAPTEUR DE PLUIE CAMÉRA(S) AFFICHAGE TÊTE HAUTE 18-MO 2.60;PARE BRISE;Pare-brise;;product;true;true;SOCAUMAR;220,88;485,94;276,1;;5399AGACMUVZ;false;3;GALLERIA | R136 | R432;import;Doublon source consolide : controler quantites, prix et emplacements.
5399AGACMVZ;PARE-BRISE TEINTÉ VERT AC MERCEDES CLASSE A W177 CAPTEUR DE PLUIE CAMÉRA(S) 18-MO 3.70;PARE BRISE;Pare-brise;;product;true;true;SOCAUMAR;408,63;408,63;408,63;;5399AGACMVZ;false;5;Génipa | R723 | GALLERIA | R208 | R605;import;Doublon source consolide : controler quantites, prix et emplacements.
5399AGNCMVZ1L;PB VT MB CLASSE A W177 CAPT CAM  18-;PARE BRISE;Pare-brise;;product;true;true;VSF Centre;140;308;175;;5399AGNCMVZ1L;false;2;R519 | R729;import;Doublon source consolide : controler quantites, prix et emplacements.
5399BYPCABJZ;LUN PRIV CLASSE CLA W118 ANT TV  18-;LUNETTES;Lunette;;product;true;true;VSF Centre;153,47;337,64;191,84;;5399BYPCABJZ;false;1;R911;import;Rapprochement Odoo par default_code a effectuer.
5399BYPHAX;LUN PRIV CLASSE A W177 5P ANT  18-;LUNETTES;Lunette;;product;true;true;VSF Centre;125,98;277,16;157,48;;5399BYPHAX;false;2;GALLERIA | R422;import;Doublon source consolide : controler quantites, prix et emplacements.
5399BYPSABJZ;LUNETTE PRIVACY (NOIR) CLASSE A W177 4 PORTES COFFRE ANTENNE INTÉGRÉE ANTENNE TV 18-;LUNETTES;Lunette;;product;true;true;SOCAUMAR;425,49;425,49;425,49;;5399BYPSABJZ;false;2;Galléria | R207;import;Doublon source consolide : controler quantites, prix et emplacements.
5399RGSH5FD;LAT AVD TV  MERCEDES A CLA W177/118;GLACES LATERALES;Glace laterale;;product;true;true;SOCAUMAR;643,76;643,76;643,76;;5399RGSH5FD;false;1;GALLERIA;import;Rapprochement Odoo par default_code a effectuer.
5419AGNGN;PARE-BRISE TEINTÉ VERT DÉGRADÉ VERT MERCEDES CABINE 601 77-95MO 1,80;PARE BRISE;Pare-brise;;product;true;true;INVENTAIRE;131,11;288,44;131,11;;5419AGNGN;false;1;R309;import;Rapprochement Odoo par default_code a effectuer.
5426AGNGN1C;PB VTVT SPRINTER PM + EMB CH.CAB. 95-06;PARE BRISE;Pare-brise;;product;true;true;VSF Centre;80,6;177,32;106,05;;5426AGNGN1C;false;5;R128 | R316 | R210;import;Doublon source consolide : controler quantites, prix et emplacements.
5426ASMV;JC PB MERCEDES SPRINTER PM 95-06;JOINTS;Joint;;product;true;true;VSF Centre;7,94;17,47;9,92;;5426ASMV;false;3;R128 | JT009;import;Doublon source consolide : controler quantites, prix et emplacements.
5426ASMV9;VO - JC PB MERCEDES SPRINTER PM    95-06;JOINTS;Joint;;product;true;true;VSF Ouest;7,54;16,59;9,92;;5426ASMV9;false;4;R128;import;Doublon source consolide : controler quantites, prix et emplacements.
5427AGN1C;PB VT SPRINTER GM + EMBASE FOURG. 95-06;PARE BRISE;Pare-brise;;product;true;true;VSF Centre;71,2;156,64;89;;5427AGN1C;false;3;R302 | CASSE;import;Doublon source consolide : controler quantites, prix et emplacements.
5427AGNGN1C;PB VTVT SPRINTER GM + EMB FOURG. 95-06;PARE BRISE;Pare-brise;;product;true;true;VSF Centre;76,8;168,96;96;;5427AGNGN1C;false;3;R134 | R135 | R424;import;Doublon source consolide : controler quantites, prix et emplacements.
5427ASMV;JC PB MERCEDES SPRINTER GM         95-06;JOINTS;Joint;;product;true;true;VSF Centre;10,5;23,09;13,12;;5427ASMV;false;5;R134 | R135 | JT002 | J10D | J9D;import;Doublon source consolide : controler quantites, prix et emplacements.
5428ACL1C;PB CL MB W638 VITO I  EMBASE       96-04;PARE BRISE;Pare-brise;;product;true;true;VSF Centre;84,25;185,35;105,31;;5428ACL1C;false;3;Centre | R136;import;Doublon source consolide : controler quantites, prix et emplacements.
5428AKCVS;AGRAFES PB MB VITO I W638          96-04;JOINTS;Joint;;product;true;true;VSF Centre;5,83;12,83;7,29;;5428AKCVS;false;3;Centre | R136;import;Doublon source consolide : controler quantites, prix et emplacements.
5428ASMVT;JC SUP PB MB VITO I W638           96-04;JOINTS;Joint;;product;true;true;VSF Centre;5,42;11,93;6,78;;5428ASMVT;false;3;Centre | R136;import;Doublon source consolide : controler quantites, prix et emplacements.
5428BGNVR;LUN DROITE CHAUFF VT VITO W638 96-04;LUNETTES;Lunette;;product;true;true;VSF Centre;56,3;123,87;70,38;;5428BGNVR;false;1;Centre;import;Rapprochement Odoo par default_code a effectuer.
5429AGN;PB VT MERCEDES ACTROS              96-13;PARE BRISE;Pare-brise;;product;true;true;VSF Centre;112,69;247,91;140,86;;5429AGN;false;2;Dépôt 1 | R520;import;Doublon source consolide : controler quantites, prix et emplacements.
5429AGNGN;PB VTVT MERCEDES ACTROS          96-13;PARE BRISE;Pare-brise;;product;true;true;VSF Centre;108,98;239,75;136,22;;5429AGNGN;false;1;R434;import;Rapprochement Odoo par default_code a effectuer.
5429ASRL;JT PB MERCEDES ACTROS              96-13;JOINTS;Joint;;product;true;true;VSF Centre;26,38;58,03;32,97;;5429ASRL;false;3;R434 | Dépôt 1 | J4F;import;Doublon source consolide : controler quantites, prix et emplacements.
5430AGN;PB VT MERCEDES ATEGO / AXOR 98-;PARE BRISE;Pare-brise;;product;true;true;VSF Centre;95,2;209,44;119;;5430AGN;false;1;Centre;import;Rapprochement Odoo par default_code a effectuer.
5430ASML;JC PB MERCEDES ATEGO II 05-;JOINTS;Joint;;product;true;true;VSF Centre;10,32;22,7;12,9;;5430ASML;false;1;Centre;import;Rapprochement Odoo par default_code a effectuer.
5438AGSGNA;PB VTVT MB VITO II/ VIANO   ANT   03-12;PARE BRISE;Pare-brise;;product;true;true;VSF Centre;98,26;216,16;122,82;;5438AGSGNA;false;1;R723;import;Rapprochement Odoo par default_code a effectuer.
5438AGSGNAM1B;PB VTVT VITO II W639 ANT CAPT   03-12;PARE BRISE;Pare-brise;;product;true;true;VSF Centre;108,44;238,57;135,55;;5438AGSGNAM1B;false;1;R511;import;Rapprochement Odoo par default_code a effectuer.
5438ASMV;JC PB MB VITO II / VIANO W639   03-14;JOINTS;Joint;;product;true;true;VSF Centre;12,19;26,82;15,24;;5438ASMV;false;2;J1F | R723;import;Doublon source consolide : controler quantites, prix et emplacements.
5438BGSV;LUN VT CLASSE V  W639              03-14;LUNETTES;Lunette;;product;true;true;VSF Centre;122,33;269,12;152,91;;5438BGSV;false;1;R931;import;Rapprochement Odoo par default_code a effectuer.
5438BYPV1J;LUN PRIV CLASSE V  W639           10-14;LUNETTES;Lunette;;product;true;true;VSF Centre;107,04;235,49;133,8;;5438BYPV1J;false;1;R935;import;Rapprochement Odoo par default_code a effectuer.
5438RGSV2FD;DESC AVD VT VITO II                03-14;GLACES LATERALES;Glace laterale;;product;true;true;VSF Centre;51,49;113,27;64,36;;5438RGSV2FD;false;1;R917;import;Rapprochement Odoo par default_code a effectuer.
5439ACL;PB CL SPRINTER W906/VW CRAFTER 06-18;PARE BRISE;Pare-brise;;product;true;true;VSF Centre;76,94;169,28;96,18;;5439ACL;false;1;R114;import;Rapprochement Odoo par default_code a effectuer.
5439AGS;PB VT SPRINTER W906 / VW CRAFTER 06-18;PARE BRISE;Pare-brise;;product;true;true;VSF Centre;89,05;195,91;111,31;;5439AGS;false;2;CASSE | R520;import;Doublon source consolide : controler quantites, prix et emplacements.
5439AGSBL;PB VTBL SPRINTER W906/VW CRAFTER 06-;PARE BRISE;Pare-brise;;product;true;true;VSF Centre;84,8;186,56;106;;5439AGSBL;false;9;R427 | Centre | R235 | R114 | R735 | R204 | R503 | R328;import;Doublon source consolide : controler quantites, prix et emplacements.
5439AGSBLM1B;PB VTBL SPRINTER W906  CAPT /CRAFT 06-18;PARE BRISE;Pare-brise;;product;true;true;VSF Centre;105,64;232,41;139;;;false;1;R436;import;Rapprochement Odoo par default_code a effectuer.
5439AGSM1B;PB VT SPRINTER W906/CRAFT+ CAPT 06-;PARE BRISE;Pare-brise;;product;true;true;VSF Centre;95,2;209,44;119;;5439AGSM1B;false;2;Centre | R118;import;Doublon source consolide : controler quantites, prix et emplacements.
5439AGSMV;JC PB SPRINTER W906 /CRAFTER 06-;PARE BRISE;Pare-brise;;product;true;true;MPB;34;34;34;;5439AGSMV;false;1;Centre;import;Rapprochement Odoo par default_code a effectuer.
5439ASMV;JC PB SPRINTER W906 /CRAFTER 06-;JOINTS;Joint;;product;true;true;VSF Centre;14,4;31,68;18;;5439ASMV;false;13;Centre | R427 | R114 | R235 | JT002 | J3D | J5B | J7D | J10D;import;Doublon source consolide : controler quantites, prix et emplacements.
5439BGSPU;LUN VT CABINE SPRINTER W906 06-;LUNETTES;Lunette;;product;true;true;VSF Centre;28,56;62,83;35,7;;5439BGSPU;false;2;Centre | R901;import;Doublon source consolide : controler quantites, prix et emplacements.
5439BGSVL;LUN VT GCHE SPRINTER W906          06-18;LUNETTES;Lunette;;product;true;true;VSF Centre;58,01;127,62;72,51;;5439BGSVL;false;1;D2;import;Rapprochement Odoo par default_code a effectuer.
5439BGSVR;LUN VT DTE SPRINTER W906           06-18;LUNETTES;Lunette;;product;true;true;VSF Centre;58,01;127,62;72,51;;5439BGSVR;false;1;R904;import;Rapprochement Odoo par default_code a effectuer.
5439BYPVR;LUN PRIVACY DTE SPRINTER W906      06-18;LUNETTES;Lunette;;product;true;true;VSF Centre;84,88;186,74;106,1;;5439BYPVR;false;1;Centre;import;Rapprochement Odoo par default_code a effectuer.
5439LGSV3FD;DESC AVG VT SPRINTER/VW CRAFTER 06-18;GLACES LATERALES;Glace laterale;;product;true;true;VSF Centre;49,6;109,12;62;;5439LGSV3FD;false;1;Centre;import;Rapprochement Odoo par default_code a effectuer.
5439RGSV3FD;DESC AVD VT SPRINTER/VW CRAFTER 06-;GLACES LATERALES;Glace laterale;;product;true;true;VSF Centre;48,14;105,92;60,18;;5439RGSV3FD;false;1;Centre;import;Rapprochement Odoo par default_code a effectuer.
5447AGSBLCHM2C;PB VTBL SPRINTER W910 CHAUF CAPT LDW 18-;PARE BRISE;Pare-brise;;product;true;true;VSF Centre;177,82;391,21;222,28;;5447AGSBLCHM2C;false;2;R727;import;Doublon source consolide : controler quantites, prix et emplacements.
5447AGSBLCM1L;PB VTBL SPRINTER W910 CAPT CAM 18-;PARE BRISE;Pare-brise;;product;true;true;VSF Centre;169,71;373,37;212,14;;5447AGSBLCM1L;false;4;R636 | CASSE | R518 | R501;import;Doublon source consolide : controler quantites, prix et emplacements.
5447LGSV3FD;DESC AVG VT SPRINTER W910   18-;GLACES LATERALES;Glace laterale;;product;true;true;VSF Centre;51,61;113,54;64,51;;5447LGSV3FD;false;2;R904 | R915;import;Doublon source consolide : controler quantites, prix et emplacements.
5447LGSV3FV;DEFL AVG VT SPRINTER W910   18-;GLACES LATERALES;Glace laterale;;product;true;true;VSF Centre;31,67;69,68;39,59;;5447LGSV3FV;false;1;J307;import;Rapprochement Odoo par default_code a effectuer.
5500AGABLCIMV75;PARE-BRISE TEINTÉ VERT DÉGRADÉ BLEU AC MERCEDES CLASSE X CAPTEUR DE PLUIE CAMÉRA 17-;PARE BRISE;Pare-brise;;product;true;true;SOCAUMAR;539,43;539,43;539,43;;5500AGABLCIMV75;false;2;Centre | R620;import;Doublon source consolide : controler quantites, prix et emplacements.
5502LGNR5FD;DESC AVG VT GLA H247 / EQA   20-;GLACES LATERALES;Glace laterale;;product;true;true;VSF Centre;179,98;395,95;224,97;;;false;1;GALLERIA;import;Rapprochement Odoo par default_code a effectuer.
5505AGACMVZ1L;PB VT AC GLB / EQB CAPT CAM 22-;PARE BRISE;Pare-brise;;product;true;true;VSF Centre;273,01;600,62;341,26;;;false;3;R626 | R716 | GALLERIA;import;Doublon source consolide : controler quantites, prix et emplacements.
5505BYPRAX;LUN PRIV MECEDES GLB / EQB ANT ALAR 19-;LUNETTES;Lunette;;product;true;true;VSF Centre;124,81;274,58;156,01;;5505BYPRAX;false;1;R921;import;Rapprochement Odoo par default_code a effectuer.
5505BYPRAX1;LUN PRIV MECEDES GLB / EQB ANT ALAR 19-;LUNETTES;Lunette;;product;true;true;VSF Centre;124,81;274,58;156,01;;;false;1;R423;import;Rapprochement Odoo par default_code a effectuer.
5505GYPR5PRBOW;TOIT VITRE PARTIRE ARR OUV  PRIV GLB 19-;TOIT PANORAMIQUE;Autres;Toit panoramique;product;true;true;VSF Centre;967,14;2127,72;1208,93;;;false;1;Dcarton;import;Rapprochement Odoo par default_code a effectuer.
5505GYPR5PRF;TOIT VITRE PARTIE AV PRIV GLB 19-;TOIT PANORAMIQUE;Autres;Toit panoramique;product;true;true;VSF Centre;736,54;1620,38;920,67;;;false;1;Dcarton;import;Rapprochement Odoo par default_code a effectuer.
5505RGSR5RD;DESC ARD VT MECEDES GLB  19-;GLACES LATERALES;Glace laterale;;product;true;true;VSF Centre;50,5;111,11;63,13;;5505RGSR5RD;false;1;R918;import;Rapprochement Odoo par default_code a effectuer.
5505RYPR5RD;DESC ARD PRIV MECEDES GLB  19-;GLACES LATERALES;Glace laterale;;product;true;true;VSF Centre;55,64;122,41;69,55;;5505RYPR5RD;false;1;R914;import;Rapprochement Odoo par default_code a effectuer.
5512AGACMUVZ1L;PB VT AC GLC X254 CAPT CAM HUD 22-;PARE BRISE;Pare-brise;;product;true;true;VSF Centre;310,84;683,85;409;;;false;1;R826;import;Rapprochement Odoo par default_code a effectuer.
5512AGACMVZ;PB VT AC GLC X254 CAPT CAM 22-;PARE BRISE;Pare-brise;;product;true;true;VSF Centre;194,72;428,38;243,4;;5512AGACMVZ;false;1;R538;import;Rapprochement Odoo par default_code a effectuer.
561010DF41;PARE BRISE YARIS 2024;PARE BRISE;Pare-brise;;product;true;true;CCIE;785,22;785,22;981,53;;;false;1;GALLERIA;import;Rapprochement Odoo par default_code a effectuer.
5610160F50;PB LAND CRUISER + KIT MONTAGE;PARE BRISE;Pare-brise;;product;true;true;VSF Centre;570,51;912,82;570,51;;5610160F50;false;1;R301;import;Rapprochement Odoo par default_code a effectuer.
5621AGNBL;PB VTBL MITSUBISHI PAJERO I        82-91;PARE BRISE;Pare-brise;;product;true;true;VSF Centre;77,95;171,49;97,44;;5621AGNBL;false;3;R518 | R537 | R934;import;Doublon source consolide : controler quantites, prix et emplacements.
5621ASRR;JT PB PAJERO I SS ENJO             82-91;JOINTS;Joint;;product;true;true;VSF Centre;41,57;91,45;51,96;;5621ASRR;false;1;R537;import;Rapprochement Odoo par default_code a effectuer.
5621ASRRC;JT PB PAJERO I A ENJO              82-91;JOINTS;Joint;;product;true;true;VSF Centre;38,49;84,67;48,11;;5621ASRRC;false;1;Dépôt 2;import;Rapprochement Odoo par default_code a effectuer.
5621ASSR;JOINT PARE-BRISE PAJERO I SANS ENJOLIVEUR             82-91MO NC;JOINTS;Joint;;product;true;true;MPB;65,5;65,5;65,5;;5621ASSR;false;1;GALLERIA;import;Rapprochement Odoo par default_code a effectuer.
5628ABL;PB BL MITSUBIHI L 200              87-96;PARE BRISE;Pare-brise;;product;true;true;VSF Centre;99,88;209,75;124,85;;5628ABL;false;1;-;import;Rapprochement Odoo par default_code a effectuer.
5637AGN;PB VT MITSUBISHI PAJERO II         91-00;PARE BRISE;Pare-brise;;product;true;true;VSF Centre;62,7;137,93;78,37;;5637AGN;true;18;R107 | R324 | R222 | R301 | R633 | R310 | R206 | R318 | R617 | R735 | R914 | R505 | R708 | R602 | R722 | R417;import;Doublon source consolide : controler quantites, prix et emplacements. EUROCODE INTERNE diverge de EUROCODE : arbitrage RPBM requis sur la reference qui fait foi.
5637AGNBL;PB VTBL MITSUBISHI PAJERO II       91-00;PARE BRISE;Pare-brise;;product;true;true;VSF Centre;80,39;176,86;100,49;;5637AGNBL;false;1;Centre;import;Rapprochement Odoo par default_code a effectuer.
5637AKCR1;CLIPS KIT PB MITSUBISHI PAJERO;JOINTS;Joint;;product;true;true;VSF Ouest;7,08;15,58;8,85;;5637AKCR1;false;9;R107 | R324 | R222 | Centre | R633;import;Doublon source consolide : controler quantites, prix et emplacements.
5637ASMRB;JC INF. PB MITSUBISHI PAJERO II  92-00;JOINTS;Joint;;product;true;true;VSF Centre;6,62;14,57;8,28;;5637ASMRB;false;17;R107 | R324 | R222 | R301 | R633 | R310 | R206 | JT008 | R617 | R735 | R914 | J6E | J10A | J7B | J1C;import;Doublon source consolide : controler quantites, prix et emplacements.
5637ASMRT;JC SUP PB MITSUBISHI PAJERO II 92-00;JOINTS;Joint;;product;true;true;VSF Centre;35,27;77,6;44,09;;5637ASMRT;false;8;R107 | J5B | JT004 | Centre | AVION | J10D | J10F;import;Doublon source consolide : controler quantites, prix et emplacements.
5637BGNR;LUN VT MITSUBISHI PAJERO II    91-;LUNETTES;Lunette;;product;true;true;VSF Centre;164,18;361,2;205,23;;5637BGNR;false;1;Centre;import;Rapprochement Odoo par default_code a effectuer.
5637RGNR3FD;DESC AVD VT PAJERO II 3/5P  91-;GLACES LATERALES;Glace laterale;;product;true;true;VSF Centre;51,74;113,82;64,67;;;false;1;R906;import;Rapprochement Odoo par default_code a effectuer.
5646AGN;PB VT MITSUBISHI CARISMA           95-04;PARE BRISE;Pare-brise;;product;true;true;VSF Centre;78,06;171,74;114,8;;;false;1;R413;import;Rapprochement Odoo par default_code a effectuer.
5646BGNH;LUN VT MITSUBISHI CARISMA 5P    95-02;LUNETTES;Lunette;;product;true;true;VSF Centre;130,82;287,81;163,53;;5646BGNH;false;1;R720;import;Rapprochement Odoo par default_code a effectuer.
5646BGNH1J;LUN VT MITSUBISHI CARISMA 5P    02-05;LUNETTES;Lunette;;product;true;true;VSF Centre;130,3;286,67;162,88;;5646BGNH1J;false;1;Dépôt 2;import;Rapprochement Odoo par default_code a effectuer.
5650AGN;PB VT MITSUBISHI L200 96-05;PARE BRISE;Pare-brise;;product;true;true;VSF Centre;68,98;151,76;86,23;;5650AGN;false;8;Centre | R620 | R307 | R616 | R730 | R723 | R429;import;Doublon source consolide : controler quantites, prix et emplacements.
5650AGN-O;PB VT MITSUBISHI L200              96-05;PARE BRISE;Pare-brise;;product;true;true;VSF Centre;71,42;157,12;89,27;;5650AGN-O;false;2;R521 | R113;import;Doublon source consolide : controler quantites, prix et emplacements.
5650AGN2P;PB VT MITSUBISHI L200   EMB        03-05;PARE BRISE;Pare-brise;;product;true;true;VSF Centre;107,67;236,88;134,59;;5650AGN2P;false;2;Centre | R731;import;Doublon source consolide : controler quantites, prix et emplacements.
5650ASMP;JC PB MITSUBISHI L200 NOIR         96-05;JOINTS;Joint;;product;true;true;VSF Centre;27,84;61,25;34,8;;5650ASMP;false;8;Centre | J2D | R620 | J2F | R731 | D2 (Joints) | J5D;import;Doublon source consolide : controler quantites, prix et emplacements.
5650ASMPC;JC PB MITSUBISHI L200 CHROME 96-05;JOINTS;Joint;;product;true;true;VSF Centre;67,17;147,77;83,96;;5650ASMPC;false;1;Centre;import;Rapprochement Odoo par default_code a effectuer.
5650LGNR5FD;DESC AVG VT PAJERO SPORT 5P   00-05;GLACES LATERALES;Glace laterale;;product;true;true;VSF Centre;38,78;85,32;48,48;;5650LGNR5FD;false;1;D2;import;Rapprochement Odoo par default_code a effectuer.
5655asmvt;5655asmvt;__VIDE__;Autres;;product;true;true;INVENTAIRE;;;;;;false;1;J11a;import;Rapprochement Odoo par default_code a effectuer. PRIX RV absent : standard_price non calculable, phase de cout a exclure.
5655BGNV;LUN VT MITSUBISHI SPACE STAR   98-05;LUNETTES;Lunette;;product;true;true;VSF Centre;145,25;319,55;181,56;;5655BGNV;false;1;R314;import;Rapprochement Odoo par default_code a effectuer.
5658AGN;PB VT MITSUBISHI SPACE WAGON    98-02;PARE BRISE;Pare-brise;;product;true;true;VSF Centre;124,42;273,72;155,52;;5658AGN;false;1;R725;import;Rapprochement Odoo par default_code a effectuer.
5658ASMVT;JC SUP PB MITSU SPACE WAGON 98-02;JOINTS;Joint;;product;true;true;VSF Centre;15,54;34,2;19,43;;5658ASMVT;false;1;R725;import;Rapprochement Odoo par default_code a effectuer.
5661AGABL1C;PB VTBL ACO PAJERO 3/5P NOUV EMB  07-21;PARE BRISE;Pare-brise;;product;true;true;VSF Centre;128,78;283,31;160,97;;5661AGABL1C;false;1;GALLERIA;import;Rapprochement Odoo par default_code a effectuer.
5661AGABLH1C;PB VTBL ACO MITSU PAJERO III CHAUF 07-21;PARE BRISE;Pare-brise;;product;true;true;VSF Centre;150,66;331,44;188,32;;5661AGABLH1C;false;2;R517 | R607;import;Doublon source consolide : controler quantites, prix et emplacements.
5661AGNBL;PB VTBL MITSUBISHI PAJERO 3/5P     00-04;PARE BRISE;Pare-brise;;product;true;true;VSF Centre;97,98;215,55;122,47;;5661AGNBL;false;2;R524 | R833;import;Doublon source consolide : controler quantites, prix et emplacements.
5661ASMR;JC PB MITSUBISHI PAJERO 3/5P       00-07;JOINTS;Joint;;product;true;true;VSF Centre;58,01;127,62;72,51;;5661ASMR;false;3;R524 | JT019 | JT032;import;Doublon source consolide : controler quantites, prix et emplacements.
5661ASMR1H;ENJOLIVEUR PARE-BRISE MITSUBISHI PAJERO 3 ET 5 PORTES 07-MO NC;JOINTS;Joint;;product;true;true;PANTHER PRO;46,2;101,64;66;;5661ASMR1H;false;2;GALLERIA | JT004;import;Doublon source consolide : controler quantites, prix et emplacements.
5661BYDR1J;LUN PRIVACY MITSUBISHI PAJERO 07-;LUNETTES;Lunette;;product;true;true;VSF Centre;151,2;332,64;189;;5661BYDR1J;false;1;D2;import;Rapprochement Odoo par default_code a effectuer.
5676AGN7Z;PB VT MITSUBISHI COLT 3PTES  11/08-;PARE BRISE;Pare-brise;;product;true;true;VSF Centre;125,31;275,69;156,64;;5676AGN7Z;false;1;R526;import;Rapprochement Odoo par default_code a effectuer.
5676ASMHT;JC SUP PB MITSUBISHI COLT 3PTES 05-08;JOINTS;Joint;;product;true;true;VSF Centre;11,34;24,94;14,17;;5676ASMHT;false;1;J7B;import;Rapprochement Odoo par default_code a effectuer.
5677AGN;PB VT CANTER CHASSIS CABINE PM 05-;PARE BRISE;Pare-brise;;product;true;true;VSF Centre;134,02;294,85;167,53;;5677AGN;false;1;R105;import;Rapprochement Odoo par default_code a effectuer.
5679AGN;PB VT MITSUBISHI L200 05-15;PARE BRISE;Pare-brise;;product;true;true;A+ Glass;141,63;141,63;141,63;5679AGS;5679AGN;false;2;R535 | GENIPA;import;Doublon source consolide : controler quantites, prix et emplacements.
5679AGS;PB VT MITSUBISHI L200              05-15;PARE BRISE;Pare-brise;;product;true;true;VSF Centre;115,6;254,32;144,5;;;false;1;R434;import;Rapprochement Odoo par default_code a effectuer.
5679AGSM1B;PB VT MITSUBISHI L200 CAPT  06-15;PARE BRISE;Pare-brise;;product;true;true;VSF Centre;100,04;220,09;125,05;;5679AGSM1B;false;1;R725;import;Rapprochement Odoo par default_code a effectuer.
5679ASMPT;JC SUP PB MITSUBISHI L200          06-15;JOINTS;Joint;;product;true;true;VSF Centre;12,42;27,33;15,53;;5679ASMPT;false;4;J6C | R725 | J10C | J1C;import;Doublon source consolide : controler quantites, prix et emplacements.
5679LGSP2FDW;DESC AVG VT MITSUBISHI L200 06-15;GLACES LATERALES;Glace laterale;;product;true;true;VSF Centre;61,6;135,52;77;;5679LGSP2FDW;false;1;R914;import;Rapprochement Odoo par default_code a effectuer.
5680BYPR;LUN PRIV OUTLANDER      07-13;LUNETTES;Lunette;;product;true;true;VSF Centre;173,9;382,57;217,37;;5680BYPR;false;1;R927;import;Rapprochement Odoo par default_code a effectuer.
5681AGN;PB VT CANTER CHASSIS CABINE GM   06-;PARE BRISE;Pare-brise;;product;true;true;VSF Centre;117,34;258,16;146,68;;5681AGN;false;1;R609;import;Rapprochement Odoo par default_code a effectuer.
5681ASMV;ENJOLIVEUR PARE-BRISE MITSUBISHI CANTER 05-MO NC;JOINTS;Joint;;product;true;true;SOCAUMAR;350,06;350,06;350,06;;5681ASMV;false;1;GALLERIA;import;Rapprochement Odoo par default_code a effectuer.
5689AGNMV1B;PB VT MITSUBISHI ASX LHD CAPT 10-;PARE BRISE;Pare-brise;;product;true;true;VSF Centre;131,69;289,71;164,61;;5689AGNMV1B;false;1;R408;import;Rapprochement Odoo par default_code a effectuer.
5689AGNMV2B;PB VT  ASX/C4 AIRCROSS/4008 LHD CAPT 10-;PARE BRISE;Pare-brise;;product;true;true;VSF Centre;133,66;294,06;167,08;;5689AGNMV2B;false;1;R507;import;Rapprochement Odoo par default_code a effectuer.
5689ASMR;JC PB MITSUBISHI ASX             10-;JOINTS;Joint;;product;true;true;VSF Centre;21,54;47,38;26,92;;5689ASMR;false;1;R408;import;Rapprochement Odoo par default_code a effectuer.
5689BGNR;LUN VT MITSUBISHI ASX              10-;LUNETTES;Lunette;;product;true;true;VSF Centre;141,52;311,34;176,9;;5689BGNR;false;1;GENIPA;import;Rapprochement Odoo par default_code a effectuer.
5689BYPR;LUN PRIV MITSUBISHI ASX            10-;LUNETTES;Lunette;;product;true;true;VSF Centre;130,74;287,62;163,42;;5689BYPR;false;1;Centre;import;Rapprochement Odoo par default_code a effectuer.
5689RGNR5FDW;DESC AVD VT MITSUBISHI ASX 10-;GLACES LATERALES;Glace laterale;;product;true;true;VSF Centre;71,06;156,34;88,83;;5689RGNR5FDW;false;1;R909;import;Rapprochement Odoo par default_code a effectuer.
5697AGAMV;PB VT ACO OUTLANDER PHEV  CAPT 13-21;PARE BRISE;Pare-brise;;product;true;true;VSF Centre;164,18;361,19;205,22;;;false;1;R627;import;Rapprochement Odoo par default_code a effectuer.
5697ASMR;JC PB OUTLANDER 3          13-21;JOINTS;Joint;;product;true;true;VSF Centre;24;52,8;30;;;false;1;J1C;import;Rapprochement Odoo par default_code a effectuer.
5698BGNH;LUN VT MITSUBISHI SPACE STAR     13-;LUNETTES;Lunette;;product;true;true;VSF Centre;143,9;316,59;179,88;;5698BGNH;false;1;R922;import;Rapprochement Odoo par default_code a effectuer.
5698LGNH5FDW;DESC AVG VT SPACE STAR 13-;GLACES LATERALES;Glace laterale;;product;true;true;VSF Centre;86,46;190,22;108,08;;5698LGNH5FDW;false;1;R912;import;Rapprochement Odoo par default_code a effectuer.
5698RGNH5FDW;GLACE DESC AVD TV SPACE STAR 13-;GLACES LATERALES;Glace laterale;;product;true;true;Auto GM;378,85;378,85;445,7;;;false;1;GALLERIA;import;Rapprochement Odoo par default_code a effectuer.
5701AGACMVZ;PB VT ACO MITSUBISHI L200  CAPT CAM  15-;PARE BRISE;Pare-brise;;product;true;true;VSF Centre;144,22;317,29;180,28;;5701AGACMVZ;false;1;R537;import;Rapprochement Odoo par default_code a effectuer.
5701AGNCMVZ;PB VT MITSUBISHI L200  CAPT CAM  15-;PARE BRISE;Pare-brise;;product;true;true;VSF Centre;140,22;308,49;175,28;;5701AGNCMVZ;false;1;R429;import;Rapprochement Odoo par default_code a effectuer.
5701ASGRT;JC SUP PB MITSUBISHI L200          15-;JOINTS;Joint;;product;true;true;VSF Centre;19,2;42,24;24;;5701ASGRT;false;2;R537 | J3E;import;Doublon source consolide : controler quantites, prix et emplacements.
5701LGNP4RDW;GLACE DESCENDANTE ARRIÈRE GAUCHE TEINTÉ VERT MITSUBISHI L200 4 PORTES COFFRE 15-MO 0.60;GLACES LATERALES;Glace laterale;;product;true;true;AUTOS GM;399,67;399,67;399,67;;5701LGNP4RDW;false;1;Centre;import;Rapprochement Odoo par default_code a effectuer.
5957ASRR;JT PB NISSAN PATROL I              80-97;JOINTS;Joint;;product;true;true;VSF Centre;55,9;122,99;69,88;;;false;1;J6J;import;Rapprochement Odoo par default_code a effectuer.
5966ABL;PB BL PICK-UP D21 / TERRANO I  85-93;PARE BRISE;Pare-brise;;product;true;true;VSF Centre;72,12;158,66;90,15;;5966ABL;false;1;R202;import;Rapprochement Odoo par default_code a effectuer.
5966AGN1B;PB VT NISS.NAVARA D22/NP300 98-;PARE BRISE;Pare-brise;;product;true;true;VSF Centre;88,16;193,95;116;;5966AGN1B;false;22;R112 | R222 | R101 | R104 | R324 | R318 | R316 | R202 | R433 | R109 | R107 | R604 | R620 | R618 | GALLERIA | R621 | CASSE | R626 | R825 | R414 | R428;import;Doublon source consolide : controler quantites, prix et emplacements.
5966AGN1B-PERDU;PB VT NISS NAVARA D22/NP300 98-;PARE BRISE;Pare-brise;;product;true;true;VSF Centre;97,51;214,53;121,89;;5966AGN1B-PERDU;false;1;PERDUE;import;Rapprochement Odoo par default_code a effectuer.
5966AGNBL1B;PB VTBL NAVARA D22/NP300  98-;PARE BRISE;Pare-brise;;product;true;true;VSF Centre;105,26;231,58;131,58;;5966AGNBL1B;false;1;R313;import;Rapprochement Odoo par default_code a effectuer.
5966AKCP;AGRAFES PB PICK-UP D21/TERRANO 85-;JOINTS;Joint;;product;true;true;VSF Ouest;1,13;2,49;1,49;;5966AKCP;false;6;R222 | Centre | R313;import;Doublon source consolide : controler quantites, prix et emplacements.
5966ASMPT;JC PB PICK-UP D21/D22/TERRANO I NOIR;JOINTS;Joint;;product;true;true;VSF Ouest;7,6;16,72;10;;5966ASMPT;false;20;R101 | R313 | R104 | J015 | R324 | R318 | R316 | JT018 | R202 | JT025 | J002 | Carton Joints | JT001 | R604 | J10E | J4A | J2A;import;Doublon source consolide : controler quantites, prix et emplacements.
5966ASMPT-PERDU;JC PB PICK-UP D21/D22/TERRANO I NOIR;JOINTS;Joint;;product;true;true;VSF Centre;8,41;18,5;10,51;;5966ASMPT-PERDU;false;1;PERDUE;import;Rapprochement Odoo par default_code a effectuer.
5966ASMPTC;JC PB PICK-UP D21/D22/TERRANO I CHROME;JOINTS;Joint;;product;true;true;VSF Centre;11,27;24,8;14,09;;5966ASMPTC;false;1;???;import;Rapprochement Odoo par default_code a effectuer.
5966BGNP;LUN VT CABINE NISSAN D21/22 PICK UP 85-;LUNETTES;Lunette;;product;true;true;VSF Centre;122,4;269,28;153;;;false;1;R424;import;Rapprochement Odoo par default_code a effectuer.
5981AGN;PB VT NISSAN PRIMERA P10 BNE 91-96;PARE BRISE;Pare-brise;;product;true;true;VSF Centre;79,27;174,4;99,09;;5981AGN;false;1;R403;import;Rapprochement Odoo par default_code a effectuer.
5981ASMHT;JC SUP PB PRIMERA P10 BNE      90-96;JOINTS;Joint;;product;true;true;VSF Centre;12,18;26,8;15,23;;5981ASMHT;false;1;R403;import;Rapprochement Odoo par default_code a effectuer.
5988AGNBL1B;PB VTBL NISSAN MICRA K11           93-03;PARE BRISE;Pare-brise;;product;true;true;VSF Centre;66,06;145,34;82,58;;5988AGNBL1B;false;2;CASSE | R205;import;Doublon source consolide : controler quantites, prix et emplacements.
5988ASGH;SUP JC PB NISSAN MICRA K11   93-03;JOINTS;Joint;;product;true;true;VSF Centre;15,98;35,15;19,97;;5988ASGH;false;1;Centre;import;Rapprochement Odoo par default_code a effectuer.
5988ASMH6A;JC PB NISSAN MICRA K11             93-03;JOINTS;Joint;;product;true;true;VSF Centre;83,22;183,09;104,03;;5988ASMH6A;false;1;Centre;import;Rapprochement Odoo par default_code a effectuer.
5988RGNH5FDW;DESC AVD VT MICRA K11 5PTES  93-03;GLACES LATERALES;Glace laterale;;product;true;true;VSF Centre;61,67;135,68;77,09;;;false;1;R906;import;Rapprochement Odoo par default_code a effectuer.
5990BGPRZ1Q;LUN VT FONCEE NISSAN TERRANO II 00-06;LUNETTES;Lunette;;product;true;true;VSF Centre;272,02;598,45;340,03;;5990BGPRZ1Q;false;1;R933;import;Rapprochement Odoo par default_code a effectuer.
5991ASRP;JOINT PARE-BRISE NISSAN CABSTAR  E            99-06;JOINTS;Joint;;product;true;true;PANTHER PRO;5,57;12,24;7,95;6010ASRP;;false;1;J6D;import;Rapprochement Odoo par default_code a effectuer.
5992AGN;PB VT SERENA / VANETTE CARGO 93-02;PARE BRISE;Pare-brise;;product;true;true;VSF Centre;89,77;197,49;112,21;;5992AGN;false;1;R118;import;Rapprochement Odoo par default_code a effectuer.
5992AKMV;JCS PB KIT C. SERENA/VANETTE CARGO 92-02;JOINTS;Joint;;product;true;true;VSF Centre;94,08;206,98;117,6;;5992AKMV;false;1;R118;import;Rapprochement Odoo par default_code a effectuer.
5F0857521A - 5F0857537B GRU - 6F1857507AC9B9;RETROVISEUR AVG + VITRE RETRO G + COUVERCLE RETRO G SEAT IBIZA V (KJ) - 5P 2017-02-> 1.0TSI 115 FAP;AUTRES;Autres;;product;true;false;SODAUTO;336,81;336,81;336,81;;5F0857521A - 5F0857537B GRU - 6F1857507AC9B9;false;1;GALLERIA;exclusion_format_eurocode;Rapprochement Odoo par default_code a effectuer. EXCLUE DE L'IMPORT (decision RPBM du 2026-08-05, D3) : format d'eurocode suspect (annotation, code constructeur, texte libre). Sans x_studio_eurocode valide, la fiche serait invisible au widget rpbm_agent et non synchronisable. A reprendre a la main dans le fichier Excel si la reference doit exister.
5F4837462D;LEVE GLACE AVD;LEVE-VITRE;Autres;Leve-vitre;product;true;true;AUTOS GM;146,52;146,52;146,52;;5F4837462D;false;1;GALLERIA;import;Rapprochement Odoo par default_code a effectuer.
5J6853264A;ENJO DROIT SKODA FABIA;JOINTS;Joint;;product;true;true;VSF Centre;15,2;33,44;19;;5J6853264A;false;1;Centre;import;Rapprochement Odoo par default_code a effectuer.
6001AGN;PB VT NISSAN ALMERA N15  96-99;PARE BRISE;Pare-brise;;product;true;true;A+ GLASS;240,01;240,01;240,01;;6001AGN;false;1;Centre;import;Rapprochement Odoo par default_code a effectuer.
6001ASMHT;ENJ SUP PB NISSAN ALMERA N15     96-99;JOINTS;Joint;;product;true;true;A+ GLASS;38,88;38,88;38,88;;6001ASMHT;false;1;J5G;import;Rapprochement Odoo par default_code a effectuer.
6002AGN;PB VT PRIMERA P11 / W11 BNE/BK     96-02;PARE BRISE;Pare-brise;;product;true;true;VSF Centre;83,98;184,75;104,97;;6002AGN;false;1;R731;import;Rapprochement Odoo par default_code a effectuer.
6002ASMHT;JC SUP PB NISSAN PRIMERA P11       96-02;JOINTS;Joint;;product;true;true;VSF Centre;13,45;29,59;16,81;;6002ASMHT;false;1;R731;import;Rapprochement Odoo par default_code a effectuer.
6002BGNS1B;LUN VT NISSAN PRIMERA BNE 4P    00-02;LUNETTES;Lunette;;product;true;true;VSF Centre;241,66;531,66;302,08;;6002BGNS1B;false;1;R922;import;Rapprochement Odoo par default_code a effectuer.
6002RGNH5FDW;DESC AVD VT PRIMERA 4/5P  BK  96-02;GLACES LATERALES;Glace laterale;;product;true;true;VSF Centre;40,35;88,77;50,44;;6002RGNH5FDW;false;1;Galléria;import;Rapprochement Odoo par default_code a effectuer.
6004AGN;PB VT NISSAN SKYLINE R33 93-99;PARE BRISE;Pare-brise;;product;true;true;VSF Centre;274,18;603,2;428,4;;6004AGN;false;1;Centre;import;Rapprochement Odoo par default_code a effectuer.
6006AGN;PB VT NISSAN PATROL Y61            98-11;JOINTS;Joint;;product;true;true;VSF Centre;91,92;202,22;114,9;;6006AGN;false;1;R332;import;Rapprochement Odoo par default_code a effectuer.
6006ASMR;JC PB NISSAN PATROL Y61            98-11;JOINTS;Joint;;product;true;true;VSF Centre;63,37;139,41;79,21;;6006ASMR;false;1;R332;import;Rapprochement Odoo par default_code a effectuer.
6006BGNRRZ;LUN.ARD VT NISSAN PATROL Y61      98-11;LUNETTES;Lunette;;product;true;true;VSF Centre;95,2;209,44;119;;6006BGNRRZ;false;3;Centre;import;Doublon source consolide : controler quantites, prix et emplacements.
6007AGN;PB VT NISSAN ALMERA N16 3/5P 00-06;PARE BRISE;Pare-brise;;product;true;true;VSF Centre;87,7;192,95;109,63;;6007AGN;false;2;R131 | Centre;import;Doublon source consolide : controler quantites, prix et emplacements.
6007ASMHT;JC SUP PB NISSAN ALMERA N16        00-06;JOINTS;Joint;;product;true;true;VSF Centre;12,24;26,93;15,3;;6007ASMHT;false;2;R131 | Centre;import;Doublon source consolide : controler quantites, prix et emplacements.
6010AGN;PB VT NISSAN CABSTAR  E            99-06;PARE BRISE;Pare-brise;;product;true;true;VSF Centre;80,78;177,72;100,98;;6010AGN;false;2;Centre | R811;import;Doublon source consolide : controler quantites, prix et emplacements.
6010ASRD;JOINT NISSAN CABSTAR;JOINTS;Joint;;product;true;true;VSF Centre;;;;;;false;1;JDESSUS;import;Rapprochement Odoo par default_code a effectuer. PRIX RV absent : standard_price non calculable, phase de cout a exclure.
6010LGNV2FDW;DESC AVG VT CABSTAR      99-06;GLACES LATERALES;Glace laterale;;product;true;true;VSF Centre;44,88;98,74;56,1;;6010LGNV2FDW;false;1;Centre;import;Rapprochement Odoo par default_code a effectuer.
6011AGNMV1B;PB VT NISSAN MICRA K12 CAPT  03-10;PARE BRISE;Pare-brise;;product;true;true;VSF Centre;90,88;199,94;113,6;;6011AGNMV1B;false;5;CASSE | R208 | R636 | R305 | R502;import;Doublon source consolide : controler quantites, prix et emplacements.
6011AGNV;PB VT NISSAN MICRA K12 03-10;PARE BRISE;Pare-brise;;product;true;true;VSF Centre;57,6;126,72;72;;6011AGNV;false;5;Centre | R206 | CASSE | R531 | R819;import;Doublon source consolide : controler quantites, prix et emplacements.
6011ASMH;JC PB NISSAN MICRA K12 03-10;JOINTS;Joint;;product;true;true;VSF Centre;14,4;31,68;18;;6011ASMH;false;6;Centre | JT004 | J4D | JT019 | GALLERIA;import;Doublon source consolide : controler quantites, prix et emplacements.
6011LGNH3FDW;DESC AVG VT MICRA K12 3PTES      03-10;GLACES LATERALES;Glace laterale;;product;true;true;VSF Centre;67,04;147,49;83,8;;;false;1;GALLERIA;import;Rapprochement Odoo par default_code a effectuer.
6011LGNH3RQ;CUST ARG VT MICRA K12 3PTES      03-10;GLACES LATERALES;Glace laterale;;product;true;true;VSF Centre;50,06;110,12;62,57;;6011LGNH3RQ;false;2;R909 | GALLERIA;import;Doublon source consolide : controler quantites, prix et emplacements.
6011RGNH5RV;DEFL ARD VT MICRA K12 5PTES      03-10;GLACES LATERALES;Glace laterale;;product;true;true;VSF Centre;18,77;41,29;23,46;;6011RGNH5RV;false;2;Centre | T101;import;Doublon source consolide : controler quantites, prix et emplacements.
6014AGS;PB VT NISSAN ALMERA TINO 00-05;PARE BRISE;Pare-brise;;product;true;true;VSF Centre;96;211,2;120;;6014AGS;false;1;R111;import;Rapprochement Odoo par default_code a effectuer.
6014ASMVT;JC SUP PB NISSAN ALMERA TINO 00-05;JOINTS;Joint;;product;true;true;VSF Centre;9,6;21,12;12;;6014ASMVT;false;1;R111;import;Rapprochement Odoo par default_code a effectuer.
6018AGN;PB VT NISSAN X TRAIL 00-07;PARE BRISE;Pare-brise;;product;true;true;VSF Centre;88,74;195,24;110,93;;6018AGN;false;4;Centre | R235 | R304 | R313;import;Doublon source consolide : controler quantites, prix et emplacements.
6018AGNBL;PB VTBL NISSAN X TRAIL LHD         00-07;PARE BRISE;Pare-brise;;product;true;true;VSF Centre;125,26;275,56;156,57;;6018AGNBL;false;1;R204;import;Rapprochement Odoo par default_code a effectuer.
6018ASMR;JC PB NISSAN X-TRAIL 00-07;JOINTS;Joint;;product;true;true;VSF Centre;20;44;25;;6018ASMR;false;5;Centre | R304 | JT029 | R204;import;Doublon source consolide : controler quantites, prix et emplacements.
6018LGNR5RQZ;CUST ARG VT X TRAIL 1      00-07;GLACES LATERALES;Glace laterale;;product;true;true;MA;240,52;529,14;300,65;;;false;1;Génipa;import;Rapprochement Odoo par default_code a effectuer.
6018LGPR5RQZ;CUST ARG VT FONCEE X TRAIL 1      00-07;GLACES LATERALES;Glace laterale;;product;true;true;VSF Centre;76;167,2;95;;6018LGPR5RQZ;false;1;R912;import;Rapprochement Odoo par default_code a effectuer.
6018RGPR5RQZ;CUSTODE ARRIÈRE DROIT TEINTÉ VERT FONCEE X TRAIL 1      00-07;GLACES LATERALES;Glace laterale;;product;true;true;MA;375,3;375,3;375,3;;6018RGPR5RQZ;false;1;Centre;import;Rapprochement Odoo par default_code a effectuer.
6032BYPRW;LUN  PRIV NISSAN MURANO         04-08;LUNETTES;Lunette;;product;true;true;VSF Centre;385;385;385;;6032BYPRW;false;1;Centre;import;Rapprochement Odoo par default_code a effectuer.
6033AGSBLV;PB VTBL INFINITY FX35-45           03-08;PARE BRISE;Pare-brise;;product;true;true;VSF Centre;303,42;667,52;379,27;;6033AGSBLV;false;1;Centre;import;Rapprochement Odoo par default_code a effectuer.
6033ASMVT;JC SUP.PB INFINITI FX35/45 03-08;JOINTS;Joint;;product;true;true;VSF Centre;20;44;25;;6033ASMVT;false;1;Centre;import;Rapprochement Odoo par default_code a effectuer.
6037AGABLMVZ1B-O;PB VTDÉGRADÉ BLEU AC PATHFINDER/NAVA CAPTEUR DE PLUIE 05-;PARE BRISE;Pare-brise;;product;true;false;OCCASION;;;;;6037AGABLMVZ1B-O;false;1;R131;exclusion_format_eurocode;Rapprochement Odoo par default_code a effectuer. EXCLUE DE L'IMPORT (decision RPBM du 2026-08-05, D3) : format d'eurocode suspect (annotation, code constructeur, texte libre). Sans x_studio_eurocode valide, la fiche serait invisible au widget rpbm_agent et non synchronisable. A reprendre a la main dans le fichier Excel si la reference doit exister. PRIX RV absent : standard_price non calculable, phase de cout a exclure.
6037AGSBLMVZ1B;PB VTBL PATHFINDER/NAVARA +CAPT 05-;PARE BRISE;Pare-brise;;product;true;true;VSF Centre;111,2;244,64;139;;6037AGSBLMVZ1B;false;7;R326 | R319 | R414 | R427 | R411 | R603 | R207;import;Doublon source consolide : controler quantites, prix et emplacements.
6037AGSBLVZ;PB VTBL PATHFINDER/NAVARA       05-;PARE BRISE;Pare-brise;;product;true;true;VSF Centre;118,92;261,62;148,65;;6037AGSBLVZ;false;6;R433 | R516 | CASSE | R331 | R631;import;Doublon source consolide : controler quantites, prix et emplacements.
6037BGSP1B;LUN VT CABINE NAVARA D40 PICK UP 05-;LUNETTES;Lunette;;product;true;true;VSF Centre;98,52;216,74;123,15;;6037BGSP1B;false;4;R933 | R920 | GALLERIA;import;Doublon source consolide : controler quantites, prix et emplacements.
6037BYPP1B;LUNETTE PRIVACY (NOIR) CABINE NAVARA D40 PICKUP 05-;LUNETTES;Lunette;;product;true;true;A+ GLASS;399;399;399;;6037BYPP1B;false;3;Centre | R918;import;Doublon source consolide : controler quantites, prix et emplacements.
6037LGNP4RV;DEFL ARG VT NIS NAVARA DOUBLE CAB 05-;GLACES LATERALES;Glace laterale;;product;true;true;VSF Centre;43,07;94,76;53,84;;6037LGNP4RV;false;1;Centre;import;Rapprochement Odoo par default_code a effectuer.
6037LGNR5RV;DEFL ARG VT NIS PATHFINDER 05-;GLACES LATERALES;Glace laterale;;product;true;true;VSF Centre;33,96;74,71;42,45;;6037LGNR5RV;false;1;T003;import;Rapprochement Odoo par default_code a effectuer.
6037LYPP4RDW;DESC ARG PRIV NAVARA DOUBLE CAB 05-;GLACES LATERALES;Glace laterale;;product;true;true;VSF Centre;86,46;190,22;108,08;;6037LYPP4RDW;false;1;GALLERIA;import;Rapprochement Odoo par default_code a effectuer.
6037LYPP4RV;DEFL ARG PRIV NAVARA DOUBLE CAB 05-;GLACES LATERALES;Glace laterale;;product;true;true;VSF Centre;34,27;75,4;42,84;;6037LYPP4RV;false;1;Centre;import;Rapprochement Odoo par default_code a effectuer.
6037LYPR5RDW;DESC ARG PRIV PATHFINDER 04/10-;GLACES LATERALES;Glace laterale;;product;true;true;VSF Centre;63,81;140,38;79,76;;6037LYPR5RDW;false;1;R903;import;Rapprochement Odoo par default_code a effectuer.
6037RGNP4RDW;DESC ARD VT NAVARA P UP 4P      05-;GLACES LATERALES;Glace laterale;;product;true;true;VSF Centre;40,52;89,14;50,65;;6037RGNP4RDW;false;1;Centre;import;Rapprochement Odoo par default_code a effectuer.
6037RGNP4RDW1J;DESC ARD VT NIS NAVARA KING CAB 05-;GLACES LATERALES;Glace laterale;;product;true;true;VSF Centre;49,6;109,12;62;;6037RGNP4RDW1J;false;1;Centre;import;Rapprochement Odoo par default_code a effectuer.
6037RGNP4RV;DEFL ARD VT NIS NAVARA DOUBLE CAB 05-;GLACES LATERALES;Glace laterale;;product;true;true;VSF Centre;31,82;70,01;39,78;;6037RGNP4RV;false;2;Centre | T011;import;Doublon source consolide : controler quantites, prix et emplacements.
6037RGSR5FDW;DESC AVD VT PATHFINDER/NAVARA 05-;GLACES LATERALES;Glace laterale;;product;true;true;VSF Centre;65,19;143,42;81,49;;6037RGSR5FDW;false;1;Centre;import;Rapprochement Odoo par default_code a effectuer.
6037RYPP4RDW;DESC.ARD PRIV.NAVARA DOUBLE CAB 05-;GLACES LATERALES;Glace laterale;;product;true;true;VSF Centre;68,4;150,48;85,5;;6037RYPP4RDW;false;1;Centre;import;Rapprochement Odoo par default_code a effectuer.
6037RYPP4RV;DEFL ARD PRIV NAVARA DOUBLE CAB 05-;GLACES LATERALES;Glace laterale;;product;true;true;VSF Centre;35,09;77,19;43,86;;6037RYPP4RV;false;1;Centre;import;Rapprochement Odoo par default_code a effectuer.
6037RYPR5RV;DEFL ARD PRIV PATHFINDER 04/10-;GLACES LATERALES;Glace laterale;;product;true;true;VSF Centre;37,83;83,23;47,29;;6037RYPR5RV;false;1;Galléria;import;Rapprochement Odoo par default_code a effectuer.
6041AGSMV1B;PB VT NISSAN NOTE   CAPT           06-13;PARE BRISE;Pare-brise;;product;true;true;VSF Centre;78,68;173,1;98,35;;6041AGSMV1B;false;2;R206 | R318;import;Doublon source consolide : controler quantites, prix et emplacements.
6041AGSV;PB VT NISSAN NOTE 06-13;PARE BRISE;Pare-brise;;product;true;true;VSF Centre;64,08;140,98;80,1;;6041AGSV;false;3;R317 | R511 | R527;import;Doublon source consolide : controler quantites, prix et emplacements.
6041ASMH;JC PB NISSAN NOTE 06-13;JOINTS;Joint;;product;true;true;VSF Centre;10,32;22,7;12,9;;6041ASMH;false;6;R317 | R206 | R318 | J11F | R511 | J7D;import;Doublon source consolide : controler quantites, prix et emplacements.
6041BGSHW;LUN VT NISSAN NOTE                06-13;LUNETTES;Lunette;;product;true;true;VSF Centre;115,16;253,35;143,95;;6041BGSHW;false;6;Centre | R922 | R903 | GALLERIA | R934;import;Doublon source consolide : controler quantites, prix et emplacements.
6041RGSH5RQW;CUST ARD VT NISSAN NOTE 5P 06-13;GLACES LATERALES;Glace laterale;;product;true;true;VSF Centre;55,77;122,69;69,71;;6041RGSH5RQW;false;1;R907;import;Rapprochement Odoo par default_code a effectuer.
6044AGAMV1P;PB VT ACOUST.QASHQAI +CAPT 07-14;PARE BRISE;Pare-brise;;product;true;true;VSF Centre;103,2;227,04;129;;6044AGAMV1P;false;16;R302 | R229 | Centre | R408 | R204 | R112 | R201 | R309 | R633 | R319 | R531 | R632 | CASSE;import;Doublon source consolide : controler quantites, prix et emplacements.
6044AGAMV1P-O;PB VT ACOUST QASHQAI 1 CAPT       07-14;PARE BRISE;Pare-brise;;product;true;true;CLIENT;;;;;6044AGAMV1P-O;false;1;R820;import;Rapprochement Odoo par default_code a effectuer. PRIX RV absent : standard_price non calculable, phase de cout a exclure.
6044AGAV;PB VT ACOUS.NISSAN QASHQAI 07-14;PARE BRISE;Pare-brise;;product;true;true;VSF Centre;84,8;186,56;106;;6044AGAV;false;3;R328 | R320 | R501;import;Doublon source consolide : controler quantites, prix et emplacements.
6044AGSMV1P;PB VT NISSAN QASHQAI +CAPT 07-14;PARE BRISE;Pare-brise;;product;true;true;VSF Centre;94,24;207,33;124;;6044AGSMV1P;false;22;R232 | R331 | Centre | R217 | R624 | R503 | R726 | R612 | R737 | R417 | R422 | R134 | R635 | R715 | R210 | GALLERIA | R609 | R533 | R832 | R532;import;Doublon source consolide : controler quantites, prix et emplacements.
6044AGSMV1P-O;PB VT NISSAN QASHQAI +CAPT 07-14;PARE BRISE;Pare-brise;;product;true;true;OCCASION;;;;;6044AGSMV1P-O;false;1;R124;import;Rapprochement Odoo par default_code a effectuer. PRIX RV absent : standard_price non calculable, phase de cout a exclure.
6044AGSV;PB VT NISSAN QASHQAI 1             07-14;PARE BRISE;Pare-brise;;product;true;true;VSF Centre;142,39;313,26;177,99;;6044AGSV;false;3;R208 | R638 | R428;import;Doublon source consolide : controler quantites, prix et emplacements.
6044ASMR;JC PB NISSAN QASHQAI  TOIT TOLE 07-14;JOINTS;Joint;;product;true;true;VSF Ouest;44,08;96,98;58;;6044ASMR;false;19;J4B | R328 | R331 | R229 | Tringle | Centre | JT009 | J3A | JT007 | J1B | J6A | GALLERIA | J9B | J10B | J3C;import;Doublon source consolide : controler quantites, prix et emplacements.
6044ASMR1D;JC PB NISSAN QASHQAI TOIT VITRE 07-14;JOINTS;Joint;;product;true;true;VSF Ouest;51,68;113,7;68;;6044ASMR1D;false;20;R331 | R328 | Centre | Carton Joints | Tringle | JT029 | D2 (Joints) | J7C | JT009 | R612 | J9A | J4A | GALLERIA | J2G;import;Doublon source consolide : controler quantites, prix et emplacements.
6044ASMRBKL1H;JC INF COIN G NISSAN QASHQAI TOLE 07-14;JOINTS;Joint;;product;true;true;VSF Centre;29,3;64,46;41,86;;;false;1;J11A;import;Rapprochement Odoo par default_code a effectuer.
6044ASMRBKR1H;JC INF COIN D NISSAN QASHQAI TOLE;JOINTS;Joint;;product;true;true;VSF Centre;29,3;64,46;41,86;;;false;1;J11C;import;Rapprochement Odoo par default_code a effectuer.
6044BGSRW;LUN VT QASHQAI 1  5 PLACES     06-14;LUNETTES;Lunette;;product;true;true;VSF Centre;80,38;176,84;100,48;;6044BGSRW;false;3;Centre | R934 | GALLERIA;import;Doublon source consolide : controler quantites, prix et emplacements.
6044BYPRW;LUN PRIV NISSAN QASHQAI 1 5 PLACES 06-14;LUNETTES;Lunette;;product;true;true;VSF Centre;150,48;331,06;188,1;;6044BYPRW;false;2;Galléria | R305;import;Doublon source consolide : controler quantites, prix et emplacements.
6044LGSR5FDW;DESC.AVG VT NISSAN QASHQAI 06-14;GLACES LATERALES;Glace laterale;;product;true;true;VSF Centre;48;105,6;60;;6044LGSR5FDW;false;4;Centre | Rack Plafond 2 | R917;import;Doublon source consolide : controler quantites, prix et emplacements.
6044LGSR5RDW;DESC ARG VT NISSAN QASHQAI 06-14;GLACES LATERALES;Glace laterale;;product;true;true;VSF Centre;53,01;116,62;66,26;;6044LGSR5RDW;false;1;Centre;import;Rapprochement Odoo par default_code a effectuer.
6044LGSR5RQ;CUSTODE ARRIÈRE GAUCHE TEINTÉ VERT NISSAN QASHQAI 1     06-14MO 1.70;GLACES LATERALES;Glace laterale;;product;true;true;MARTINIQUE AUTO;135,65;135,65;135,65;;6044LGSR5RQ;false;1;GALLERIA;import;Rapprochement Odoo par default_code a effectuer.
6044RGSR5FDW;DESC.AVD VT NISSAN QASHQAI 06-14;GLACES LATERALES;Glace laterale;;product;true;true;MPB;78;78;78;;6044RGSR5FDW;false;1;Centre;import;Rapprochement Odoo par default_code a effectuer.
6045AGS;PB VT NISSAN CABSTAR/RVI MAXITY 07-14;PARE BRISE;Pare-brise;;product;true;true;VSF Centre;79,2;174,24;99;;6045AGS;false;16;R423 | R110 | R538 | R513 | R626 | R520 | R420 | R709 | R523 | R517 | R503 | CASSE | GALLERIA | R324 | R530;import;Doublon source consolide : controler quantites, prix et emplacements.
6045ASML;JC PB NISSAN CABSTAR/RVI MAXITY 07-14;JOINTS;Joint;;product;true;true;VSF Centre;19,31;42,49;24,14;;6045ASML;false;5;J10B | J7B | J6B | J7D;import;Doublon source consolide : controler quantites, prix et emplacements.
6045ASMV;JC PB NISS.CABSTAR/RENAULT MAXITY 07-14;JOINTS;Joint;;product;true;true;VSF Centre;9,6;21,12;12;;6045ASMV;false;6;R423 | R538 | R513 | R626 | J3B | JT004;import;Doublon source consolide : controler quantites, prix et emplacements.
6045BGSLU;LUN VT CABINE NISSAN CABSTAR 07-14;LUNETTES;Lunette;;product;true;true;VSF Centre;36,82;81,01;46,03;;6045BGSLU;false;1;R906;import;Rapprochement Odoo par default_code a effectuer.
6045LGSV2FDW;DESC AVG VT CABSTAR/MAXITY   07-14;GLACES LATERALES;Glace laterale;;product;true;true;VSF Centre;76,8;168,96;96;;6045LGSV2FDW;false;1;R909;import;Rapprochement Odoo par default_code a effectuer.
6045RGSV2FDW;DESC AVD VT CABSTAR/MAXITY   07-14;GLACES LATERALES;Glace laterale;;product;true;true;VSF Centre;64,22;141,28;80,27;;6045RGSV2FDW;false;1;Centre;import;Rapprochement Odoo par default_code a effectuer.
6046AGSV;PB VT NISSAN TIIDA VISA    07-;PARE BRISE;Pare-brise;;product;true;true;VSF Centre;84,06;184,94;105,08;;6046AGSV;false;3;Génipa | R720 | R711;import;Doublon source consolide : controler quantites, prix et emplacements.
6046ASMH;JT PB NISSAN TIIDA VISA      07-;JOINTS;Joint;;product;true;true;VSF Centre;18,81;41,38;23,51;;6046ASMH;false;2;Génipa | J6B;import;Doublon source consolide : controler quantites, prix et emplacements.
6046BGSHW;LUN VT NISSAN TIIDA 5P HAYON 07-;LUNETTES;Lunette;;product;true;true;VSF Centre;175,82;386,81;219,78;;6046BGSHW;false;2;D2 | R202;import;Doublon source consolide : controler quantites, prix et emplacements.
6046RGSH5FDW;DESC AVD VT NISSAN TIIDA 4/5P 07-;GLACES LATERALES;Glace laterale;;product;true;true;VSF Centre;112,43;247,35;140,54;;6046RGSH5FDW;false;1;R222;import;Rapprochement Odoo par default_code a effectuer.
6046RGSH5RDW;DESC ARD VT TIIDA 5P HAYON 07-;GLACES LATERALES;Glace laterale;;product;true;true;VSF Centre;80,06;176,12;100,07;;6046RGSH5RDW;false;1;R234;import;Rapprochement Odoo par default_code a effectuer.
6047AGAM2B;PB VT NISSAN X TRAIL 2  CAPT    11-14;PARE BRISE;Pare-brise;;product;true;true;VSF Centre;133,66;294,06;167,08;;6047AGAM2B;false;1;Posé;import;Rapprochement Odoo par default_code a effectuer.
6047BGNR;LUN VT NISSAN X TRAIL II       07-14;LUNETTES;Lunette;;product;true;true;VSF Centre;134,21;295,26;167,76;;6047BGNR;false;1;D2;import;Rapprochement Odoo par default_code a effectuer.
6047LGNR5RQZ;CUST ARG VT NISSAN X-TRAIL II 07-14;GLACES LATERALES;Glace laterale;;product;true;true;VSF Centre;167,29;368,03;209,11;;6047LGNR5RQZ;false;1;R913;import;Rapprochement Odoo par default_code a effectuer.
6058AGS;PB VT NISSAN PIXO / SUZUKI ALTO 09-;PARE BRISE;Pare-brise;;product;true;true;VSF Centre;81,99;180,38;102,49;;6058AGS;false;2;R217 | R506;import;Doublon source consolide : controler quantites, prix et emplacements.
6058ASMH;JC PB NISSAN PIXO/ALTO            10-;JOINTS;Joint;;product;true;true;VSF Centre;20,7;45,55;25,88;;6058ASMH;false;2;R217 | Dépôt 2;import;Doublon source consolide : controler quantites, prix et emplacements.
6058BGSH;LUN.VT NISSAN PIXO      09-;LUNETTES;Lunette;;product;true;true;VSF Centre;79,2;174,24;99;;6058BGSH;false;1;Centre;import;Rapprochement Odoo par default_code a effectuer.
6058LGSH5RDOW;GLACE PTE ARG VT NISSAN PIXO 09-;GLACES LATERALES;Glace laterale;;product;true;true;VSF Centre;55,44;121,97;69,3;;;false;1;GALLERIA;import;Rapprochement Odoo par default_code a effectuer.
6058RGSH5RDOW;GLACE PTE ARD VT NISSAN PIXO 09-;GLACES LATERALES;Glace laterale;;product;true;true;VSF Centre;57,32;126,1;71,65;;;false;1;R915;import;Rapprochement Odoo par default_code a effectuer.
6062AGNBLMV1B;PB VTBL NISSAN NV200   CAPT      10-;PARE BRISE;Pare-brise;;product;true;true;VSF Centre;148,26;326,18;185,33;;;false;1;R630;import;Rapprochement Odoo par default_code a effectuer.
6062AGNBLV;PB VTBL NISSAN NV200    10-;PARE BRISE;Pare-brise;;product;true;true;VSF Centre;119,29;262,43;149,11;;6062AGNBLV;false;1;R427;import;Rapprochement Odoo par default_code a effectuer.
6062AGNMV1B;PB VT NISSAN NV200   CAPT      10-;PARE BRISE;Pare-brise;;product;true;true;VSF Centre;118,38;260,44;147,98;;6062AGNMV1B;false;2;Centre | R435;import;Doublon source consolide : controler quantites, prix et emplacements.
6062AGNV;PB VT NISSAN NV200      10-;PARE BRISE;Pare-brise;;product;true;true;VSF Centre;106,84;235,05;133,55;;6062AGNV;false;3;R433 | Dépôt 1 | Génipa;import;Doublon source consolide : controler quantites, prix et emplacements.
6062AGNV-PERDU;PB VT NISSAN NV200      10-;PARE BRISE;Pare-brise;;product;true;true;VSF Centre;108,44;238,57;135,55;;6062AGNV-PERDU;false;1;PERDUE;import;Rapprochement Odoo par default_code a effectuer.
6062BYPV;LUN PRIVACY NV200 HAYON  09-;LUNETTES;Lunette;;product;true;true;VSF Centre;174,55;384,01;218,19;;6062BYPV;false;1;R205;import;Rapprochement Odoo par default_code a effectuer.
6062RGSV2FDW;DESC AVD VT NISSAN NV200 09-;GLACES LATERALES;Glace laterale;;product;true;true;VSF Centre;134,02;294,85;167,53;;6062RGSV2FDW;false;1;R234;import;Rapprochement Odoo par default_code a effectuer.
6069AGAMV1P;PB VT ACO.NISSAN JUKE+CAPT.10-14;PARE BRISE;Pare-brise;;product;true;true;VSF Centre;103,2;227,04;129;;6069AGAMV1P;false;3;R329 | R428 | R325;import;Doublon source consolide : controler quantites, prix et emplacements.
6069AGAV;PB VT ACOUS.NISSAN JUKE   10-;PARE BRISE;Pare-brise;;product;true;true;VSF Centre;95,2;209,44;119;;6069AGAV;false;13;R328 | R305 | R310 | R403 | R411 | R102 | R313 | R205 | R428 | Posé | R527 | R510 | R612;import;Doublon source consolide : controler quantites, prix et emplacements.
6069AGSMV6P;PB VT NISSAN JUKE CAPT       14-20;PARE BRISE;Pare-brise;;product;true;true;VSF Centre;116;255,2;145;;6069AGSMV6P;false;2;R229 | R715;import;Doublon source consolide : controler quantites, prix et emplacements.
6069AGSV;PB VT NISSAN JUKE             10-;PARE BRISE;Pare-brise;;product;true;true;VSF Centre;87,43;192,35;109,29;;6069AGSV;false;8;R726 | R711 | R622 | R730 | CASSE | R715 | R831 | R816;import;Doublon source consolide : controler quantites, prix et emplacements.
6069AGSV-O;PB VT NISSAN JUKE 10-;PARE BRISE;Pare-brise;;product;true;true;OCCASION;;;;;6069AGSV-O;false;1;R124;import;Rapprochement Odoo par default_code a effectuer. PRIX RV absent : standard_price non calculable, phase de cout a exclure.
6069ASMR;JC PB NISSAN JUKE     10-;JOINTS;Joint;;product;true;true;VSF Ouest;8,8;19,36;11;;6069ASMR;false;23;R305 | R310 | R403 | R411 | J6B | R102 | R313 | Tringle | R527 | J5D | J9B | R726 | R711 | R622 | R730 | J3B | J2B | J10B;import;Doublon source consolide : controler quantites, prix et emplacements. Variantes de casse/espacement fusionnees dans la source : 6069ASMR, 6069asmr.
6069BGSRZ;LUN VT NISSAN JUKE       10-;LUNETTES;Lunette;;product;true;true;VSF Centre;95,2;209,44;119;;6069BGSRZ;false;3;Centre | R720;import;Doublon source consolide : controler quantites, prix et emplacements.
6069BYPRZ;LUN VT PRIVACY JUKE     10-;LUNETTES;Lunette;;product;true;true;VSF Centre;103,2;227,04;129;;6069BYPRZ;false;1;Centre;import;Rapprochement Odoo par default_code a effectuer.
6069RGSR5FDW;DESC AVD VT NISSAN JUKE 10-;GLACES LATERALES;Glace laterale;;product;true;true;VSF Centre;63,2;139,04;79;;6069RGSR5FDW;false;1;Galléria;import;Rapprochement Odoo par default_code a effectuer.
6069RYPR5RDW;DESC ARD PRIVACY JUKE 10-20;GLACES LATERALES;Glace laterale;;product;true;true;VSF Centre;68;149,6;85;;6069RYPR5RDW;false;1;T010;import;Rapprochement Odoo par default_code a effectuer.
6076AGNMV1B;PB VT NISSAN MICRA K13 LHD CAPT 11-;PARE BRISE;Pare-brise;;product;true;true;VSF Centre;106,84;235,05;133,55;;6076AGNMV1B;false;2;R318 | R315;import;Doublon source consolide : controler quantites, prix et emplacements.
6076AGNV;PB VT NISSAN MICRA K13 LHD  11-;PARE BRISE;Pare-brise;;product;true;true;VSF Centre;77,02;169,45;96,28;;6076AGNV;false;4;R305 | R734 | R634 | R631;import;Doublon source consolide : controler quantites, prix et emplacements.
6076ASMH;JC PB NISSAN MICRA K13      11-;JOINTS;Joint;;product;true;true;VSF Centre;9,98;21,96;12,48;;6076ASMH;false;6;R305 | R318 | Centre | R634 | JT004 | J1B;import;Doublon source consolide : controler quantites, prix et emplacements.
6076BGNH;LUN VT NISSAN MICRA K13   10-17;LUNETTES;Lunette;;product;true;true;VSF Centre;81,61;179,54;102,01;;6076BGNH;false;1;GALLERIA;import;Rapprochement Odoo par default_code a effectuer.
6076LYPH5RV;DEFL ARG PRIV NISSAN MICRA K13 10-17;GLACES LATERALES;Glace laterale;;product;true;true;VSF Centre;54,45;119,79;68,06;;6076LYPH5RV;false;1;R906;import;Rapprochement Odoo par default_code a effectuer.
6076RGNH5FDW;GLACE DESCENDANTE AVANT DROIT TEINTÉ VERT NISSAN MICRA K13 11-;GLACES LATERALES;Glace laterale;;product;true;true;MA;98,28;98,28;98,28;;6076RGNH5FDW;false;1;Centre;import;Rapprochement Odoo par default_code a effectuer.
6082AGSM;PB VT NISSAN NOTE II  CAPT           13-;PARE BRISE;Pare-brise;;product;true;true;VSF Centre;91,63;201,59;114,54;;6082AGSM;false;1;R206;import;Rapprochement Odoo par default_code a effectuer.
6082AGSM-PERDU;PB VT NISSAN NOTE II  CAPT           13-;PARE BRISE;Pare-brise;;product;true;true;VSF Centre;91,63;201,59;114,54;;6082AGSM-PERDU;false;1;PERDUE;import;Rapprochement Odoo par default_code a effectuer.
6082ASMH;JC PB NISSAN NOTE II T TOLE     13-;JOINTS;Joint;;product;true;true;VSF Centre;34,79;76,54;43,49;;6082ASMH;false;1;Carton Joints;import;Rapprochement Odoo par default_code a effectuer.
6082ASMH-PERDU;JC PB NISSAN NOTE II T TOLE     13-;JOINTS;Joint;;product;true;true;VSF Centre;34,79;76,54;43,49;;6082ASMH-PERDU;false;1;PERDUE;import;Rapprochement Odoo par default_code a effectuer.
6082BGSHBZ;LUN.VT NISSAN NOTE II             13-;LUNETTES;Lunette;;product;true;true;VSF Centre;111,2;244,64;139;;6082BGSHBZ;false;1;Centre;import;Rapprochement Odoo par default_code a effectuer.
6082RGSH5FQZ;CUSTODE AVANT DROIT TEINTÉ VERT NISSAN NOTE II 13-MO 2.00;GLACES LATERALES;Glace laterale;;product;true;true;MA;243,55;243,55;243,55;;6082RGSH5FQZ;false;1;Centre;import;Rapprochement Odoo par default_code a effectuer.
6084AGACIMVZ95;PB VT ACO QASHQAI 2 CAPT CAM 17-21;PARE BRISE;Pare-brise;;product;true;true;VSF Centre;194,4;427,68;243;;;false;2;R432 | GENIPA;import;Doublon source consolide : controler quantites, prix et emplacements.
6084AGACIMVZ96;PB VT ACO QASHQAI 2 CAPT CAM 17-;PARE BRISE;Pare-brise;;product;true;true;VSF Centre;182,62;401,76;228,27;;6084AGACIMVZ96;false;4;R531 | R636 | Galléria | R828;import;Doublon source consolide : controler quantites, prix et emplacements.
6084AGACMVZ1C;PB VT ACO.QASHQAI II +CAPT+LDW 14-;PARE BRISE;Pare-brise;;product;true;true;VSF Centre;147,2;323,84;184;;6084AGACMVZ1C;false;11;R331 | R311 | R307 | R633 | R523 | R212 | R509 | Centre | R502 | R609 | R728;import;Doublon source consolide : controler quantites, prix et emplacements.
6084AGAMVZ1C;PB VT ACO.QASHQAI II +CAPT     14-;PARE BRISE;Pare-brise;;product;true;true;VSF Centre;111,2;244,64;139;;6084AGAMVZ1C;false;12;R420 | R435 | Centre | R206 | R415 | R530 | R725 | R726 | R608 | R824;import;Doublon source consolide : controler quantites, prix et emplacements.
6084AGAMVZ95;PB VT ACO NISSAN QASHQAI 2 CAPT 17-;PARE BRISE;Pare-brise;;product;true;true;VSF Centre;147,54;324,58;184,42;;6084AGAMVZ95;false;7;R620 | R632 | CASSE | R528 | R733 | R230 | GALLERIA;import;Doublon source consolide : controler quantites, prix et emplacements.
6084AGAVZ;PB VT ACO QASHQAI II                14-;PARE BRISE;Pare-brise;;product;true;true;VSF Centre;115,13;253,28;143,91;;6084AGSVZ;true;1;Centre;import;Rapprochement Odoo par default_code a effectuer. EUROCODE INTERNE diverge de EUROCODE : arbitrage RPBM requis sur la reference qui fait foi.
6084AGSCMVZ1C;PB VT QASHQAI II  CAPT CAM 14-17;PARE BRISE;Pare-brise;;product;true;true;VSF Centre;170,01;374,02;212,51;;;false;1;GENIPA;import;Rapprochement Odoo par default_code a effectuer.
6084AGSMVZ1C;PB VT NISSAN QASHQAI II  CAPT     14-17;PARE BRISE;Pare-brise;;product;true;true;VSF Centre;124,59;274,1;155,74;;6084AGSMVZ1C;false;1;R615;import;Rapprochement Odoo par default_code a effectuer.
6084AGSVZ;PB VT NISSAN QASHQAI II        14-;PARE BRISE;Pare-brise;;product;true;true;VSF Centre;97,55;214,61;121,94;;6084AGAVZ;true;1;R628;import;Rapprochement Odoo par default_code a effectuer. EUROCODE INTERNE diverge de EUROCODE : arbitrage RPBM requis sur la reference qui fait foi.
6084ASMR;JC PB QASHQAI II T.TOLE 14-;JOINTS;Joint;;product;true;true;VSF Centre;23,92;52,62;29,9;;6084ASMR;false;27;R331 | R420 | R311 | R435 | Centre | Tringle | R307 | R628 | R415 | D2 | J4D | J9D | J3C | J5B | J10B | J10D | GALLERIA;import;Doublon source consolide : controler quantites, prix et emplacements. Variantes de casse/espacement fusionnees dans la source : 6084ASMR, 6084asmr.
6084ASMR1D;JC PB QASHQAI II T.VITRE       14-;JOINTS;Joint;;product;true;true;VSF Centre;31,2;68,64;39;;6084ASMR1D;false;12;JT027 | Centre | R633 | R523 | JT024 | Génipa | R531 | J10A | J4D | J9B | J2G;import;Doublon source consolide : controler quantites, prix et emplacements.
6084BGNRZ - O;LUNETTE TEINTÉ VERT QASHQAI II 1 TROU 14-21MO 2.20;LUNETTES;Lunette;;product;true;false;Occasion;;;;;6084BGNRZ-O;false;2;R920 | R919;exclusion_format_eurocode;Doublon source consolide : controler quantites, prix et emplacements. EXCLUE DE L'IMPORT (decision RPBM du 2026-08-05, D3) : format d'eurocode suspect (annotation, code constructeur, texte libre). Sans x_studio_eurocode valide, la fiche serait invisible au widget rpbm_agent et non synchronisable. A reprendre a la main dans le fichier Excel si la reference doit exister. PRIX RV absent : standard_price non calculable, phase de cout a exclure. Variantes de casse/espacement fusionnees dans la source : 6084BGNRZ - O, 6084BGNRZ-O.
6084BYPRZ;LUNETTE PRIVACY (NOIR) QASHQAI II 1 TROU 14-21MO 2,20;LUNETTES;Lunette;;product;true;true;VSF Centre;140,22;308,48;175,27;;6084BYPRZ;false;1;GENIPA;import;Rapprochement Odoo par default_code a effectuer.
6084GZPR5PR;TOIT VITRE QASHQAI II      14-21;TOIT;Autres;Toit panoramique;product;true;true;VSF Centre;1570,34;3454,76;1962,93;;6084GZPR5PR;false;1;R631;import;Rapprochement Odoo par default_code a effectuer.
6084LGSR5FDW;GLACE DESCENDANTE AVANT GAUCHE TEINTÉ VERT QASHQAI 2 14-;GLACES LATERALES;Glace laterale;;product;true;true;MA;151,2;151,2;151,2;;6084LGSR5FDW;false;3;Centre | D2 | R905;import;Doublon source consolide : controler quantites, prix et emplacements.
6084LGSR5RDW;DESC.ARG VT QASHQAI 2 14-;GLACES LATERALES;Glace laterale;;product;true;true;MA;138,32;138,32;138,32;;6084LGSR5RDW;false;3;Centre | R222;import;Doublon source consolide : controler quantites, prix et emplacements.
6084RGSR5FDW;DESC AVD VT QASHQAI 2 14-;GLACES LATERALES;Glace laterale;;product;true;true;VSF Centre;48,14;105,92;60,18;;6084RGSR5FDW;false;1;Centre;import;Rapprochement Odoo par default_code a effectuer.
6089AGNMV;PB VT NISSAN PULSAR LHD C13 CAPT 14-18;PARE BRISE;Pare-brise;;product;true;true;VSF Centre;125,31;275,69;156,64;;6089AGNMV;false;2;R602 | R723;import;Doublon source consolide : controler quantites, prix et emplacements.
6089ASMH;JC PB NISSAN PULSAR   14-18;JOINTS;Joint;;product;true;true;VSF Centre;36,31;79,89;45,39;;6089ASMH;false;2;JT009 | J5B;import;Doublon source consolide : controler quantites, prix et emplacements.
6089BYPHZ;LUN PRIV NISSAN PULSAR   14-18;LUNETTES;Lunette;;product;true;true;VSF Centre;117,55;258,61;146,94;;6089BYPHZ;false;1;R924;import;Rapprochement Odoo par default_code a effectuer.
6091AGACMVZ;PB VT AC X-TRAIL 3  CAPT LDW 14-17;PARE BRISE;Pare-brise;;product;true;true;VSF Centre;125,26;275,56;156,57;;6091AGACMVZ;false;4;R314 | Posé | R529 | GENIPA;import;Doublon source consolide : controler quantites, prix et emplacements.
6091AGACMZ1L;PB VT AC X-TRAIL 3  CAPT LDW 17-;PARE BRISE;Pare-brise;;product;true;true;VSF Centre;239,54;527;299,43;;6091AGACMZ1L;false;3;R513 | R511 | R734;import;Doublon source consolide : controler quantites, prix et emplacements.
6091ASMR;JC PB NISSAN X-TRAIL 3 14-;JOINTS;Joint;;product;true;true;Panther Pro;11,42;25,13;16,32;;6091ASMR;false;5;Tringle | R513 | D2 | J3E | J1B;import;Doublon source consolide : controler quantites, prix et emplacements.
6091BGNRZ;LUN VT NISSAN X-TRAIL 3 14-20;LUNETTES;Lunette;;product;true;true;VSF Centre;161,02;354,24;201,27;;6091BGNRZ;false;1;R211;import;Rapprochement Odoo par default_code a effectuer.
6091BYPRAZ;LUN PRIV NISSAN X-TRAIL 3 ANT  14-20;LUNETTES;Lunette;;product;true;true;VSF Centre;132,49;291,47;165,61;;6091BYPRAZ;false;1;R930;import;Rapprochement Odoo par default_code a effectuer.
6091BYPRZ;LUN PRIV NISSAN X-TRAIL 3 14-;LUNETTES;Lunette;;product;true;true;VSF Centre;111,29;244,83;139,11;;6091BYPRZ;false;2;R711 | R923;import;Doublon source consolide : controler quantites, prix et emplacements.
6091LGSR5FDW;DESC AVG VT X-TRAIL 3  14-;GLACES LATERALES;Glace laterale;;product;true;true;VSF Centre;85,14;187,3;106,42;;6091LGSR5FDW;false;1;Centre;import;Rapprochement Odoo par default_code a effectuer.
6091LYPR5RQZ;CUST ARG PRIV X-TRAIL 3  14-;GLACES LATERALES;Glace laterale;;product;true;true;Concess FR;169,11;372,04;169,11;;6091LYPR5RQZ;false;1;Centre;import;Rapprochement Odoo par default_code a effectuer.
6091RYPR5RQZ;CUST.ARD PRIV.X-TRAIL 3 14-;GLACES LATERALES;Glace laterale;;product;true;true;VSF Centre;108,23;238,11;135,29;;6091RYPR5RQZ;false;1;Centre;import;Rapprochement Odoo par default_code a effectuer.
6094AGABLV1B;PARE-BRISE TEINTÉ VERT DÉGRADÉ BLEU ACOUSTIQUE NISSAN NAVARA NP300 15-MO 1.90;PARE BRISE;Pare-brise;;product;true;true;MA;416,33;416,33;416,33;;6094AGABLV1B;false;2;Centre | R502;import;Doublon source consolide : controler quantites, prix et emplacements.
6094AGNV;PB VT NISSAN NAVARA NP300 15-;PARE BRISE;Pare-brise;;product;true;true;VSF Centre;82,38;181,24;102,98;;6094AGNV;false;4;R708 | R529 | R136 | R538;import;Doublon source consolide : controler quantites, prix et emplacements.
6094ASMP;JC PB NISSAN NAVARA NP300 15-;JOINTS;Joint;;product;true;true;VSF Centre;7,68;16,9;9,6;;6094ASMP;false;4;J5D | JT004 | J10F | J5B;import;Doublon source consolide : controler quantites, prix et emplacements.
6094BYPPZ;LUN PRIV CABINE NAVARA NP300  15-;LUNETTES;Lunette;;product;true;true;VSF Centre;159,94;351,88;199,93;;6094BYPPZ;false;2;D2 | R933;import;Doublon source consolide : controler quantites, prix et emplacements.
6094LGNP4FDW;DESC AVG VT NAVARA NP300    15-;GLACES LATERALES;Glace laterale;;product;true;true;VSF Centre;135,74;298,62;169,67;;6094LGNP4FDW;false;1;Centre;import;Rapprochement Odoo par default_code a effectuer.
6094RGNP4FDW;DESC AVD VT NAVARA NP300   15-;GLACES LATERALES;Glace laterale;;product;true;true;VSF Centre;133,73;294,2;167,16;;6094RGNP4FDW;false;2;Centre | D2;import;Doublon source consolide : controler quantites, prix et emplacements.
6097AGACIMV;PB VT ACO NISSAN MICRA K14 CAPT LDW 17-;PARE BRISE;Pare-brise;;product;true;true;VSF Centre;106,32;233,9;132,9;;6097AGACIMV;false;3;R503 | R518 | R519;import;Doublon source consolide : controler quantites, prix et emplacements.
6097AGAIMV;PB VT ACO NISSAN MICRA K14 CAPT 17-;PARE BRISE;Pare-brise;;product;true;true;VSF Centre;116,64;256,61;145,8;;;false;1;DOMICILE;import;Rapprochement Odoo par default_code a effectuer.
6097AGAV;PB VT ACO NISSAN MICRA K14 17-;PARE BRISE;Pare-brise;;product;true;true;VSF Centre;110,02;242,04;137,52;;6097AGAV;false;5;GALLERIA | R533 | R626 | R519;import;Doublon source consolide : controler quantites, prix et emplacements.
6097AGSIMV;PB VT NISSAN MICRA K14 CAPT 17-;PARE BRISE;Pare-brise;;product;true;true;VSF Centre;141,34;310,94;185,97;;;false;2;R429 | GENIPA;import;Doublon source consolide : controler quantites, prix et emplacements.
6097LGSH5FDW;DESC AVG VT NISSAN MICRA K14       17-;GLACES LATERALES;Glace laterale;;product;true;true;VSF Centre;43,22;95,08;54,02;;6097LGSH5FDW;false;1;R906;import;Rapprochement Odoo par default_code a effectuer.
6097LGSH5FV;DEFL AVG VT NISSAN MICRA K14       17-;GLACES LATERALES;Glace laterale;;product;true;true;VSF Centre;52,08;114,58;65,1;;;false;1;GENIPA;import;Rapprochement Odoo par default_code a effectuer.
6097LGSH5RDW;DESC ARG VT NISSAN MICRA K14       17-;GLACES LATERALES;Glace laterale;;product;true;true;VSF Centre;47,2;103,84;59;;;false;1;GENIPA;import;Rapprochement Odoo par default_code a effectuer.
6097RGSH5FV;DEFL AVD VT NISSAN MICRA K14     17-;GLACES LATERALES;Glace laterale;;product;true;true;VSF Centre;49,6;109,12;62;;;false;1;GALLERIA;import;Rapprochement Odoo par default_code a effectuer.
6097RGSH5FVZ;DÉFLECTEUR AVANT DROIT TEINTÉ VERT NISSAN MICRA 17-;GLACES LATERALES;Glace laterale;;product;true;true;MA;105,84;105,84;105,84;;6097RGSH5FVZ;false;1;Centre;import;Rapprochement Odoo par default_code a effectuer.
6097RGSH5RDW;DESC ARD VT NISSAN MICRA K14       17-;GLACES LATERALES;Glace laterale;;product;true;true;VSF Centre;35,2;77,44;44;;6097RGSH5RDW;false;1;Galléria;import;Rapprochement Odoo par default_code a effectuer.
6102AGACIMVZ;PB VT AC JUKE 2 LHD CAPT CAM 20-;PARE BRISE;Pare-brise;;product;true;true;VSF Centre;166,92;367,22;208,65;;6102AGACIMVZ;false;2;R538 | GALLERIA;import;Doublon source consolide : controler quantites, prix et emplacements.
6102AGACIVZ;PB VT AC NISSAN JUKE 2 LHD CAM 20-;PARE BRISE;Pare-brise;;product;true;true;VSF Centre;161,78;355,92;202,23;;6102AGACIVZ;false;1;R229;import;Rapprochement Odoo par default_code a effectuer.
6102BGSR;LUN VT NISSAN JUKE 2  20-;LUNETTES;Lunette;;product;true;true;VSF Centre;90,6;199,32;113,25;;;false;1;R710;import;Rapprochement Odoo par default_code a effectuer.
620696;OPTIQUE AVD PEUGEOT 207;PHARES;Autres;Optique;product;true;true;BLUE AUTO;386,75;386,75;386,75;;620696;false;1;GALLERIA;import;Rapprochement Odoo par default_code a effectuer.
620896;OPTIQUE AVG PEUGEOT 207;PHARES;Autres;Optique;product;true;true;BLUE AUTO;386,75;386,75;386,75;;620896;false;1;GALLERIA;import;Rapprochement Odoo par default_code a effectuer.
6244ABZBZ;PB BZBZ ASCONA C SS EMBASE      81-88;PARE BRISE;Pare-brise;;product;true;true;VSF Centre;70,49;155,07;88,11;;;false;1;R421;import;Rapprochement Odoo par default_code a effectuer.
6244ASRH;JT PB OPEL ASCONA C A ENJ. 81-88;JOINTS;Joint;;product;true;true;PANTHER PRO;32,1;70,61;40,12;;;false;1;JDessus;import;Rapprochement Odoo par default_code a effectuer.
6253AGNBL;PB VTBL OPEL VECTRA A              88-95;PARE BRISE;Pare-brise;;product;true;true;VSF Centre;62,83;131,94;78,54;;6253AGNBL;false;1;R432;import;Rapprochement Odoo par default_code a effectuer.
6253ASMH;JC PB OPEL VECTRA A                88-95;JOINTS;Joint;;product;true;true;VSF Ouest;12,44;27,37;15,55;;6253ASMH;false;1;Tringle;import;Rapprochement Odoo par default_code a effectuer.
6257BGNH;LUN VT OPEL ASTRA F 3/5PTES   91-98;LUNETTES;Lunette;;product;true;true;VSF Centre;77,67;170,88;97,09;;6257BGNH;false;1;Centre;import;Rapprochement Odoo par default_code a effectuer.
6258AGN;PB VT FRONTERA I / ISUZU CAMPO 91-98;PARE BRISE;Pare-brise;;product;true;true;VSF Centre;106,95;235,29;133,69;;6258AGN;false;1;R303;import;Rapprochement Odoo par default_code a effectuer.
6258AGNBL;PB VTBL FRONTERA I / ISUZU CAMPO   91-98;PARE BRISE;Pare-brise;;product;true;true;VSF Centre;106,95;235,29;133,69;;6258AGNBL;false;1;R402;import;Rapprochement Odoo par default_code a effectuer.
6258ASMRT;JC SUP PB OPEL FRONTERA I /CAMPO 91-98;JOINTS;Joint;;product;true;true;VSF Centre;8,2;18,04;10,25;;6258ASMRT;false;2;Caisse | R402;import;Doublon source consolide : controler quantites, prix et emplacements.
6259AGN;PB VT OPEL CORSA B 93-00;PARE BRISE;Pare-brise;;product;true;true;VSF Centre;58,05;127,71;72,56;;6259AGN;false;1;R305;import;Rapprochement Odoo par default_code a effectuer.
6259AGNBL;PB VTBL OPEL CORSA B               93-00;PARE BRISE;Pare-brise;;product;true;true;VSF Centre;59,54;131;74,43;;6259AGNBL;false;12;R412 | CASSE | Centre | R220 | R231 | R323 | R228 | R225 | R622 | R629 | R732;import;Doublon source consolide : controler quantites, prix et emplacements.
6259ASMH;JC PB OPEL CORSA B 93-00;JOINTS;Joint;;product;true;true;VSF Centre;11,13;24,49;13,91;;6259ASMH;false;12;R305 | R412 | CASSE | R220 | J7D | Caisse | D2 (Joints) | Carton Joints | R225 | J5E | J5D | J10D;import;Doublon source consolide : controler quantites, prix et emplacements.
6277AGNBL1B;PB VTBL OPEL VECTRA B 95-3/02;PARE BRISE;Pare-brise;;product;true;true;VSF Centre;66,21;145,66;82,76;;6277AGNBL1B;false;2;Centre | R719;import;Doublon source consolide : controler quantites, prix et emplacements.
6277AKMH2F;JCS SUP+INF.PB OPEL VECTRA B 95-02;JOINTS;Joint;;product;true;true;VSF Centre;14,75;32,45;18,44;;6277AKMH2F;false;1;Centre;import;Rapprochement Odoo par default_code a effectuer.
6277LGNH5FDW;DESC AVG VT VECTRA B BNE/BK 95-02;GLACES LATERALES;Glace laterale;;product;true;true;VSF Centre;56,47;124,24;70,59;;6277LGNH5FDW;false;1;R908;import;Rapprochement Odoo par default_code a effectuer.
6280AGN;PB VT ISUZU NPR                    00-07;PARE BRISE;Pare-brise;;product;true;true;VSF Centre;188,15;413,92;247,56;;;false;1;GALLERIA;import;Rapprochement Odoo par default_code a effectuer.
6280ASML;JT PB ISUZU NPR             00-07;JOINTS;Joint;;product;true;true;VSF Centre;60,6;133,33;79,74;;;false;1;GALLERIA;import;Rapprochement Odoo par default_code a effectuer.
6283AGSBLV;PB VTBL OPEL ZAFIRA A+ VIN 99-05;PARE BRISE;Pare-brise;;product;true;true;VSF Centre;79,37;174,61;99,21;;6283AGSBLV;false;7;R302 | R102 | R313 | R632 | R631 | CASSE | R607;import;Doublon source consolide : controler quantites, prix et emplacements.
6283AGSV;PB VT OPEL ZAFIRA A                99-05;PARE BRISE;Pare-brise;;product;true;true;VSF Centre;72;158,4;90;;6283AGSV;false;2;R429 | R512;import;Doublon source consolide : controler quantites, prix et emplacements.
6283AKMV;JCS PB KIT COMP. OPEL ZAFIRA A 99-05;JOINTS;Joint;;product;true;true;VSF Centre;16,98;37,36;21,23;;6283AKMV;false;7;R302 | R429 | R102 | R313 | D2 - Suspendu | J8E;import;Doublon source consolide : controler quantites, prix et emplacements.
6284ACCBL1B;PB REFL BL OPEL ASTRA G            98-04;PARE BRISE;Pare-brise;;product;true;true;VSF Centre;134,64;296,21;168,3;;6284ACCBL1B;false;2;R808 | R601;import;Doublon source consolide : controler quantites, prix et emplacements.
6284ACCBLM3B;PB REFL BL OPEL ASTRA G+CAPT.   98-04;PARE BRISE;Pare-brise;;product;true;true;VSF Centre;230,98;508,15;288,72;;6284ACCBLM3B;false;1;R134;import;Rapprochement Odoo par default_code a effectuer.
6284AGNM2B;PB VT OPEL ASTRA G   CAPT         98-04;PARE BRISE;Pare-brise;;product;true;true;VSF Centre;80,78;177,72;100,98;;6284AGNM2B;false;2;Centre | R434;import;Doublon source consolide : controler quantites, prix et emplacements.
6284AGS1B;PB VT OPEL ASTRA G                 98-04;PARE BRISE;Pare-brise;;product;true;true;VSF Centre;60,47;133,04;75,59;;6284AGS1B;false;3;R214 | R217 | R638;import;Doublon source consolide : controler quantites, prix et emplacements.
6284AGSBL1B;PB VTBL OPEL ASTRA G               98-04;PARE BRISE;Pare-brise;;product;true;true;VSF Centre;80,72;177,58;100,9;;6284AGSBL1B;false;1;R333;import;Rapprochement Odoo par default_code a effectuer.
6284AKCH;AGRAFES PB OPEL ASTRA G         98-04;JOINTS;Joint;;product;true;true;VSF Centre;1,56;3,43;1,95;;6284AKCH;false;1;R134;import;Rapprochement Odoo par default_code a effectuer.
6284AKMH;JCS PB OPEL ASTRA G                98-04;JOINTS;Joint;;product;true;true;VSF Centre;19,99;43,98;24,99;;6284AKMH;false;7;JT001 | Centre | R325 | R217 | R638 | J2C;import;Doublon source consolide : controler quantites, prix et emplacements.
6284ASMHB;ENJOLIVEUR INFÉRIEUR PARE-BRISE OPEL ASTRA G 98-04;JOINTS;Joint;;product;true;true;-;11,7;25,73;14,62;;6284ASMHB;false;1;JT001;import;Rapprochement Odoo par default_code a effectuer.
6284ASMHT;JC SUP.PB OPEL ASTRA G           98-04;JOINTS;Joint;;product;true;true;VSF Centre;7,98;17,55;9,97;;6284ASMHT;false;2;R134 | J10E;import;Doublon source consolide : controler quantites, prix et emplacements.
6284LGNH5FDW;DESC AVG VT OPEL ASTRA G 5P.       97-04;GLACES LATERALES;Glace laterale;;product;true;true;VSF Centre;27,2;59,84;34;;6284LGNH5FDW;false;1;Centre;import;Rapprochement Odoo par default_code a effectuer.
6284LGNH5RDW;DESC ARG VT OPEL ASTRA G 5P  98-04;GLACES LATERALES;Glace laterale;;product;true;true;VSF Centre;32,79;72,14;40,99;;6284LGNH5RDW;false;1;Centre;import;Rapprochement Odoo par default_code a effectuer.
6284LGNH5RV;DEFL.ARG VT ASTRA BNE 5P    98-04;GLACES LATERALES;Glace laterale;;product;true;true;VSF Centre;12,47;27,44;15,59;;6284LGNH5RV;false;1;Centre;import;Rapprochement Odoo par default_code a effectuer.
6284RGNH3FDW;DESC AVD VT OPEL ASTRA G 3P       97-04;GLACES LATERALES;Glace laterale;;product;true;true;VSF Centre;36,66;80,66;45,83;;6284RGNH3FDW;false;1;Centre;import;Rapprochement Odoo par default_code a effectuer.
6288ACCBLV2B;PB REFL.BL OPEL MERIVA A 03-10;PARE BRISE;Pare-brise;;product;true;true;VSF Centre;127,2;279,84;159;;6288ACCBLV2B;false;1;R336;import;Rapprochement Odoo par default_code a effectuer.
6288AGSBLV;PB VTBL OPEL MERIVA A              03-10;PARE BRISE;Pare-brise;;product;true;true;VSF Centre;86,42;190,13;108,03;;6288AGSBLV;false;1;R627;import;Rapprochement Odoo par default_code a effectuer.
6288AGSV;PB VT OPEL MERIVA A                03-10;PARE BRISE;Pare-brise;;product;true;true;VSF Centre;74,66;164,26;93,33;;6288AGSV;false;2;R534 | R523;import;Doublon source consolide : controler quantites, prix et emplacements.
6288ASMVT;JC SUP PB OPEL MERIVA A 03-10;JOINTS;Joint;;product;true;true;VSF Centre;6,4;14,08;8;;6288ASMVT;false;4;R336 | J6B | J9C | J10E;import;Doublon source consolide : controler quantites, prix et emplacements.
6288L_???;DESC.ARG PRIV OPEL MERIVA A 03-10;GLACES LATERALES;Glace laterale;;product;true;false;AUTOS GM;169,85;169,85;169,85;;6288L_???;false;1;Centre;exclusion_format_eurocode;Rapprochement Odoo par default_code a effectuer. EXCLUE DE L'IMPORT (decision RPBM du 2026-08-05, D3) : format d'eurocode suspect (annotation, code constructeur, texte libre). Sans x_studio_eurocode valide, la fiche serait invisible au widget rpbm_agent et non synchronisable. A reprendre a la main dans le fichier Excel si la reference doit exister.
6288LGSV5FDW;DESC.AVG VT OPEL MERIVA A 03-10;GLACES LATERALES;Glace laterale;;product;true;true;AUTOS GM;145,81;145,81;145,81;;6288LGSV5FDW;false;1;Centre;import;Rapprochement Odoo par default_code a effectuer.
6288LGSV5RDW;GLACE DESCENDANTE ARRIÈRE GAUCHE TEINTÉ VERT OPEL MERIVA A 03-10;GLACES LATERALES;Glace laterale;;product;true;true;??;;;;;6288LGSV5RDW;false;1;T001;import;Rapprochement Odoo par default_code a effectuer. PRIX RV absent : standard_price non calculable, phase de cout a exclure.
6290ACCBL;PB REFL BL OPEL CORSA C            01-06;PARE BRISE;Pare-brise;;product;true;true;VSF Centre;144,11;317,05;180,14;;6290ACCBL;false;1;R323;import;Rapprochement Odoo par default_code a effectuer.
6290AGS;PB VT OPEL CORSA C 01-06;PARE BRISE;Pare-brise;;product;true;true;VSF Centre;57,12;125,66;71,4;;6290AGS;false;14;R308 | R411 | R112 | R329 | R413 | R322 | R135 | R222 | R201 | R223 | R731 | R618 | R632;import;Doublon source consolide : controler quantites, prix et emplacements.
6290AGSBL;PB VTBL OPEL CORSA C               01-06;PARE BRISE;Pare-brise;;product;true;true;VSF Centre;62,02;136,44;77,52;;6290AGSBL;false;13;R432 | R222 | R436 | Centre | R110 | R525 | R533 | R626 | R734 | R321 | R722 | R606 | R613;import;Doublon source consolide : controler quantites, prix et emplacements.
6290AKMH1F;JCS PB KIT COMP. CORSA C 01-06;JOINTS;Joint;;product;true;true;VSF Centre;38,66;85,04;48,32;6290AKMH2F;6290AKMH1F;false;8;R308 | J018 | R322 | R135 | R329 | Centre | R323 | R731;import;Doublon source consolide : controler quantites, prix et emplacements.
6290AKMH2F;JCS SUP INF PB CORSA C     01-06;JOINTS;Joint;;product;true;true;VSF Centre;8,87;19,52;11,09;;6290AKMH2F;false;13;R329 | R222 | R436 | R413 | JT023 | JT026 | R525 | R731 | R533 | R626 | J5C | J9E | J10F;import;Doublon source consolide : controler quantites, prix et emplacements.
6290AKMH2F-PERDU;JCS SUP INF PB CORSA C     01-06;JOINTS;Joint;;product;true;false;VSF Centre;9,14;20,12;11,43;;6290AKMH2F-PERDU;false;2;PERDUE;exclusion_format_eurocode;Doublon source consolide : controler quantites, prix et emplacements. EXCLUE DE L'IMPORT (decision RPBM du 2026-08-05, D3) : format d'eurocode suspect (annotation, code constructeur, texte libre). Sans x_studio_eurocode valide, la fiche serait invisible au widget rpbm_agent et non synchronisable. A reprendre a la main dans le fichier Excel si la reference doit exister.
6290ASGHB;ENJOLIVEUR INFÉRIEUR PARE-BRISE OPEL CORSA C 01-06;JOINTS;Joint;;product;true;true;VSF Centre;5,38;9,58;6,73;;6290ASGHB;false;1;J10G;import;Rapprochement Odoo par default_code a effectuer.
6290ASMHR;ENJOLIVEUR DROIT PARE-BRISE OPEL CORSA C     01-06;JOINTS;Joint;;product;true;true;INVENTAIRE;;;;;6290ASMHR;false;1;D2 (Joints);import;Rapprochement Odoo par default_code a effectuer. PRIX RV absent : standard_price non calculable, phase de cout a exclure.
6290ASMHT;JC SUP PB OPEL CORSA C             01-06;JOINTS;Joint;;product;true;true;VSF Centre;3,5;7,69;4,37;;6290ASMHT;false;3;R411 | J4A;import;Doublon source consolide : controler quantites, prix et emplacements.
6290BGSH;LUN.VT OPEL CORSA C 3/5P 01-06;LUNETTES;Lunette;;product;true;true;VSF Centre;79,2;174,24;99;;6290BGSH;false;3;Centre | R104 | R902;import;Doublon source consolide : controler quantites, prix et emplacements.
6290LGSH3RQ;CUST ARG VT CORSA C 3 PTES         01-06;GLACES LATERALES;Glace laterale;;product;true;true;VSF Centre;47,08;103,58;58,85;;6290LGSH3RQ;false;1;Centre;import;Rapprochement Odoo par default_code a effectuer.
6291AGS;PARE-BRISE TEINTÉ VERT OPEL AGILA / WAGON R 00-08MO 1,60;PARE BRISE;Pare-brise;;product;true;true;INVENTAIRE;95;209;95;;6291AGS;false;2;R304;import;Doublon source consolide : controler quantites, prix et emplacements.
6291BGSVW;LUN VT OPEL AGILA                  00-08;LUNETTES;Lunette;;product;true;true;VSF Centre;74,82;164,6;93,52;;6291BGSVW;false;1;R721;import;Rapprochement Odoo par default_code a effectuer.
6292AGSBL;PB VTBL OPEL COMBO C               01-12;PARE BRISE;Pare-brise;;product;true;true;VSF Centre;68,87;151,52;86,09;;6292AGSBL;false;5;R217 | R434 | CASSE | R724 | R432;import;Doublon source consolide : controler quantites, prix et emplacements.
6292AKMV;JCS SUP  INF  KIT PB OPEL COMBO C 01-12;JOINTS;Joint;;product;true;true;VSF Centre;25,39;55,86;31,74;;6292AKMV;false;1;J8E;import;Rapprochement Odoo par default_code a effectuer.
6292ASMVB;JC INF PB OPEL COMBO C            01-12;JOINTS;Joint;;product;true;true;VSF Centre;10,47;23,04;13,09;;6292ASMVB;false;2;R217 | J002;import;Doublon source consolide : controler quantites, prix et emplacements.
6292ASMVT;JC SUP PB OPEL COMBO C            01-12;JOINTS;Joint;;product;true;true;VSF Centre;6,62;14,57;8,28;;6292ASMVT;false;4;R217 | J002 | J8E | J8A;import;Doublon source consolide : controler quantites, prix et emplacements.
6292BGSVBL;LUN VT GCHE COMBO C  +STOP 01-12;LUNETTES;Lunette;;product;true;true;VSF Centre;52,8;116,16;66;;6292BGSVBL;false;2;T004 | R917;import;Doublon source consolide : controler quantites, prix et emplacements.
6293ACCMVWZ1R;PB REFL INSIGNIA LHD CAPT   08-17;PARE BRISE;Pare-brise;;product;true;true;VSF Centre;150,48;331,06;188,1;;6293ACCMVWZ1R;false;1;R434;import;Rapprochement Odoo par default_code a effectuer.
6294ACCBLMVW2B;PB ATH.BL VECTRA C/SIGNUM+CAPT 02-08;PARE BRISE;Pare-brise;;product;true;true;VSF Centre;137,6;302,72;172;;6294ACCBLMVW2B;false;1;R329;import;Rapprochement Odoo par default_code a effectuer.
6302AGNMVZ1R;PB VT OPEL ASTRA H   CAPTEUR     04-10;PARE BRISE;Pare-brise;;product;true;true;VSF Centre;85,68;188,5;107,1;;6302AGNMVZ1R;false;1;R409;import;Rapprochement Odoo par default_code a effectuer.
6302AGNVZ1Q;PB VT OPEL ASTRA H EMB.HAUTE 05-09;PARE BRISE;Pare-brise;;product;true;true;VSF Centre;80,8;177,76;101;;6302AGNVZ1Q;false;3;R308 | R301;import;Doublon source consolide : controler quantites, prix et emplacements.
6302AGNVZ6I;PB VT OPEL ASTRA H EMB.HAUTE   05-09;PARE BRISE;Pare-brise;;product;true;true;VSF Centre;80,8;177,76;101;;6302AGNVZ6I;false;2;R303 | R635;import;Doublon source consolide : controler quantites, prix et emplacements.
6302AKCHB;KIT AGR.INF.OPEL ASTRA H 05-09;JOINTS;Joint;;product;true;true;VSF Centre;4,72;10,38;5,9;;6302AKCHB;false;1;R308;import;Rapprochement Odoo par default_code a effectuer.
6302BGNHZ;LUN VT OPEL ASTRA 5P        04-10;LUNETTES;Lunette;;product;true;true;VSF Centre;145,34;319,74;181,67;;6302BGNHZ;false;2;R319 | GENIPA;import;Doublon source consolide : controler quantites, prix et emplacements.
6303BGST;LUN VT OPEL TIGRA TWINTOP      04-09;LUNETTES;Lunette;;product;true;true;VSF Centre;116,86;257,08;146,07;;6303BGST;false;1;R532;import;Rapprochement Odoo par default_code a effectuer.
6303LGST2FD;DESC AVG VT TIGRA TWIN TOP 04-09;GLACES LATERALES;Glace laterale;;product;true;true;VSF Centre;114,3;251,47;142,88;;6303LGST2FD;false;1;T003;import;Rapprochement Odoo par default_code a effectuer.
6304AGNV;PB VT ISUZU D MAX                  03-12;PARE BRISE;Pare-brise;;product;true;true;VSF Centre;148,92;327,62;186,15;;6304AGNV;false;7;R422 | R426 | R601 | R722 | R305 | R627 | R130;import;Doublon source consolide : controler quantites, prix et emplacements.
6304AGNV - O;PARE-BRISE TEINTÉ VERT ISUZU D MAX 03-12MO 1.20;PARE BRISE;Pare-brise;;product;true;false;Palette à identifier;;;;;6304AGNV - O;false;1;R810;exclusion_format_eurocode;Rapprochement Odoo par default_code a effectuer. EXCLUE DE L'IMPORT (decision RPBM du 2026-08-05, D3) : format d'eurocode suspect (annotation, code constructeur, texte libre). Sans x_studio_eurocode valide, la fiche serait invisible au widget rpbm_agent et non synchronisable. A reprendre a la main dans le fichier Excel si la reference doit exister. PRIX RV absent : standard_price non calculable, phase de cout a exclure.
6304ASMPT;JC SUP PB ISUZU D MAX            03-12;JOINTS;Joint;;product;true;true;VSF Centre;5,12;11,26;6,4;;6304ASMPT;false;7;R422 | R426 | Tringle | J1B | J9B | J11E;import;Doublon source consolide : controler quantites, prix et emplacements.
6304BGNP;LUN VT ISUZU D MAX          03-12;LUNETTES;Lunette;;product;true;true;VSF Centre;104,26;229,38;130,33;;6304BGNP;false;4;Caisse D2 | R731 | R933;import;Doublon source consolide : controler quantites, prix et emplacements.
6304BGNPU;LUNETTE TEINTÉ VERT ISUZU D MAX NON CHAUFFANT 03-12MO 1;PARE BRISE;Pare-brise;;product;true;true;LANES AUTO;195,01;195,01;195,01;;6304BGNPU;false;1;Centre;import;Rapprochement Odoo par default_code a effectuer.
6304LGNP4FDW;DESC AVG VT ISUZU D MAX DB CAB 03-12;GLACES LATERALES;Glace laterale;;product;true;true;VSF Centre;56,68;124,7;70,85;;6304LGNP4FDW;false;5;Centre | R906 | R901 | R917 | R915;import;Doublon source consolide : controler quantites, prix et emplacements.
6304LGNP4RDW;DESC ARG VT ISUZU D MAX DB CAB 03-12;GLACES LATERALES;Glace laterale;;product;true;true;VSF Centre;60,47;133,04;75,59;;;false;1;R927;import;Rapprochement Odoo par default_code a effectuer.
6304RGNP4FDW;DESC AVD VT ISUZU D MAX DBCAB 03-12;GLACES LATERALES;Glace laterale;;product;true;true;VSF Centre;55,84;122,85;69,8;;6304RGNP4FDW;false;2;Centre | R905;import;Doublon source consolide : controler quantites, prix et emplacements.
6304RGNP4RDW;DESC ARD VT ISUZU D MAX DBCAB 03-12;GLACES LATERALES;Glace laterale;;product;true;true;VSF Centre;60,47;133,04;75,59;;6304RGNP4RDW;false;1;T010;import;Rapprochement Odoo par default_code a effectuer.
6304RGPP4RDW;DESC ARD VT FONCEE D-MAX 4P PU 03-12;GLACES LATERALES;Glace laterale;;product;true;true;VSF Centre;56,17;123,57;70,21;;7276ASMHB;true;1;R906;import;Rapprochement Odoo par default_code a effectuer. EUROCODE INTERNE diverge de EUROCODE : arbitrage RPBM requis sur la reference qui fait foi.
6306AGNMVZ1R;PB VT OPEL ASTRA GTC  CAPT   05-11;PARE BRISE;Pare-brise;;product;true;true;VSF Centre;96,29;211,83;120,36;;6306AGNMVZ1R;false;2;R322 | R425;import;Doublon source consolide : controler quantites, prix et emplacements.
6306AGNVZ1M;PB VT OPEL ASTRA GTC EMB 6CM   05-11;PARE BRISE;Pare-brise;;product;true;true;VSF Centre;96,29;211,83;120,36;;6306AGNVZ1M;false;2;R235 | R708;import;Doublon source consolide : controler quantites, prix et emplacements.
6306AGNVZ1Q;PB VT OPEL ASTRA GTC EMB 9CM 06-11;PARE BRISE;Pare-brise;;product;true;true;VSF Centre;114,63;252,19;143,29;;;false;1;DOMICILE;import;Rapprochement Odoo par default_code a effectuer.
6306BGNHZ;LUN VT OPEL ASTRA GTC 05-11;LUNETTES;Lunette;;product;true;true;VSF Centre;187,26;411,96;234,07;;;false;1;R420;import;Rapprochement Odoo par default_code a effectuer.
6306RGNH3RQZ;CUSTODE ARRIÈRE DROIT TEINTÉ VERT OPEL ASTRA GTC 05-11MO 1.00;GLACES LATERALES;Glace laterale;;product;true;true;AUTOS GM;453,85;453,85;453,85;;6306RGNH3RQZ;false;1;GALLERIA;import;Rapprochement Odoo par default_code a effectuer.
6307ACCBLMVW1R;PB ATH BL OPEL ZAFIRA B   CAPTEUR  05-;PARE BRISE;Pare-brise;;product;true;true;VSF Centre;164,82;362,6;206,02;;6307ACCBLMVW1R;false;1;R330;import;Rapprochement Odoo par default_code a effectuer.
6307AGSMVW1R;PB VT OPEL ZAFIRA B   CAPTEUR     05-14;PARE BRISE;Pare-brise;;product;true;true;VSF Centre;105,89;232,95;132,36;;6307AGSMVW1R;false;1;R602;import;Rapprochement Odoo par default_code a effectuer.
6307AGSVW1M;PB VT OPEL ZAFIRA B                05-;PARE BRISE;Pare-brise;;product;true;true;VSF Centre;93,38;205,44;116,73;;6307AGSVW1M;false;1;R323;import;Rapprochement Odoo par default_code a effectuer.
6307ASMV;JC PB OPEL ZAFIRA B                05-;JOINTS;Joint;;product;true;true;VSF Centre;15,74;34,62;19,67;;6307ASMV;false;4;R330 | J002 | J6B | J5B;import;Doublon source consolide : controler quantites, prix et emplacements.
6307BGDV;LUN VT FONCEE OPEL ZAFIRA II 05-;LUNETTES;Lunette;;product;true;true;AUTOS GM;499,58;499,58;499,58;;6307BGDV;false;1;Centre;import;Rapprochement Odoo par default_code a effectuer.
6307BYPV;LUNETTE PRIVACY OPEL ZAFIRA II 05-14;LUNETTES;Lunette;;product;true;true;VSF Centre;148,96;327,71;186,2;;6307BYPV;false;1;R112;import;Rapprochement Odoo par default_code a effectuer.
63117296914;PHARE AVD BMW SERIE 1 12-;PHARE;Autres;Optique;product;true;true;AAAM;1257,29;2766,03;1571,61;;63117296914;false;1;GALLERIA;import;Rapprochement Odoo par default_code a effectuer.
6312ACCVZ1M;PB ATH OPEL CORSA D               06-14;PARE BRISE;Pare-brise;;product;true;true;VSF Centre;113,82;250,41;142,28;;6312ACCVZ1M;false;2;R209 | R517;import;Doublon source consolide : controler quantites, prix et emplacements.
6312AGSMVWZ1R;PARE-BRISE TEINTÉ VERT OPEL CORSA DROIT CAPTEUR DE PLUIE 06-14;PARE BRISE;Pare-brise;;product;true;true;MPB;199,5;199,5;199,5;;6312AGSMVWZ1R;false;7;Centre | R227 | R421 | R323 | R118 | R507 | R415;import;Doublon source consolide : controler quantites, prix et emplacements.
6312AGSMVZ1R;PB VT OPEL CORSA D +CAPT           06-14;PARE BRISE;Pare-brise;;product;true;true;VSF Centre;95,35;209,77;119,19;;6312AGSMVZ1R;false;1;R326;import;Rapprochement Odoo par default_code a effectuer.
6312AGSVZ1M;PB VT OPEL CORSA D                 06-14;PARE BRISE;Pare-brise;;product;true;true;VSF Centre;87,2;183,12;109;;6312AGSVZ1M;false;29;R101 | R324 | R313 | R127 | R302 | R429 | R222 | Centre | R130 | R515 | R535 | R606 | R411 | R734 | R519 | R737 | R605 | R635 | R522 | R731 | R710 | R210 | R703 | R534 | R806 | R434;import;Doublon source consolide : controler quantites, prix et emplacements.
6312ASMHB;JC INF PB OPEL CORSA D            06-14;JOINTS;Joint;;product;true;true;VSF Centre;10,2;22,44;12,75;;6312ASMHB;false;6;R302 | JT022 | R222 | J006 | J8E | JT006;import;Doublon source consolide : controler quantites, prix et emplacements.
6312BGSH;LUNETTE TEINTÉ VERT OPEL CORSA D 3 PORTES 06-14;LUNETTES;Lunette;;product;true;true;AUTOS GM;550,22;550,22;550,22;;6312BGSH;false;6;Centre | Caisse | R934 | R420;import;Doublon source consolide : controler quantites, prix et emplacements.
6312BGSH1J;LUN VT OPEL CORSA D 5P           06-14;LUNETTES;Lunette;;product;true;true;VSF Centre;125,63;276,39;157,04;;6312BGSH1J;false;1;R922;import;Rapprochement Odoo par default_code a effectuer.
6312BYPH;LUN PRIVACY CORSA D 3P       06-14;LUNETTES;Lunette;;product;true;true;VSF Centre;179,78;395,51;224,72;;;false;1;R421;import;Rapprochement Odoo par default_code a effectuer.
6312LGSH3FQZ;CUSTODE AVANT GAUCHE TEINTÉ VERT OPEL CORSA D 06-14;GLACES LATERALES;Glace laterale;;product;true;true;AUTOS GM;252,56;252,56;252,56;;6312LGSH3FQZ;false;3;Centre | GALLERIA;import;Doublon source consolide : controler quantites, prix et emplacements.
6312LGSH3RQZ;CUSTODE ARRIÈRE GAUCHE TEINTÉ VERT OPEL CORSA D 3 PORTES 06-14MO 0.90;GLACES LATERALES;Glace laterale;;product;true;true;AUTOS GM;349,21;349,21;410,84;;;false;1;GALLERIA;import;Rapprochement Odoo par default_code a effectuer.
6312LGSH5RD;GLACE DESCENDANTE ARRIÈRE GAUCHE TEINTÉ VERT CORSA D 5 PORTES HAYON 06-14;GLACES LATERALES;Glace laterale;;product;true;true;MPB;36;36;36;;6312LGSH5RD;false;1;Centre;import;Rapprochement Odoo par default_code a effectuer.
6312LGSH5RV;DEFL ARG VT CORSA D 5P        06-14;GLACES LATERALES;Glace laterale;;product;true;true;VSF Centre;23,89;52,55;29,86;;6312LGSH5RV;false;3;Centre | R905 | GALLERIA;import;Doublon source consolide : controler quantites, prix et emplacements.
6312RGSH3FQZ;CUST AVD VT OPEL CORSA D 06-14;LUNETTES;Lunette;;product;true;true;VSF Centre;66,4;146,08;83;;;false;1;GALLERIA;import;Rapprochement Odoo par default_code a effectuer.
6312RGSH5RD;DESC ARD VT CORSA D 5P        06-14;GLACES LATERALES;Glace laterale;;product;true;true;VSF Centre;48,74;107,22;60,92;;6312RGSH5RD;false;1;Centre;import;Rapprochement Odoo par default_code a effectuer.
6312RGSH5RV;DEFL ARD VT CORSA D 5P        06-14;GLACES LATERALES;Glace laterale;;product;true;true;VSF Centre;24,61;54,14;30,76;;6312RGSH5RV;false;2;Posé | R905;import;Doublon source consolide : controler quantites, prix et emplacements.
6316AGN;PB VT ISUZU NPR/NKR 08-;PARE BRISE;Pare-brise;;product;true;true;VSF Centre;159,2;350,24;199;;6316AGN;false;1;R202;import;Rapprochement Odoo par default_code a effectuer.
6316ASML;JC PB ISUZU NKR/NLR 08-;JOINTS;Joint;;product;true;true;VSF Centre;36,18;79,59;45,22;;6316ASML;false;1;R202;import;Rapprochement Odoo par default_code a effectuer.
6320AGN;PARE-BRISE TEINTÉ VERT ISUZU NLR NPR 08-;PARE BRISE;Pare-brise;;product;true;true;LANES AUTO;632,3;632,3;632,3;;6320AGN;false;5;Centre | R132 | R224 | R527 | R701;import;Doublon source consolide : controler quantites, prix et emplacements.
6320ASML;JT PB ISUZU NLR NPR   08-;JOINTS;Joint;;product;true;true;VSF Centre;25,54;56,18;31,92;;6320ASML;false;3;Tringle | J6B | J10D;import;Doublon source consolide : controler quantites, prix et emplacements.
6320LGNL2FD;DESC AVANT GAUCHE TEINTÉ VERT ISUZU NLR NPR 08-MO 1.00;GLACES LATERALES;Glace laterale;;product;true;true;LANES AUTO;298,17;298,17;298,17;;6320LGNL2FD;false;2;Galléria | R903;import;Doublon source consolide : controler quantites, prix et emplacements.
6320RGNL2FD;GLACE DESCENDANTE AVANT DROIT TEINTÉ VERT ISUZU NLR NPR 08-MO 1.00;GLACES LATERALES;Glace laterale;;product;true;true;LANES AUTO;298,25;298,25;298,25;;6320RGNL2FD;false;3;Génipa | R904 | R914;import;Doublon source consolide : controler quantites, prix et emplacements.
63217331280;FEU ARD DE BMW X4 F26 SUR AILE;OPTIQUE;Autres;Optique;product;true;true;VSF Centre;288;633,6;360;;;false;1;GENIPA;import;Rapprochement Odoo par default_code a effectuer.
63217488541;FEU ARRIERE GAUCHE AILE;FEU;Autres;Optique;product;true;true;AAAM;345,02;345,02;345,02;;63217488541;false;1;GENIPA;import;Rapprochement Odoo par default_code a effectuer.
6321AGN;PB VT ISUZU NNR/NMR/NPR         08-;PARE BRISE;Pare-brise;;product;true;true;VSF Centre;131,69;289,71;164,61;;6321AGN;false;9;R110 | R730 | R723 | Génipa | R408 | R715 | R409 | R520 | R311;import;Doublon source consolide : controler quantites, prix et emplacements.
6321ASML;JC PB ISUZU NNR/NMR/MPR 08-;JOINTS;Joint;;product;true;true;VSF Ouest;32,3;71,07;40,38;;6321ASML;false;7;R110 | R723 | Génipa | JT004 | J4B | J8B;import;Doublon source consolide : controler quantites, prix et emplacements.
6321ASMLB;JC INF PB ISUZU NNR/NMR/NPR 08-;JOINTS;Joint;;product;true;true;VSF Ouest;29,12;64,06;36,4;;6321ASMLB;false;1;R110;import;Rapprochement Odoo par default_code a effectuer.
6324AGSIMVWZ1I;PB VT OPEL ASTRA J CAPT        10-15;PARE BRISE;Pare-brise;;product;true;true;VSF Centre;133,66;294,06;167,08;;6324AGSIMVWZ1I;false;6;R405 | R528 | R620 | Génipa | R705 | R130;import;Doublon source consolide : controler quantites, prix et emplacements.
6324AGSIMVWZ4I;PB VT OPEL ASTRA J +CAPT     12-15;PARE BRISE;Pare-brise;;product;true;true;VSF Centre;119,2;262,24;149;;6324AGSIMVWZ4I;false;1;R425;import;Rapprochement Odoo par default_code a effectuer.
6324BGSH;LUN.VT OPEL ASTRA J 5P 09-15;LUNETTES;Lunette;;product;true;true;VSF Centre;103,2;227,04;129;;6324BGSH;false;1;Centre;import;Rapprochement Odoo par default_code a effectuer.
6324LGSH5FQZ;CUST AVG VT OPEL ASTRA 5P 10-15 252,21;GLACES LATERALES;Glace laterale;;product;true;true;VSF Centre;252,21;554,86;252,21;;6324LGSH5FQZ;false;1;R912;import;Rapprochement Odoo par default_code a effectuer.
6324RGSH5FD;DESC AVD VT OPEL ASTRA J 5P  09-15;GLACES LATERALES;Glace laterale;;product;true;true;VSF Centre;33,42;73,53;41,78;;6324RGSH5FD;false;1;Centre;import;Rapprochement Odoo par default_code a effectuer.
6325AGSMVWZ1P;PB VT OPEL MERIVA B CAPT   10-12;PARE BRISE;Pare-brise;;product;true;true;VSF Centre;134,02;294,85;167,53;;6325AGSMVWZ1P;false;1;R434;import;Rapprochement Odoo par default_code a effectuer.
6325AGSMVWZ6K;PB VT OPEL MERIVA B CAPT   12-;PARE BRISE;Pare-brise;;product;true;true;VSF Centre;123,41;271,5;154,26;;6325AGSMVWZ6K;false;1;R419;import;Rapprochement Odoo par default_code a effectuer.
6325AGSVWZ;PB VT OPEL MERIVA B        10-12;PARE BRISE;Pare-brise;;product;true;true;VSF Centre;125,31;275,69;156,64;;;false;1;R713;import;Rapprochement Odoo par default_code a effectuer.
6325AGSVWZ1D;PB VT OPEL MERIVA B        12-17;PARE BRISE;Pare-brise;;product;true;true;VSF Centre;121,46;267,2;151,82;;;false;1;R434;import;Rapprochement Odoo par default_code a effectuer.
6325BGSM;LUN VT OPEL MERIVA B       10-;LUNETTES;Lunette;;product;true;true;Vsf Centre;140,22;308,48;175,27;;6325BGSM;false;3;Centre | D2;import;Doublon source consolide : controler quantites, prix et emplacements.
6332RGPM5RD;GLACE DESCENDANTE ARRIÈRE DROIT TEINTÉ VERT FONCÉ ZAFIRA TOURER 11-;GLACES LATERALES;Glace laterale;;product;true;true;AUTOS GM;197,33;197,33;197,33;;6332RGPM5RD;false;1;Centre;import;Rapprochement Odoo par default_code a effectuer.
6335AGNV;PB VT ISUZU D-MAX   12-;PARE BRISE;Pare-brise;;product;true;true;VSF Centre;132;290,4;165;;6335AGNV;false;8;R329 | Centre | R412 | R622 | R528 | R620 | R531 | GENIPA;import;Doublon source consolide : controler quantites, prix et emplacements.
6335ASMP;JC PB ISUZU D-MAX          12-;JOINTS;Joint;;product;true;true;VSF Centre;11,42;25,13;14,28;;6335ASMP;false;7;R329 | Centre | J9B | R622 | R528 | GENIPA;import;Doublon source consolide : controler quantites, prix et emplacements.
6335BGNPZ;LUN VT ISUZU D-MAX PICK-UP 12-;LUNETTES;Lunette;;product;true;true;VSF Centre;91,63;201,59;114,54;;6335BGNPZ;false;7;Centre | R931 | R933 | GALLERIA | R213;import;Doublon source consolide : controler quantites, prix et emplacements.
6335LGNP2FD;GLACE DESCENDANTE AVANT GAUCHE TEINTÉ VERT ISUZU D-MAX 2 ET 4 PORTES 12-;GLACES LATERALES;Glace laterale;;product;true;true;LANES AUTO;163,16;163,16;163,16;;6335LGNP2FD;false;3;Centre;import;Doublon source consolide : controler quantites, prix et emplacements.
6335LGNP4RDOW;GLACE ARG OUVR VT D-MAX 2P 12-;GLACES LATERALES;Glace laterale;;product;true;true;VSF Centre;65,73;144,6;82,16;;;false;1;R915;import;Rapprochement Odoo par default_code a effectuer.
6335RGNP2FD;DESC AVD VT ISUZU D-MAX 2/4P 12-;GLACES LATERALES;Glace laterale;;product;true;true;VSF Centre;69,98;153,96;87,48;;6335RGNP2FD;false;2;Centre;import;Doublon source consolide : controler quantites, prix et emplacements.
6335RGNP2FDW;DESC AVD VT ISUZU D-MAX 2/4P 12-;GLACES LATERALES;Glace laterale;;product;true;true;VSF Centre;55,36;121,79;69,2;;6335RGNP2FDW;false;1;R914;import;Rapprochement Odoo par default_code a effectuer.
6337AGSMVZ;PB VT OPEL MOKKA +CAPT. 12-;PARE BRISE;Pare-brise;;product;true;true;VSF Centre;127,2;279,84;159;;6337AGSMVZ;false;8;R316 | R417 | R610 | R520 | R538 | R522 | R629;import;Doublon source consolide : controler quantites, prix et emplacements.
6337AGSVZ;PB VT OPEL MOKKA 12-;PARE BRISE;Pare-brise;;product;true;true;VSF Centre;98,04;215,69;129;;6337AGSVZ;false;7;R132 | R517 | R624 | GALLERIA | R414 | GENIPA;import;Doublon source consolide : controler quantites, prix et emplacements.
6337BGSR;LUN VT OPEL MOKKA       12-21;LUNETTES;Lunette;;product;true;true;VSF Centre;138,24;304,13;172,8;;6337BGSR;false;1;GALLERIA;import;Rapprochement Odoo par default_code a effectuer.
6337BYPR;LUN PRIV OPEL MOKKA   12-;LUNETTES;Lunette;;product;true;true;VSF Centre;130,3;286,67;162,88;;6337BYPR;false;3;Caisse D2 | R924 | R420;import;Doublon source consolide : controler quantites, prix et emplacements.
6337LGSR5FD;DESC AVG VT OPEL MOKKA 12-21;GLACES LATERALES;Glace laterale;;product;true;true;VSF Centre;48,38;106,44;60,48;;6337LGSR5FD;false;1;R914;import;Rapprochement Odoo par default_code a effectuer.
6337LGSR5RVWZ;DÉFLECTEUR ARRIÈRE GAUCHE TEINTÉ VERT OPEL MOKKA 12-MO 0.60;GLACES LATERALES;Glace laterale;;product;true;true;AUTOS GM;238,54;238,54;238,54;;6337LGSR5RVWZ;false;1;Galléria;import;Rapprochement Odoo par default_code a effectuer.
6337LYPR5RD;DESC ARG PRIV OPEL MOKKA 12-;GLACES LATERALES;Glace laterale;;product;true;true;VSF Centre;39,38;86,63;49,22;;6337LYPR5RD;false;1;Centre;import;Rapprochement Odoo par default_code a effectuer.
6337RGSR5FD;DESC AVD VT OPEL MOKKA 12-21;GLACES LATERALES;Glace laterale;;product;true;true;VSF Centre;48,38;106,44;60,48;;6337RGSR5FD;false;3;R917 | R914;import;Doublon source consolide : controler quantites, prix et emplacements.
6338AGSVWZ;PB VT OPEL ADAM      12-;PARE BRISE;Pare-brise;;product;true;true;VSF Centre;87,2;191,84;109;;6338AGSVWZ;false;1;R109;import;Rapprochement Odoo par default_code a effectuer.
6341AGSMVWZ;PARE-BRISE TEINTÉ VERT OPEL CORSA E CAPTEUR DE PLUIE 15-19MO 1,50;PARE BRISE;Pare-brise;;product;true;true;VSF Centre;125,03;275,07;156,29;;6341AGSMVWZ;false;3;R335 | GALLERIA | R409;import;Doublon source consolide : controler quantites, prix et emplacements.
6341AGSVWZ;PB VT OPEL CORSA E 15-;PARE BRISE;Pare-brise;;product;true;true;VSF Centre;95,2;209,44;119;;6341AGSVWZ;false;2;R334 | GENIPA;import;Doublon source consolide : controler quantites, prix et emplacements.
6341BGSH1J;LUNETTE TEINTÉ VERT OPEL CORSA E 5 PORTES HAYON 15-;LUNETTES;Lunette;;product;true;true;AUTOS GM;307,52;307,52;307,52;;6341BGSH1J;false;3;Centre | Dépôt 1 | R924;import;Doublon source consolide : controler quantites, prix et emplacements.
6341LGSH5FDW;DESC AVG VT OPEL CORSA E 5P     15-19;GLACES LATERALES;Glace laterale;;product;true;true;VSF Centre;47,6;104,72;59,5;;6341LGSH5FDW;false;1;R904;import;Rapprochement Odoo par default_code a effectuer.
6341LGSH5RV;DEFL ARG VT OPEL CORSA E 5P     15-19;GLACES LATERALES;Glace laterale;;product;true;true;VSF Centre;31,1;68,43;38,88;;6341LGSH5RV;false;1;R905;import;Rapprochement Odoo par default_code a effectuer.
6341RGSH3FD;DESC AVD VT OPEL CORSA E 3P     15-;GLACES LATERALES;Glace laterale;;product;true;true;VSF Centre;34,47;75,84;43,09;;6341RGSH3FD;false;2;Centre | R234;import;Doublon source consolide : controler quantites, prix et emplacements.
6341RGSH5FD;DESC AVD VT OPEL CORSA E 5P     15-;GLACES LATERALES;Glace laterale;;product;true;true;VSF Centre;41,19;90,62;51,49;;6341RGSH5FD;false;1;Centre;import;Rapprochement Odoo par default_code a effectuer.
6341RGSH5RV;DEFL ARD VT OPEL CORSA E 5P     15-;GLACES LATERALES;Glace laterale;;product;true;true;VSF Centre;18,22;40,09;22,78;;6341RGSH5RV;false;1;Centre;import;Rapprochement Odoo par default_code a effectuer.
6343LGSH5RD;DESC ARG VT OPEL KARL      15-;GLACES LATERALES;Glace laterale;;product;true;true;VSF Centre;24,38;53,63;30,47;;6343LGSH5RD;false;1;Centre;import;Rapprochement Odoo par default_code a effectuer.
6343LGSH5RV;DÉFLECTEUR AVANT GAUCHE TEINTÉ VERT OPEL KARL      15-;GLACES LATERALES;Glace laterale;;product;true;true;AUTOS GM;57,59;57,59;57,59;;6343LGSH5RV;false;1;Centre;import;Rapprochement Odoo par default_code a effectuer.
6345RGSR5FVWZ;DÉFL AVD TV OPEL CROSSLAND;GLACES LATERALES;Glace laterale;;product;true;true;AUTOS GM;166,33;195,68;195,68;;6345RGSR5FVWZ;false;1;GALLERIA;import;Rapprochement Odoo par default_code a effectuer.
6346BYPRA;LUN PRIV OPEL GRANDLAND X ANT   17-24;LUNETTES;Lunette;;product;true;true;VSF Centre;136,22;299,68;170,27;;;false;1;GENIPA;import;Rapprochement Odoo par default_code a effectuer.
6350LGSH5RVWZ;DÉFLECTEUR ARRIÈRE GAUCHE TEINTÉ VERT OPEL CORSA F 20-MO 0.90;GLACES LATERALES;Glace laterale;;product;true;true;AUTOS GM;180,15;180,15;180,15;;6350LGSH5RVWZ;false;2;GALLERIA;import;Doublon source consolide : controler quantites, prix et emplacements.
6351BGNPZ;LUN VT ISUZU D MAX              20-;LUNETTES;Lunette;;product;true;true;VSF Centre;74,3;163,47;92,88;;6351BGNPZ;false;1;R935;import;Rapprochement Odoo par default_code a effectuer.
6351LGNP4FDW;DESC AVG VT ISUZU D MAX           20-;GLACES LATERALES;Glace laterale;;product;true;true;VSF Centre;57,22;125,88;71,52;;6351LGNP4FDW;false;1;R913;import;Rapprochement Odoo par default_code a effectuer.
6352AGACIMOVZ;PARE-BRISE TEINTÉ VERT AC MOKKA B CAPTEUR DE PLUIE CAMÉRA(S) DÉTECTEUR D'HUMIDITÉ 21-MO 1.50;PARE BRISE;Pare-brise;;product;true;true;AUTO GM;498,47;1096,62;586,43;;6352AGACIMOVZ;false;3;GALLERIA | R504;import;Doublon source consolide : controler quantites, prix et emplacements.
6514AGN1C;PB VT PEUGEOT 205                  83-98;PARE BRISE;Pare-brise;;product;true;true;VSF Centre;46,4;102,08;58;;6514AGN1C;false;1;R206;import;Rapprochement Odoo par default_code a effectuer.
6514ASRH;JT PB PEUGEOT 205                  83-98;JOINTS;Joint;;product;true;true;VSF Centre;21,6;47,52;27;;6514ASRH;false;1;R206;import;Rapprochement Odoo par default_code a effectuer.
6516ABZ;PARE-BRISE TEINTÉ BRONZE PEUGEOT 309 85-94MO 1,30;PARE BRISE;Pare-brise;;product;true;true;INVENTAIRE;94,57;208,05;94,57;;6516ABZ;false;1;R301;import;Rapprochement Odoo par default_code a effectuer.
6518BGNS;LUN VT PEUGEOT 405 BNE             87-97;LUNETTES;Lunette;;product;true;true;VSF Centre;96,2;211,64;120,25;;6518BGNS;false;1;GALLERIA;import;Rapprochement Odoo par default_code a effectuer.
6518BSMS;JC LUN PEUGEOT 405 BNE             87-97;JOINTS;Joint;;product;true;true;VSF Centre;26,7;58,73;33,37;;6518BSMS;false;1;GALLERIA;import;Rapprochement Odoo par default_code a effectuer.
6520AGN2B;PB VT PEUGEOT 106 /SAXO 91-03;PARE BRISE;Pare-brise;;product;true;true;VSF Centre;41,24;90,73;54,26;;2723AGN1B;true;18;R213 - R214 | R214 | R301 | R104 | R110 | Centre | R317 | R621 | R620 | R729 | CASSE | R417 | R631 | R423;import;Doublon source consolide : controler quantites, prix et emplacements. EUROCODE INTERNE diverge de EUROCODE : arbitrage RPBM requis sur la reference qui fait foi.
6520AKMH;JC+C KIT COMP. PB PEUGEOT 106/SAXO 91-03;JOINTS;Joint;;product;true;true;VSF Centre;11,2;24,64;14;;6520AKMH;false;14;R301 | R104 | Tringle | Centre | R621 | J1A | J010 | GALLERIA | R219 | J8B | J5D | J10E;import;Doublon source consolide : controler quantites, prix et emplacements.
6520AKMH9;VO - J+C KIT C. PB PEUGEOT 106/SAXO;JOINTS;Joint;;product;true;true;VSF Ouest;10,64;23,41;14;;6520AKMH9;false;5;;import;Doublon source consolide : controler quantites, prix et emplacements.
6520BBZH2H;LUN BZ PEUGEOT 106 XSI             91-94;LUNETTES;Lunette;;product;true;true;VSF Centre;62,57;137,65;78,21;;6520BBZH2H;false;1;R922;import;Rapprochement Odoo par default_code a effectuer.
6520BCLH1H;LUN CL 106 PRISE EN BAS   TROU  91-94;LUNETTES;Lunette;;product;true;true;VSF Centre;56,53;124,36;70,66;;6520BCLH1H;false;1;R224;import;Rapprochement Odoo par default_code a effectuer.
6520BCLH1J;LUN CL 106 BRANCHEMENT HAUT    96-03;LUNETTES;Lunette;;product;true;true;VSF Centre;45,18;99,4;56,48;;6520BCLH1J;false;1;Centre;import;Rapprochement Odoo par default_code a effectuer.
6520BGNH1J;LUN VT PEUGEOT106 II        96-03;LUNETTES;Lunette;;product;true;true;VSF Centre;56,03;123,27;70,04;;6520BGNH1J;false;1;R112;import;Rapprochement Odoo par default_code a effectuer.
6520BSMH;JC LUN PEUGEOT 106/SAXO            91-03;JOINTS;Joint;;product;true;true;VSF Centre;8,9;19,59;11,13;;6520BSMH;false;2;R112 | J7B;import;Doublon source consolide : controler quantites, prix et emplacements.
6520LCLH3FD;DESC AVG CL 106/SAXO 3P            91-03;GLACES LATERALES;Glace laterale;;product;true;true;VSF Centre;25,05;55,11;31,31;;6520LCLH3FD;false;1;R226;import;Rapprochement Odoo par default_code a effectuer.
6520LGNH3RQO;CUST OUVR ARG VT 106 3P            91-03;GLACES LATERALES;Glace laterale;;product;true;true;VSF Centre;38,64;85,01;48,3;;;false;2;GALLERIA;import;Doublon source consolide : controler quantites, prix et emplacements.
6520RGNH3RQO;CUST.OUVR.ARD VT 106 3P.           91-03;GLACES LATERALES;Glace laterale;;product;true;true;VSF Centre;23,44;51,57;29,3;;6520RGNH3RQO;false;1;Centre;import;Rapprochement Odoo par default_code a effectuer.
6521AGN;PB VT PEUGEOT 306                  92-02;PARE BRISE;Pare-brise;;product;true;true;VSF Centre;46,15;101,53;57,69;;6521AGN;false;3;R310 | R520 | R205;import;Doublon source consolide : controler quantites, prix et emplacements.
6521AGNM1C;PB VT PEUGEOT 306   CAPT     97-02;PARE BRISE;Pare-brise;;product;true;true;VSF Centre;47,83;105,23;59,79;;6521AGNM1C;false;3;R109 | R602 | R702;import;Doublon source consolide : controler quantites, prix et emplacements.
6521AKMH1;JCS PB KIT COMP. PEUGEOT 306  92-02;JOINTS;Joint;;product;true;true;VSF Centre;20,26;44,58;25,33;;6521AKMH1;false;5;R310 | R109 | R602 | JT004 | J2B;import;Doublon source consolide : controler quantites, prix et emplacements.
6521ASMH;JC PB PEUGEOT 306 BNE/BK           92-02;JOINTS;Joint;;product;true;true;VSF Centre;14,06;30,94;17,58;;6521ASMH;false;1;R520;import;Rapprochement Odoo par default_code a effectuer.
6521BGNH2H;LUN VT PEUGEOT 306 S16 3P          92-98;LUNETTES;Lunette;;product;true;true;VSF Centre;174,02;382,84;217,52;;6521BGNH2H;false;1;R223;import;Rapprochement Odoo par default_code a effectuer.
6521BGNHZ1H;LUN VT PEUGEOT 306 3/5P            98-02;LUNETTES;Lunette;;product;true;true;VSF Centre;100,43;220,95;125,54;;6521BGNHZ1H;false;1;R222;import;Rapprochement Odoo par default_code a effectuer.
6521BSMH;JC LUN PEUGEOT 306 3/5P            92-97;JOINTS;Joint;;product;true;true;VSF Centre;36,15;79,53;45,19;;6521BSMH;false;1;J6D;import;Rapprochement Odoo par default_code a effectuer.
6521LGNH3FD;DESC AVG VT PEUGEOT 306 3P   92-02;GLACES LATERALES;Glace laterale;;product;true;true;VSF Centre;26,09;57,39;32,61;;6521LGNH3FD;false;1;Centre;import;Rapprochement Odoo par default_code a effectuer.
6523AGN1B;PB VT BOXER 1 /JUMPER 1 94-06;PARE BRISE;Pare-brise;;product;true;true;VSF Centre;65,47;144,03;86,15;3735AGN1B;6523AGN1B;false;7;R210 | R211 | Galléria | R603 | R532 | R114;import;Doublon source consolide : controler quantites, prix et emplacements.
6523ASMV;JC PB PEUGEOT BOXER 1 /JUMPER 1   94-06;JOINTS;Joint;;product;true;true;VSF Ouest;10,88;23,94;14,31;;6523ASMV;false;7;R211 | D2 | J1D | R603 | J11F | JT019;import;Doublon source consolide : controler quantites, prix et emplacements.
6523RGNV2FD;DESC AVD VT BOXER/JUMPER          94-06;GLACES LATERALES;Glace laterale;;product;true;true;VSF Centre;22,6;49,72;28,25;;6523RGNV2FD;false;1;Centre;import;Rapprochement Odoo par default_code a effectuer.
6525ACCMV1T;PB REFL 406 CAPT PLUIE ET LUMIERE  01-03;PARE BRISE;Pare-brise;;product;true;true;VSF Centre;109,28;240,42;136,6;;6525ACCMV1T;false;1;R624;import;Rapprochement Odoo par default_code a effectuer.
6525AGNMV;PB VT PEUGEOT 406 CAPT PLUIE     96-01;PARE BRISE;Pare-brise;;product;true;true;VSF Centre;70,23;154,51;87,79;;6525AGNMV;false;1;R321;import;Rapprochement Odoo par default_code a effectuer.
6525ASMST;JC SUP PB PEUGEOT 406              96-03;JOINTS;Joint;;product;true;true;VSF Centre;6,42;14,13;8,03;;6525ASMST;false;2;R624 | JT005;import;Doublon source consolide : controler quantites, prix et emplacements.
6538AGNM;PARE-BRISE TEINTÉ VERT 406 COUPÉ CAPTEUR PLUIE 97-01MO 2,4;PARE BRISE;Pare-brise;;product;true;true;INVENTAIRE;118,37;260,41;147,96;;7290AGSMV1M;true;1;R134;import;Rapprochement Odoo par default_code a effectuer. EUROCODE INTERNE diverge de EUROCODE : arbitrage RPBM requis sur la reference qui fait foi.
6539ACCV;PB REFL PEUGEOT 206                98-14;PARE BRISE;Pare-brise;;product;true;true;VSF Centre;142,8;314,16;178,5;;6539ACCV;false;1;R401;import;Rapprochement Odoo par default_code a effectuer.
6539AGSMV;PB VT 206 BNE / SW CAPT PLUIE    98-01;PARE BRISE;Pare-brise;;product;true;true;VSF Centre;80,74;177,62;100,92;;6539AGSMV;false;1;R224;import;Rapprochement Odoo par default_code a effectuer.
6539AGSMV6T;PB VT 206 CAPT PLUIE LUM BNE / SW 01-14;PARE BRISE;Pare-brise;;product;true;true;VSF Centre;80,96;178,11;101,2;;6539AGSMV6T;false;4;R538 | GALLERIA | R737 | R615;import;Doublon source consolide : controler quantites, prix et emplacements.
6539AGSV;PB VT PEUGEOT 206/206+ BNE/SW 98-14;PARE BRISE;Pare-brise;;product;true;true;VSF Centre;51,1;112,42;67,24;;6539AGSV;false;42;R107 | R224 | R413 | Centre | R432 | R105 | R428 | R423 | R537 | R225 | R328 | R427 | Posé | R508 | R505 | R311 | R738 | R615 | CASSE | GENIPA | R308 | GALLERIA | R229 | R417 | R630 | R734 | R506 | R611 | R626 | DOMICILE | R526 | R529;import;Doublon source consolide : controler quantites, prix et emplacements.
6539AKCH;AGR  INF  KIT PB PEUGEOT 206     98-14;JOINTS;Joint;;product;true;true;VSF Centre;3,78;8,32;4,73;;6539AKCH;false;3;Centre | JC10 | JDESSUS;import;Doublon source consolide : controler quantites, prix et emplacements.
6539AKKH1F;JC+CALES PB KIT COMP. PEUGEOT 206 98-14;JOINTS;Joint;;product;true;true;VSF Centre;3,47;7,64;4,34;;6539AKKH1F;false;25;R107 | JT013 | R413 | R432 | R401 | R105 | J002 | JT018 | R537 | J005 | J006 | J7C | R508 | JT003 | R738 | R615 | JT022 | GALLERIA | J8A | J5D | J1A;import;Doublon source consolide : controler quantites, prix et emplacements.
6539AKKH1F9;VO - J+C PB KIT COMP. PEUGEOT 206 98-14;JOINTS;Joint;;product;true;true;VSF Ouest;3,3;7,26;4,34;;6539AKKH1F9;false;3;;import;Doublon source consolide : controler quantites, prix et emplacements.
6539ASMHT;JC SUP PB PEUGEOT 206         98-14;JOINTS;Joint;;product;true;true;VSF Centre;2,61;5,74;3,26;;6539ASMHT;false;2;GALLERIA | J8A;import;Doublon source consolide : controler quantites, prix et emplacements.
6539BGSH;LUN.VT PEUGEOT 206/206+   3/5P     98-14;LUNETTES;Lunette;;product;true;true;VSF Centre;53,12;116,86;66,4;;6539BGSH;false;4;Centre | R119 | D2 | R933;import;Doublon source consolide : controler quantites, prix et emplacements.
6539LGSH3FD;DESC AVG VT PEUGEOT 206/206  3P 98-14;GLACES LATERALES;Glace laterale;;product;true;true;VSF Centre;26,08;57,38;32,6;;6539LGSH3FD;false;1;R907;import;Rapprochement Odoo par default_code a effectuer.
6539LGSH3RQO;CUST OUVR ARG VT 206/206   3P 98-14;GLACES LATERALES;Glace laterale;;product;true;true;VSF Centre;26,08;57,38;32,6;;6539LGSH3RQO;false;2;R905 | R912;import;Doublon source consolide : controler quantites, prix et emplacements.
6539LGSH5FD;DESC AVG VT PEUGEOT 206 5P/SW   98-14;GLACES LATERALES;Glace laterale;;product;true;true;VSF Centre;20,7;45,55;25,88;;6539LGSH5FD;false;1;Centre;import;Rapprochement Odoo par default_code a effectuer.
6539RGSH3FD;GLACE DESCENDANTE AVANT DROIT TEINTÉ VERT PEUGEOT 206/206 3 PORTES 98-14;GLACES LATERALES;Glace laterale;;product;true;true;BLUE AUTO;58,9;58,9;58,9;;6539RGSH3FD;false;4;Centre | R912;import;Doublon source consolide : controler quantites, prix et emplacements.
6539RGSH3RQO;CUSTODE OUVRANT(E) ARRIÈRE DROIT TEINTÉ VERT 206/206 3 PORTES 98-09;GLACES LATERALES;Glace laterale;;product;true;true;BLUE AUTO;47,14;47,14;47,14;;6539RGSH3RQO;false;1;Centre;import;Rapprochement Odoo par default_code a effectuer.
6539RGSH5FD;DESC.AVD VT PEUGEOT 206 5P/SW 98-14;GLACES LATERALES;Glace laterale;;product;true;true;BLUE AUTO;48,8;48,8;48,8;;6539RGSH5FD;false;1;Centre;import;Rapprochement Odoo par default_code a effectuer.
6539RGSH5RD;DESC ARD VT PEUGEOT 206 5P 98-14;GLACES LATERALES;Glace laterale;;product;true;true;VSF Centre;25,26;55,56;31,57;;;false;1;R901;import;Rapprochement Odoo par default_code a effectuer.
6542ACCVZ;PB ATH PEUGEOT 307 01-07;PARE BRISE;Pare-brise;;product;true;true;VSF Centre;135,79;298,74;169,74;;6542AGSVZ;true;16;R312 | R117 | R406 | DEBOUT D2 | R501 | R612 | R505 | CASSE | R503 | R707 | R305 | R403 | R308 | R517;import;Doublon source consolide : controler quantites, prix et emplacements. EUROCODE INTERNE diverge de EUROCODE : arbitrage RPBM requis sur la reference qui fait foi.
6542ACDMVZ6J;PB ATH ACOU 307 CAP ROND RET MANU 01-03;PARE BRISE;Pare-brise;;product;true;true;VSF Centre;175,7;386,55;219,63;;6542ACDMVZ6J;false;1;R410;import;Rapprochement Odoo par default_code a effectuer.
6542ACDMVZ6P;PB ATH 307 +CAPT.PL/LU RETR.ELEC 03-07;PARE BRISE;Pare-brise;;product;true;true;VSF Centre;158,84;349,45;209;;6542ACDMVZ6P;false;10;R116 | R118 | R201 | R408 | R508 | R501 | R511 | R609 | R513;import;Doublon source consolide : controler quantites, prix et emplacements.
6542AGAVZ;PB VT ACOUS.PEUGEOT 307 BNE/SW 01-07;PARE BRISE;Pare-brise;;product;true;true;VSF Centre;119,2;262,24;149;;6542AGSVZ;true;5;R317 | R411 | R118 | R505;import;Doublon source consolide : controler quantites, prix et emplacements. EUROCODE INTERNE diverge de EUROCODE : arbitrage RPBM requis sur la reference qui fait foi.
6542AGSMVZ6P;PB VT 307 +CAPT.PL/LU RETR. ELEC 03-07;PARE BRISE;Pare-brise;;product;true;true;VSF Centre;95,2;209,44;119;;6542AGSMVZ6P;false;6;R116 | R401 | R301 | R309 | R213 | R709;import;Doublon source consolide : controler quantites, prix et emplacements.
6542AGSVZ;PB VT PEUGEOT 307 BNE/SW 01-07;PARE BRISE;Pare-brise;;product;true;true;VSF Centre;98,04;215,69;129;;6542AGAVZ;true;39;R117 - R118 | R305 | Centre | R111 | R315 | R405 | R414 | R118 | R406 | DEBOUT D2 | Dépôt 1 | R204 | R311 | R408 | R211 | R501 | R507 | R702 | R709 | R317 | R711 | R514 | R610 | R705 | R415 | R418;import;Doublon source consolide : controler quantites, prix et emplacements. EUROCODE INTERNE diverge de EUROCODE : arbitrage RPBM requis sur la reference qui fait foi.
6542AGSVZ-T;PB VT PEUGEOT 307 BNE/SW           01-07;PARE BRISE;Pare-brise;;product;true;true;VSF Centre;90,6;199,32;113,25;;6542AGSVZ-T;false;1;Centre;import;Rapprochement Odoo par default_code a effectuer.
6542BGSE;LUN VT PEUGEOT 307 BREAK   01-07;LUNETTES;Lunette;;product;true;true;VSF Centre;98,56;216,83;123,2;;6542BGSE;false;3;Centre | R925;import;Doublon source consolide : controler quantites, prix et emplacements.
6542BGSH;LUN VT PEUGEOT 307 3/5P           01-07;LUNETTES;Lunette;;product;true;true;VSF Centre;83,22;183,09;104,03;;6542BGSH;false;2;R433 | R934;import;Doublon source consolide : controler quantites, prix et emplacements.
6542LGSH5FD;DESC AVG VT PEUGEOT 307 5P  01-07;GLACES LATERALES;Glace laterale;;product;true;true;VSF Centre;47,2;103,84;59;;6542LGSH5FD;false;1;R905;import;Rapprochement Odoo par default_code a effectuer.
6542RGSH3FD;DESC AVD VT PEUGEOT 307 3P  01-07;GLACES LATERALES;Glace laterale;;product;true;true;VSF Centre;32,53;71,56;40,66;;6542RGSH3FD;false;1;Centre;import;Rapprochement Odoo par default_code a effectuer.
6542RGSH5FD;DESC AVD VT PEUGEOT 307 5P  01-07;GLACES LATERALES;Glace laterale;;product;true;true;VSF Centre;37,6;82,72;47;;6542RGSH5FD;false;1;R913;import;Rapprochement Odoo par default_code a effectuer.
6542RGSH5FVZ;DÉFLECTEUR AVANT DROIT TEINTÉ VERT PEUGEOT 307 5P/SW 01-07;GLACES LATERALES;Glace laterale;;product;true;true;BLUE AUTO;90,71;90,71;90,71;;6542RGSH5FVZ;false;1;Centre;import;Rapprochement Odoo par default_code a effectuer.
6542RGSH5RD;DESC ARD VT PEUGEOT 307 5P  01-07;GLACES LATERALES;Glace laterale;;product;true;true;VSF Centre;37,9;83,37;47,37;;6542RGSH5RD;false;1;R915;import;Rapprochement Odoo par default_code a effectuer.
6543AGSVZ;PB VT PEUGEOT 307 CC           03-09;PARE BRISE;Pare-brise;;product;true;true;VSF Centre;115,13;253,28;143,91;;6543AGSVZ;false;2;R406 | R710;import;Doublon source consolide : controler quantites, prix et emplacements.
6544AGSMVZ1B;PB VT PEUGEOT 407  CAPT     04-11;PARE BRISE;Pare-brise;;product;true;true;VSF Centre;150,48;331,06;188,1;;6544AGSMVZ1B;false;2;R503 | R606;import;Doublon source consolide : controler quantites, prix et emplacements.
6544AGSVZ;PARE-BRISE TEINTÉ VERT PEUGEOT 407 04-11MO 2.60;PARE BRISE;Pare-brise;;product;true;true;INVENTAIRE;167,53;368,57;167,53;;6544AGSVZ;false;1;R814;import;Rapprochement Odoo par default_code a effectuer.
6544AKCSS1B;KIT AGR INF PB PEUGEOT 407      04-11;JOINTS;Joint;;product;true;true;VSF Centre;4,88;10,74;6,1;;6544AKCSS1B;false;1;J10A;import;Rapprochement Odoo par default_code a effectuer.
6544AKCSS1F;AGR LAT PB PEUGEOT 407      04-11;JOINTS;Joint;;product;true;true;VSF Centre;7,19;15,82;8,99;;6544AKCSS1F;false;1;J10A;import;Rapprochement Odoo par default_code a effectuer.
6545ACCMV6T;PB REFL.PEUGEOT 206 CC +CAPT   01-;PARE BRISE;Pare-brise;;product;true;true;VSF Centre;167,2;367,84;209;;6545ACCMV6T;false;1;R232;import;Rapprochement Odoo par default_code a effectuer.
6545AGSV;PB VT PEUGEOT 206 CC             01-;PARE BRISE;Pare-brise;;product;true;true;VSF Centre;148;325,6;185;;;false;1;GENIPA;import;Rapprochement Odoo par default_code a effectuer.
6545BGST;LUN.VT PEUGEOT 206 CC        00-;LUNETTES;Lunette;;product;true;true;VSF Centre;74,4;163,68;93;;6545BGST;false;2;Centre | R922;import;Doublon source consolide : controler quantites, prix et emplacements.
6546ACCMVZ6P;PARE-BRISE ATHERMIQUE PEUGEOT 807/C8 CAPTEUR DE PLUIE CARRE 06-15;PARE BRISE;Pare-brise;;product;true;true;SODIVA;584,25;584,25;584,25;;6546ACCMVZ6P;false;1;Centre;import;Rapprochement Odoo par default_code a effectuer.
6547AGS;PB VT PEUGEOT 1007                 05-09;PARE BRISE;Pare-brise;;product;true;true;VSF Centre;74,4;163,68;93;;6547AGS;false;1;R430;import;Rapprochement Odoo par default_code a effectuer.
6547ASMHB;JC INF PB PEUGEOT 1007             05-09;JOINTS;Joint;;product;true;true;VSF Centre;3,12;6,86;3,9;;6547ASMHB;false;1;R430;import;Rapprochement Odoo par default_code a effectuer.
6547ASMHT;JC SUP PB PEUGEOT 1007             05-09;JOINTS;Joint;;product;true;true;VSF Centre;7,92;17,42;9,9;;6547ASMHT;false;1;R430;import;Rapprochement Odoo par default_code a effectuer.
6547BGSH;LUN VT PEUGEOT 1007               05-09;LUNETTES;Lunette;;product;true;true;VSF Centre;58,01;127,62;72,51;;6547BGSH;false;1;R201;import;Rapprochement Odoo par default_code a effectuer.
6548ACCMVZ1B;PB REFL.PEUGEOT 207+CAPT             06-;PARE BRISE;Pare-brise;;product;true;true;VSF Centre;164,79;346,06;205,99;;6548ACCMVZ1B;false;14;R204 | R229 | R433 | R429 | R330 | R313 | R317 | R408 | R511 | R723 | R601 | R618 | R412 | R521;import;Doublon source consolide : controler quantites, prix et emplacements.
6548ACCVZ;PB REFL.PEUGEOT 207 06-;PARE BRISE;Pare-brise;;product;true;true;VSF Centre;140,8;309,76;176;;6548ACCVZ;false;7;R318 | R231 | R611 | CASSE | R525;import;Doublon source consolide : controler quantites, prix et emplacements.
6548ACDMVZ1B;PB REFL.ACO.PEUGEOT 207+CAPT 06-;PARE BRISE;Pare-brise;;product;true;true;VSF Centre;188;413,6;235;;6548ACDMVZ1B;true;3;R419 | R501 | R510;import;Doublon source consolide : controler quantites, prix et emplacements. EUROCODE INTERNE diverge de EUROCODE : arbitrage RPBM requis sur la reference qui fait foi.
6548AGAMVZ1B;PB VT ACO.PEUGEOT 207+CAPT 06-;PARE BRISE;Pare-brise;;product;true;true;VSF Centre;122,53;269,56;153,16;;6548AGAMVZ1B;false;1;R314;import;Rapprochement Odoo par default_code a effectuer.
6548AGAVZ;PB VT ACO.PEUGEOT 207 06-;PARE BRISE;Pare-brise;;product;true;true;VSF Centre;96,8;212,96;121;;6548AGSVZ;true;26;R136 | R433 | R420 | R227 | R107 | R414 | R313 | R307 | Centre | R214 | R215 | R216 | R105 | R224 | R536 | R523 | R733 | R611 | R636 | CASSE | R512;import;Doublon source consolide : controler quantites, prix et emplacements. EUROCODE INTERNE diverge de EUROCODE : arbitrage RPBM requis sur la reference qui fait foi.
6548AGSMVZ1B;PB VT PEUGEOT 207  CAPT      06-;PARE BRISE;Pare-brise;;product;true;true;VSF Centre;111,41;245,1;139,26;;6548AGSMVZ1B;false;19;R435 | R316 | CASSE | R408 | R117 | R410 | R532 | R227 | Galléria | R501 | Génipa | R529 | R631 | R736 | R317 | R425 | R810;import;Doublon source consolide : controler quantites, prix et emplacements.
6548AGSVZ;PB VT PEUGEOT 207 06-;PARE BRISE;Pare-brise;;product;true;true;VSF Centre;88,24;194,13;116,1;;6548AGAVZ;true;55;R108 - R109 | Centre | R435 | R107 | R408 | R206 | POSÉ | R506 | R501 | R626 | R702 | R725 | R601 | Génipa | R320 | R630 | R224 | R608 | R329 | R618 | R635 | R431 | R211 | R233 | R401 | R429 | R427 | R504 | R517 | GALLERIA | R604 | R728 | R527 | R703 | R705 | R424 | R609 | R433 | R417 | R412 | R430 | R638 | R414;import;Doublon source consolide : controler quantites, prix et emplacements. EUROCODE INTERNE diverge de EUROCODE : arbitrage RPBM requis sur la reference qui fait foi.
6548BGPE;LUN VT FONCEE PEUGEOT 207 SW  06-;LUNETTES;Lunette;;product;true;true;VSF Centre;95,63;210,39;119,54;;6548BGPE;false;1;D2;import;Rapprochement Odoo par default_code a effectuer.
6548BGPH;LUNETTE TEINTÉ VERT FONCEE PEUGEOT 207 3 ET 5 PORTES 06-;LUNETTES;Lunette;;product;true;true;BLUE AUTO;161,63;161,63;161,63;;6548BGPH;false;1;Centre;import;Rapprochement Odoo par default_code a effectuer.
6548BGSH;LUN VT PEUGEOT 207 3/5P            06-14;LUNETTES;Lunette;;product;true;true;VSF Centre;79,22;174,29;99,03;;6548BGSH;false;3;R335 | R920 | R927;import;Doublon source consolide : controler quantites, prix et emplacements.
6548GGPH3PR;TOIT PANO PRIVACY 207 3 ET 5 PORTES 06-;TOIT;Autres;Toit panoramique;product;true;true;BLUE AUTO;617,91;617,91;617,91;;6548GGPH3PR;false;1;Centre;import;Rapprochement Odoo par default_code a effectuer.
6548LGSH3FD;DESC.AVG VT PEUG.207 3P.568MM  06-;GLACES LATERALES;Glace laterale;;product;true;true;VSF Centre;35,2;77,44;44;;6548LGSH3FD;false;1;Centre;import;Rapprochement Odoo par default_code a effectuer.
6548LGSH3FD1H;GLACE DESCENDANTE AVANT GAUCHE TEINTÉ VERT PEUGEOT 207 3 PORTES 558MM 06-;GLACES LATERALES;Glace laterale;;product;true;true;BLUE AUTO;100,45;100,45;100,45;;6548LGSH3FD1H;false;1;Centre;import;Rapprochement Odoo par default_code a effectuer.
6548LGSH5FD;GLACE DESCENDANTE AVANT GAUCHE TEINTÉ VERT PEUGEOT 207 5 PORTES HAYON;GLACES LATERALES;Glace laterale;;product;true;true;??;;;;;6548LGSH5FD;false;1;T001;import;Rapprochement Odoo par default_code a effectuer. PRIX RV absent : standard_price non calculable, phase de cout a exclure.
6548LGSH5FVZ;DÉFLECTEUR AVANT GAUCHE TEINTÉ VERT PEUGEOT 207 3 ET 5 PORTES 06-;GLACES LATERALES;Glace laterale;;product;true;true;BLUE AUTO;100,45;100,45;100,45;;6548LGSH5FVZ;false;4;Centre | GALLERIA | R233 | R837;import;Doublon source consolide : controler quantites, prix et emplacements.
6548LGSH5RD;DESC ARG VT PEUGEOT 207 5P   06-;GLACES LATERALES;Glace laterale;;product;true;true;VSF Centre;35,3;77,67;44,13;;6548LGSH5RD;false;1;Centre;import;Rapprochement Odoo par default_code a effectuer.
6548LGSH5RD-PERDU;DESC ARG VT PEUGEOT 207 5P   06-;GLACES LATERALES;Glace laterale;;product;true;false;VSF Centre;35,3;77,67;44,13;;6548LGSH5RD-PERDU;false;1;PERDUE;exclusion_format_eurocode;Rapprochement Odoo par default_code a effectuer. EXCLUE DE L'IMPORT (decision RPBM du 2026-08-05, D3) : format d'eurocode suspect (annotation, code constructeur, texte libre). Sans x_studio_eurocode valide, la fiche serait invisible au widget rpbm_agent et non synchronisable. A reprendre a la main dans le fichier Excel si la reference doit exister.
6548RGPH5RD;DESC ARD VT FONCEE 207 5P 06-;GLACES LATERALES;Glace laterale;;product;true;true;VSF Centre;24,01;52,82;30,01;;6548RGPH5RD;false;1;Centre;import;Rapprochement Odoo par default_code a effectuer.
6548RGSH3RQOW;CUST ARD OUVR VT PEUGEOT 207 3P   06-;GLACES LATERALES;Glace laterale;;product;true;true;VSF Centre;74,82;164,6;93,52;;6548RGSH3RQOW;false;2;Centre | GALLERIA;import;Doublon source consolide : controler quantites, prix et emplacements.
6548RGSH5FVZ;DEFL.AVD VT PEUGEOT 207 3/5P.   06-;GLACES LATERALES;Glace laterale;;product;true;true;VSF Centre;86,19;189,62;107,74;;6548RGSH5FVZ;false;7;Centre | R233 | R906;import;Doublon source consolide : controler quantites, prix et emplacements.
6548RGSH5RD;DESC ARD VT PEUGEOT 207 5P   06-;GLACES LATERALES;Glace laterale;;product;true;true;VSF Centre;35,3;77,67;44,13;;6548RGSH5RD;false;1;OK;import;Rapprochement Odoo par default_code a effectuer.
6549AGS;PB VT PEUG.107 / CITR.C1/ TOY.AYGO 05-14;PARE BRISE;Pare-brise;;product;true;true;VSF Centre;67,64;148,81;89;2734AGS;6549AGS;true;20;R119 | Centre | R526 | R703 | R723 | R512 | R415 | GENIPA | R427 | R411 | R636 | R630 | R715 | R504 | R616 | R633;import;Doublon source consolide : controler quantites, prix et emplacements. EUROCODE INTERNE diverge de EUROCODE : arbitrage RPBM requis sur la reference qui fait foi.
6549AKDH1F;MOUSSE INT. PB 107/C1/AYGO     05-14;JOINTS;Joint;;product;true;true;VSF Ouest;6,84;15,05;9;;6549AKDH1F;false;14;R119 | Centre | R526 | R703 | J10D | J4D | JT004;import;Doublon source consolide : controler quantites, prix et emplacements.
6549BGSHO;LUN VT CITROEN C1/PEUGEOT 107   05-14;LUNETTES;Lunette;;product;true;true;VSF Centre;79,2;174,24;99;;6549BGSHO;false;2;R333 | Centre;import;Doublon source consolide : controler quantites, prix et emplacements.
6549BYPHO;LUN PRIV CITROEN C1/PEUGEOT 107 05-14;LUNETTES;Lunette;;product;true;true;VSF Centre;123,82;272,41;154,78;;6549BYPHO;false;1;Centre;import;Rapprochement Odoo par default_code a effectuer.
6549LGSH3RQ;CUST ARG VT 107/C1 3P     05-14;GLACES LATERALES;Glace laterale;;product;true;true;VSF Centre;31,55;69,41;39,44;;6549LGSH3RQ;false;3;R909 | R906 | R912;import;Doublon source consolide : controler quantites, prix et emplacements.
6549LGSH5FD;DESC AVG VT 107/C1/TOY AYGO 5P 05-14;GLACES LATERALES;Glace laterale;;product;true;true;VSF Centre;32,06;70,52;40,07;;6549LGSH5FD;false;1;R905;import;Rapprochement Odoo par default_code a effectuer.
6549LGSH5RDOW;GL PTE ARRIÈRE GAUCHE TEINTÉ VERT 107/C1 5 PORTES HAYON 05-14;GLACES LATERALES;Glace laterale;;product;true;true;SODIVA;44,41;44,41;44,41;;6549LGSH5RDOW;false;3;Centre | R906 | R922;import;Doublon source consolide : controler quantites, prix et emplacements.
6549LYPH3RQ;CUST.ARG PRIV.107/C1 3P 05-14;GLACES LATERALES;Glace laterale;;product;true;true;VSF Centre;32,69;71,91;40,86;;6549LYPH3RQ;false;2;Centre;import;Doublon source consolide : controler quantites, prix et emplacements.
6549RGSH3FD;DESC AVD VT 107/C1/TOY AYGO 3P 05-14;GLACES LATERALES;Glace laterale;;product;true;true;VSF Centre;32,06;70,52;40,07;;6549RGSH3FD;false;1;R915;import;Rapprochement Odoo par default_code a effectuer.
6549RGSH3RQ;CUST ARD VT 107/C1 3P       05-14;GLACES LATERALES;Glace laterale;;product;true;true;VSF Centre;28,02;61,64;35,02;;6549RGSH3RQ;false;6;Centre | D2 | R907 | R904 | R906;import;Doublon source consolide : controler quantites, prix et emplacements.
6549RGSH5FD;DESC AVD VT 107/C1/TOY AYGO 5P 05-14;GLACES LATERALES;Glace laterale;;product;true;true;VSF Centre;29,68;65,3;37,1;;6549RGSH5FD;false;1;T003;import;Rapprochement Odoo par default_code a effectuer.
6549RGSH5RDOW;GL PTE ARD VT 107/C1     5P 05-14;GLACES LATERALES;Glace laterale;;product;true;true;VSF Centre;27,74;61,02;34,67;;6549RGSH5RDOW;false;3;Centre | R905;import;Doublon source consolide : controler quantites, prix et emplacements.
6551AGSAMVZ1P;PB VT PEUGEOT 207 CC CAPT ANT 07-;PARE BRISE;Pare-brise;;product;true;true;VSF Centre;182,61;401,74;228,26;;6551AGSAMVZ1P;false;1;R322;import;Rapprochement Odoo par default_code a effectuer.
6552RGSV3FV;GLACE FIXE AVD PEUGEOT BOXER 330-L2H2 4P III Phase 2;GLACES LATERALES;Glace laterale;;product;true;true;BLUE AUTO;98,06;98,06;98,06;;6552RGSV3FV;false;1;Centre;import;Rapprochement Odoo par default_code a effectuer.
6554ACDMVW3B;PB ATH ACO.PEUG.308 BNE/SW +CAPT 07-13;PARE BRISE;Pare-brise;;product;true;true;BLUE AUTO;361,8;361,8;361,8;;6554ACDMVW3B;false;13;Centre | R110 | R414 | R402 | R208 | CASSE | R406 | R505 | R619 | R615 | R202;import;Doublon source consolide : controler quantites, prix et emplacements.
6554AGAMVW3B;PB VT ACOUS.308 +CAPT.BNE/SW 07-13;PARE BRISE;Pare-brise;;product;true;true;VSF Centre;116,28;255,82;153;;6554AGAMVW3B;false;14;R201 | R318 | R412 | R416 | R417 | Centre | R605 | R517 | R510 | R515 | CASSE | R601 | R403;import;Doublon source consolide : controler quantites, prix et emplacements.
6554AGAVW;PB VT ACOUS.PEUG.308 BNE/SW 07-13;PARE BRISE;Pare-brise;;product;true;true;VSF Centre;114,4;251,68;143;;6554AGAVW;false;2;R317 | R313;import;Doublon source consolide : controler quantites, prix et emplacements.
6554AGAVW2B;PB VT ACO PEUGEOT 308 BNE/SW 07-13;PARE BRISE;Pare-brise;;product;true;true;VSF Centre;146,84;323,05;193,21;;;false;1;R505;import;Rapprochement Odoo par default_code a effectuer.
6554AGSVW;PB VT PEUGEOT 308 BNE/SW 07-13;PARE BRISE;Pare-brise;;product;true;true;VSF Centre;95,2;209,44;119;;6554AGSVW;false;26;R317 | R313 | R110 | R118 | R410 | R405 | R415 | R318 | R401 | R213 | R416 | R605 | CASSE | R412 | R402 | R411 | R406 | R510 | R601 | R514 | R801;import;Doublon source consolide : controler quantites, prix et emplacements.
6554AKCS;CLIPS KIT LAT. PB PEUGEOT 308 04-13;JOINTS;Joint;;product;true;true;VSF Centre;3,42;7,53;4,28;;6554AKCS;false;13;R317 | Centre | R110 | R410 | NON | J6B | JT001 | JDESSUS;import;Doublon source consolide : controler quantites, prix et emplacements.
6554BGSHW;LUN VT PEUGEOT 308 3/5P           07-13;LUNETTES;Lunette;;product;true;true;VSF Centre;117,83;259,23;147,29;;6554BGSHW;false;2;R929 | R920;import;Doublon source consolide : controler quantites, prix et emplacements.
6554GYPH3PR;TOIT PANORAMIQUE PEUGEOT 308 3 PORTES 07-13MO 2,60;TOIT PANO;Autres;Toit panoramique;product;true;true;INVENTAIRE;;;;;6554GYPH3PR;false;1;R334;import;Rapprochement Odoo par default_code a effectuer. PRIX RV absent : standard_price non calculable, phase de cout a exclure.
6554LGSH5FD;DESC AVG VT PEUGEOT 308 5P /BK 07-13;GLACES LATERALES;Glace laterale;;product;true;true;VSF Centre;36,03;79,27;45,04;;6554LGSH5FD;false;1;GALLERIA;import;Rapprochement Odoo par default_code a effectuer.
6554LGSH5FDKW;DESC AVG VT FEUILL 308 5P /BK 07-13;GLACES LATERALES;Glace laterale;;product;true;true;VSF Centre;129,57;285,05;161,96;;6554LGSH5FDKW;false;1;Centre;import;Rapprochement Odoo par default_code a effectuer.
6554LGSH5FVZ;DÉFLECTEUR AVANT GAUCHE TEINTÉ VERT PEUGEOT 308 5 PORTES HAYON /SW 07-13;GLACES LATERALES;Glace laterale;;product;true;true;BLUE AUTO;175,04;175,04;175,04;;6554LGSH5FVZ;false;1;Centre;import;Rapprochement Odoo par default_code a effectuer.
6554LGSH5RD;GLACE DESCENDANTE ARRIÈRE GAUCHE TEINTÉ VERT PEUGEOT 308 5 PORTES HAYON 07-13;GLACES LATERALES;Glace laterale;;product;true;true;MPB;43,1;43,1;43,1;;6554LGSH5RD;false;1;Centre;import;Rapprochement Odoo par default_code a effectuer.
6554RGSH3FD;DESC AVD VT PEUGEOT 308 3P  07-13;GLACES LATERALES;Glace laterale;;product;true;true;VSF Centre;49,5;108,91;61,88;;6554RGSH3FD;false;1;Centre;import;Rapprochement Odoo par default_code a effectuer.
6554RGSH5FVZ;DEFL AVD VT PEUGEOT 308 5P SW 07-13;GLACES LATERALES;Glace laterale;;product;true;true;VSF Centre;95,2;209,44;119;;;false;1;GALLERIA;import;Rapprochement Odoo par default_code a effectuer.
6557AGSV;PB VT P.BIPPER/C.NEMO/FIAT FIORINO 08-;PARE BRISE;Pare-brise;;product;true;true;VSF Centre;72,8;160,16;91;2732AGSV;6557AGSV;false;12;R333 | R433 | R332 | R702 | Génipa | CASSE | R401 | R107 | R505 | R625 | R526;import;Doublon source consolide : controler quantites, prix et emplacements.
6557ASMV;JC PB P.BIPPER/C.NEMO/FIAT FIORINO 08-;JOINTS;Joint;;product;true;true;VSF Centre;9,6;21,12;12;2739AGSV;6557ASMV;false;9;R333 | R433 | R332 | J8B | R702 | Génipa | J9C | J3E;import;Doublon source consolide : controler quantites, prix et emplacements.
6557BGSVB;LUN VT BIPPER/C NEMO/FIORINO  08-;LUNETTES;Lunette;;product;true;true;VSF Centre;65,43;143,95;81,79;;6557BGSVB;false;1;Centre;import;Rapprochement Odoo par default_code a effectuer.
6557BGSVL1H;LUN GCHE CHAUF VT BIPPER/C NEMO/ 08-;LUNETTES;Lunette;;product;true;true;VSF Centre;69,14;152,1;86,42;;6557BGSVL1H;false;2;R234 | R914;import;Doublon source consolide : controler quantites, prix et emplacements.
6557BGSVLU;LUN GCHE NON CH VT BIPPER/C NEMO/ 08-;LUNETTES;Lunette;;product;true;true;VSF Centre;59,9;131,79;74,88;;6557BGSVLU;false;1;R905;import;Rapprochement Odoo par default_code a effectuer.
6557LGSV3FDW;DESC AVG VT BIPPER/NEMO/FIO     08-;GLACES LATERALES;Glace laterale;;product;true;true;VSF Centre;32,95;72,49;41,19;;6557LGSV3FDW;false;1;Centre;import;Rapprochement Odoo par default_code a effectuer.
6557LGSV5RDOW;GLACE ARG OUVR VT BIPPER/NEMO 5P 08-;GLACES LATERALES;Glace laterale;;product;true;true;VSF Centre;57,32;126,1;71,65;;6557LGSV5RDOW;false;1;PERDU;import;Rapprochement Odoo par default_code a effectuer.
6557RGSV5RDOW;GLACE ARD OUVR BIPPER/NEMO 5P 08-;GLACES LATERALES;Glace laterale;;product;true;true;VSF Centre;63,79;140,34;79,74;;6557RGSV5RDOW;false;1;GALLERIA;import;Rapprochement Odoo par default_code a effectuer.
6558AGSVZ;PARE-BRISE TEINTÉ VERT BERLINGO/PARTNER EMBASE RÉTRO  08-18MO 2,50;PARE BRISE;Pare-brise;;product;true;true;BLUE AUTO;214,4;214,4;214,4;;6558AGSVZ;false;1;Centre;import;Rapprochement Odoo par default_code a effectuer.
6558AGSVZ1P;PARE-BRISE TEINTÉ VERT BERLINGO/PARTNER;PARE BRISE;Pare-brise;;product;true;true;MPB;256;256;256;;6558AGSVZ1P;false;1;GENIPA;import;Rapprochement Odoo par default_code a effectuer.
6558LGSV3FD/2741LGSV3FD;GLACE DESCENDANTE AVANT GAUCHE TEINTÉ VERT BERLINGO/PARTNER 08-;GLACES LATERALES;Glace laterale;;product;true;false;BLUE AUTO;58,16;58,16;58,16;;6558LGSV3FD/2741LGSV3FD;false;1;Centre;exclusion_format_eurocode;Rapprochement Odoo par default_code a effectuer. EXCLUE DE L'IMPORT (decision RPBM du 2026-08-05, D3) : format d'eurocode suspect (annotation, code constructeur, texte libre). Sans x_studio_eurocode valide, la fiche serait invisible au widget rpbm_agent et non synchronisable. A reprendre a la main dans le fichier Excel si la reference doit exister.
6558RGSV3FVZ;DFL AVD VT BERLINGO/PARTNER 08-18;GLACES LATERALES;Glace laterale;;product;true;true;BLUE AUTO;99,1;99,1;99,1;;6558RGSV3FVZ;false;2;Centre | GALLERIA;import;Doublon source consolide : controler quantites, prix et emplacements.
6559AGAMVWZ1B;PB VT ACO PEU 308 CC  CAPT 08-15;PARE BRISE;Pare-brise;;product;true;true;VSF Centre;166,75;366,85;208,44;;6559AGAMVWZ1B;false;4;R618 | CASSE | GALLERIA | GENIPA;import;Doublon source consolide : controler quantites, prix et emplacements.
6559LGNT2FVZ;DÉFLECTEUR AVANT GAUCHE TEINTÉ VERT PEUGEOT 308 CC   10/08-15MO 1.20;GLACES LATERALES;Glace laterale;;product;true;true;BLUE AUTO;265,94;265,94;265,94;;6559LGNT2FVZ;false;1;GALLERIA;import;Rapprochement Odoo par default_code a effectuer.
6560AGAMVW1B;PB VT ACO.PEUG.3008/5008 +CAPT. 09-16;PARE BRISE;Pare-brise;;product;true;true;VSF Centre;135,62;298,37;169,53;;6560AGAMVW1B;false;7;R210 | R416 | Centre | CASSE | R601 | GALLERIA;import;Doublon source consolide : controler quantites, prix et emplacements.
6560AGAVW;PB VT ACO.PEUGEOT 3008/5008    09-16;PARE BRISE;Pare-brise;;product;true;true;VSF Centre;119,2;262,24;149;;6560AGAVW;false;2;R109 | R416;import;Doublon source consolide : controler quantites, prix et emplacements.
6560AGSMVW1B;PB VT PEUG.3008/5008 +CAPT. 09-16;PARE BRISE;Pare-brise;;product;true;true;VSF Centre;111,2;244,64;139;;6560AGSMVW1B;false;12;R210 | R510 | R502 | CASSE | R517 | R506 | R118 | GALLERIA | R315 | R513;import;Doublon source consolide : controler quantites, prix et emplacements.
6560AGSVW;PB VT PEUGEOT 3008/5008    09-16;PARE BRISE;Pare-brise;;product;true;true;VSF Centre;103,2;227,04;129;;6560AGSVW;false;13;CASSE | Centre | R416 | R410 | R615 | R613 | R612 | R212 | R312 | R703;import;Doublon source consolide : controler quantites, prix et emplacements.
6560AKCMS1F;KIT CLIPS PB - 14 CLIPS LAT. 3008/5008;JOINTS;Joint;;product;true;true;VSF Centre;5,57;12,25;6,96;;6560AKCMS1F;false;15;R210 | Centre | R109 | R416 | R510 | R502 | J4A | D2 | R513;import;Doublon source consolide : controler quantites, prix et emplacements.
6560AKXH;CALES KIT PB PEUGEOT 3008/5008 09-16;JOINTS;Joint;;product;true;true;VSF Centre;1,2;2,64;1,5;;6560AKXH;false;8;R210 | Centre | R109 | R416 | R510 | JDESSUS;import;Doublon source consolide : controler quantites, prix et emplacements.
6560BGPMA;LUN.VT FONCEE PEUG.3008+ANT 09-16;LUNETTES;Lunette;;product;true;true;BLUE AUTO;135,2;135,2;135,2;;6560BGPMA;false;4;Centre | R918 | R904 | R914;import;Doublon source consolide : controler quantites, prix et emplacements.
6560BGPMA1J;LUN.VT FONCEE PEUGEOT 5008 +ANT 09-;LUNETTES;Lunette;;product;true;true;VSF Centre;128;281,6;160;;6560BGPMA1J;false;3;Centre | D2 | R929;import;Doublon source consolide : controler quantites, prix et emplacements.
6560LGNM5RQZ6E;CUST ARG VT 5008 CHROME   09-17;GLACES LATERALES;Glace laterale;;product;true;true;VSF Centre;125,31;275,69;156,64;;;false;1;GALLERIA;import;Rapprochement Odoo par default_code a effectuer.
6560RGAM5FDKW;DESC.AVD FEUIL.ACOU.VT 3008/5008 09-17;GLACES LATERALES;Glace laterale;;product;true;true;BLUE AUTO;165,86;165,86;165,86;;6560RGAM5FDKW;false;1;Centre;import;Rapprochement Odoo par default_code a effectuer.
6560RGNM5FVZ;DÉFLECTEUR AVANT DROIT TEINTÉ VERT PEUGEOT 3008/5008 09-17;GLACES LATERALES;Glace laterale;;product;true;true;BLUE AUTO;120,47;120,47;120,47;;6560RGNM5FVZ;false;2;Centre | GALLERIA;import;Doublon source consolide : controler quantites, prix et emplacements.
6560RGPM5RD;DESC ARD VT FONCEE PEUGEOT 3008 09-16;GLACES LATERALES;Glace laterale;;product;true;true;VSF Centre;59,05;129,91;73,81;;6560RGPM5RD;false;1;R908;import;Rapprochement Odoo par default_code a effectuer.
6562AGAGMVZ2B;PB VT ACOU PEUG  508 CAPT  GPS11-;PARE BRISE;Pare-brise;;product;true;true;VSF Centre;121,58;267,48;151,98;;6562AGAGMVZ2B;false;3;R136 | R115 | R704;import;Doublon source consolide : controler quantites, prix et emplacements.
6562RGSS4FD;GLACE AVD TEINTÉ VERT PEUGEOT 508;GLACES LATERALES;Glace laterale;;product;true;true;BLUE AUTO;151,61;151,61;151,61;;6562RGSS4FD;false;1;GALLERIA;import;Rapprochement Odoo par default_code a effectuer.
6564AGABLMVZ2B;PB VTBL ACO PEUG 208/2008 3/5P CAPT 13-;PARE BRISE;Pare-brise;;product;true;true;VSF Centre;133,66;294,06;167,08;;6564AGABLMVZ2B;false;1;R613;import;Rapprochement Odoo par default_code a effectuer.
6564AGACMVZ1B;PB VT AC 208/2008 3/5P  CAPT LDW 11-;PARE BRISE;Pare-brise;;product;true;true;VSF Centre;211,79;465,94;264,74;;6564AGACMVZ1B;false;1;R123;import;Rapprochement Odoo par default_code a effectuer.
6564AGAMVZ1B;PB VT ACO PEUG 208/2008 3/5P CAPT 13-;PARE BRISE;Pare-brise;;product;true;true;HHH;241,33;241,33;301,66;;;false;1;GALLERIA;import;Rapprochement Odoo par default_code a effectuer.
6564AGAMVZ2B;PB VT ACO.PEUG.208/2008 3/5P+CAPT.13-;PARE BRISE;Pare-brise;;product;true;true;VSF Centre;103,2;227,04;129;;6564AGNMVZ2B;true;44;R325 | R103 | R230 | R224 | R630 | R623 | R332 | R414 | R425 | R434 | R423 | R405 | R402 | POSÉ | R513 | R601 | R529 | R702 | Galléria | R515 | GENIPA | R537 | R733 | R412 | R522 | R722 | R704 | R716 | R633 | R605 | R714 | R710 | R708 | R514 | R429 | R417 | R632;import;Doublon source consolide : controler quantites, prix et emplacements. EUROCODE INTERNE diverge de EUROCODE : arbitrage RPBM requis sur la reference qui fait foi.
6564AGAMVZ2B - O;PARE-BRISE TEINTÉ VERT ACOUSTIQUE PEUGEOT 208/2008 3 ET 5 PORTES CAPTEUR DE PLUIE 13-MO 2.00;PARE BRISE;Pare-brise;;product;true;false;Palette à identifier;;;;;6564AGAMVZ2B - O;false;1;CASSE;exclusion_format_eurocode;Rapprochement Odoo par default_code a effectuer. EXCLUE DE L'IMPORT (decision RPBM du 2026-08-05, D3) : format d'eurocode suspect (annotation, code constructeur, texte libre). Sans x_studio_eurocode valide, la fiche serait invisible au widget rpbm_agent et non synchronisable. A reprendre a la main dans le fichier Excel si la reference doit exister. PRIX RV absent : standard_price non calculable, phase de cout a exclure.
6564AGNMVZ1B;PB VT PEUGEOT 208/2008 3/5P  CAPT 11-;PARE BRISE;Pare-brise;;product;true;true;VSF Centre;123,2;271,04;154;;;false;3;GALLERIA | R632 | R624;import;Doublon source consolide : controler quantites, prix et emplacements.
6564AGNMVZ1B-O;PARE-BRISE TEINTÉ VERT PEUGEOT 208/2008 3 ET 5 PORTES CAPTEUR DE PLUIE 11-MO 1.90;PARE BRISE;Pare-brise;;product;true;true;OCCASION;;;;;6564AGNMVZ1B-O;false;1;CASSE;import;Rapprochement Odoo par default_code a effectuer. PRIX RV absent : standard_price non calculable, phase de cout a exclure.
6564AGNMVZ2B;PB VT PEUG  208/2008 3/5P  CAPT 13-;PARE BRISE;Pare-brise;;product;true;true;VSF Centre;125,03;275,07;156,29;;6564AGAMVZ2B;true;13;R235 | GALLERIA | R115 | R332 | R723 | R523 | R737 | R738 | R532 | R710 | R636 | R632;import;Doublon source consolide : controler quantites, prix et emplacements. EUROCODE INTERNE diverge de EUROCODE : arbitrage RPBM requis sur la reference qui fait foi.
6564AGNVZ;PB VT PEUGEOT 208/2008 3/5P. 11-;PARE BRISE;Pare-brise;;product;true;true;VSF Centre;90,44;198,97;119;;6564AGNVZ;false;84;R230 | R103 | R332 | R232 | R329 | Centre | R107 | R408 | R109 | R330 | R324 | R106 | R224 | R415 | R327 | R424 | R309 | R215 | R427 | R503 | R513 | R632 | Génipa | R335 | R512 | R627 | R708 | R702 | R612 | R510 | R526 | R614 | R601 | R709 | Galléria | R733 | R635 | R538 | R611 | R722 | R420 | GALLERIA | R231 | R429 | R428 | R433 | R638 | R204 | R718 | R715 | R637 | R618 | R636 | R736 | R434 | R818 | R822 | R534 | R827 | R626 | R807;import;Doublon source consolide : controler quantites, prix et emplacements.
6564AGNVZ-O;PB VT PEUGEOT 208/2008 3/5P. 11-;PARE BRISE;Pare-brise;;product;true;true;OCCASION;;;;;6564AGNVZ-O;false;3;Centre | CASSE;import;Doublon source consolide : controler quantites, prix et emplacements. PRIX RV absent : standard_price non calculable, phase de cout a exclure.
6564BGSH;LUNETTE TEINTÉ VERT PEUGEOT 208 3 ET 5 PORTES 1 TROU 11-;GLACES LATERALES;Glace laterale;;product;true;true;BLUE AUTO;163,58;163,58;163,58;;6564BGSH;false;1;Centre;import;Rapprochement Odoo par default_code a effectuer.
6564BGSHA;LUN VT PEUGEOT 208 3/5P 1 TROU ANT 11-;LUNETTES;Lunette;;product;true;true;VSF Centre;72,27;159;90,34;;6564BGSHA;false;14;Centre | R924 | R914 | R901 | R920 | R927 | R124 | R930 | R420 | R926 | R422 | GALLERIA;import;Doublon source consolide : controler quantites, prix et emplacements.
6564BGSHAW;LUN VT PEUGEOT 208 3/5P 3 TROUS ANT 11-;LUNETTES;Lunette;;product;true;true;VSF Centre;107,18;235,8;133,98;;6564BGSHAW;false;2;R935 | R927;import;Doublon source consolide : controler quantites, prix et emplacements.
6564BGSRI;LUN VT PEUGEOT 2008            13-;LUNETTES;Lunette;;product;true;true;VSF Centre;82,18;180,79;102,72;;6564BGSRI;false;1;D2;import;Rapprochement Odoo par default_code a effectuer.
6564BYPHA;LUN PRIVACY 208 3/5P 1 TROU ANT    11-;LUNETTES;Lunette;;product;true;true;VSF Centre;82,22;180,88;102,77;;6564BYPHA;false;8;R201 | Centre | GENIPA | R911 | R301 | R912 | R903 | R419;import;Doublon source consolide : controler quantites, prix et emplacements.
6564BYPRAI;LUN.PRIV.PEUGEOT 2008+ANT 13-;LUNETTES;Lunette;;product;true;true;VSF Centre;79,2;174,24;99;;6564BYPRAI;false;4;Centre | GALLERIA;import;Doublon source consolide : controler quantites, prix et emplacements.
6564BYPRAI-T;LUNETTE PRIVACY (NOIR) PEUGEOT 2008 ANTENNE INTÉGRÉE 13-MO 1.30;LUNETTES;Lunette;;product;true;true;??;78,28;172,22;97,85;;6564BYPRAI-T;false;1;R101;import;Rapprochement Odoo par default_code a effectuer.
6564GYPH3PR;TOIT VITRE PEUGEOT 208 3 ET 5 PORTES  13-MO 4.60;TOIT;Autres;Toit panoramique;product;true;true;BLUE AUTO;717,73;717,73;717,73;;6564GYPH3PR;false;1;Galléria;import;Rapprochement Odoo par default_code a effectuer.
6564GYPH3PR-O;TOIT VITRE PEUGEOT 208 3 ET 5 PORTES 13-;TOIT;Autres;Toit panoramique;product;true;true;OCCASION;;;;;6564GYPH3PR-O;true;3;R131 | R132;import;Doublon source consolide : controler quantites, prix et emplacements. EUROCODE INTERNE diverge de EUROCODE : arbitrage RPBM requis sur la reference qui fait foi. PRIX RV absent : standard_price non calculable, phase de cout a exclure.
6564LGSH3FD;DESC AVG VT PEUGEOT 208 3P 11-;GLACES LATERALES;Glace laterale;;product;true;true;VSF Centre;32,6;71,72;40,75;;6564LGSH3FD;false;2;Centre;import;Doublon source consolide : controler quantites, prix et emplacements.
6564LGSH5FD;DESC AVG VT 208/2008 5P 11-;GLACES LATERALES;Glace laterale;;product;true;true;VSF Centre;28,21;62,06;35,26;;6564LGSH5FD;false;3;Centre | R905 | GENIPA;import;Doublon source consolide : controler quantites, prix et emplacements.
6564LGSH5FVZ;DÉFLECTEUR AVANT GAUCHE TEINTÉ VERT 208 /2008 3 ET 5 PORTES 11-;GLACES LATERALES;Glace laterale;;product;true;true;BLUE AUTO;104,4;104,4;104,4;;6564LGSH5FVZ;false;14;Centre | D2 | Génipa | T001 | GALLERIA | T005 | R233 | R917 | R837;import;Doublon source consolide : controler quantites, prix et emplacements.
6564LGSH5RD;GLACE DESCENDANTE ARRIÈRE GAUCHE TEINTÉ VERT PEUGEOT 208 11-MO 0.90;GLACES LATERALES;Glace laterale;;product;true;true;BLUE AUTO;61,49;61,49;61,49;;6564LGSH5RD;false;2;Centre | GENIPA;import;Doublon source consolide : controler quantites, prix et emplacements.
6564LYPH3RQZ;CUST ARG PRIV PEUGEOT 208 3P 11-;GLACES LATERALES;Glace laterale;;product;true;true;VSF Centre;64,05;140,91;80,06;;6564LYPH3RQZ;false;2;R914 | GALLERIA;import;Doublon source consolide : controler quantites, prix et emplacements.
6564RGSH3FD;DESC AVD VT PEUGEOT 208 3P 11-;GLACES LATERALES;Glace laterale;;product;true;true;VSF Centre;33,09;72,79;41,36;;6564RGSH3FD;false;6;Centre | R906 | R902 | R918 | R913;import;Doublon source consolide : controler quantites, prix et emplacements.
6564RGSH3RQZ;CUSTODE ARRIÈRE DROIT TEINTÉ VERT PEUGEOT 208 3 PORTES 11-MO 1.20;GLACES LATERALES;Glace laterale;;product;true;true;BLUE AUTO;129,77;129,77;129,77;;6564RGSH3RQZ;false;1;GALLERIA;import;Rapprochement Odoo par default_code a effectuer.
6564RGSH5FD;GLACE DESCENDANTE AVANT DROIT TEINTÉ VERT 208 / 2008 5 PORTES HAYON 11-;GLACES LATERALES;Glace laterale;;product;true;true;BLUE AUTO;83,16;83,16;83,16;RC9676387980;6564RGSH5FD;false;6;Centre | R900 | Galléria | R902;import;Doublon source consolide : controler quantites, prix et emplacements.
6564RGSH5FVZ;DÉFLECTEUR AVANT DROIT TEINTÉ VERT 208 / 2008 3 ET 5 PORTES 11-;GLACES LATERALES;Glace laterale;;product;true;true;BLUE AUTO;108,82;108,82;108,82;;6564RGSH5FVZ;false;9;Centre | CENTRE | T004 | T005 | R905 | R837;import;Doublon source consolide : controler quantites, prix et emplacements.
6564RGSH5RD;DESC ARD VT PEUGEOT 208 11-;GLACES LATERALES;Glace laterale;;product;true;true;VSF Centre;36,81;80,98;46,01;;6564RGSH5RD;false;1;Centre;import;Rapprochement Odoo par default_code a effectuer.
6564RGSR5RD;GLACE DESCENDANTE ARRIÈRE DROIT TEINTÉ VERT PEUGEOT 2008 13-MO 0.90;GLACES LATERALES;Glace laterale;;product;true;true;BLUE AUTO;68,83;68,83;68,83;;6564RGSR5RD;false;2;Centre | GENIPA;import;Doublon source consolide : controler quantites, prix et emplacements.
6568AGSV;PB VT 301/C ELYSEE   12-;PARE BRISE;Pare-brise;;product;true;true;VSF Centre;93,31;205,29;116,64;;6568AGSV;false;10;R606 | Génipa | R610 | R622 | R704 | CASSE | R523 | R628 | R721;import;Doublon source consolide : controler quantites, prix et emplacements.
6568BGNS;LUNETTE TEINTÉ VERT 301 / C ELYSEE 12-;LUNETTES;Lunette;;product;true;true;BLUE AUTO;189,78;189,78;189,78;;6568BGNS;false;4;Centre | Génipa | R920 | R136;import;Doublon source consolide : controler quantites, prix et emplacements.
6568RGNS4FD;DESC AVD VT 301/ C ELYSEE 12-;GLACES LATERALES;Glace laterale;;product;true;true;VSF Centre;38,68;85,1;48,35;;6568RGNS4FD;false;1;R234;import;Rapprochement Odoo par default_code a effectuer.
6568RGNS4RD;DESC ARD VT 301/ C ELYSEE 12-;GLACES LATERALES;Glace laterale;;product;true;true;VSF Centre;34,78;76,52;43,48;;6568RGNS4RD;false;2;??? | GALLERIA;import;Doublon source consolide : controler quantites, prix et emplacements.
6570AGAVZ;PB VT AC.PEUGEOT 308 II 13-;PARE BRISE;Pare-brise;;product;true;true;VSF Centre;76,16;167,55;95,2;;6570AGAVZ;false;1;R216;import;Rapprochement Odoo par default_code a effectuer.
6570AGNMVZ;PB VT PEUGEOT 308 II+ CAPT 13-;PARE BRISE;Pare-brise;;product;true;true;VSF Centre;90,44;198,97;119;;6570AGNMVZ;false;34;R229 | R216 | Centre | R411 | R424 | R227 | R323 | R415 | R623 | R538 | R530 | R637 | R634 | R401 | R206 | R525 | R507 | R528 | R731 | R212 | GALLERIA | R520 | R431 | R616 | R416 | DOMICILE | R417 | R834 | R610 | R522;import;Doublon source consolide : controler quantites, prix et emplacements.
6570AGNMVZ-O;PB VT PEUGEOT 308 II CAPTEUR DE PLUIE 13;PARE BRISE;Pare-brise;;product;true;true;OCCASION;;;;;6570AGNMVZ-O;false;2;R736 | R129;import;Doublon source consolide : controler quantites, prix et emplacements. PRIX RV absent : standard_price non calculable, phase de cout a exclure.
6570AGSVZ;PB VT PEUGEOT 308 II    13-21;PARE BRISE;Pare-brise;;product;true;true;VSF Centre;107,04;235,49;133,8;;6570AGSVZ;false;3;R415 | R638 | R618;import;Doublon source consolide : controler quantites, prix et emplacements.
6570BGSH;LUN VT PEUGEOT 308 II  13-;LUNETTES;Lunette;;product;true;true;VSF Centre;78,3;172,27;97,88;;6570BGSH;false;1;R732;import;Rapprochement Odoo par default_code a effectuer.
6570BYPHAX;LUN PRIVACY PEUGEOT 308 ANT   13-;LUNETTES;Lunette;;product;true;true;VSF Centre;63,12;138,86;78,9;;6570BYPHAX;false;2;R722 | R935;import;Doublon source consolide : controler quantites, prix et emplacements.
6570GYPH5PRK;TOIT VITRE PRIVACY 308 II 5 PORTES HAYON   13-MO 4.20;TOIT;Autres;Toit panoramique;product;true;true;BLUE AUTO;782,11;782,11;782,11;;6570GYPH5PRK;false;2;Galléria | R405;import;Doublon source consolide : controler quantites, prix et emplacements.
6570GYPH5PRK-O;TOIT VITRE PRIVACY 308 II 5P. 13-;TOIT;Autres;Toit panoramique;product;true;true;BLUE AUTO;;;;;6570GYPH5PRK-O;false;1;;import;Rapprochement Odoo par default_code a effectuer. PRIX RV absent : standard_price non calculable, phase de cout a exclure.
6570LGSH5FD;DESC AVG VT PEUGEOT 308 II 5P  13-21;GLACES LATERALES;Glace laterale;;product;true;true;VSF Centre;30,4;66,88;38;;6570LGSH5FD;false;2;R222 | R914;import;Doublon source consolide : controler quantites, prix et emplacements.
6570LGSH5RD;DESC ARG VT PEUGEOT 308 5P  13-;GLACES LATERALES;Glace laterale;;product;true;true;VSF Centre;28,58;62,88;35,73;;6570LGSH5RD;false;2;Centre;import;Doublon source consolide : controler quantites, prix et emplacements.
6570LGSH5RVWZ;DÉFLECTEUR ARRIÈRE GAUCHE TEINTÉ VERT PEUGEOT 308 II 5 PORTES HAYON 13-21MO 1.40;GLACES LATERALES;Glace laterale;;product;true;true;BLUE AUTO;128,68;128,68;128,68;;6570LGSH5RVWZ;false;1;GALLERIA;import;Rapprochement Odoo par default_code a effectuer.
6570RGSH5FD;DESC AVD VT PEUGEOT 308 II 5P 13-21;GLACES LATERALES;Glace laterale;;product;true;true;VSF Centre;32,83;72,23;41,04;;;false;1;GALLERIA;import;Rapprochement Odoo par default_code a effectuer.
6570RGSH5RVWZ;DEFL  ARD VT PEUGEOT 308 5 PORTES 13-;GLACES LATERALES;Glace laterale;;product;true;true;BLUE AUTO;78,71;78,71;78,71;;6570RGSH5RVWZ;false;2;Centre;import;Doublon source consolide : controler quantites, prix et emplacements.
6570RYPH5RD;DESC ARD PRIVACY PEUGEOT 308 II 5P 13-21;GLACES LATERALES;Glace laterale;;product;true;true;VSF Centre;34,98;76,95;43,72;;;false;1;GALLERIA;import;Rapprochement Odoo par default_code a effectuer.
6570RYPH5RVWZ;DEFL  ARD VT PEUGEOT 308 5 PORTES 13-;GLACES LATERALES;Glace laterale;;product;true;true;MA;120,93;120,93;151,16;;;false;1;GALLERIA;import;Rapprochement Odoo par default_code a effectuer.
6571AGRCIMVZ;PB VT ACO.3008/5008 II +CAPT+LDW 16-;PARE BRISE;Pare-brise;;product;true;true;BLUE AUTO;324,05;324,05;324,05;;2761AGRCIMVZ;true;71;Centre | R432 | R333 | R209 | R307 | R624 | R201 | R224 | R402 | R421 | Posé | R525 | CASSE | R514 | R532 | Génipa | R520 | R134 | R510 | R911 | R912 | R518 | R324 | GALLERIA | R610 | R620 | R536 | R118 | R210 | R621 | R428 | R434 | R429 | R330 | R522 | R332 | R408 | R601 | R627 | R538 | R512 | R502 | R527 | R612 | r534 | R534 | R427 | R835 | R617 | R726 | R701 | R401 | R413;import;Doublon source consolide : controler quantites, prix et emplacements. EUROCODE INTERNE diverge de EUROCODE : arbitrage RPBM requis sur la reference qui fait foi.
6571BYPRA;LUN PRIV PEUGEOT 3008 II  ANT  16-;LUNETTES;Lunette;;product;true;true;VSF Centre;107,68;236,9;134,6;;6571BYPRA;false;2;R127 | R419;import;Doublon source consolide : controler quantites, prix et emplacements.
6571BYPRA1J;LUN PRIV PEUGEOT 5008 II  ANT  16-;LUNETTES;Lunette;;product;true;true;VSF Centre;114,61;252,14;143,26;;6571BYPRA1J;false;2;GALLERIA | R906;import;Doublon source consolide : controler quantites, prix et emplacements.
6571LGSR5FD;DESC AVG VT PEUGEOT 3008/5008 II 16-;GLACES LATERALES;Glace laterale;;product;true;true;VSF Centre;45,55;100,21;56,94;;6571LGSR5FD;false;4;Centre | D2;import;Doublon source consolide : controler quantites, prix et emplacements.
6571LGSR5FDKW1J;DESC AVG VT FEUILL 3008/5008 II 16-;GLACES LATERALES;Glace laterale;;product;true;true;VSF Centre;73,34;161,36;91,68;;6571LGSR5FDKW1J;false;1;Centre;import;Rapprochement Odoo par default_code a effectuer.
6571RGSR5FD;DESC AVD VT PEUGEOT 3008/5008 II 16-;GLACES LATERALES;Glace laterale;;product;true;true;VSF Centre;31,82;70,01;39,78;;6571RGSR5FD;false;5;Centre | R912 | R906;import;Doublon source consolide : controler quantites, prix et emplacements.
6571RGSR5FDKW1J;DESC AVD VT FEUILL 3008/5008 II 16-;GLACES LATERALES;Glace laterale;;product;true;true;VSF Centre;80,52;177,15;105,95;;;false;4;R915 | CASSE | GALLERIA;import;Doublon source consolide : controler quantites, prix et emplacements.
6571RYPR5RD;DESC ARD PRIV PEUGEOT 3008 II 16-24;GLACES LATERALES;Glace laterale;;product;true;true;VSF Centre;50,4;110,88;63;;;false;1;R908;import;Rapprochement Odoo par default_code a effectuer.
6571RYPR5RQZ1D;CUSTODE ARRIÈRE DROIT PRIVACY (NOIR) 3008 II CHROME 16-;GLACES LATERALES;Glace laterale;;product;true;true;BLUE AUTO;178,3;178,3;178,3;;6571RYPR5RQZ1D;false;1;Génipa;import;Rapprochement Odoo par default_code a effectuer.
6574AGACIMOVZ;PB VT AC PEUG 208 2 CAPT CAM HUM 22-;PARE BRISE;Pare-brise;;product;true;true;VSF Centre;165,6;364,32;207;;6574AGACIMOVZ;false;4;R702 | R435 | CASSE | R808;import;Doublon source consolide : controler quantites, prix et emplacements.
6574AGACIMVZ;PARE-BRISE TEINTÉ VERT AC PEUGEOT 208 II;PARE BRISE;Pare-brise;;product;true;true;HHH;300,46;300,46;300,46;;6574AGACIMVZ;false;4;GENIPA | R507 | R733 | R413;import;Doublon source consolide : controler quantites, prix et emplacements.
6574AGSCIMOVZ;PB TV PEUGEOT 208 II  E;PARE BRISE;Pare-brise;;product;true;true;BLUE AUTO;256,94;565,26;321,17;;6574AGSCIMOVZ;false;5;GENIPA | R725 | R714 | R626 | R720;import;Doublon source consolide : controler quantites, prix et emplacements.
6574AGSCIMVZ;PB VT PEUGEOT 208 II CAPT LDW 19-;PARE BRISE;Pare-brise;;product;true;true;VSF Centre;100;220;125;;6574AGSCIMVZ;false;11;R721 | R601 | R537 | R631 | R636 | R432 | R230 | R408 | R107 | GALLERIA | R726;import;Doublon source consolide : controler quantites, prix et emplacements.
6574AGSCIMVZ1D;PB VT PEUGEOT 208 II CAPT CAM 19-;PARE BRISE;Pare-brise;;product;true;true;VSF Centre;118,98;261,76;148,73;;6574AGSCIMVZ1D;false;1;R708;import;Rapprochement Odoo par default_code a effectuer.
6574BGSH;LUNETTE TEINTÉ VERT PEUGEOT 208 II   19-;LUNETTES;Lunette;;product;true;true;BLUE AUTO;256,14;256,14;256,14;;6574BGSH;false;1;Galléria;import;Rapprochement Odoo par default_code a effectuer.
6574BYPHA;LUN PRIV PEUGEOT 208 II ANT  19-;LUNETTES;Lunette;;product;true;true;VSF Centre;148,8;327,36;186;;6574BYPHA;false;1;Centre;import;Rapprochement Odoo par default_code a effectuer.
6574LGSH5FD;DESC AVG VT PEUGEOT 208 II 19-;GLACES LATERALES;Glace laterale;;product;true;true;VSF Centre;51,36;112,99;64,2;;6574LGSH5FD;false;1;R911;import;Rapprochement Odoo par default_code a effectuer.
6574LGSH5RD;DESC ARG VT PEUGEOT 208 II 19-;GLACES LATERALES;Glace laterale;;product;true;true;VSF Centre;48,8;107,36;61;;;false;1;GALLERIA;import;Rapprochement Odoo par default_code a effectuer.
6574LYPH5RVWZ;CUST ARG VT PEUGEOT 208 II 19-;GLACES LATERALES;Glace laterale;;product;true;true;Blue Autos;137,06;137,06;171,32;;;false;2;GALLERIA;import;Doublon source consolide : controler quantites, prix et emplacements.
6574RGSH5FD;DESC AVD VT PEUGEOT 208 II 19-;GLACES LATERALES;Glace laterale;;product;true;true;VSF Centre;51,36;112,99;64,2;;6574RGSH5FD;false;3;R914 | GALLERIA;import;Doublon source consolide : controler quantites, prix et emplacements.
6574RGSH5RD;DESC ARD VT PEUGEOT 208 II 19-;GLACES LATERALES;Glace laterale;;product;true;true;VSF Centre;48,8;107,36;61;;;false;1;GALLERIA;import;Rapprochement Odoo par default_code a effectuer.
6574RGSH5RVWZ;DÉFLECTEUR ARRIÈRE DROIT TEINTÉ VERT PEUGEOT 208 II 19-MO 0.90;GLACES LATERALES;Glace laterale;;product;true;true;BLUE AUTO;115,67;115,67;115,67;;6574RGSH5RVWZ;false;3;GALLERIA | Galléria;import;Doublon source consolide : controler quantites, prix et emplacements.
6575AGACIMOVZ;PB VT AC 2008 2 CAPT CAM HUM 20-;PARE BRISE;Pare-brise;;product;true;true;VSF Centre;146,02;321,24;182,52;;6575AGACIMOVZ;false;5;R618 | R505 | R125 | R832;import;Doublon source consolide : controler quantites, prix et emplacements.
6575AGACIMVZ;PB VT AC PEUGEOT 2008 II CAPT CAM 20-;PARE BRISE;Pare-brise;;product;true;true;VSF Centre;166,92;367,22;208,65;;6575AGACIMVZ;false;3;R634 | R534 | R428;import;Doublon source consolide : controler quantites, prix et emplacements.
6575BGSRAZ1F;LUN VT PEUGEOT 2008 II ANT  20-;LUNETTES;Lunette;;product;true;true;VSF Centre;110,02;242,04;137,52;;6575BGSRAZ1F;false;2;R905 | GALLERIA;import;Doublon source consolide : controler quantites, prix et emplacements.
6575LGSR5RD;DESC ARG VT PEUGEOT 2008 II  20-;GLACES LATERALES;Glace laterale;;product;true;true;VSF Centre;41,94;92,28;52,43;;6575LGSR5RD;false;1;GALLERIA;import;Rapprochement Odoo par default_code a effectuer.
6575RGSR5RD;GLACE DESCENDANTE ARRIÈRE DROIT TEINTÉ VERT PEUGEOT 2008 II 20-MO 1.20;GLACES LATERALES;Glace laterale;;product;true;true;Blue Autos;125,93;125,93;157,41;;;false;1;GENIPA;import;Rapprochement Odoo par default_code a effectuer.
6575RGSR5RVWZ;DLT AR DROIT TEINTÉ VERT PEUGEOT 2008 II;GLACES LATERALES;Glace laterale;;product;true;true;BLUE AUTO;176,26;176,26;176,26;;6575RGSR5RVWZ;false;1;GENIPA;import;Rapprochement Odoo par default_code a effectuer.
6577AGACMVZ;PB VT AC 308 III / 408 CAPT CAM 21-;PARE BRISE;Pare-brise;;product;true;true;VSF Centre;146,92;323,23;193,32;;;false;2;GALLERIA;import;Doublon source consolide : controler quantites, prix et emplacements.
6577LYPH5RD;DESC ARG PRIV PEUGEOT 308 III 21-;GLACES LATERALES;Glace laterale;;product;true;true;VSF Centre;51,62;113,56;64,52;;;false;1;GALLERIA;import;Rapprochement Odoo par default_code a effectuer.
6736AGAGYMVZ;PB VTGY ACO PORSCHE MACAN CAPT 14-;PARE BRISE;Pare-brise;;product;true;true;VSF Centre;162,34;357,14;202,92;;6736AGAGYMVZ;false;2;R222 | R226;import;Doublon source consolide : controler quantites, prix et emplacements.
6736AGSCMVZ6B;PB VT MACAN CAM CAPT 14-;PARE BRISE;Pare-brise;;product;true;true;VSF Centre;179;393,8;223,75;;6736AGSCMVZ6B;false;1;R513;import;Rapprochement Odoo par default_code a effectuer.
6810560081;LUNETTE LAND CRUISER;LUNETTES;Lunette;;product;true;true;Concess FR;318,68;701,1;318,68;;6810560081;false;1;Centre;import;Rapprochement Odoo par default_code a effectuer.
7010ACL1C;PARE-BRISE CLAIR ROVER 100 EMBASE MÉTALLIQUE 80-98MO 0.95;PARE BRISE;Pare-brise;;product;true;true;INVENTAIRE;63,73;140,21;63,73;;7010ACL1C;false;2;R329;import;Doublon source consolide : controler quantites, prix et emplacements.
7012ACL;PB CL LAND 90/110/DEFENDER           83-;PARE BRISE;Pare-brise;;product;true;true;VSF Centre;64,83;142,63;81,04;;7012ACL;false;1;R310;import;Rapprochement Odoo par default_code a effectuer.
7012AGN;PB VT LAND 90/110/DEFENDER           83-;PARE BRISE;Pare-brise;;product;true;true;VSF Centre;58,81;129,38;73,51;;7012AGN;false;3;R112 | R538 | R717;import;Doublon source consolide : controler quantites, prix et emplacements.
7012ASRR;JT PB LAND ROVER 90/110/DEFEND     83-;JOINTS;Joint;;product;true;true;VSF Centre;44,78;98,52;55,98;;7012ASRR;false;2;Tringle | Galléria;import;Doublon source consolide : controler quantites, prix et emplacements.
7012BGNRBW1J;LUN VT LAND RO 90/110/DEFENDER STOP83-11;LUNETTES;Lunette;;product;true;true;VSF Centre;92,42;203,32;115,52;;7012BGNRBW1J;false;1;R234;import;Rapprochement Odoo par default_code a effectuer.
7016AGNBL;PB VTBL ROVER 200/HON CONCERTO  90-96;PARE BRISE;Pare-brise;;product;true;true;VSF Centre;84,95;186,89;106,19;;7016AGNBL;false;1;R727;import;Rapprochement Odoo par default_code a effectuer.
7016ASMHT;JC SUP PB ROVER 200/400/CONCER  90-95;JOINTS;Joint;;product;true;true;VSF Centre;7,9;17,39;9,88;;7016ASMHT;false;1;J4A;import;Rapprochement Odoo par default_code a effectuer.
7016RGNH5FDW;DESC AVD VT 200/CONCERTO 4-5P /BK 90-96;GLACES LATERALES;Glace laterale;;product;true;true;VSF Centre;98,13;215,88;122,66;;7016RGNH5FDW;false;1;R912;import;Rapprochement Odoo par default_code a effectuer.
7022AGN1C;PB VT L ROVER DISCOVERY II EMB    97-99;PARE BRISE;Pare-brise;;product;true;true;VSF Centre;104,93;230,84;131,16;;7022AGN1C;false;2;R715 | R333;import;Doublon source consolide : controler quantites, prix et emplacements.
7022AGN1C - O;PARE-BRISE TEINTÉ VERT L ROVER DISCOVERY II EMBASE RÉTRO 97-99MO 2.85;PARE BRISE;Pare-brise;;product;true;false;Palette à identifier;;;;;7022AGN1C - O;false;1;R131;exclusion_format_eurocode;Rapprochement Odoo par default_code a effectuer. EXCLUE DE L'IMPORT (decision RPBM du 2026-08-05, D3) : format d'eurocode suspect (annotation, code constructeur, texte libre). Sans x_studio_eurocode valide, la fiche serait invisible au widget rpbm_agent et non synchronisable. A reprendre a la main dans le fichier Excel si la reference doit exister. PRIX RV absent : standard_price non calculable, phase de cout a exclure.
7022ASMRT;JC SUP PB L ROVER DISCOVERY II     94-97;JOINTS;Joint;;product;true;true;VSF Centre;18,02;39,64;22,52;;7022ASMRT;false;1;R715;import;Rapprochement Odoo par default_code a effectuer.
7028AGSVW;PB VT LAND ROVER FREELANDER      98-07;PARE BRISE;Pare-brise;;product;true;true;VSF Centre;85,24;187,53;106,55;;7028AGSVW;false;6;R333 | Centre | R637 | CASSE | R709 | GENIPA;import;Doublon source consolide : controler quantites, prix et emplacements.
7028ASMR;JC PB LAND ROVER FREELANDER      98-07;JOINTS;Joint;;product;true;true;VSF Centre;18,26;40,18;22,83;;7028ASMR;false;1;JDESSUS;import;Rapprochement Odoo par default_code a effectuer.
7028LGSR3FD1M;DESC AVG VT FREELANDER 3P     98-07;GLACES LATERALES;Glace laterale;;product;true;true;VSF Centre;43,74;96,24;54,68;;7028LGSR3FD1M;false;1;R907;import;Rapprochement Odoo par default_code a effectuer.
7028LGSR5RQ;CUST ARG VT FREELANDER 5P      98-07;GLACES LATERALES;Glace laterale;;product;true;true;VSF Centre;41,19;90,62;51,49;;7028LGSR5RQ;false;1;Centre;import;Rapprochement Odoo par default_code a effectuer.
7035AGNV;PB VT ROVER 75                     98-05;PARE BRISE;Pare-brise;;product;true;true;VSF Centre;116,78;256,92;145,98;;7035AGNV;false;1;R721;import;Rapprochement Odoo par default_code a effectuer.
7036AGAMVW;PB VT ACO  R ROVER SPORT CAPT 09-10;PARE BRISE;Pare-brise;;product;true;true;VSF Centre;174,98;384,95;218,72;;7036AGAMVW;false;1;R634;import;Rapprochement Odoo par default_code a effectuer.
7036AGSHMVW1B;PB VT R. ROV.SPORT CHAUF+CAPT 05-09;PARE BRISE;Pare-brise;;product;true;true;VSF Centre;199,2;438,24;249;;7036AGSHMVW1B;false;2;R410 | R315;import;Doublon source consolide : controler quantites, prix et emplacements.
7036AGSMVW1B;PB VT RANGE ROVER SPORT  CAPT 05-09;PARE BRISE;Pare-brise;;product;true;true;VSF Centre;197,95;435,49;247,44;;7036AGSMVW1B;false;1;R323;import;Rapprochement Odoo par default_code a effectuer.
7036ASMRT;JC SUP.PB RANGE ROVER SPORT 05-13;JOINTS;Joint;;product;true;true;VSF Centre;5,76;12,67;7,2;;7036ASMRT;false;5;R410 | R315 | R323 | J7E | J10C;import;Doublon source consolide : controler quantites, prix et emplacements.
7036LGAR5FDKW1K;DESC AVG VT FEUILL ROVER SPORT  10-13;GLACES LATERALES;Glace laterale;;product;true;true;VSF Centre;99,08;217,98;123,85;;;false;1;R904;import;Rapprochement Odoo par default_code a effectuer.
7036LGPR5RDW;DESC.ARG VT FONC.R.ROVER SPORT 05-09;GLACES LATERALES;Glace laterale;;product;true;true;VSF Centre;95,2;209,44;119;;7036LGPR5RDW;false;1;Centre;import;Rapprochement Odoo par default_code a effectuer.
7036LGSR5RVZ;DÉFLECTEUR ARRIÈRE GAUCHE TEINTÉ;GLACES LATERALES;Glace laterale;;product;true;true;Caraib 4*4;300;300;300;;;false;1;GENIPA;import;Rapprochement Odoo par default_code a effectuer.
7038AGSMVW;PB VT LAND R.FREELANDER 2+CAPT 07-;PARE BRISE;Pare-brise;;product;true;true;VSF Centre;95,2;209,44;119;;7038AGSMVW;false;3;R328 | Centre | R104;import;Doublon source consolide : controler quantites, prix et emplacements.
7042AGACMOVWZ7P;PB VT AC EVOQUE R3  CAPT CAM 15-;PARE BRISE;Pare-brise;;product;true;true;VSF Centre;212,75;468,05;265,94;;7042AGACMOVWZ7P;false;2;R331 | R522;import;Doublon source consolide : controler quantites, prix et emplacements.
7042AGAMOVWZ;PB VT ACO R ROV EVOQUE CAPT VAP 11-12;PARE BRISE;Pare-brise;;product;true;true;VSF Centre;143,85;316,47;179,81;;7042AGAMOVWZ;false;3;R613 | R637;import;Doublon source consolide : controler quantites, prix et emplacements.
7042AGAMOVWZ6P;PB VT ACO EVOQUE 3P CAPT VAP 14-;PARE BRISE;Pare-brise;;product;true;true;VSF Centre;242,77;534,09;303,46;;7042AGAMOVWZ6P;false;2;R634 | R642;import;Doublon source consolide : controler quantites, prix et emplacements.
7042LGNR3FD;DESC AVG VT R ROVER EVOQUE 3P 11-;GLACES LATERALES;Glace laterale;;product;true;true;VSF Centre;52,96;116,51;66,2;;7042LGNR3FD;false;1;Centre;import;Rapprochement Odoo par default_code a effectuer.
7043AGACMOVWZ7P;PB VT AC EVOQUE 5P  CAPT LDW 15-;PARE BRISE;Pare-brise;;product;true;true;VSF Centre;131,04;288,29;163,8;;7043AGACMOVWZ7P;false;17;R638 | R727 | Galléria | R506 | R627 | R726 | R706 | GENIPA | R537 | R702 | R434 | R407 | GALLERIA;import;Doublon source consolide : controler quantites, prix et emplacements.
7043AGAMOVWZ1B;PB VT ACO EVOQUE  CAPT VAP 5P  07/12-14;PARE BRISE;Pare-brise;;product;true;true;VSF Centre;154,22;339,29;192,78;;7043AGAMOVWZ1B;false;3;R408 | R703 | R504;import;Doublon source consolide : controler quantites, prix et emplacements.
7043AGAMOVWZ6P;PB VT ACO EVOQUE 5P CAPT VAP 14-;PARE BRISE;Pare-brise;;product;true;true;VSF Centre;137,9;303,39;172,38;;7043AGAMOVWZ6P;false;7;R218 | R130 | Centre | R513 | R623 | R519 | R629;import;Doublon source consolide : controler quantites, prix et emplacements.
7043LGNR5FDN;DESC AVG VT RANGE EVOQUE 5PTES 12-;GLACES LATERALES;Glace laterale;;product;true;true;VSF Centre;66,79;146,94;83,49;;7043LGNR5FDN;false;2;Centre;import;Doublon source consolide : controler quantites, prix et emplacements.
7043RGNR5FDN;DESC AVD VT RANGE EVOQUE 5PTES 12-19;GLACES LATERALES;Glace laterale;;product;true;true;VSF Centre;67,79;149,14;84,74;;7043RGNR5FDN;false;1;D2;import;Rapprochement Odoo par default_code a effectuer.
7044RYPR5RVKW1Z;DEFLECTEUR ARD;GLACES LATERALES;Glace laterale;;product;true;true;APM;602,54;1325,58;753,17;;;false;1;GALLERIA;import;Rapprochement Odoo par default_code a effectuer.
7045AGACHMVWZ97;PB VT R.R SPORT CHAUF CAPT CAM 16-;PARE BRISE;Pare-brise;;product;true;true;VSF Centre;300;660;375;;;false;1;GENIPA;import;Rapprochement Odoo par default_code a effectuer.
7045AGAHMOVWZ;PB VT R ROVER SPORT CHAUF CAPT 13-14;PARE BRISE;Pare-brise;;product;true;true;VSF Centre;251,35;552,97;314,19;;7045AGAHMOVWZ;false;2;R727 | R705;import;Doublon source consolide : controler quantites, prix et emplacements.
7045AGAHMOVWZ96;PB VT R ROVER SPORT CHAUF CAPT 14-;PARE BRISE;Pare-brise;;product;true;true;VSF Centre;239,36;526,59;299,2;;7045AGAHMOVWZ96;false;1;Centre;import;Rapprochement Odoo par default_code a effectuer.
7046ACDCMOVZ;PB REFL DISCOVERY SPORT CAPT CAM 14-;PARE BRISE;Pare-brise;;product;true;true;VSF Centre;251,61;553,54;314,51;;7046ACDCMOVZ;false;1;R628;import;Rapprochement Odoo par default_code a effectuer.
7046AGACMOVZ;PB VT DISCOVERY SPORT CAPT CAM 14-19;PARE BRISE;Pare-brise;;product;true;true;VSF Centre;182,12;400,66;227,65;;7046AGACMOVZ;false;2;R534 | R601;import;Doublon source consolide : controler quantites, prix et emplacements.
7046BGNRA;LUN VT DISCOVERY SPORT ANT 14-;LUNETTES;Lunette;;product;true;true;VSF Centre;108,69;239,11;135,86;;7046BGNRA;false;1;R929;import;Rapprochement Odoo par default_code a effectuer.
7046LGNR5RD1M;DESC ARG DISCOVERY SPORT;GLACES LATERALES;Glace laterale;;product;true;true;Concess FR;163;358,6;163;LR058835;7046LGNR5RD1M;false;1;R912;import;Rapprochement Odoo par default_code a effectuer.
7047RGSR5FD1M;DESC AVD VT VELAR                  17-;GLACES LATERALES;Glace laterale;;product;true;true;VSF Centre;31,67;69,68;39,59;;7047RGSR5FD1M;false;1;Centre;import;Rapprochement Odoo par default_code a effectuer.
7048AGRCMVZ;PB VT DISCOVERY 5  CAPT CAM 17-;PARE BRISE;Pare-brise;;product;true;true;VSF Centre;208,12;457,86;260,15;;7048AGRCMVZ;false;1;R702;import;Rapprochement Odoo par default_code a effectuer.
7049AGACMVZ;PB VT AC EVOQUE 5P CAPT CAM  19-;PARE BRISE;Pare-brise;;product;true;true;VSF Centre;148,8;327,36;186;;;false;1;R414;import;Rapprochement Odoo par default_code a effectuer.
7049LGSR5FD1M;DESC AVG VT LAND ROVER EVOQUE 5P 19-;GLACES LATERALES;Glace laterale;;product;true;true;VSF Centre;70,38;154,84;87,98;;7049LGSR5FD1M;false;1;GALLERIA;import;Rapprochement Odoo par default_code a effectuer.
7214ASFC;CLE CHROME AU METRE PARE-BRISE RENAULT 5 72-85;JOINTS;Joint;;product;true;true;VSF Centre;11,87;26,11;11,87;;7214ASFC;false;1;J1F;import;Rapprochement Odoo par default_code a effectuer.
7219AGN;PB VT RVI CABINE 875/SERIE G/GR 77-96;PARE BRISE;Pare-brise;;product;true;true;VSF Centre;119,42;262,73;149,28;;7219AGN;false;1;Centre;import;Rapprochement Odoo par default_code a effectuer.
7219ASRL;JT PB RVI CABINE 875/SERIE G/GR  77-96;JOINTS;Joint;;product;true;true;VSF Centre;62,08;136,58;77,6;;7219ASRL;false;1;Centre;import;Rapprochement Odoo par default_code a effectuer.
7224AGN1C;PB VT RENAULT  R9/R11              81-89;PARE BRISE;Pare-brise;;product;true;true;VSF Centre;41,47;91,24;51,84;;7224AGN1C;false;1;R106;import;Rapprochement Odoo par default_code a effectuer.
7226AGN;PARE-BRISE TEINTÉ VERT RENAULT R25                  84-93MO 2,20;PARE BRISE;Pare-brise;;product;true;true;HHH;127,12;127,12;127,12;;7226AGN;false;1;Centre;import;Rapprochement Odoo par default_code a effectuer.
7227ACL1C;PB CL SUPERCINQ / EXPRESS          84-00;PARE BRISE;Pare-brise;;product;true;true;VSF Centre;30,1;66,21;37,62;;7227ACL1C;false;2;R134 | R107;import;Doublon source consolide : controler quantites, prix et emplacements.
7227ACL1C-O;PB CL SUPERCINQ / EXPRESS 84-00;PARE BRISE;Pare-brise;;product;true;true;OCCASION;;;;;7227ACL1C-O;false;1;R133;import;Rapprochement Odoo par default_code a effectuer. PRIX RV absent : standard_price non calculable, phase de cout a exclure.
7227AGN1C;PB VT SUPERCINQ / EXPRESS          84-00;PARE BRISE;Pare-brise;;product;true;true;VSF Centre;72,25;158,95;90,31;;;false;1;R405;import;Rapprochement Odoo par default_code a effectuer.
7227AKKH;JCS PB KIT COMP. SUPERCINQ/EXPRESS 84-00;JOINTS;Joint;;product;true;true;VSF Centre;25,42;55,93;31,78;;7227AKKH;false;3;R134 | R107 | Jdessus;import;Doublon source consolide : controler quantites, prix et emplacements.
7232RGNH5FD;DESC AVD VT CLIO I 5PTES      91-98;GLACES LATERALES;Glace laterale;;product;true;true;VSF Centre;24,66;54,24;30,82;;7232RGNH5FD;false;1;Centre;import;Rapprochement Odoo par default_code a effectuer.
7236ACC6A;PB REFL RENAULT TWINGO I         93-07;PARE BRISE;Pare-brise;;product;true;true;VSF Centre;108,49;238,67;135,61;;7236ACC6A;false;3;R202 | POSÉ | R621;import;Doublon source consolide : controler quantites, prix et emplacements.
7236agn;7236agn;__VIDE__;Autres;;product;true;true;INVENTAIRE;;;;;;false;1;R301;import;Rapprochement Odoo par default_code a effectuer. PRIX RV absent : standard_price non calculable, phase de cout a exclure.
7236AGS2B;PB VT RENAULT TWINGO I 93-07;PARE BRISE;Pare-brise;;product;true;true;VSF Centre;42,14;92,71;52,67;;7236AGS2B;false;15;R324 | R405 | R532 | R731 | R923 | R613 | R608 | R209 | R110 | R412 | R833 | R533 | R410 | R423;import;Doublon source consolide : controler quantites, prix et emplacements.
7236AKMH;JC+C PB KIT COMP RENAULT TWINGO I 93-07;JOINTS;Joint;;product;true;true;VSF Centre;14,46;31,81;18,08;;7236AKMH;false;7;R324 | Tringle | R923 | J1B | JT019 | J11F;import;Doublon source consolide : controler quantites, prix et emplacements.
7236ASMH;JC PB RENAULT TWINGO I             93-07;JOINTS;Joint;;product;true;true;VSF Centre;13,14;28,92;16,43;;7236ASMH;false;9;R532 | POSÉ | R731 | R621 | GENIPA | JT002 | J11F | J10F;import;Doublon source consolide : controler quantites, prix et emplacements.
7236BGNH;LUN VT RENAULT TWINGO              93-07;LUNETTES;Lunette;;product;true;true;VSF Centre;42,95;94,49;53,69;;7236BGNH;false;3;Centre | R920;import;Doublon source consolide : controler quantites, prix et emplacements.
7236BSRH;JT LUN RENAULT TWINGO              93-07;JOINTS;Joint;;product;true;true;VSF Centre;43,84;96,45;54,8;;7236BSRH;false;1;J7B;import;Rapprochement Odoo par default_code a effectuer.
7236LGNH3FD;DESC AVG VT RENAULT TWINGO I   93-07;GLACES LATERALES;Glace laterale;;product;true;true;VSF Centre;34,56;76,03;43,2;;7236LGNH3FD;false;1;R902;import;Rapprochement Odoo par default_code a effectuer.
7236RGNH3FD;DESC AVD VT RENAULT TWINGO       93-07;GLACES LATERALES;Glace laterale;;product;true;true;VSF Centre;25,43;55,95;31,79;;7236RGNH3FD;false;1;Centre;import;Rapprochement Odoo par default_code a effectuer.
7236RGNH3RQ;CUST ARD VT RENAULT TWINGO       93-07;GLACES LATERALES;Glace laterale;;product;true;true;VSF Centre;21,93;48,24;27,41;;7236RGNH3RQ;false;2;Centre | D2;import;Doublon source consolide : controler quantites, prix et emplacements.
7237ACC1B;PB REFLECHISSANT LAGUNA I          94-00;PARE BRISE;Pare-brise;;product;true;true;VSF Centre;107,58;236,68;134,48;;7237ACC1B;false;2;R305 | Centre;import;Doublon source consolide : controler quantites, prix et emplacements.
7237AKMHT;JC SUP.+CALES KIT PB LAGUNA I    94-00;JOINTS;Joint;;product;true;true;VSF Centre;22,34;49,15;27,92;;7237AKMHT;false;1;J003;import;Rapprochement Odoo par default_code a effectuer.
7239AGS;PB VT RENAULT MEGANE I BNE 4/5P    96-02;PARE BRISE;Pare-brise;;product;true;true;VSF Centre;51,38;113,04;64,23;;7239AGS;false;3;R309 | Centre | R516;import;Doublon source consolide : controler quantites, prix et emplacements.
7239AKMH;JC+C KIT PB COMP. MEGANE BNE/CPE 96-02;JOINTS;Joint;;product;true;true;VSF Centre;12,99;28,58;16,24;;7239AKMH;false;4;R331 | J004 | Centre | J6D;import;Doublon source consolide : controler quantites, prix et emplacements.
7239LGNH5FD;DESC AVG VT MEGANE BNE 4/5P      96-02;GLACES LATERALES;Glace laterale;;product;true;true;VSF Centre;44,72;98,38;55,9;;7239LGNH5FD;false;2;R909 | R904;import;Doublon source consolide : controler quantites, prix et emplacements.
7239RGNH5RV;DEFL ARD VT MEGANE BNE 4/5P        96-02;GLACES LATERALES;Glace laterale;;product;true;true;VSF Centre;12,97;28,53;16,21;;7239RGNH5RV;false;1;Posé;import;Rapprochement Odoo par default_code a effectuer.
7240ACC;PB REFLECHISSANT MEGANE I CPE/CA 96-02;PARE BRISE;Pare-brise;;product;true;true;VSF Centre;95,48;210,06;119,35;;7240ACC;false;1;R331;import;Rapprochement Odoo par default_code a effectuer.
7242AGN;PB VT PREMIUM 96-14 CABINE C/D/K 96-;PARE BRISE;Pare-brise;;product;true;true;VSF Centre;98,4;216,48;123;;7242AGN;false;4;R520 | R522 | R510;import;Doublon source consolide : controler quantites, prix et emplacements.
7242AGNGN;PB RENAULT KERAX;PARE BRISE;Pare-brise;;product;true;true;MPB;300;300;300;;7242AGNGN;false;1;Centre;import;Rapprochement Odoo par default_code a effectuer.
7242AKCH;CALE PB PREMIUM/MIDLUM CABIN C/D/K/T 96-;JOINTS;Joint;;product;true;true;VSF Centre;1,82;4,01;2,28;;7242AKCH;false;2;J10D | J5B;import;Doublon source consolide : controler quantites, prix et emplacements.
7242ASML;JOINT RENAULT KERAX;JOINTS;Joint;;product;true;true;MPB;38,6;38,6;38,6;;7242ASML;false;6;Centre | J10D | J10B | J5B | J9D | JT009;import;Doublon source consolide : controler quantites, prix et emplacements.
7245AGN;PB VT RENAULT SCENIC I 97-03;PARE BRISE;Pare-brise;;product;true;true;VSF Centre;51,04;112,29;63,8;;7245AGN;false;1;R134;import;Rapprochement Odoo par default_code a effectuer.
7245AKMV;JC+C PB KIT COMP. MEGANE SCENIC 97-03;JOINTS;Joint;;product;true;true;VSF Centre;8,7;19,15;10,88;;7245AKMV;false;3;JT004 | JT019 | J6F;import;Doublon source consolide : controler quantites, prix et emplacements.
7245BGSVO;LUN VT MEGANE SCENIC 4X4 OUVR  97-03;LUNETTES;Lunette;;product;true;true;VSF Centre;80,06;176,12;100,07;;7245BGSVO;false;1;R925;import;Rapprochement Odoo par default_code a effectuer.
7245BSMV;JC LUN RENAULT MEGANE SCENIC     97-03;JOINTS;Joint;;product;true;true;VSF Centre;27;59,4;33,75;;7245BSMV;false;1;J9D;import;Rapprochement Odoo par default_code a effectuer.
7245LGNV5FD1H;DESC AVG VT MEGANE SCENIC 1 TROU 97-03;GLACES LATERALES;Glace laterale;;product;true;true;VSF Centre;31,2;68,64;39;;7245LGNV5FD1H;false;1;Centre;import;Rapprochement Odoo par default_code a effectuer.
7246ACC6Z;PB REFLECHISSANT KANGOO            98-07;PARE BRISE;Pare-brise;;product;true;true;VSF Centre;102,74;226,02;128,42;;7246ACC6Z;false;7;R214 | R324 | R102 | R603 | R704 | R634 | R626;import;Doublon source consolide : controler quantites, prix et emplacements.
7246AGS6Z;PB VT RENAULT KANGOO 98-07;PARE BRISE;Pare-brise;;product;true;true;VSF Centre;38,88;85,54;51,16;;7246AGS6Z;false;31;R120 | R220 | R302 | R319 | R101 | R232 | R234 | R304 | R305 | R605 | R112 | R933 | R932 | R618 | R311 | GALLERIA | R630 | R629 | R301 | R536 | R723 | R602 | R637 | R310 | R407;import;Doublon source consolide : controler quantites, prix et emplacements.
7246AKKV;JCS CALES PB KIT COMP  KANGOO 1 97-02;JOINTS;Joint;;product;true;true;VSF Centre;41,87;92,12;52,34;;7246AKKV;false;5;JT032 | J10B | JT022 | J9b | J2C;import;Doublon source consolide : controler quantites, prix et emplacements.
7246AKMV1F;JC INF  CALES PB KANGOO 1 97-02;JOINTS;Joint;;product;true;true;VSF Centre;4,86;10,7;6,08;;7246AKMV1F;false;1;R101;import;Rapprochement Odoo par default_code a effectuer.
7246AKMV1H;JCS KIT COMP PB KANGOO 1 PHASE 2   02-07;JOINTS;Joint;;product;true;true;VSF Centre;10,58;23,27;13,22;;7246AKMV1H;false;9;Tringle | R605 | JT002 | R618 | J8B | J9B;import;Doublon source consolide : controler quantites, prix et emplacements.
7246ASMV;JC U PB RENAULT KANGOO             98-02;JOINTS;Joint;;product;true;true;VSF Centre;6,94;15,26;8,67;;7246ASMV;true;12;R214 | R324 | Tringle | R102 | R603 | J3A | R704 | J3B | J10B | JT022 | J4B;import;Doublon source consolide : controler quantites, prix et emplacements. EUROCODE INTERNE diverge de EUROCODE : arbitrage RPBM requis sur la reference qui fait foi.
7246ASMV1H;JC PB RENAULT KANGOO - PHASE 2   02-07;JOINTS;Joint;;product;true;true;VSF Ouest;5,17;11,37;6,8;;7246ASMV1H;false;8;R120 | R220 | R302 | R319 | R101;import;Doublon source consolide : controler quantites, prix et emplacements.
7246ASMVB;JC INF RENAULT KANGOO              98-07;JOINTS;Joint;;product;true;true;VSF Centre;5,19;11,42;6,49;;7246ASMVB;false;2;R214 | R324;import;Doublon source consolide : controler quantites, prix et emplacements.
7246BGSV;LUN VT KANGOO HAYON 590MM   98-07;LUNETTES;Lunette;;product;true;true;VSF Centre;56,03;123,27;70,04;;7246BGSV;false;1;Centre;import;Rapprochement Odoo par default_code a effectuer.
7246BGSV1J;LUN VT KANGOO HAYON 598MM   99-07;LUNETTES;Lunette;;product;true;true;VSF Centre;56,02;123,25;70,03;;7246BGSV1J;false;1;Centre;import;Rapprochement Odoo par default_code a effectuer.
7246BGSVL;LUN.ARG VT CH.RENAULT KANGOO 98-07;LUNETTES;Lunette;;product;true;true;MA;88,95;88,95;88,95;;7246BGSVL;false;2;Centre | R905;import;Doublon source consolide : controler quantites, prix et emplacements.
7246BSMVL;JT LUN ARG RENAULT KANGOO       98-07;JOINTS;Joint;;product;true;true;VSF Centre;28,47;62,64;35,59;;7246BSMVL;false;1;R905;import;Rapprochement Odoo par default_code a effectuer.
7246BSMVR;JT LUN ARD RENAULT KANGOO  98-07;JOINTS;Joint;;product;true;true;VSF Centre;17,49;38,47;21,86;;7246BSMVR;false;1;JT002;import;Rapprochement Odoo par default_code a effectuer.
7246LGSV3MQO;GL PT OUV ARG VT KANGOO VITRE  97-07;GLACES LATERALES;Glace laterale;;product;true;true;VSF Centre;55,34;121,74;69,17;;7246LGSV3MQO;false;1;Centre;import;Rapprochement Odoo par default_code a effectuer.
7246LGSV4RDO;GLACE ARG VT OUVR KANGOO VITRE  97-07;GLACES LATERALES;Glace laterale;;product;true;true;VSF Centre;54,99;120,98;68,74;;7246LGSV4RDO;false;1;R914;import;Rapprochement Odoo par default_code a effectuer.
7246LGSV5RQ;CUST ARG VT KANGOO VITRE 5P        97-07;GLACES LATERALES;Glace laterale;;product;true;true;VSF Centre;44,96;98,91;56,2;;7246LGSV5RQ;false;1;Caisse D2;import;Rapprochement Odoo par default_code a effectuer.
7247AGN2P;PB VT MASTER II / MASCOTT / MO. 99-09;PARE BRISE;Pare-brise;;product;true;true;VSF Centre;58,52;128,74;77;;7247AGN2P;false;17;R127 | R208 | R209 | R602 | R516 | R522 | R513 | R511 | R426 | R636 | R526 | R322 | R512;import;Doublon source consolide : controler quantites, prix et emplacements.
7247AKMV;JC PB KIT COMPLET MASTER II  98-09;JOINTS;Joint;;product;true;true;VSF Centre;10,09;22,19;12,61;7247ASMV;7247AKMV;false;7;R208 | R511 | JT002 | R636 | J8D | J6F;import;Doublon source consolide : controler quantites, prix et emplacements.
7247AKMV9;VO - JC+C PB KIT COMP. MASTER II  98-09;JOINTS;Joint;;product;true;true;VSF Ouest;9,39;20,66;12,36;;7247AKMV9;false;4;R127;import;Doublon source consolide : controler quantites, prix et emplacements.
7247ASMV;JC PB MASTER/MASCOTT/MOVANO      98-09;JOINTS;Joint;;product;true;true;VSF Centre;6,72;14,78;8,4;;7247ASMV;false;7;Tringle | R602 | R516 | J024 | R513 | J021 | J6F;import;Doublon source consolide : controler quantites, prix et emplacements. Variantes de casse/espacement fusionnees dans la source : 7247ASMV, 7247asmv.
7247BGNVRU;LUN VT DROITE MASTER 2 NON CHAUFF 98-09;LUNETTES;Lunette;;product;true;true;VSF Centre;53,07;116,76;66,34;;7247BGNVRU;false;2;R907 | GALLERIA;import;Doublon source consolide : controler quantites, prix et emplacements.
7247BGNVRU1J;LUN VT DROITE NON CHAUFF MASTER 98-09;LUNETTES;Lunette;;product;true;true;VSF Centre;49,6;109,12;62;;7247BGNVRU1J;false;2;Centre | R909;import;Doublon source consolide : controler quantites, prix et emplacements.
7247BGSPU;LUN VT CABINE MASTER NON CHAUFF 98-09;LUNETTES;Lunette;;product;true;true;VSF Centre;99,29;218,43;124,11;;7247BGSPU;false;1;R920;import;Rapprochement Odoo par default_code a effectuer.
7247BGSVRU;LUNETTE ARRIÈRE DROIT TEINTÉ VERT RENAULT KANGOO II     07-;LUNETTES;Lunette;;product;true;true;MA;106,95;106,95;106,95;;7247BGSVRU;false;1;Centre;import;Rapprochement Odoo par default_code a effectuer.
7247LGNV2FD;GLACE DESCENDANTE AVANT GAUCHE TEINTÉ VERT MASTER/MOV /DAILY 2 98-09;GLACES LATERALES;Glace laterale;;product;true;true;BAMITEL;49,53;49,53;49,53;;7247LGNV2FD;false;2;Centre;import;Doublon source consolide : controler quantites, prix et emplacements.
7247LGNV2FV;DEFL AVG VT MASTER/MOV /DAILY 2 98-09;GLACES LATERALES;Glace laterale;;product;true;true;VSF Centre;16,94;37,28;21,18;;7247LGNV2FV;false;1;Centre;import;Rapprochement Odoo par default_code a effectuer.
7247RGNV2FD;GLACE DESCENDANTE AVANT DROIT TEINTÉ VERT MASTER/MOV /DAILY 2 98-09;GLACES LATERALES;Glace laterale;;product;true;true;BAMITEL;70,76;70,76;70,76;;7247RGNV2FD;false;1;Centre;import;Rapprochement Odoo par default_code a effectuer.
7247RGNV2FV;DEFL AVD VT MASTER/MOV /DAILY 2 98-09;GLACES LATERALES;Glace laterale;;product;true;true;VSF Centre;38,11;83,85;47,64;;7247RGNV2FV;false;4;Centre | T006;import;Doublon source consolide : controler quantites, prix et emplacements.
7248ACC1M;PB REFLECHISSANT CLIO II 98-05;PARE BRISE;Pare-brise;;product;true;true;VSF Centre;79,25;174,35;99,06;;7248ACC1M;false;12;R331 | R302 | R323 | R117 | R214 | R127 | R104 | R421 | R230 | R636 | R716;import;Doublon source consolide : controler quantites, prix et emplacements.
7248ACCM1R;PB REFL.RENAULT CLIO II +CAPT. 98-05;PARE BRISE;Pare-brise;;product;true;true;VSF Centre;95,2;209,44;119;;7248ACCM1R;false;5;R101 | R326 | R611 | R623 | R405;import;Doublon source consolide : controler quantites, prix et emplacements.
7248ACDM1B;PB REFL ACO RENAULT CLIO II CAPT 98-12;PARE BRISE;Pare-brise;;product;true;true;VSF Centre;128,35;282,37;160,44;;7248ACDM1B;false;1;R708;import;Rapprochement Odoo par default_code a effectuer.
7248AGS1B;PB VT RENAULT CLIO II 98-05;PARE BRISE;Pare-brise;;product;true;true;VSF Centre;37,14;81,71;48,87;;7248AGS1B;false;81;R121 | R331 | R435 | Centre | R329 | R104 | R108 | R325 | R122 | R324 | R123 | R220 | R135 | R638 | R113 | R206 | R733 | R231 | R317 | R211 | R534 | R327 | R618 | R315 | CASSE | R728 | R612 | R921 | R723 | R630 | R615 | R513 | R624 | R609 | R502 | R103 | R214 | R311 | R603 | R530 | R117 | GENIPA | R832 | R413 | R420 | R637 | R834;import;Doublon source consolide : controler quantites, prix et emplacements.
7248AGS1B-D;PB VT RENAULT CLIO II              98-12;PARE BRISE;Pare-brise;;product;true;true;VSF Centre;41,09;90,39;51,36;;7248AGS1B-D;false;1;R410;import;Rapprochement Odoo par default_code a effectuer.
7248AGS1B-O;PB VT RENAULT CLIO II 98-05;PARE BRISE;Pare-brise;;product;true;true;OCCASION;;;;;7248AGS1B-O;false;1;R815;import;Rapprochement Odoo par default_code a effectuer. PRIX RV absent : standard_price non calculable, phase de cout a exclure.
7248AKMH;JC+CALES KIT PB RENAULT CLIO II  98-05;JOINTS;Joint;;product;true;true;VSF Ouest;15,98;35,16;21,02;7248AKKH;7248AKMH;false;89;J001 | Caisse | R302 | R323 | R117 | R101 | R121 | R435 | R214 | Centre | R329 | J008 | J013 | J006 | R325 | R122 | R326 | R127 | J005 | R104 | Dépôt 2 | R421 | J002 | JT005 | R605 | D2 (Joints) | J10A | R619 | R534 | J6E | R618 | R612 | JT002 | R723 | J4A | JT001 | J1C | J4C | J6B | J5D | JT013 | J9A | J3A | GENIPA | JDESSUS | GALLERIA;import;Doublon source consolide : controler quantites, prix et emplacements.
7248ASMH1;JC PB RENAULT CLIO II              98-12;JOINTS;Joint;;product;true;true;VSF Centre;18,36;40,4;24,16;;;false;4;J11C | J11A | J1C;import;Doublon source consolide : controler quantites, prix et emplacements.
7248BGNS;LUNETTE TEINTÉ VERT RENAULT SYMBOL/THALIA   4 PORTES COFFRE  98-05MO 1,30;LUNETTES;Lunette;;product;true;true;MA;178,88;178,88;178,88;;7248BGNS;false;1;Centre;import;Rapprochement Odoo par default_code a effectuer.
7248BGNS-D;LUN.VT RENAULT SYMBOL/THALIA   4P  98-05;LUNETTES;Lunette;;product;true;true;VSF Centre;94,52;207,94;118,15;;7248BGNS-D;false;3;R220 | R125;import;Doublon source consolide : controler quantites, prix et emplacements.
7248BGSH;LUN VT RENAULT CLIO II             98-12;LUNETTES;Lunette;;product;true;true;VSF Centre;64,15;141,13;80,19;;7248BGSH;false;5;R115 | Centre | Caisse | D2 | Caisse D2;import;Doublon source consolide : controler quantites, prix et emplacements.
7248BSMHB;JC INF LUN RENAULT CLIO II         98-12;JOINTS;Joint;;product;true;true;VSF Centre;8,77;19,29;10,96;;7248BSMHB;false;1;Caisse;import;Rapprochement Odoo par default_code a effectuer.
7248LGSH3RQZ;CUST ARG VT CLIO II 3P             98-12;GLACES LATERALES;Glace laterale;;product;true;true;VSF Centre;32,61;71,74;40,76;;7248LGSH3RQZ;false;4;Centre | R903 | R907;import;Doublon source consolide : controler quantites, prix et emplacements.
7248LGSH5RV;DEFL ARG VT CLIO II 5P             98-12;GLACES LATERALES;Glace laterale;;product;true;true;VSF Centre;31,2;68,64;39;;7248LGSH5RV;false;1;GALLERIA;import;Rapprochement Odoo par default_code a effectuer.
7248RGSH3FD1J;GLACE DESCENDANTE AVANT DROIT TEINTÉ VERT CLIO II 3 PORTES 01-12MO 0,40;GLACES LATERALES;Glace laterale;;product;true;true;VSF Centre;30,4;66,88;38;;7248RGSH3FD1J;false;1;D2;import;Rapprochement Odoo par default_code a effectuer.
7248RGSH3RQZ;CUST ARD VT CLIO II 3P             98-12;GLACES LATERALES;Glace laterale;;product;true;true;VSF Centre;35,94;79,08;44,93;;7248RGSH3RQZ;false;1;R908;import;Rapprochement Odoo par default_code a effectuer.
7248RGSH5FD1A;DESC AVD VT CLIO II 5P             01-12;GLACES LATERALES;Glace laterale;;product;true;true;VSF Centre;31,94;70,28;39,93;;7248RGSH5FD1A;false;1;Centre;import;Rapprochement Odoo par default_code a effectuer.
7248RGSH5RD1J;DESC ARD VT CLIO II 5P             01-12;GLACES LATERALES;Glace laterale;;product;true;true;VSF Centre;30,01;66,02;37,51;;7248RGSH5RD1J;false;1;Centre;import;Rapprochement Odoo par default_code a effectuer.
7248RGSH5RV;DEFL ARD VT CLIO II 5P             98-12;GLACES LATERALES;Glace laterale;;product;true;true;VSF Centre;31,2;68,64;39;;7248RGSH5RV;false;2;T008 | GALLERIA;import;Doublon source consolide : controler quantites, prix et emplacements.
7249AGSMV1R;PARE-BRISE TEINTÉ VERT CAPTEUR DE PLUIE PLUIE LAGUNA II 01-03MO 1,80;PARE BRISE;Pare-brise;;product;true;true;INVENTAIRE;116,2;255,64;116,2;;7249AGSMV1R;false;1;R112;import;Rapprochement Odoo par default_code a effectuer.
7249AGSMV6X;PB VT RENAULT LAGUNA II  CAPT      04-07;PARE BRISE;Pare-brise;;product;true;true;VSF Centre;77,52;170,54;96,9;;7249AGSMV6X;false;1;R329;import;Rapprochement Odoo par default_code a effectuer.
7249AGSV1M;PB VT RENAULT LAGUNA II            01-07;PARE BRISE;Pare-brise;;product;true;true;VSF Centre;88,39;194,46;110,49;;;false;1;GALLERIA;import;Rapprochement Odoo par default_code a effectuer.
7249ASMHT;JC SUP PB RENAULT LAGUNA II        01-07;JOINTS;Joint;;product;true;true;VSF Centre;5,62;12,36;7,02;;7249ASMHT;false;1;R329;import;Rapprochement Odoo par default_code a effectuer.
7250RGSH5FD;DESC.AVD VT VELSATIS               01-09;GLACES LATERALES;Glace laterale;;product;true;true;VSF Centre;52,01;114,42;65,01;;7250RGSH5FD;false;2;R901 | R904;import;Doublon source consolide : controler quantites, prix et emplacements.
7251AGAVW1R;PB VT RENAULT ESPACE IV            02-14;PARE BRISE;Pare-brise;;product;true;true;VSF Centre;159,2;350,24;199;;7251AGAVW1R;false;1;R318;import;Rapprochement Odoo par default_code a effectuer.
7251AKMV;JC KIT COMPLET PB RENAULT ESPACE 4 02-14;JOINTS;Joint;;product;true;true;VSF Centre;59,94;131,87;74,93;;7251AKMV;false;1;J003;import;Rapprochement Odoo par default_code a effectuer.
7251BGPVW;LUN VT FONCE ESPACE FIXE     02-14;LUNETTES;Lunette;;product;true;true;VSF Centre;116,03;255,27;145,04;;7251BGPVW;false;1;R901;import;Rapprochement Odoo par default_code a effectuer.
7251BGSVW;LUN VT ESPACE 4 FIXE             02-14;LUNETTES;Lunette;;product;true;true;VSF Centre;107,04;235,49;133,8;;7251BGSVW;false;1;R415;import;Rapprochement Odoo par default_code a effectuer.
7252ACCV;PB REFL TRAFIC II EMBASE 115MM  01-08;PARE BRISE;Pare-brise;;product;true;true;VSF Centre;119,29;262,43;149,11;6300ACCV;7252ACCV;false;1;R720;import;Rapprochement Odoo par default_code a effectuer.
7252AGSMV1P;PB VT RENAULT TRAFIC II +CAPT.    02-14;PARE BRISE;Pare-brise;;product;true;true;VSF Centre;97,6;214,72;122;;7252AGSMV1P;false;4;Centre | R723 | R538 | R520;import;Doublon source consolide : controler quantites, prix et emplacements.
7252AGSV;PB VT TRAFIC II EMB 115MM 01-08;PARE BRISE;Pare-brise;;product;true;true;VSF Centre;74,4;163,68;97,9;6300AGSV;7252AGSV;false;8;R212 | R133 | R519 | R631 | R507 | R520;import;Doublon source consolide : controler quantites, prix et emplacements.
7252ASMVT;JC SUP PB RENAULT TRAFIC II        01-14;JOINTS;Joint;;product;true;true;VSF Ouest;5,62;12,36;7,4;;7252ASMVT;false;8;R212 | Centre | D2 (Joints) | JT005 | R723 | J10A;import;Doublon source consolide : controler quantites, prix et emplacements.
7252BGSVL;LUN VT GCHE CHAUFF TRAFIC 2/VIV 01-14;LUNETTES;Lunette;;product;true;true;VSF Centre;53,72;118,18;67,15;;7252BGSVL;false;2;Centre | D2;import;Doublon source consolide : controler quantites, prix et emplacements.
7252BGSVL1J;LUN VT GCHE CHAUF TRAFIC 2 SUREL 01-14;LUNETTES;Lunette;;product;true;true;VSF Centre;71,47;157,24;89,34;;7252BGSVL1J;false;1;Centre;import;Rapprochement Odoo par default_code a effectuer.
7252BGSVLU;LUN.VT GCHE NON CH.TRAFIC 2/VIV 01-14;LUNETTES;Lunette;;product;true;true;MA;103,57;103,57;103,57;;7252BGSVLU;false;2;Centre | R913;import;Doublon source consolide : controler quantites, prix et emplacements.
7252BGSVR;LUN VT DTE CHAUFF TRAFIC 2/VIV     01-14;LUNETTES;Lunette;;product;true;true;VSF Centre;53,72;118,18;67,15;;7252BGSVR;false;3;Centre | R913 | GALLERIA;import;Doublon source consolide : controler quantites, prix et emplacements.
7252BGSVRU;LUN.VT DTE NON CHAUF.TRAFIC 2/VIV 01-14;LUNETTES;Lunette;;product;true;true;VSF Centre;55,2;121,44;69;;7252BGSVRU;false;3;Centre | R226;import;Doublon source consolide : controler quantites, prix et emplacements.
7252BGSVRU1J;LUN VT DT NON CHAUF TRAFIC 2 SUR  01-14;LUNETTES;Lunette;;product;true;true;VSF Centre;69,74;153,44;87,18;;7252BGSVRU1J;false;1;Centre;import;Rapprochement Odoo par default_code a effectuer.
7252LGSV2FD;DESC AVG VT TRAFIC II/VIVARO/PRI 01-14;GLACES LATERALES;Glace laterale;;product;true;true;VSF Centre;48,2;106,04;60,25;;7252LGSV2FD;false;1;Centre;import;Rapprochement Odoo par default_code a effectuer.
7252LGSV2FV;DEFL AVG VT TRAFIC II/VIVARO/PRI 01-14;GLACES LATERALES;Glace laterale;;product;true;true;VSF Centre;39,84;87,65;49,8;;;false;2;T001 | Galléria;import;Doublon source consolide : controler quantites, prix et emplacements.
7252LGSV4RDF;GLACE ARG OUVR VT TRAFIC II/VIVARO 01-14;GLACES LATERALES;Glace laterale;;product;true;true;VSF Centre;151,37;333,01;189,21;;7252LGSV4RDF;false;1;R932;import;Rapprochement Odoo par default_code a effectuer.
7252LGSV4RQ1J;CUST ARG VT TRAFIC II/VIV LONG 01-14;GLACES LATERALES;Glace laterale;;product;true;true;VSF Centre;56,6;124,52;70,75;;7252LGSV4RQ1J;false;1;R922;import;Rapprochement Odoo par default_code a effectuer.
7252LGSV4RQ2J;CUST ARG VT TRAFIC II/VIV LONG 01-14;GLACES LATERALES;Glace laterale;;product;true;true;VSF Centre;86,33;189,92;107,91;;7252LGSV4RQ2J;false;2;R306 | GENIPA;import;Doublon source consolide : controler quantites, prix et emplacements.
7252LYPV3MQF;CUST MILIEU GCHE PRIV TRAFIC 2/VIV 01-14;GLACES LATERALES;Glace laterale;;product;true;true;VSF Centre;263,74;580,24;329,68;;;false;2;GALLERIA | GENIPA;import;Doublon source consolide : controler quantites, prix et emplacements.
7252RGSV2FV;DEFL AVD VT TRAFIC II/VIVARO/PRI 01-14;GLACES LATERALES;Glace laterale;;product;true;true;VSF Centre;33,6;73,92;42;;7252RGSV2FV;false;1;R903;import;Rapprochement Odoo par default_code a effectuer.
7252RGSV3MQ;CUST ARD MIL VT TRAFIC II/VIVARO 01-14;GLACES LATERALES;Glace laterale;;product;true;true;VSF Centre;62,94;138,48;78,68;;7252RGSV3MQ;false;1;R305;import;Rapprochement Odoo par default_code a effectuer.
7252RGSV3MQF;CUST MILIEU DTE VT TRAFIC 2/VIVARO 01-14;GLACES LATERALES;Glace laterale;;product;true;true;VSF Centre;121,54;267,38;151,92;;7252RGSV3MQF;false;1;R932;import;Rapprochement Odoo par default_code a effectuer.
7252RGSV3RQ;CUST.ARD VT TRAFIC II/VIVARO 01-14;GLACES LATERALES;Glace laterale;;product;true;true;VSF Centre;60,8;133,76;76;;7252RGSV3RQ;false;1;R932;import;Rapprochement Odoo par default_code a effectuer.
7252RGSV4RQ;CUSTODE ARRIÈRE DROIT TEINTÉ VERT TRAFIC II/VIV COURT 01-14;GLACES LATERALES;Glace laterale;;product;true;true;MA;142,3;142,3;142,3;;7252RGSV4RQ;false;2;Centre;import;Doublon source consolide : controler quantites, prix et emplacements.
7252RGSV4RQ1J;CUST.ARD VT TRAFIC II /VIVARO 01-14;GLACES LATERALES;Glace laterale;;product;true;true;Concess FR;100,94;100,94;100,94;;7252RGSV4RQ1J;false;2;Centre | R901;import;Doublon source consolide : controler quantites, prix et emplacements.
7252RGSV4RQ2J;CUST ARD VT TRAFIC II MODIF SGI 01-14;GLACES LATERALES;Glace laterale;;product;true;true;VSF Centre;77,74;171,02;97,17;;;false;1;GALLERIA;import;Rapprochement Odoo par default_code a effectuer.
7252RGSV4RQ3J;CUSTODE ARRIÈRE DROIT TEINTÉ VERT TRAFIC II LONG 01-14MO 1.40;GLACES LATERALES;Glace laterale;;product;true;true;AUTOS GM;364,23;364,23;364,23;;7252RGSV4RQ3J;false;1;Génipa;import;Rapprochement Odoo par default_code a effectuer.
7252RYPV4RDF;GLACE ARD OUV PRIV TRAFIC 2/VIVARO 01-14;GLACES LATERALES;Glace laterale;;product;true;true;VSF Centre;299,06;657,94;373,83;;;false;1;GALLERIA;import;Rapprochement Odoo par default_code a effectuer.
7253AGN;PB VT RENAULT MIDLUM/VOLVO FL 00-;PARE BRISE;Pare-brise;;product;true;true;VSF Centre;89,6;197,12;112;;7253AGN;false;3;R519 | R127 | R418;import;Doublon source consolide : controler quantites, prix et emplacements.
7253ASML;JC PB RENAULT MIDLUM               00-;JOINTS;Joint;;product;true;true;VSF Centre;23,37;51,41;29,21;;7253ASML;false;2;J6B | J3F;import;Doublon source consolide : controler quantites, prix et emplacements.
725738608;PARE BRISE LIEBHERR;PARE BRISE;Pare-brise;;product;true;true;VSF Centre;1092,1;1092,1;1092,1;;725738608;false;1;R132;import;Rapprochement Odoo par default_code a effectuer.
7257ACCMV1R;PB REFL.RENAULT SCENIC II+CAPT. 03-09;PARE BRISE;Pare-brise;;product;true;true;VSF Centre;143,2;315,04;179;;7257ACCMV1R;false;2;R432 | Centre;import;Doublon source consolide : controler quantites, prix et emplacements.
7257ACDMV1R;PB REFL ACO SCENIC II  CAPT    04-09;PARE BRISE;Pare-brise;;product;true;true;VSF Centre;167,28;368,02;209,1;;7257ACDMV1R;false;1;R321;import;Rapprochement Odoo par default_code a effectuer.
7257AGAMV1R;PB VT ACO.SCENIC II+CAPT 03-09;PARE BRISE;Pare-brise;;product;true;true;VSF Centre;95,2;209,44;119;;7257AGAMV1R;false;1;Centre;import;Rapprochement Odoo par default_code a effectuer.
7257AGSMV1R;PB VT SCENIC II   CAPTEUR          03-09;PARE BRISE;Pare-brise;;product;true;true;VSF Centre;91,63;201,59;114,54;;7257AGSMV1R;false;3;R529 | CASSE | R402;import;Doublon source consolide : controler quantites, prix et emplacements.
7257AGSV1M;PB VT RENAULT SCENIC II 03-09;PARE BRISE;Pare-brise;;product;true;true;VSF Centre;85,44;187,97;106,8;;7257AGSV1M;false;3;R205 | R532 | CASSE;import;Doublon source consolide : controler quantites, prix et emplacements.
7257AKMV;JC+C PB KIT COMP. SCENIC II 03-09;JOINTS;Joint;;product;true;true;VSF Centre;8,19;18,02;10,24;;7257AKMV;false;6;J10C | Centre | R432 | R321 | R529 | J9C;import;Doublon source consolide : controler quantites, prix et emplacements.
7257ASMV;JC PB RENAULT SCENIC II            03-09;JOINTS;Joint;;product;true;true;VSF Centre;7,57;16,65;9,46;;7257ASMV;false;2;Centre | J1B;import;Doublon source consolide : controler quantites, prix et emplacements.
7257BGSV;LUN VT FIXE RENAULT SCENIC II  03-09;LUNETTES;Lunette;;product;true;true;VSF Centre;75,14;165,3;93,92;;7257BGSV;false;1;Dépôt 1;import;Rapprochement Odoo par default_code a effectuer.
7257LGSV5RQW1J;CUST.ARG VT GRAND SCENIC II    03-09;GLACES LATERALES;Glace laterale;;product;true;true;VSF Centre;65,3;143,67;81,63;;7257LGSV5RQW1J;false;1;Centre;import;Rapprochement Odoo par default_code a effectuer.
7257RGSV5RQW;CUST ARD VT SCENIC II    03-09;GLACES LATERALES;Glace laterale;;product;true;true;VSF Centre;42,58;93,67;53,22;;7257RGSV5RQW;false;1;T003;import;Rapprochement Odoo par default_code a effectuer.
7260ACCMV1R;PB REFL RENAULT MEGANE II CAPT  02-08;PARE BRISE;Pare-brise;;product;true;true;VSF Centre;119,14;262,1;148,92;;7260ACCMV1R;false;1;R226;import;Rapprochement Odoo par default_code a effectuer.
7260AGSMV1R;PB VT RENAULT MEGANE II + CAPT 02-08;PARE BRISE;Pare-brise;;product;true;true;VSF Centre;80;176;100;;7260AGSMV1R;false;13;Centre | R412 | R307 | R217 | R435 | R626 | R417 | R407 | R620 | R523 | R410;import;Doublon source consolide : controler quantites, prix et emplacements.
7260AGSV1M;PB VT RENAULT MEGANE II            02-08;PARE BRISE;Pare-brise;;product;true;true;VSF Centre;66;145,2;82,5;;7260AGSV1M;false;4;R317 | R220 | R638;import;Doublon source consolide : controler quantites, prix et emplacements.
7260AKMH;JC+C PB KIT COMP RENAULT MEGANE II 02-08;JOINTS;Joint;;product;true;true;VSF Centre;13,79;30,34;17,24;;7260AKMH;false;17;Centre | R412 | R317 | R226 | R307 | R217 | R435 | R626 | R220 | R417 | Tringle | R638 | JT004 | R620 | R523 | J4B;import;Doublon source consolide : controler quantites, prix et emplacements.
7260ASMH;JC PB RENAULT MEGANE II            02-08;JOINTS;Joint;;product;true;true;VSF Centre;12;26,4;15;;;false;1;J9F;import;Rapprochement Odoo par default_code a effectuer.
7260BGSH;LUNETTE TEINTÉ VERT RENAULT MEGANE II 3 ET 5 PORTES 02-08;LUNETTES;Lunette;;product;true;true;A+ GLASS;216,89;216,89;216,89;;7260BGSH;false;1;Centre;import;Rapprochement Odoo par default_code a effectuer.
7260RGNH5RV;DEFL ARD VT MEGANE II 5P           02-08;GLACES LATERALES;Glace laterale;;product;true;true;VSF Centre;36,77;80,89;45,96;;7260RGNH5RV;false;1;T005;import;Rapprochement Odoo par default_code a effectuer.
7262AGAMV1R;PB VT ACOUS.RENAULT CLIO 3 +CAPT 05-14;PARE BRISE;Pare-brise;;product;true;true;VSF Centre;95,76;210,67;126;;7262AGSMV1R;true;3;R123 | Centre | R307;import;Doublon source consolide : controler quantites, prix et emplacements. EUROCODE INTERNE diverge de EUROCODE : arbitrage RPBM requis sur la reference qui fait foi.
7262AGSMV1R;PB VT RENAULT CLIO 3 + CAPT.     05-14;PARE BRISE;Pare-brise;;product;true;true;VSF Centre;75,2;165,44;94;;7262AGAMV1R;true;23;Centre | R422 | R116 | R332 | R234 | R628 | R215 | R633 | R512 | R504 | R703 | R618 | R736 | R134 | R520 | R526 | R521 | GALLERIA | R802 | R434;import;Doublon source consolide : controler quantites, prix et emplacements. EUROCODE INTERNE diverge de EUROCODE : arbitrage RPBM requis sur la reference qui fait foi.
7262AGSV1M;PB VT RENAULT CLIO 3 05-14;PARE BRISE;Pare-brise;;product;true;true;VSF Centre;52,44;115,37;69;;7262AGSV1M;false;93;R110 - R111 | R333 | R424 | R429 | R121 | Centre | R135 | R426 | R414 | R132 | R314 | R123 | R102 | R106 | R538 | R223 | R410 | R225 | R629 | R217 | R606 | Posé | R630 | R514 | R622 | R324 | R703 | R733 | R601 | R708 | R720 | R319 | R635 | R636 | R422 | R604 | R505 | R417 | R633 | R308 | R705 | GALLERIA | R328 | R520 | R325 | R715 | R716 | R634 | R628 | R532 | R725 | R721 | R519 | R609 | R507 | R817 | R403;import;Doublon source consolide : controler quantites, prix et emplacements.
7262AGSV1Q;PB VT RENAULT CLIO 3 2EME EMB   05-14;PARE BRISE;Pare-brise;;product;true;true;VSF Centre;59,57;131,05;74,46;;7262AGSV1Q;false;18;Centre | R336 | R210 | R638 | R732 | R606 | R511 | R526 | R614 | R626 | CASSE | R734 | R730 | R519;import;Doublon source consolide : controler quantites, prix et emplacements.
7262AKCHS;KIT AGR PB RENAULT CLIO 3      05-14;JOINTS;Joint;;product;true;true;VSF Centre;3,86;8,5;4,83;;7262AKCHS;false;21;Centre | R116 | ??? | Tringle | R630 | R732 | D2 (Joints) | J3A | JT009 | J1A | JT013 | J9B | J10B | GALLERIA | JT9C | J9A | J10E;import;Doublon source consolide : controler quantites, prix et emplacements.
7262ASCH;CALE PB RENAULT CLIO 3      05-14;JOINTS;Joint;;product;true;true;VSF Ouest;0,78;1,72;1,02;;7262ASCH;false;6;;import;Doublon source consolide : controler quantites, prix et emplacements.
7262ASMHT;JC SUP PB CLIO 3                   05-14;JOINTS;Joint;;product;true;true;VSF Ouest;4,48;9,86;5,9;;7262ASMHT;false;75;R235 | J008 | Centre | R333 | R424 | R429 | R135 | R307 | J007 | R132 | R422 | R116 | R332 | R234 | R106 | R638 | J017 | R538 | R223 | J002 | J10A | Posé | J6C | D2 (Joints) | R628 | R633 | R512 | R504 | R732 | R703 | R707 | R622 | R618 | R736 | R733 | R601 | R708 | J3E | JT005 | JT003 | J11G | J10B | J1C | J11C;import;Doublon source consolide : controler quantites, prix et emplacements.
7262ASMHT-PERDU;JC SUP PB CLIO 3                   05-14;JOINTS;Joint;;product;true;true;VSF Centre;4,96;10,91;6,2;;7262ASMHT-PERDU;false;1;PERDUE;import;Rapprochement Odoo par default_code a effectuer.
7262BGPH;LUNETTE TEINTÉ VERT FONCEE CLIO III 3 ET 5 PORTES 05-14;LUNETTES;Lunette;;product;true;true;MPB;195;195;195;;7262BGPH;false;3;Centre | Dépôt 1 | Génipa;import;Doublon source consolide : controler quantites, prix et emplacements.
7262BGPH1H;LUN VT FONCEE CLIO III 4 FIXE  05-14;LUNETTES;Lunette;;product;true;true;VSF Centre;90,86;199,88;113,57;;7262BGPH1H;false;1;R934;import;Rapprochement Odoo par default_code a effectuer.
7262BGSH;LUN VT RENAULT CLIO III 3 ET 5 PORTES 05-14;LUNETTES;Lunette;;product;true;true;MA;201,8;201,8;201,8;;7262BGSH;false;8;Centre | GALLERIA | R909 | R335 | R124;import;Doublon source consolide : controler quantites, prix et emplacements.
7262BGSH1H;LUN VT RENAULT CLIO III 4 BECQUET  13-;LUNETTES;Lunette;;product;true;true;VSF Centre;80,06;176,12;100,07;;7262BGSH1H;false;1;R916;import;Rapprochement Odoo par default_code a effectuer.
7262LGSH3FD;DESC AVG VT CLIO III 3PTES         05-14;GLACES LATERALES;Glace laterale;;product;true;true;VSF Centre;40,35;88,77;50,44;;7262LGSH3FD;false;1;R903;import;Rapprochement Odoo par default_code a effectuer.
7262LGSH3RQ;CUST ARG VT CLIO III 3P           05-14;GLACES LATERALES;Glace laterale;;product;true;true;VSF Centre;40,58;89,28;50,73;;7262LGSH3RQ;false;1;Centre;import;Rapprochement Odoo par default_code a effectuer.
7262LGSH5FD;DESC AVG VT CLIO III 5P+BK 05-14;GLACES LATERALES;Glace laterale;;product;true;true;MPB;73,43;73,43;73,43;;7262LGSH5FD;false;1;Centre;import;Rapprochement Odoo par default_code a effectuer.
7262LGSH5RV;DEFL ARG VT CLIO III 5P           05-14;GLACES LATERALES;Glace laterale;;product;true;true;VSF Centre;16,54;36,4;20,68;;7262LGSH5RV;false;1;Centre;import;Rapprochement Odoo par default_code a effectuer.
7262RGPH3RQ;CUST ARD VT FONCEE CLIO III 3P     05-14;GLACES LATERALES;Glace laterale;;product;true;true;VSF Centre;73,71;162,17;92,14;;7262RGPH3RQ;false;1;Centre;import;Rapprochement Odoo par default_code a effectuer.
7262RGSH3FD;DESC AVD VT CLIO III 3PTES         05-14;GLACES LATERALES;Glace laterale;;product;true;true;VSF Centre;38,4;84,48;48;;7262RGSH3FD;false;3;Centre;import;Doublon source consolide : controler quantites, prix et emplacements.
7262RGSH3RQ;CUST ARD VT CLIO III 3P           05-14;GLACES LATERALES;Glace laterale;;product;true;true;VSF Centre;44;96,8;55;;7262RGSH3RQ;false;1;GENIPA;import;Rapprochement Odoo par default_code a effectuer.
7262RGSH5FD;DESC AVD VT CLIO III 5P/BK       05-14;GLACES LATERALES;Glace laterale;;product;true;true;VSF Centre;37,6;82,72;47;;;false;1;GENIPA;import;Rapprochement Odoo par default_code a effectuer.
7262RGSH5RV;DEFL ARD VT CLIO III 5P           05-14;GLACES LATERALES;Glace laterale;;product;true;true;VSF Centre;16,3;35,85;20,37;;7262RGSH5RV;false;6;Centre | R910 | R903 | R901 | GALLERIA;import;Doublon source consolide : controler quantites, prix et emplacements.
7263AGSMV1R;PB VT RENAULT MODUS   CAPT         04-12;PARE BRISE;Pare-brise;;product;true;true;VSF Centre;81,54;179,4;101,93;;7263AGSMV1R;false;1;R503;import;Rapprochement Odoo par default_code a effectuer.
7263AGSV1M;PB VT RENAULT MODUS                04-;PARE BRISE;Pare-brise;;product;true;true;VSF Centre;60;132;75;;7263AGSV1M;false;2;R425 | R529;import;Doublon source consolide : controler quantites, prix et emplacements.
7263AGSV1R;PB VT RENAULT MODUS GRANDE SERIG  04-12;PARE BRISE;Pare-brise;;product;true;true;VSF Centre;71,2;156,64;89;;7263AGSV1R;false;2;R328 | DOMICILE;import;Doublon source consolide : controler quantites, prix et emplacements.
7263ASMVT;JC SUP PB RENAULT MODUS           04-;JOINTS;Joint;;product;true;true;VSF Centre;4,14;9,12;5,18;;7263ASMVT;false;5;R425 | R503 | J4B | J9B | DOMICILE;import;Doublon source consolide : controler quantites, prix et emplacements.
7263BGSVW;LUN.VT RENAULT MODUS 04-08;LUNETTES;Lunette;;product;true;true;VSF Centre;127,2;279,84;159;;7263BGSVW;false;2;Centre;import;Doublon source consolide : controler quantites, prix et emplacements.
7264AGN;PB VT DACIA LOGAN 05-12;PARE BRISE;Pare-brise;;product;true;true;MPB;108;108;108;;7264AGN;false;4;Centre | R234 | R601 | GENIPA;import;Doublon source consolide : controler quantites, prix et emplacements.
7264ASMSB;JC INF PB DACIA LOGAN           04-12;JOINTS;Joint;;product;true;true;VSF Centre;3,18;7;3,98;;7264ASMSB;false;2;R234 | R601;import;Doublon source consolide : controler quantites, prix et emplacements.
7264ASMST;JC SUP.PB DACIA LOGAN 04-12;JOINTS;Joint;;product;true;true;MPB;12;12;12;;7264ASMST;true;8;Centre | R234 | R601 | J5A | JT016 | JT018 | GENIPA;import;Doublon source consolide : controler quantites, prix et emplacements. EUROCODE INTERNE diverge de EUROCODE : arbitrage RPBM requis sur la reference qui fait foi.
7264BGNML;LUN ARG VT CHAUF LOGAN MCV 07-12;LUNETTES;Lunette;;product;true;true;VSF Centre;42,22;92,89;52,78;;7264BGNML;false;2;Génipa | R910;import;Doublon source consolide : controler quantites, prix et emplacements.
7264BGNMLU;LUN ARG VT NON CHAUF LOGAN MCV 07-12;LUNETTES;Lunette;;product;true;true;VSF Centre;41,19;90,62;51,49;;7264BGNMLU;false;1;Centre;import;Rapprochement Odoo par default_code a effectuer.
7264BGNMRU;LUNETTE ARRIÈRE DROIT TEINTÉ VERT NON CHAUFFANT LOGAN MCV 07-12;LUNETTES;Lunette;;product;true;true;A+ GLASS;139,19;139,19;139,19;RC6001549422 (RC8200396121);7264BGNMRU;false;2;Centre | R903;import;Doublon source consolide : controler quantites, prix et emplacements.
7264LGNE5RQO;CUST ARG OUVR VT LOGAN MCV 05-12;GLACES LATERALES;Glace laterale;;product;true;true;VSF Centre;42,24;92,93;52,8;;7264LGNE5RQO;false;1;R222;import;Rapprochement Odoo par default_code a effectuer.
7264RGNE5RQO;CUST ARD OUVR VT LOGAN MCV 05-12;GLACES LATERALES;Glace laterale;;product;true;true;VSF Centre;42,24;92,93;52,8;;7264RGNE5RQO;false;2;Centre;import;Doublon source consolide : controler quantites, prix et emplacements.
7264RGNS4FD;DESC.AVD VT LOGAN  BNE/BK         05-12;GLACES LATERALES;Glace laterale;;product;true;true;VSF Centre;32,8;72,16;41;;7264RGNS4FD;false;1;Centre;import;Rapprochement Odoo par default_code a effectuer.
7268AGSBLV1M;PB VTBL RENAULT TWINGO II       07-14;PARE BRISE;Pare-brise;;product;true;true;VSF Centre;71,06;156,34;88,83;;7268AGSBLV1M;false;1;GENIPA;import;Rapprochement Odoo par default_code a effectuer.
7268AGSMV1Q;PB VT RENAULT TWINGO II CAPT    07-14;PARE BRISE;Pare-brise;;product;true;true;VSF Centre;77,18;169,79;96,47;;7268AGSMV1Q;false;4;POSÉ | R510 | GENIPA | R334;import;Doublon source consolide : controler quantites, prix et emplacements.
7268AGSMV1Q-PERDU;PB VT RENAULT TWINGO II CAPT    07-14;PARE BRISE;Pare-brise;;product;true;false;VSF Centre;77,18;169,79;96,47;;7268AGSMV1Q-PERDU;false;1;PERDUE;exclusion_format_eurocode;Rapprochement Odoo par default_code a effectuer. EXCLUE DE L'IMPORT (decision RPBM du 2026-08-05, D3) : format d'eurocode suspect (annotation, code constructeur, texte libre). Sans x_studio_eurocode valide, la fiche serait invisible au widget rpbm_agent et non synchronisable. A reprendre a la main dans le fichier Excel si la reference doit exister.
7268AGSV1M;PB VT RENAULT TWINGO II 07-14;PARE BRISE;Pare-brise;;product;true;true;VSF Centre;53,96;118,71;71;;7268AGSV1M;false;48;R218 | Centre | R234 | R320 | R335 | R229 | R213 | R224 | R433 | R225 | R202 | R507 | R722 | R636 | R625 | R329 | R726 | R231 | R631 | R936 | GALLERIA | R517 | R501 | R622 | R514 | R635 | R718 | R716 | R327 | R538 | R413 | R813 | CASSE | R708 | R534 | R505;import;Doublon source consolide : controler quantites, prix et emplacements.
7268AGSV75;PB VT TWINGO II GDE SERIG 07-14;PARE BRISE;Pare-brise;;product;true;true;VSF Centre;70,4;154,88;88;;7268AGSV75;false;1;R505;import;Rapprochement Odoo par default_code a effectuer.
7268ASMH;JC PB RENAULT TWINGO II SOUPLE 07-14;JOINTS;Joint;;product;true;true;VSF Ouest;10,56;23,23;13,9;;7268ASMH;false;30;R218 | R234 | Centre | R335 | R229 | R213 | J006 | Tringle | JT017 | JT002 | POSÉ | R510 | R507 | R722 | R636 | J1B | GENIPA | JT027 | J9B | J10B | J5D | AVION | J11A | J2B;import;Doublon source consolide : controler quantites, prix et emplacements.
7268ASMH-PERDU;JC PB RENAULT TWINGO II SOUPLE 07-14;JOINTS;Joint;;product;true;true;VSF Centre;11,69;25,71;14,61;;7268ASMH-PERDU;false;3;PERDUE;import;Doublon source consolide : controler quantites, prix et emplacements.
7268ASMH1;JC PB RENAULT TWINGO II RIGIDE  07-14;JOINTS;Joint;;product;true;true;VSF Centre;14,4;31,68;18;;7268ASMH1;false;3;JDESSUS | J6D;import;Doublon source consolide : controler quantites, prix et emplacements.
7268BGSH;LUNETTE TEINTÉ VERT RENAULT TWINGO II 07-14;LUNETTES;Lunette;;product;true;true;MA;99,71;99,71;99,71;;7268BGSH;false;11;Centre | D2 | R928 | R904 | R935 | R124 | R419;import;Doublon source consolide : controler quantites, prix et emplacements.
7268LGSH3FDW;DESC AVG VT TWINGO II 07-14;GLACES LATERALES;Glace laterale;;product;true;true;MA;121,73;121,73;121,73;;7268LGSH3FDW;false;3;Centre;import;Doublon source consolide : controler quantites, prix et emplacements.
7268LGSH3RQ;CUST ARG VT TWINGO II         07-14;GLACES LATERALES;Glace laterale;;product;true;true;VSF Centre;37,81;83,18;47,26;;7268LGSH3RQ;false;1;R911;import;Rapprochement Odoo par default_code a effectuer.
7268LYPH3RQ;CUST ARG PRIVACY TWINGO II 07-14;GLACES LATERALES;Glace laterale;;product;true;true;VSF Centre;39,51;86,93;49,39;;7268LYPH3RQ;false;2;Centre | R222;import;Doublon source consolide : controler quantites, prix et emplacements.
7268RGSH3FDW;GLACE DESCENDANTE AVANT DROIT TEINTÉ VERT TWINGO II 07-14;GLACES LATERALES;Glace laterale;;product;true;true;MA;84,92;84,92;84,92;;7268RGSH3FDW;false;8;Centre | R918 | R134 | R907 | R913 | R908;import;Doublon source consolide : controler quantites, prix et emplacements.
7268RYPH3RQ;CUST.ARD PRIVACY TWINGO II 07-14;GLACES LATERALES;Glace laterale;;product;true;true;VSF Centre;38,35;84,37;47,94;;7268RYPH3RQ;false;1;Centre;import;Rapprochement Odoo par default_code a effectuer.
7273AGAMVZ1R;PB VT ACOUST.LAGUNA III +CAPT 07-15;PARE BRISE;Pare-brise;;product;true;true;VSF Centre;89,52;196,94;111,9;;7273AGAMVZ1R;false;2;R109 | R414;import;Doublon source consolide : controler quantites, prix et emplacements.
7274AGA1M;PB VT ACO.KANGOO II/MERCED.CITAN 07-;PARE BRISE;Pare-brise;;product;true;true;VSF Centre;95,2;209,44;119;;7274AGA1M;false;1;Centre;import;Rapprochement Odoo par default_code a effectuer.
7274AGAM1R;PB VT ACO KANGOO II/CITAN CAPT     07-21;PARE BRISE;Pare-brise;;product;true;true;VSF Centre;116,03;255,27;145,04;;7274AGAM1R;false;2;R213 | R427;import;Doublon source consolide : controler quantites, prix et emplacements.
7274AGSMV1B;PB VT RENAULT KANGOO II CAPT     07-;PARE BRISE;Pare-brise;;product;true;true;VSF Centre;90,28;198,62;112,85;;7274AGSMV1B;false;5;R432 | R635 | R624 | R627 | R520;import;Doublon source consolide : controler quantites, prix et emplacements.
7274AGSV1C;PB VT RENAULT KANGOO II +EMB. 07-;PARE BRISE;Pare-brise;;product;true;true;VSF Centre;72,2;158,84;95;;7274AGSV1C;false;49;R113 | R113 - R114 | R114 | R228 | R435 | Centre | R117 | R334 | R421 | R314 | R427 | R432 | R130 | R430 | R625 | R634 | R523 | R526 | R635 | R537 | R107 | R611 | R335 | R411 | R511 | R914 | R311 | R724 | R503 | R723 | R716 | R628 | CASSE | R720 | R214 | R638 | GALLERIA | R729 | T729;import;Doublon source consolide : controler quantites, prix et emplacements.
7274ASMV;JC PB RENAULT KANGOO II          08-;JOINTS;Joint;;product;true;true;VSF Ouest;9,12;20,06;12;;7274ASMV;false;40;R114 | Centre | R228 | R435 | R117 | R432 | R334 | R421 | R314 | Tringle | JT002 | D2 (Joints) | R625 | R634 | R635 | R636 | JT024 | JT019 | J2B | J10D | J10B | J9B | J3B | J5B | J9D | J10C | GALLERIA | J7D;import;Doublon source consolide : controler quantites, prix et emplacements.
7274BGPVRU;LUN.ARD VT FONCEE KANGOO II 07-;LUNETTES;Lunette;;product;true;true;VSF Centre;49,6;109,12;62;;7274BGPVRU;false;3;Centre | R908 | R912;import;Doublon source consolide : controler quantites, prix et emplacements.
7274BGSV1H;LUN VT RENAULT KANGOO II HAYON 07-;LUNETTES;Lunette;;product;true;true;VSF Centre;65,43;143,95;81,79;;7274BGSV1H;false;4;Centre | R417;import;Doublon source consolide : controler quantites, prix et emplacements.
7274BGSVL;LUN.VT ARG CHAUFF.KANGOO II 07-;LUNETTES;Lunette;;product;true;true;VSF Centre;39,2;86,24;49;;7274BGSVL;false;22;Centre | Génipa | R906 | R910 | R911 | GALLERIA | R907 | R922 | R836 | R837 | R919 | CARTON;import;Doublon source consolide : controler quantites, prix et emplacements.
7274BGSVRU;LUN ARD VT RENAULT KANGOO II     07-;LUNETTES;Lunette;;product;true;true;VSF Centre;32,42;71,32;40,52;;7274BGSVRU;false;19;Centre | R906 | R905 | R912 | R914 | R915 | R903 | R902 | R837 | R904;import;Doublon source consolide : controler quantites, prix et emplacements.
7274LGPV5RDO;GLACE ARG VT FONCEE KANGOO II  08-;GLACES LATERALES;Glace laterale;;product;true;true;VSF Centre;82,69;181,91;103,36;;7274LGPV5RDO;false;2;Centre | R905;import;Doublon source consolide : controler quantites, prix et emplacements.
7274LGSV4FD;GLACE DESCENDANTE AVANT GAUCHE TEINTÉ VERT RENAULT KANGOO II 08-;GLACES LATERALES;Glace laterale;;product;true;true;??;32,64;71,81;40,8;;7274LGSV4FD;false;4;D2 (à terre) | Centre | GALLERIA | R904;import;Doublon source consolide : controler quantites, prix et emplacements.
7274LGSV4MQO;GLACE MILIEU ARG OUVR VT KANGOO II 07-21;GLACES LATERALES;Glace laterale;;product;true;true;VSF Centre;66,2;145,64;82,75;;7274LGSV4MQO;false;1;R902;import;Rapprochement Odoo par default_code a effectuer.
7274LGSV4RQ1J;CUST ARG VT KANGOO 2 4P LONG 08-21;GLACES LATERALES;Glace laterale;;product;true;true;VSF Centre;54,54;120;68,18;;7274LGSV4RQ1J;false;1;R904;import;Rapprochement Odoo par default_code a effectuer.
7274LGSV5RDO;GLACE ARG VT KANGOO II  08-21;GLACES LATERALES;Glace laterale;;product;true;true;VSF Centre;101,63;223,59;127,04;;7274LGSV5RDO;false;1;GALLERIA;import;Rapprochement Odoo par default_code a effectuer.
7274LGSV5RQ;CUST ARG VT KANGOO  PTE COUL 07-;GLACES LATERALES;Glace laterale;;product;true;true;VSF Centre;52;114,4;65;;7274LGSV5RQ;false;3;Centre | GALLERIA;import;Doublon source consolide : controler quantites, prix et emplacements.
7274LGSV5RQ1J;CUST ARG VT KANGOO RALLONGE 07-21;GLACES LATERALES;Glace laterale;;product;true;true;VSF Centre;71,74;157,82;89,67;;7274LGSV5RQ1J;false;1;R902;import;Rapprochement Odoo par default_code a effectuer.
7274RGPV5RDO;GLACE ARD VT FONCEE KANGOO II  08-;GLACES LATERALES;Glace laterale;;product;true;true;VSF Centre;52,05;114,51;65,06;;7274RGPV5RDO;false;4;Centre | Génipa | Galléria | R902;import;Doublon source consolide : controler quantites, prix et emplacements.
7274RGSV4FD;GLACE DESCENDANTE AVANT DROIT TEINTÉ VERT RENAULT KANGOO II 08-;GLACES LATERALES;Glace laterale;;product;true;true;A+ GLASS;115,63;115,63;115,63;8200439462;7274RGSV4FD;false;7;Centre | R933 | R234 | R222 | R907 | GENIPA;import;Doublon source consolide : controler quantites, prix et emplacements.
7274RGSV4RD;GLACE ARD VT PARTIE AR KANGOO II 08-;GLACES LATERALES;Glace laterale;;product;true;true;VSF Centre;69,7;153,35;87,13;;7274RGSV4RD;false;4;Centre | D2 | R915 | GALLERIA;import;Doublon source consolide : controler quantites, prix et emplacements.
7274RGSV4RD1J;GLACE ARD PARTIE AV  KANGOO II  08-21;GLACES LATERALES;Glace laterale;;product;true;true;VSF Centre;45,08;99,18;56,35;;;false;1;Dcarton;import;Rapprochement Odoo par default_code a effectuer.
7274RGSV5RDO;GLACE ARD VT KANGOO II  08-21;GLACES LATERALES;Glace laterale;;product;true;true;VSF Centre;88,99;195,78;111,24;;7274RGSV5RDO;false;2;T010 | GALLERIA;import;Doublon source consolide : controler quantites, prix et emplacements.
7274RGSV5RQ;CUSTODE ARRIÈRE DROIT TEINTÉ VERT KANGOO PTE COULISSANTE 07-;LUNETTES;Lunette;;product;true;true;A+ GLASS;153,44;153,44;153,44;;7274RGSV5RQ;false;1;Centre;import;Rapprochement Odoo par default_code a effectuer.
7274RGSV5RQ1J;CUST ARD VT KANGOO RALLONGE 07-21;GLACES LATERALES;Glace laterale;;product;true;true;VSF Centre;62,78;138,11;78,47;;7274RGSV5RQ1J;false;1;R903;import;Rapprochement Odoo par default_code a effectuer.
7275AGAMV1P;PB VT ACO MEGANE 3 CPE CAPT 08-;PARE BRISE;Pare-brise;;product;true;true;VSF Centre;99,66;219,24;124,57;;7275AGAMV1P;false;1;R334;import;Rapprochement Odoo par default_code a effectuer.
7275AGNMV1P;PB VT RENAULT MEGANE 3 CPE CAPT 08-;PARE BRISE;Pare-brise;;product;true;true;VSF Centre;83,22;183,09;104,03;;7275AGNMV1P;false;7;R414 | Galléria | R621 | R409 | R726 | R205;import;Doublon source consolide : controler quantites, prix et emplacements.
7275BGNCA;LUN VT MEGANE COUPE ANT 09-;LUNETTES;Lunette;;product;true;true;VSF Centre;96,8;212,96;121;;7275BGNCA;false;1;R929;import;Rapprochement Odoo par default_code a effectuer.
7275BGPCA;LUN VT PRIV MEGANE COUPE ANT 09-;LUNETTES;Lunette;;product;true;true;VSF Centre;124,58;274,08;155,73;;7275BGPCA;false;1;R922;import;Rapprochement Odoo par default_code a effectuer.
7275RGNC2RQZ;CUST ARD VT MEGANE III 3P      08-;GLACES LATERALES;Glace laterale;;product;true;true;VSF Centre;52,78;116,12;65,98;;7275RGNC2RQZ;false;1;Centre;import;Rapprochement Odoo par default_code a effectuer.
7276AGS;PB VT DACIA SANDERO/DUSTER 08-;PARE BRISE;Pare-brise;;product;true;true;VSF Centre;50,22;110,48;66,08;;6087AGS;true;37;R234 | R309 | Centre | R310 | R224 | R123 | R604 | R230 | R729 | R738 | R622 | R510 | R514 | R312 | R618 | R617 | R704 | Galléria | R611 | R417 | R114 | CASSE | R701 | R727 | R112 | R427 | R516 | R413 | R406;import;Doublon source consolide : controler quantites, prix et emplacements. EUROCODE INTERNE diverge de EUROCODE : arbitrage RPBM requis sur la reference qui fait foi.
7276ASMHB;JC INF.PB DACIA SANDERO/DUSTER 10-;JOINTS;Joint;;product;true;true;VSF Ouest;7,6;16,72;10;;7276ASMHB;true;24;R234 | J8C | J001 | JT010 | R729 | R738 | R622 | R510 | R514 | R617 | J6B | J7G | J1F | JT027 | J6A | J2F | GALLERIA | J2C;import;Doublon source consolide : controler quantites, prix et emplacements. EUROCODE INTERNE diverge de EUROCODE : arbitrage RPBM requis sur la reference qui fait foi.
7276ASMHT;JC SUP.PB DACIA SANDERO/DUSTER 10-;JOINTS;Joint;;product;true;true;VSF Ouest;3,42;7,52;4,5;;7276ASMHT;true;16;R234 | J004 | J011 | J8B | Centre | R604 | J5A | R729 | J7G | J10A | J1G | J8F | J1C;import;Doublon source consolide : controler quantites, prix et emplacements. EUROCODE INTERNE diverge de EUROCODE : arbitrage RPBM requis sur la reference qui fait foi. Variantes de casse/espacement fusionnees dans la source : 7276ASMHT, 7276asmht.
7276BGDR;LUNETTE TEINTÉ VERT FONCEE DACIA DUSTER 08-;LUNETTES;Lunette;;product;true;true;MA;112,29;112,29;112,29;;7276BGDR;false;6;Centre | R114 | R927 | R933;import;Doublon source consolide : controler quantites, prix et emplacements.
7276BGSH;LUN VT DACIA SANDERO    08-17;LUNETTES;Lunette;;product;true;true;VSF Centre;66,82;147;83,52;;7276BGSH;false;3;D2 | R933 | GENIPA;import;Doublon source consolide : controler quantites, prix et emplacements.
7276BGSH1E;LUN VT DACIA SANDERO    08-;LUNETTES;Lunette;;product;true;true;Vsf Centre;73,2;161,04;73,2;;7276BGSH1E;false;2;Centre | Dépôt 1;import;Doublon source consolide : controler quantites, prix et emplacements.
7276BGSR;LUN.VT DACIA DUSTER 08-;LUNETTES;Lunette;;product;true;true;VSF Centre;55,2;121,44;69;;7276BGSR;false;8;R336 | Centre | R214 | R111 | R927 | R423;import;Doublon source consolide : controler quantites, prix et emplacements.
7276BYPR;LUN PRIVACY DACIA DUSTER 08-17;LUNETTES;Lunette;;product;true;true;VSF Centre;78,75;173,25;98,44;;7276BYPR;false;2;R406 | R118;import;Doublon source consolide : controler quantites, prix et emplacements.
7276LGDR5RD;DESC ARG VT FONCEE DACIA DUSTER 08-17;GLACES LATERALES;Glace laterale;;product;true;true;VSF Centre;44,18;97,19;55,22;;7276LGDR5RD;false;1;R902;import;Rapprochement Odoo par default_code a effectuer.
7276LGDR5RQ;CUST ARG VT FONCEE DACIA DUSTER 08-;GLACES LATERALES;Glace laterale;;product;true;true;VSF Centre;54,12;119,06;67,65;;7276LGDR5RQ;false;1;Centre;import;Rapprochement Odoo par default_code a effectuer.
7276LGSH5FD;DES AVG V TEINTÉ VERT SANDERO/DUSTER 08-;GLACES LATERALES;Glace laterale;;product;true;true;MPB;43;43;43;;7276LGSH5FD;false;2;Centre | R912;import;Doublon source consolide : controler quantites, prix et emplacements.
7276LGSH5RD;GLACE DESCENDANTE ARRIÈRE GAUCHE TEINTÉ VERT DACIA SANDERO 08-;GLACES LATERALES;Glace laterale;;product;true;true;MA;97,35;97,35;97,35;;7276LGSH5RD;false;2;Centre | T007;import;Doublon source consolide : controler quantites, prix et emplacements.
7276LGSH5RV;DEFL ARG VT DACIA SANDERO 08-17;GLACES LATERALES;Glace laterale;;product;true;true;VSF Centre;19,71;43,37;24,64;;7276LGSH5RV;false;1;Génipa;import;Rapprochement Odoo par default_code a effectuer.
7276LGSR5RD;DESC ARG VT DACIA DUSTER 08-16;GLACES LATERALES;Glace laterale;;product;true;true;VSF Centre;43,2;95,04;54;;7276LGSR5RD;false;1;R229;import;Rapprochement Odoo par default_code a effectuer.
7276LGSR5RQ;CUST ARG VT DACIA DUSTER 08-;GLACES LATERALES;Glace laterale;;product;true;true;VSF Centre;25,32;55,7;31,65;;7276LGSR5RQ;false;1;Centre;import;Rapprochement Odoo par default_code a effectuer.
7276RGDR5RQ;CUST ARD VT FONCEE DACIA DUSTER 08-;GLACES LATERALES;Glace laterale;;product;true;true;VSF Centre;54,93;120,84;68,66;;7276RGDR5RQ;false;2;R908 | R912;import;Doublon source consolide : controler quantites, prix et emplacements.
7276RGSH5FD;DESC AVD VT SANDERO/DUSTER 08-17;GLACES LATERALES;Glace laterale;;product;true;true;VSF Centre;23,55;51,81;29,44;;7276RGSH5FD;false;5;Centre | T007 | GALLERIA | T001 | R912;import;Doublon source consolide : controler quantites, prix et emplacements.
7276RGSH5RD;DESC ARD VT DACIA SANDERO 08-17;GLACES LATERALES;Glace laterale;;product;true;true;VSF Centre;38,36;84,39;50,47;;;false;1;R914;import;Rapprochement Odoo par default_code a effectuer.
7276RGSR5RD;GLACE DESCENDANTE ARRIÈRE DROIT TEINTÉ VERT DACIA DUSTER 08-16;GLACES LATERALES;Glace laterale;;product;true;true;MPB;117;117;117;;7276RGSR5RD;false;2;Centre | R904;import;Doublon source consolide : controler quantites, prix et emplacements.
7278LGNC2FD;DESC.AVG VT LAGUNA 3 COUPE 08-15;GLACES LATERALES;Glace laterale;;product;true;true;VSF Centre;63,2;139,04;79;;7278LGNC2FD;false;1;Centre;import;Rapprochement Odoo par default_code a effectuer.
7279AGAMV1P;PB VT ACO.MEGANE III BNE/BK+CAPT 08-15;PARE BRISE;Pare-brise;;product;true;true;VSF Centre;76,76;168,87;101;;7279AGAMV1P;false;5;R318 | R234 | R630 | R214 | R423;import;Doublon source consolide : controler quantites, prix et emplacements.
7279AGNMV1P;PB VT MEGANE 3/ FLUENCE CAPT 08-15;PARE BRISE;Pare-brise;;product;true;true;VSF Centre;74,82;164,6;93,52;;7279AGNMV1P;false;5;R630 | R532 | R732 | R206;import;Doublon source consolide : controler quantites, prix et emplacements.
7279AGNV1M;PB VT MEGANE III/FLUENCE BNE/BK 08-15;PARE BRISE;Pare-brise;;product;true;true;VSF Centre;71,81;157,98;89,76;;7279AGNV1M;false;11;R321 | R429 | R230 | R434 | R525 | R432 | R628 | R634 | R724 | R425 | R802;import;Doublon source consolide : controler quantites, prix et emplacements.
7279BGNEA;LUN VT MEGANE 3 BREAK ANT 08-15;LUNETTES;Lunette;;product;true;true;VSF Centre;72,27;159;90,34;;7279BGNEA;false;1;Caisse D2;import;Rapprochement Odoo par default_code a effectuer.
7279BGNHA;LUN VT RENAULT MEGANE 3 5P ANT 08-15;LUNETTES;Lunette;;product;true;true;VSF Centre;64,15;141,13;80,19;;7279BGNHA;false;2;R201 | R930;import;Doublon source consolide : controler quantites, prix et emplacements.
7279BGSSA;LUN VT RENAULT FLUENCE 4P ANT 10-15;LUNETTES;Lunette;;product;true;true;VSF Centre;115,34;253,76;144,18;;;false;1;GALLERIA;import;Rapprochement Odoo par default_code a effectuer.
7279LGNH5RV;DEFL ARG VT MEGANE 3 5P    08-15;GLACES LATERALES;Glace laterale;;product;true;true;VSF Centre;23,2;51,04;29;;7279LGNH5RV;false;2;Centre | GALLERIA;import;Doublon source consolide : controler quantites, prix et emplacements.
7279RGN5FDW;GLACE DESCENDANTE AVANT DROIT TEINTÉ VERT MEGANE 3 5 PORTES;GLACES LATERALES;Glace laterale;;product;true;true;??;55,09;55,09;55,09;;7279RGN5FDW;false;1;R902;import;Rapprochement Odoo par default_code a effectuer.
7279RGNE5RV;DEFL ARD VT MEGANE 3 BREAK 08-15;GLACES LATERALES;Glace laterale;;product;true;true;VSF Centre;30,11;66,25;37,64;;7279RGNE5RV;false;1;GENIPA;import;Rapprochement Odoo par default_code a effectuer.
7279RGNH5FDW;DESC.AVD VT MEGANE 3 5P.BNE/BK 08-15;GLACES LATERALES;Glace laterale;;product;true;true;VSF Centre;39,2;86,24;49;;7279RGNH5FDW;false;3;Centre | R904;import;Doublon source consolide : controler quantites, prix et emplacements.
7279RGNH5RV;DEFL ARD VT MEGANE 3 5P    08-15;GLACES LATERALES;Glace laterale;;product;true;true;VSF Centre;23,55;51,81;29,44;;7279RGNH5RV;false;2;Centre | R905;import;Doublon source consolide : controler quantites, prix et emplacements.
7279RGPH5RV;DEFL ARD VT FONCEE MEGANE 3 5P  08-15;GLACES LATERALES;Glace laterale;;product;true;true;VSF Centre;43,22;95,09;54,03;;7279RGPH5RV;false;1;GALLERIA;import;Rapprochement Odoo par default_code a effectuer.
7280AGAMV1R;PB VT ACOUSTIC.SCENIC III+CAPT  09-16;PARE BRISE;Pare-brise;;product;true;true;VSF Centre;105,26;231,58;131,58;;7280AGAMV1R;false;3;Centre | R118 | R418;import;Doublon source consolide : controler quantites, prix et emplacements.
7280AGAV1M;PB VT ACO.RENAULT SCENIC III    09-16;PARE BRISE;Pare-brise;;product;true;true;VSF Centre;95,2;209,44;119;;7280AGAV1M;false;1;R118;import;Rapprochement Odoo par default_code a effectuer.
7280AGSMV1R;PB VT RENAULT SCENIC III CAPT  09-16;PARE BRISE;Pare-brise;;product;true;true;VSF Centre;99;217,8;123,75;;7280AGSMV1R;false;1;R702;import;Rapprochement Odoo par default_code a effectuer.
7280BGDMA1J;LUN VT FONCEE GD SCENIC FIXE ANT 09-16;LUNETTES;Lunette;;product;true;true;VSF Centre;117,34;258,16;146,68;;7280BGDMA1J;false;1;R919;import;Rapprochement Odoo par default_code a effectuer.
7280BGSM;LUN VT SCENIC FIXE          09-16;LUNETTES;Lunette;;product;true;true;VSF Centre;81,99;180,38;102,49;;7280BGSM;false;1;Centre;import;Rapprochement Odoo par default_code a effectuer.
7280BGSMA;LUN VT SCENIC FIXE   ANT           09-16;LUNETTES;Lunette;;product;true;true;VSF Centre;84,86;186,68;106,07;;7280BGSMA;false;1;Centre;import;Rapprochement Odoo par default_code a effectuer.
7280BGSMA1J;LUN VT GRAND SCENIC FIXE   ANT 09-16;LUNETTES;Lunette;;product;true;true;VSF Centre;87,76;193,07;109,7;;7280BGSMA1J;false;1;R920;import;Rapprochement Odoo par default_code a effectuer.
7281AGSMV1P;PB VT MASTER III / MOVANO CAPT    09-;PARE BRISE;Pare-brise;;product;true;true;VSF Centre;115,2;253,44;144;;;false;3;R424 | CASSE | GALLERIA;import;Doublon source consolide : controler quantites, prix et emplacements.
7281AGSV;PARE-BRISE TEINTÉ VERT MASTER III / MOVANO SANS EMBASE RÉTRO  09-;PARE BRISE;Pare-brise;;product;true;true;MA;273,71;273,71;273,71;;7281AGSV;false;1;Centre;import;Rapprochement Odoo par default_code a effectuer.
7281AGSV1C;PB VT MASTER III / MOVANO +EMB. 09-;PARE BRISE;Pare-brise;;product;true;true;VSF Centre;89,53;196,97;117,8;;7281AGSV1C;false;35;R207 | R208 | R133 | Centre | R629 | R429 | R612 | R314 | R617 | R728 | R631 | CASSE | R501 | GENIPA | R601 | R502 | R620 | GALLERIA | R520 | R408 | R114 | R523 | R435 | R330 | R720;import;Doublon source consolide : controler quantites, prix et emplacements.
7281ASMV;JC PB MASTER 3 /MOVANO 2      09-;JOINTS;Joint;;product;true;true;VSF Ouest;8,74;19,23;11,5;;7281ASMV;false;32;Centre | R208 | Tringle | R133 | R629 | !!! | R612 | J10B | R728 | R631 | R615 | J10D | J1D | GALLERIA | JT029 | JDESSUS | J2B | J6F | J5F | J9F | J9D | J7D;import;Doublon source consolide : controler quantites, prix et emplacements.
7281BGSVLU;LUN VT GAUCHE MASTER 3      09-;LUNETTES;Lunette;;product;true;true;VSF Centre;91,94;202,26;114,92;;7281BGSVLU;false;1;R903;import;Rapprochement Odoo par default_code a effectuer.
7281BGSVR;LUN.VT DROITE MASTER 3 CHAUFF 09-;LUNETTES;Lunette;;product;true;true;VSF Centre;55,2;121,44;69;;7281BGSVR;false;1;Centre;import;Rapprochement Odoo par default_code a effectuer.
7281BGSVRU;LUNETTE TEINTÉ VERT DROITE MASTER 3 09-;LUNETTES;Lunette;;product;true;true;MA;299,95;299,95;299,95;;7281BGSVRU;false;3;Centre | Galléria;import;Doublon source consolide : controler quantites, prix et emplacements.
7281LGSV2FD;DESC AVG VT MASTER 3/MOVANO 2    09-;GLACES LATERALES;Glace laterale;;product;true;true;VSF Centre;48,86;107,5;61,08;;7281LGSV2FD;false;3;Rack Bidons Droite | Centre | R903;import;Doublon source consolide : controler quantites, prix et emplacements.
7281LGSV2FV1B;DEFL AVG VT MASTER 3/MOVANO 2    09-;GLACES LATERALES;Glace laterale;;product;true;true;VSF Centre;77,76;171,07;97,2;;7281LGSV2FV1B;false;2;R908 | R911;import;Doublon source consolide : controler quantites, prix et emplacements.
7281RGSV2FD;DESC AVD VT MASTER 3/MOVANO 2    09-;GLACES LATERALES;Glace laterale;;product;true;true;MA;198,15;198,15;198,15;;7281RGSV2FD;false;5;Centre | R906 | GALLERIA;import;Doublon source consolide : controler quantites, prix et emplacements.
7281RGSV2FV1B;DEF AVD TV MASTER 3/MOVANO 2 09-MO 0.90;GLACES LATERALES;Glace laterale;;product;true;true;MARTINIQUE AUTO;206,88;206,88;206,88;;7281RGSV2FV1B;false;1;GENIPA;import;Rapprochement Odoo par default_code a effectuer.
7281RGSV4RD1J;GLACE PTE ARD VT MASTER 3/MOVANO 2 09-;GLACES LATERALES;Glace laterale;;product;true;true;VSF Centre;71,22;156,68;89,02;;7281RGSV4RD1J;false;1;Dépôt 2;import;Rapprochement Odoo par default_code a effectuer.
7281RGSV4RDF1J;GLACE PTE ARD COULIS VT MASTER 3 MOY LON;GLACES LATERALES;Glace laterale;;product;true;true;VSF Centre;124,98;274,95;156,22;;7281RGSV4RDF1J;false;1;R901;import;Rapprochement Odoo par default_code a effectuer.
7289AGN;PB VT DACIA LODGY/DOKKER 12-;PARE BRISE;Pare-brise;;product;true;true;VSF Centre;72,8;160,16;91;;7289AGN;false;17;R333 | R329 | R421 | R428 | R402 | R401 | R307 | R620 | GALLERIA | R705 | R509 | R737 | R715 | R712 | R833 | R430;import;Doublon source consolide : controler quantites, prix et emplacements.
7289BGNM;LUN.VT DACIA LODGY 12-;LUNETTES;Lunette;;product;true;true;VSF Centre;64,8;142,56;81;;7289BGNM;false;17;Centre | Galléria | GENIPA | R924 | R927 | R920 | R113 | R314 | R933 | R423 | R422;import;Doublon source consolide : controler quantites, prix et emplacements.
7289BGNVL;LUNETTE ARRIÈRE GAUCHE TEINTÉ VERT DACIA DOKKER;LUNETTES;Lunette;;product;true;true;MA;168,47;168,47;168,47;;7289BGNVL;false;3;Centre | R931 | GALLERIA;import;Doublon source consolide : controler quantites, prix et emplacements.
7289BGNVRU;LUN ARD VT DOKKER NON CHAUF 12-;LUNETTES;Lunette;;product;true;true;VSF Centre;75,78;166,71;94,72;;7289BGNVRU;false;1;R906;import;Rapprochement Odoo par default_code a effectuer.
7289LGNM5FD;DESC AVG VT LODGY/DOKKER 12-;GLACES LATERALES;Glace laterale;;product;true;true;VSF Centre;32,79;72,14;40,99;;7289LGNM5FD;false;4;Centre | R915 | R906;import;Doublon source consolide : controler quantites, prix et emplacements.
7289LGNM5RD;DESC ARG VT DACIA LODGY 12-;GLACES LATERALES;Glace laterale;;product;true;true;VSF Centre;45,42;99,93;56,78;;7289LGNM5RD;false;1;R900;import;Rapprochement Odoo par default_code a effectuer.
7289LGNM5RQ;CUST ARG VT DACIA LODGY 12-;GLACES LATERALES;Glace laterale;;product;true;true;VSF Centre;36,15;79,53;45,19;;7289LGNM5RQ;false;1;R900;import;Rapprochement Odoo par default_code a effectuer.
7289LGNM5RQO;CUST OUVR ARG VT DACIA LODGY 12-;GLACES LATERALES;Glace laterale;;product;true;true;VSF Centre;41,53;91,37;54,65;;;false;1;R902;import;Rapprochement Odoo par default_code a effectuer.
7289LGNV5RDO;GL PORT COUL ARG OUV VT DOKKER/EXPRESS;GLACES LATERALES;Glace laterale;;product;true;true;VSF Centre;53,52;117,74;66,9;;;false;1;R910;import;Rapprochement Odoo par default_code a effectuer.
7289LGNV5RQ;CUST ARG VT DOKKER 12-  /EXPRESS 21-;GLACES LATERALES;Glace laterale;;product;true;true;VSF Centre;42,3;93,07;52,88;;7289LGNV5RQ;false;1;R912;import;Rapprochement Odoo par default_code a effectuer.
7289RGNM5FD;DESC AVD VT LODGY/DOKKER 12-;GLACES LATERALES;Glace laterale;;product;true;true;VSF Centre;31,82;70,01;39,78;;7289RGNM5FD;false;4;Centre | R902;import;Doublon source consolide : controler quantites, prix et emplacements.
7289RGNV5RDO;GL PORT COUL ARD OUV VT DOKKER/EXPRESS;GLACES LATERALES;Glace laterale;;product;true;true;VSF Centre;53,52;117,74;66,9;;;false;1;GENIPA;import;Rapprochement Odoo par default_code a effectuer.
7290AGAMV1M;PB VT ACO CLIO 4/5P/BK  CAPT  12-17;PARE BRISE;Pare-brise;;product;true;true;VSF Centre;108,44;238,57;135,55;;7290AGAMV1M;false;1;R736;import;Rapprochement Odoo par default_code a effectuer.
7290AGAMV6X;PB VT ACOU RENAULT CLIO IV CAPT  17-;PARE BRISE;Pare-brise;;product;true;true;VSF Centre;109,61;241,14;137,01;;7290AGAMV6X;false;1;R328;import;Rapprochement Odoo par default_code a effectuer.
7290AGSMV1M;PB VT RENAULT CLIO IV+CAPT. 13-;PARE BRISE;Pare-brise;;product;true;true;VSF Centre;69,16;152,15;91;;7290AGSMV1M;true;11;R233 | R208 | R630 | R532 | CASSE | R820;import;Doublon source consolide : controler quantites, prix et emplacements. EUROCODE INTERNE diverge de EUROCODE : arbitrage RPBM requis sur la reference qui fait foi.
7290AGSV1M;PB VT RENAULT CLIO 4 5P./BK 12-;PARE BRISE;Pare-brise;;product;true;true;VSF Centre;64,8;142,56;81;;7290AGSV1M;false;34;R202 | Centre | R428 | R430 | R312 | R322 | R329 | R634 | R229 | R426 | R735 | R733 | R610 | R637 | R734 | R509 | R535 | R704 | R737 | R635 | R723 | R934 | R722 | R432 | GALLERIA | R412;import;Doublon source consolide : controler quantites, prix et emplacements.
7290AGSV6I;PB VT CLIO 4 5P./BK EMB.GLISSIERE 12-;PARE BRISE;Pare-brise;;product;true;true;VSF Centre;63,2;139,04;79;;7290AGSV6I;false;45;Centre | R430 | R233 | R330 | R434 | R616 | R612 | R335 | R506 | R619 | R623 | R622 | R334 | R726 | R510 | R737 | CASSE | R502 | R610 | R429 | R512 | R607 | R311 | R324 | R709 | R738 | R708 | R727 | R526 | R702 | R705 | R522 | R707 | R820 | R433 | R423 | R601;import;Doublon source consolide : controler quantites, prix et emplacements.
7290AGSV6I-O;PB VT CLIO 4/5P /BK EMB GLISSIERE 12-;PARE BRISE;Pare-brise;;product;true;true;Occasion;;;;;7290AGSV6I-O;false;1;R636;import;Rapprochement Odoo par default_code a effectuer. PRIX RV absent : standard_price non calculable, phase de cout a exclure.
7290BGPH1E;LUN VT FONCEE CLIO 4 3/5P  13-;LUNETTES;Lunette;;product;true;true;Vsf Centre;83,66;184,04;104,57;;7290BGPH1E;false;2;Centre | Dépôt 2;import;Doublon source consolide : controler quantites, prix et emplacements.
7290BGPHA;LUN VT FONCEE CLIO 4  3/5P ANT  13-;LUNETTES;Lunette;;product;true;true;VSF Centre;84,03;184,87;105,04;;7290BGPHA;false;1;R911;import;Rapprochement Odoo par default_code a effectuer.
7290BGSH;LUNETTE TEINTÉ VERT RENAULT CLIO 4 3 ET 5 PORTES 13-;LUNETTES;Lunette;;product;true;true;MA;235,84;235,84;235,84;;7290BGSH;false;17;Centre | D2 | Galléria | R924 | R231 | R912 | R324 | GENIPA | R933 | R420 | GALLERIA;import;Doublon source consolide : controler quantites, prix et emplacements.
7290BGSHA;LUN VT CLIO 4  3/5P  ANT      13-;LUNETTES;Lunette;;product;true;true;VSF Centre;73,71;162,17;92,14;;7290BGSHA;false;11;Centre | Caisse | R923 | R920 | R908 | R906 | R123 | GENIPA | GALLERIA | R420;import;Doublon source consolide : controler quantites, prix et emplacements.
7290LGPE5RQZ;CUSTODE ARRIÈRE GAUCHE TEINTÉ VERT FONCÉ CLIO 4 BREAK 13-MO 1.10;GLACES LATERALES;Glace laterale;;product;true;true;MA;194,5;194,5;194,5;;7290LGPE5RQZ;false;1;Galléria;import;Rapprochement Odoo par default_code a effectuer.
7290LGSH5FD;DESC.AVG VT RENAULT CLIO 4 5P. 12-;GLACES LATERALES;Glace laterale;;product;true;true;VSF Centre;31,2;68,64;39;;7290LGSH5FD;false;7;Centre | R229 | R907 | R914 | R913 | R926;import;Doublon source consolide : controler quantites, prix et emplacements.
7290LGSH5FVWZ;DEFL.AVG VT CLIO 4 5P./BK 12-;GLACES LATERALES;Glace laterale;;product;true;true;MA;121,73;121,73;121,73;;7290LGSH5FVWZ;false;8;Centre | T001 | R917 | GALLERIA | R906;import;Doublon source consolide : controler quantites, prix et emplacements.
7290LGSH5RD;GLACE DESCENDANTE ARRIÈRE GAUCHE TEINTÉ VERT RENAULT CLIO 4 ET 5 PORTES 12-MO 0.80;GLACES LATERALES;Glace laterale;;product;true;true;MA;192,2;192,2;192,2;;7290LGSH5RD;false;1;Galléria;import;Rapprochement Odoo par default_code a effectuer.
7290RGSH5FD;DESC AVD VT RENAULT CLIO 4/5P/BK  12-;GLACES LATERALES;Glace laterale;;product;true;true;VSF Centre;36;79,2;45;;7290RGSH5FD;false;6;Centre | Génipa | Galléria | R913 | R915;import;Doublon source consolide : controler quantites, prix et emplacements.
7290RGSH5FVWZ;DEFL.AVD VT CLIO 4 5P./BK 12-;GLACES LATERALES;Glace laterale;;product;true;true;MA;77,91;77,91;77,91;;7290RGSH5FVWZ;false;19;Centre | GALLERIA | T001 | T006 | T005 | R906 | R909 | R918 | R908;import;Doublon source consolide : controler quantites, prix et emplacements.
7290RGSH5RD;DESC ARD VT RENAULT CLIO 4/5P  12-;GLACES LATERALES;Glace laterale;;product;true;true;VSF Centre;24,02;52,84;30,02;;7290RGSH5RD;false;4;Centre | GALLERIA | R837;import;Doublon source consolide : controler quantites, prix et emplacements.
7291AGACMV1T;PB VT ACO RENAULT ZOE CAPT CAM  19-;PARE BRISE;Pare-brise;;product;true;true;VSF Centre;97,6;214,72;122;;7291AGACMV1T;false;2;R701 | R614;import;Doublon source consolide : controler quantites, prix et emplacements.
7291BYPHA;LUN PRIV RENAULT ZOE ANT   13-;LUNETTES;Lunette;;product;true;true;VSF Centre;93,3;205,27;116,63;;7291BYPHA;false;2;R930 | R419;import;Doublon source consolide : controler quantites, prix et emplacements.
7291LGSH5FD;DESC AVG VT RENAULT ZOE 13-;GLACES LATERALES;Glace laterale;;product;true;true;VSF Centre;65,49;144,07;81,86;;;false;1;R924;import;Rapprochement Odoo par default_code a effectuer.
7291RGSH5RD;DESC ARD VT RENAULT ZOE 13-24;GLACES LATERALES;Glace laterale;;product;true;true;VSF Centre;53,53;117,76;66,91;;;false;1;CARTON;import;Rapprochement Odoo par default_code a effectuer.
7292AGNV;PB VT DACIA LOGAN 2/SANDERO 2 13-;PARE BRISE;Pare-brise;;product;true;true;VSF Centre;74,46;163,82;93,08;;7292AGNV;false;36;R425 | R206 | Centre | R318 | R301 | R427 | R208 | R408 | R532 | R514 | R524 | R626 | R520 | R604 | R308 | R708 | R436 | R116 | R207 | R601 | R533 | GALLERIA | R610 | R628 | R509 | R701 | R811 | R528 | R627 | R523 | R518 | R618 | R516;import;Doublon source consolide : controler quantites, prix et emplacements.
7292BGNH;LUN VT DACIA SANDERO 2     13-;LUNETTES;Lunette;;product;true;true;VSF Centre;74,73;164,4;93,41;;7292BGNH1H;true;13;Centre | R923 | R929 | R921 | R928 | R925 | R931 | R930 | R927 | R934;import;Doublon source consolide : controler quantites, prix et emplacements. EUROCODE INTERNE diverge de EUROCODE : arbitrage RPBM requis sur la reference qui fait foi.
7292BGNH1H;LUNETTE TEINTÉ VERT DACIA SANDERO 2 13-;LUNETTES;Lunette;;product;true;true;MA;206,79;206,79;206,79;;7292BGNH;true;13;Centre | Dépôt 1 | Palette Savon | R738 | R709 | R132 | D2 | CENTRE;import;Doublon source consolide : controler quantites, prix et emplacements. EUROCODE INTERNE diverge de EUROCODE : arbitrage RPBM requis sur la reference qui fait foi.
7292BGNS;LUN VT DACIA LOGAN 2 BNE COFFRE  13-;LUNETTES;Lunette;;product;true;true;VSF Centre;72,62;159,77;90,78;;7292BGNS;false;2;Centre | D2;import;Doublon source consolide : controler quantites, prix et emplacements.
7292LGNH5FD;DESC AVG VT LOGAN /SANDERO 2 13-;GLACES LATERALES;Glace laterale;;product;true;true;VSF Centre;28,99;63,78;36,24;;7292LGNH5FD;false;6;Centre | AVION | R226 | GALLERIA;import;Doublon source consolide : controler quantites, prix et emplacements.
7292LGNH5RD;GLACE DESCENDANTE ARRIÈRE GAUCHE TEINTÉ VERT DACIA SANDERO 2 5 PORTES HAYON 13-;GLACES LATERALES;Glace laterale;;product;true;true;MA;131,94;131,94;131,94;;7292LGNH5RD;false;4;Centre | R915 | R911 | R912;import;Doublon source consolide : controler quantites, prix et emplacements.
7292LGNH5RV;DÉFLECTEUR ARRIÈRE GAUCHE TEINTÉ VERT DACIA SANDERO 2 5 PORTES HAYON 13-;GLACES LATERALES;Glace laterale;;product;true;true;MA;131,74;131,74;131,74;;7292LGNH5RV;false;4;Centre | GALLERIA | R908;import;Doublon source consolide : controler quantites, prix et emplacements.
7292LGNS4RD;DESC ARG VT DACIA LOGAN 2 4P 13-21;GLACES LATERALES;Glace laterale;;product;true;true;VSF Centre;42,34;93,14;52,92;;7292LGNS4RD;false;1;R913;import;Rapprochement Odoo par default_code a effectuer.
7292RGNE5RV;DEFL ARD VT LOGAN MCV 2 BREAK  13-21;GLACES LATERALES;Glace laterale;;product;true;true;VSF Centre;33,88;74,54;42,35;;7292RGNE5RV;false;1;T306;import;Rapprochement Odoo par default_code a effectuer.
7292RGNH5FD;GLACE DESCENDANTE AVANT DROIT TEINTÉ VERT LOGAN 2 /SANDERO 2 13-MO 0.40;GLACES LATERALES;Glace laterale;;product;true;true;MA;131,94;131,94;131,94;;7292RGNH5FD;false;6;Centre | R905 | R904 | R913;import;Doublon source consolide : controler quantites, prix et emplacements.
7292RGNH5RV;DEFL ARD VT DACIA SANDERO 2 5P 13-;GLACES LATERALES;Glace laterale;;product;true;true;VSF Centre;23,55;51,81;29,44;;7292RGNH5RV;false;6;Centre | R911 | R908;import;Doublon source consolide : controler quantites, prix et emplacements.
7292RGNS4RV;DEFL ARD VT DACIA LOGAN 2 4P 13-21;GLACES LATERALES;Glace laterale;;product;true;true;VSF Centre;35,2;77,44;44;;7292RGNS4RV;false;1;GENIPA;import;Rapprochement Odoo par default_code a effectuer.
7293AGAMV1T;PB VT ACO RENAULT CAPTUR CAPT   18-;PARE BRISE;Pare-brise;;product;true;true;VSF Centre;125,86;276,9;157,33;;7293AGAMV1T;false;4;R318 | CASSE | GENIPA | R520;import;Doublon source consolide : controler quantites, prix et emplacements.
7293AGAV;PB VT ACO.RENAULT CAPTUR 13-;PARE BRISE;Pare-brise;;product;true;true;VSF Centre;88,94;195,68;111,18;;7293AGAV;false;14;R231 | R205 | R419 | R217 | R425 | R403 | R724 | R631 | R409 | R301 | R804;import;Doublon source consolide : controler quantites, prix et emplacements.
7293AGSMV;PB VT RENAULT CAPTUR+CAPT.13-;PARE BRISE;Pare-brise;;product;true;true;VSF Centre;90,44;198,97;119;;7293AGAMV;true;14;R231 | R328 | R626 | R735 | R609 | R615 | R409 | R623 | R706 | GENIPA | R716 | R427;import;Doublon source consolide : controler quantites, prix et emplacements. EUROCODE INTERNE diverge de EUROCODE : arbitrage RPBM requis sur la reference qui fait foi.
7293AGSV;PB VT RENAULT CAPTUR 13-;PARE BRISE;Pare-brise;;product;true;true;VSF Centre;71,2;156,64;89;;7293AGSV;false;4;R422 | R702 | R820;import;Doublon source consolide : controler quantites, prix et emplacements.
7293BGSRA;LUN TV RENAULT CAPTUR ANTENNE INTÉGRÉE 13-;LUNETTES;Lunette;;product;true;true;MARTINIQUE AUTO;238,21;524,05;355,53;;7293BGSRA;false;3;GALLERIA | R423;import;Doublon source consolide : controler quantites, prix et emplacements.
7293BYPRA;LUN PRIV RENAULT CAPTUR ANT  13-;LUNETTES;Lunette;;product;true;true;VSF Centre;92,19;202,82;115,24;;7293BYPRA;false;1;R930;import;Rapprochement Odoo par default_code a effectuer.
7293LGSR5FD;DESC AVG VT RENAULT CAPTUR 13-;GLACES LATERALES;Glace laterale;;product;true;true;VSF Centre;32,79;72,14;40,99;;7293LGSR5FD;false;1;Centre;import;Rapprochement Odoo par default_code a effectuer.
7293LGSR5FVWZ;DÉFLECTEUR AVANT GAUCHE TEINTÉ VERT RENAULT CAPTUR 13-;GLACES LATERALES;Glace laterale;;product;true;true;MA;77,76;77,76;77,76;;7293LGSR5FVWZ;false;3;Centre | GALLERIA;import;Doublon source consolide : controler quantites, prix et emplacements.
7293LYPR5RD;DESC ARG PRIV RENAULT CAPTUR 13-;GLACES LATERALES;Glace laterale;;product;true;true;VSF Centre;40,58;89,28;50,73;;7293LYPR5RD;false;1;Centre;import;Rapprochement Odoo par default_code a effectuer.
7293RGSR5FD;DESC AVD VT RENAULT CAPTUR 13-;GLACES LATERALES;Glace laterale;;product;true;true;VSF Centre;32,3;71,07;40,38;;7293RGSR5FD;false;1;Centre;import;Rapprochement Odoo par default_code a effectuer.
7293RGSR5FVWZ;DÉFLECTEUR AVANT DROIT TEINTÉ VERT RENAULT CAPTUR 13-;GLACES LATERALES;Glace laterale;;product;true;true;MA;54,42;54,42;54,42;;7293RGSR5FVWZ;false;6;Centre | Galléria | GALLERIA | R906;import;Doublon source consolide : controler quantites, prix et emplacements.
7293RGSR5RD;GLACE DESCENDANTE ARRIÈRE DROIT TEINTÉ VERT RENAULT CAPTUR 13-;GLACES LATERALES;Glace laterale;;product;true;true;MPB;70;70;70;;7293RGSR5RD;false;3;Centre | R909;import;Doublon source consolide : controler quantites, prix et emplacements.
7293RGSR5RQZ;CUST ARD VT RENAULT CAPTUR 13-;GLACES LATERALES;Glace laterale;;product;true;true;VSF Centre;63,37;139,41;79,21;;7293RGSR5RQZ;false;1;Centre;import;Rapprochement Odoo par default_code a effectuer.
7293RYPR5RD;DESC ARD PRIV RENAULT CAPTUR 13-;GLACES LATERALES;Glace laterale;;product;true;true;VSF Centre;39,98;87,96;49,98;;7293RYPR5RD;false;1;Centre;import;Rapprochement Odoo par default_code a effectuer.
7295AGSMV1T;PB VT RENAULT TWINGO 3  CAPT   19-;PARE BRISE;Pare-brise;;product;true;true;VSF Centre;87,92;193,42;109,9;;7295AGSMV1T;false;5;R638 | R616 | R735 | R431 | R417;import;Doublon source consolide : controler quantites, prix et emplacements.
7295AGSV1M;PB VT RENAULT TWINGO 3   14-;PARE BRISE;Pare-brise;;product;true;true;VSF Centre;63,2;139,04;79;;7295AGSV1M;false;4;R402 | R311 | R425 | R735;import;Doublon source consolide : controler quantites, prix et emplacements.
7295BGSHBOW;LUN VT RENAULT TWINGO 3  14-;LUNETTES;Lunette;;product;true;true;VSF Centre;140,14;308,3;175,17;;7295BGSHBOW;false;2;R933 | GALLERIA;import;Doublon source consolide : controler quantites, prix et emplacements.
7295BGSHBOW1K;LUNETTE TEINTÉ VERT RENAULT TWINGO 3 SPOILER;LUNETTES;Lunette;;product;true;true;MARTINIQUE AUTO;527,32;527,32;527,32;;7295BGSHBOW1K;false;4;GALLERIA | R924 | GENIPA;import;Doublon source consolide : controler quantites, prix et emplacements.
7295LGSH5FD;DESC AVG VT RENAULT TWINGO 3   14-;GLACES LATERALES;Glace laterale;;product;true;true;VSF Centre;30,26;66,58;37,83;;7295LGSH5FD;false;1;Centre;import;Rapprochement Odoo par default_code a effectuer.
7295RGSH5FD;DESC AVD VT RENAULT TWINGO 3   14-;GLACES LATERALES;Glace laterale;;product;true;true;VSF Centre;28,56;62,83;35,7;;7295RGSH5FD;false;2;Centre | Caisse D2;import;Doublon source consolide : controler quantites, prix et emplacements.
7295RGSH5RDO;GLACE PTE ARD VT TWINGO 3   14-;GLACES LATERALES;Glace laterale;;product;true;true;VSF Centre;47,2;103,84;59;;7295RGSH5RDO;false;1;GALLERIA;import;Rapprochement Odoo par default_code a effectuer.
7296AGAMV1T;PB VT ACO TRAFIC III EMB  CAPT  21-;PARE BRISE;Pare-brise;;product;true;true;VSF Centre;140;308;175;;;false;2;R405 | R720;import;Doublon source consolide : controler quantites, prix et emplacements.
7296AGAV1C;PB VT ACO TRAFIC III EMB      14-;PARE BRISE;Pare-brise;;product;true;true;VSF Centre;94,78;208,52;118,48;;7296AGSV1C;true;2;R409 | R702;import;Doublon source consolide : controler quantites, prix et emplacements. EUROCODE INTERNE diverge de EUROCODE : arbitrage RPBM requis sur la reference qui fait foi.
7296AGSMV1C;PB VT TRAFIC III EMB  CAPT     14-;PARE BRISE;Pare-brise;;product;true;true;VSF Centre;96,68;212,7;120,85;6340AGSMV1C;7296AGSMV1C;false;6;Centre | R504 | R503 | R605 | GALLERIA | R507;import;Doublon source consolide : controler quantites, prix et emplacements.
7296AGSV;PARE-BRISE TEINTÉ VERT RENAULT TRAFIC III EMBASE RÉTRO 14-;PARE BRISE;Pare-brise;;product;true;true;A+ GLASS;265;265;265;;7296AGSV;false;1;Centre;import;Rapprochement Odoo par default_code a effectuer.
7296AGSV1C;PB VT RENAULT TRAFIC III EMB 14-;PARE BRISE;Pare-brise;;product;true;true;VSF Centre;79,2;174,24;99;6340AGSV1C;7296AGAV1C;true;11;R133 | R114 | R434 | R511 | R514 | R721 | R136 | CASSE | R807 | R232;import;Doublon source consolide : controler quantites, prix et emplacements. EUROCODE INTERNE diverge de EUROCODE : arbitrage RPBM requis sur la reference qui fait foi.
7296AGSV1C-O;PB VT RENAULT TRAFIC III EMB 14-;PARE BRISE;Pare-brise;;product;true;true;Occasion;;;;;7296AGSV1C-O;false;1;CASSE;import;Rapprochement Odoo par default_code a effectuer. PRIX RV absent : standard_price non calculable, phase de cout a exclure.
7296AKCVS6B;KIT AGRAFES LATERALES PB TRAFIC III  14-;JOINTS;Joint;;product;true;true;VSF Centre;2,68;5,9;3,35;;7296AKCVS6B;false;6;R409 | D2 | GALLERIA | J11C;import;Doublon source consolide : controler quantites, prix et emplacements.
7296BGPV;LUN VT FONCEE TRAFIC III HAYON 14-;LUNETTES;Lunette;;product;true;true;VSF Centre;100,42;220,92;125,52;;;false;1;GENIPA;import;Rapprochement Odoo par default_code a effectuer.
7296BGPVL;LUN GAUCHE VT FONCEE TRAFIC III 14-;LUNETTES;Lunette;;product;true;true;VSF Centre;72,62;159,77;90,78;;7296BGPVL;false;1;Centre;import;Rapprochement Odoo par default_code a effectuer.
7296BGPVR;LUN DROIT VT FONCEE TRAFIC III 14-;LUNETTES;Lunette;;product;true;true;VSF Centre;73,71;162,17;92,14;;7296BGPVR;false;3;Centre | R912;import;Doublon source consolide : controler quantites, prix et emplacements.
7296BGSV;LUN VT RENAULT TRAFIC III HAYON 14-;LUNETTES;Lunette;;product;true;true;VSF Centre;100,42;220,92;125,52;;7296BGSV;false;1;GENIPA;import;Rapprochement Odoo par default_code a effectuer.
7296BGSVL;LUN GAUCHE VT TRAFIC III   14-;LUNETTES;Lunette;;product;true;true;VSF Centre;78,83;173,43;98,54;;7296BGSVL;false;2;Centre | R913;import;Doublon source consolide : controler quantites, prix et emplacements.
7296BGSVLU;LUN GAUCHE VT TRAFIC III N CHAUF 14-;LUNETTES;Lunette;;product;true;true;VSF Centre;65,24;143,53;81,55;;7296BGSVLU;false;1;Centre;import;Rapprochement Odoo par default_code a effectuer.
7296BGSVR;LUN.DROITE VT TRAFIC III 14-;LUNETTES;Lunette;;product;true;true;VSF Centre;76,14;167,51;95,18;;7296BGSVR;false;2;Centre | R915;import;Doublon source consolide : controler quantites, prix et emplacements.
7296BGSVRU;LUN DROITE VT TRAFIC III N CHAUF 14-;LUNETTES;Lunette;;product;true;true;VSF Centre;62,26;136,98;77,83;;7296BGSVRU;false;1;R936;import;Rapprochement Odoo par default_code a effectuer.
7296LGPV4RDF;GLACE COULIS ARG VT FONCEE TRAFIC 3 14-;GLACES LATERALES;Glace laterale;;product;true;true;VSF Centre;159,2;350,24;199;;;false;1;R413;import;Rapprochement Odoo par default_code a effectuer.
7296RGPV4RDF;GLACE COULISSANTE ARRIÈRE DROIT TEINTÉ VERT FONCEE TRAFIC 3 14;GLACES LATERALES;Glace laterale;;product;true;true;VSF Centre;487,41;487,41;609,26;;7296RGPV4RDF;false;1;R918;import;Rapprochement Odoo par default_code a effectuer.
7296RGPV4RQ;CUST ARD VT FONCEE TRAFIC III COURT 14-;GLACES LATERALES;Glace laterale;;product;true;true;VSF Centre;76,91;169,21;101,2;;;false;1;R903;import;Rapprochement Odoo par default_code a effectuer.
7296RGPV4RQ1J;CUST ARD VT FONCEE TRAFIC III LONG 14-;GLACES LATERALES;Glace laterale;;product;true;true;VSF Centre;79,12;174,06;98,9;;7296RGPV4RQ1J;false;1;Génipa;import;Rapprochement Odoo par default_code a effectuer.
7296RGSV2FD;DESC AVD VT TRAFIC III    14-;GLACES LATERALES;Glace laterale;;product;true;true;VSF Centre;62,33;137,12;77,91;;7296RGSV2FD;false;1;R912;import;Rapprochement Odoo par default_code a effectuer.
7296RGSV4RDF;GLACE PTE COUL ARD VT TRAFIC III     14-;GLACES LATERALES;Glace laterale;;product;true;true;VSF Centre;189,24;416,33;249;;;false;1;Génipa;import;Rapprochement Odoo par default_code a effectuer.
7296RYPV4RQ1J;CUST ARD PRIV TRAFIC III LONG    14-;GLACES LATERALES;Glace laterale;;product;true;true;VSF Centre;98,28;216,22;122,85;;7296RYPV4RQ1J;false;1;R901;import;Rapprochement Odoo par default_code a effectuer.
7300AGACHIMVZ75;PB VT ACO KADJAR CHAUF CAPT CAM  15-18;PARE BRISE;Pare-brise;;product;true;true;VSF Centre;316;695,2;395;;;false;1;R431;import;Rapprochement Odoo par default_code a effectuer.
7300AGACIMVZ75;PB VT ACO KADJAR  CAPT LDW  15-18;PARE BRISE;Pare-brise;;product;true;true;VSF Centre;173,18;380,99;216,47;;7300AGACIMVZ75;false;4;R623 | R535 | R534 | R627;import;Doublon source consolide : controler quantites, prix et emplacements.
7300AGACIMVZ96;PB VT ACO KADJAR CAPT CAM 11/18-22;PARE BRISE;Pare-brise;;product;true;true;VSF Centre;218,4;480,48;273;;7300AGACIMVZ96;false;1;R632;import;Rapprochement Odoo par default_code a effectuer.
7300AGAMVZ1C;PB VT ACO.RENAULT KADJAR +CAPT. 15-;PARE BRISE;Pare-brise;;product;true;true;VSF Centre;151,2;317,52;189;;7300AGAMVZ1C;false;4;R105 | R306 | R624 | GALLERIA;import;Doublon source consolide : controler quantites, prix et emplacements.
7300AGAMVZ95;PB VT ACO RENAULT KADJAR  CAPT  18-;PARE BRISE;Pare-brise;;product;true;true;VSF Centre;207,2;455,84;259;;7300AGAMVZ95;false;3;R629 | R612 | R538;import;Doublon source consolide : controler quantites, prix et emplacements.
7300AGAMVZ95-O;PB VT ACO RENAULT KADJAR  CAPT  18-;PARE BRISE;Pare-brise;;product;true;true;OCCASION;;;;;7300AGAMVZ95-O;false;2;R528 | R529;import;Doublon source consolide : controler quantites, prix et emplacements. PRIX RV absent : standard_price non calculable, phase de cout a exclure.
7300AGAMVZ96;PB VT ACO RENAULT KADJAR  CAPT  18-;PARE BRISE;Pare-brise;;product;true;true;VSF Centre;175,2;385,44;219;;7300AGAMVZ96;false;3;Génipa | CASSE | R529;import;Doublon source consolide : controler quantites, prix et emplacements.
7300AGAVZ;PB VT ACO.RENAULT KADJAR  15-;PARE BRISE;Pare-brise;;product;true;true;VSF Centre;111,2;233,52;139;;7300AGAVZ;false;1;R105;import;Rapprochement Odoo par default_code a effectuer.
7300ASMR;JC PB KADJAR TOIT TOLE 15-;JOINTS;Joint;;product;true;true;VSF Centre;70,4;154,88;88;;7300ASMR;false;9;JT032 | JT031 | R624 | R629 | J10C | J10B | J10D | J6B | GALLERIA;import;Doublon source consolide : controler quantites, prix et emplacements.
7300ASMR1D;JC PB KADJAR TOIT VITRE 15-;JOINTS;Joint;;product;true;true;VSF Centre;70,84;155,85;88,55;;7300ASMR1D;false;1;JT031;import;Rapprochement Odoo par default_code a effectuer.
7300ASMR1H;JC PB KADJAR TOIT VITRE     15-;JOINTS;Joint;;product;true;true;VSF Centre;38,66;85,06;48,33;;7300ASMR1H;false;2;D2 (Joints) | Jdessus;import;Doublon source consolide : controler quantites, prix et emplacements.
7300BYPRZ;LUN PRIVACY RENAULT KADJAR  15-;LUNETTES;Lunette;;product;true;true;VSF Centre;100,04;220,09;125,05;;7300BYPRZ;false;1;Dépôt 2;import;Rapprochement Odoo par default_code a effectuer.
7300LGSR5FDW;DESC AVG VT RENAULT KADJAR  15-;GLACES LATERALES;Glace laterale;;product;true;true;VSF Centre;58,01;127,62;72,51;;7300LGSR5FDW;false;3;D2 | Galléria | R905;import;Doublon source consolide : controler quantites, prix et emplacements.
7300LYPR5RQZ;CUSTODE ARRIÈRE GAUCHE PRIVACY (NOIR) RENAULT KADJAR 15-22MO 1.40;GLACES LATERALES;Glace laterale;;product;true;true;MARTINIQUE AUTO;185,11;185,11;185,11;;7300LYPR5RQZ;false;1;GALLERIA;import;Rapprochement Odoo par default_code a effectuer.
7300RGSR5FDW;DESC AVD VT RENAULT KADJAR  15-;GLACES LATERALES;Glace laterale;;product;true;true;VSF Centre;57,15;125,73;71,44;;7300RGSR5FDW;false;2;Centre | R900;import;Doublon source consolide : controler quantites, prix et emplacements.
7300RGSR5RDW;DESC ARD VT RENAULT KADJAR  15-22;GLACES LATERALES;Glace laterale;;product;true;true;VSF Centre;74,13;163,08;92,66;;7300RGSR5RDW;false;1;R912;import;Rapprochement Odoo par default_code a effectuer.
7300RYPR5RDW;DESC ARD PRIVACY KADJAR  15-22;GLACES LATERALES;Glace laterale;;product;true;true;VSF Centre;71,06;156,34;88,83;;7300RYPR5RDW;false;1;R910;import;Rapprochement Odoo par default_code a effectuer.
7301AGACMVZ;PB VT ACO TALISMAN CAPT CAM 15-20;PARE BRISE;Pare-brise;;product;true;true;VSF Centre;199,58;439,08;249,48;;7301AGACMVZ;false;1;GALLERIA;import;Rapprochement Odoo par default_code a effectuer.
7301AGAMVZ;PB VT AC RENAULT TALISMAN CAPT 15-20;PARE BRISE;Pare-brise;;product;true;true;VSF Centre;179,72;395,38;224,65;;7301AGAMVZ;false;1;R602;import;Rapprochement Odoo par default_code a effectuer.
7302AGACMVZ1C;PB VT ACO MEGANE 4 CAPT CAM 16-20;PARE BRISE;Pare-brise;;product;true;true;VSF Centre;173,9;382,57;217,37;;7302AGACMVZ1C;false;1;R615;import;Rapprochement Odoo par default_code a effectuer.
7302AGACMVZ1L;PB VT ACO MEGANE 4 CAPT CAM 20-22;PARE BRISE;Pare-brise;;product;true;true;VSF Centre;162,43;357,35;203,04;;;false;1;GALLERIA;import;Rapprochement Odoo par default_code a effectuer.
7302AGAMVZ1T;PB VT ACO MEGANE 4 CAPT   20-22;PARE BRISE;Pare-brise;;product;true;true;VSF Centre;136,82;301,01;171,03;;7302AGAMVZ1T;false;2;R637 | R604;import;Doublon source consolide : controler quantites, prix et emplacements.
7302AGAVZ;PB VT ACO.RENAULT MEGANE 4 16-;PARE BRISE;Pare-brise;;product;true;true;VSF Centre;95,2;209,44;119;;7302AGAVZ;false;1;R306;import;Rapprochement Odoo par default_code a effectuer.
7302AGSMVZ1C;PB VT RENAULT MEGANE 4+CAPT. 16-;PARE BRISE;Pare-brise;;product;true;true;VSF Centre;95,2;209,44;119;;7302AGSMVZ1C;false;4;R307 | R326 | R725 | R723;import;Doublon source consolide : controler quantites, prix et emplacements.
7302AGSVZ;PB VT RENAULT MEGANE 4      16-22;PARE BRISE;Pare-brise;;product;true;true;VSF Centre;120,82;265,81;151,03;;;false;1;GALLERIA;import;Rapprochement Odoo par default_code a effectuer.
7302LGPH5RD;DESC ARG VT FONCEE MEGANE IV 5P 16-22;GLACES LATERALES;Glace laterale;;product;true;true;VSF Centre;63,07;138,76;78,84;;7302LGPH5RD;false;1;GALLERIA;import;Rapprochement Odoo par default_code a effectuer.
7302LGSH5FD;DESC AVG VT RENAULT MEGANE IV 16-22;GLACES LATERALES;Glace laterale;;product;true;true;VSF Centre;67,62;148,77;84,53;;7302LGSH5FD;false;1;R906;import;Rapprochement Odoo par default_code a effectuer.
7302RGPH5RD;DESC ARD VT FONCEE MEGANE IV 16-22;GLACES LATERALES;Glace laterale;;product;true;true;VSF Centre;63,07;138,76;78,84;;7302RGPH5RD;false;1;R918;import;Rapprochement Odoo par default_code a effectuer.
7302RGSH5FD;DESC AVD VT RENAULT MEGANE IV 16-22;GLACES LATERALES;Glace laterale;;product;true;true;VSF Centre;72;158,4;90;;;false;1;GALLERIA;import;Rapprochement Odoo par default_code a effectuer.
7302RGSH5RVZ;DEFL ARD VT MEGANE 4 BERLINE  16-22;GLACES LATERALES;Glace laterale;;product;true;true;VSF Centre;56,5;124,29;70,62;;7302RGSH5RVZ;false;1;T301;import;Rapprochement Odoo par default_code a effectuer.
7303AGACMVZ;PB VT ACO SCENIC 4 CAPT CAM  16-;PARE BRISE;Pare-brise;;product;true;true;VSF Centre;220;484;275;;;false;1;GENIPA;import;Rapprochement Odoo par default_code a effectuer.
7304BGPRA;LUN VT FONCEE CAPTUR ANT 17-;LUNETTES;Lunette;;product;true;true;VSF Centre;103,4;227,48;129,25;;7304BGPRA;false;1;Dépôt 1;import;Rapprochement Odoo par default_code a effectuer.
7305AGACMVW1L;PB VT ACO KOLEOS 2  CAPT CAM 17-;PARE BRISE;Pare-brise;;product;true;true;VSF Centre;128,8;283,36;161;;7305AGACMVW1L;false;1;GALLERIA;import;Rapprochement Odoo par default_code a effectuer.
7305RYPR5RDW;DESC ARD PRIV RENAULT KOLEOS 2  17-;GLACES LATERALES;Glace laterale;;product;true;true;VSF Centre;79,49;174,87;99,36;;7305RYPR5RDW;false;1;R906;import;Rapprochement Odoo par default_code a effectuer.
7305RYPR5RQZ;CUST ARD PRIV RENAULT KOLEOS 2  17-;GLACES LATERALES;Glace laterale;;product;true;true;VSF Centre;178,4;392,48;223;;7305RYPR5RQZ;false;1;R908;import;Rapprochement Odoo par default_code a effectuer.
7306AGSMV1C;PB VT DACIA DUSTER 2 CAPT 17-;PARE BRISE;Pare-brise;;product;true;true;VSF Centre;72,27;159;90,34;;7306AGSMV1C;false;9;R429 | Centre | CASSE | Galléria | R720 | R225 | R624 | R528 | R431;import;Doublon source consolide : controler quantites, prix et emplacements.
7306AGSMV6T;PB VT DACIA DUSTER 2 CAPT 23-;PARE BRISE;Pare-brise;;product;true;true;VSF Centre;103,2;227,04;129;;;false;1;R414;import;Rapprochement Odoo par default_code a effectuer.
7306AGSV;PB VT DACIA DUSTER 2  17-;PARE BRISE;Pare-brise;;product;true;true;VSF Centre;70,88;155,94;88,6;;7306AGSV;false;20;R231 | R624 | R622 | R725 | R722 | R520 | GALLERIA | R635 | R509 | R727 | R723 | GENIPA | R434 | R822 | R409 | R532 | R516 | R823;import;Doublon source consolide : controler quantites, prix et emplacements.
7306BGSRB;LUN  VT DACIA DUSTER 2 17-;LUNETTES;Lunette;;product;true;true;MARTINIQUE AUTO;249,95;549,88;367,57;;7306BGSRB;false;2;GALLERIA | R926;import;Doublon source consolide : controler quantites, prix et emplacements.
7306BYPRB;LUN PRIVACY DACIA DUSTER 2  17-;LUNETTES;Lunette;;product;true;true;VSF Centre;65,1;143,23;81,38;;7306BYPRB;false;2;R435 | GENIPA;import;Doublon source consolide : controler quantites, prix et emplacements.
7306LGSR5FD;GLACE DESCENDANTE AVANT GAUCHE TEINTÉ VERT DACIA DUSTER 2 17-;GLACES LATERALES;Glace laterale;;product;true;true;MA;186,65;186,65;186,65;;7306LGSR5FD;false;2;Centre | Caisse D2;import;Doublon source consolide : controler quantites, prix et emplacements.
7306LYPR5RD;DESC ARG PRIV DACIA DUSTER 2  17-;GLACES LATERALES;Glace laterale;;product;true;true;VSF Centre;37,35;82,17;46,69;;7306LYPR5RD;false;1;Centre;import;Rapprochement Odoo par default_code a effectuer.
7306RGSR5FD;DESC AVD VT DACIA DUSTER 2  17-;GLACES LATERALES;Glace laterale;;product;true;true;VSF Centre;47,63;104,79;59,54;;7306RGSR5FD;false;1;Caisse D2;import;Rapprochement Odoo par default_code a effectuer.
7306RGSR5RD;DESC ARD VT DACIA DUSTER 2  17-;GLACES LATERALES;Glace laterale;;product;true;true;VSF Centre;52,8;116,16;66;;7306RGSR5RD;false;4;R905 | R234 | R904 | R910;import;Doublon source consolide : controler quantites, prix et emplacements.
7306RGSR5RQ;CUST ARD VT DACIA DUSTER 2  17-;GLACES LATERALES;Glace laterale;;product;true;true;VSF Centre;41,6;91,52;52;;7306RGSR5RQ;false;1;T302;import;Rapprochement Odoo par default_code a effectuer.
7306RYPR5RD;DESC ARD PRIV DACIA DUSTER 2  17-;GLACES LATERALES;Glace laterale;;product;true;true;VSF Centre;39,78;87,52;49,73;;7306RYPR5RD;false;3;Centre | R912;import;Doublon source consolide : controler quantites, prix et emplacements.
7306RYPR5RQ;CUST ARD PRIV DACIA DUSTER 2  17-;GLACES LATERALES;Glace laterale;;product;true;true;VSF Centre;51,62;113,56;64,52;;7306RYPR5RQ;false;2;T010 | GALLERIA;import;Doublon source consolide : controler quantites, prix et emplacements.
7307BGNPZ;LUN VT RENAULT ALASKAN  17-;LUNETTES;Lunette;;product;true;true;VSF Centre;157,58;346,68;196,98;;7307BGNPZ;false;1;Dépôt 1;import;Rapprochement Odoo par default_code a effectuer.
7310AGACMVZ;PB VT AC CLIO V LHD CAPT LDW 19-;PARE BRISE;Pare-brise;;product;true;true;VSF Centre;150,4;330,88;188;;7310AGACMVZ;false;43;R614 | R525 | R513 | R526 | R625 | R532 | R535 | Génipa | GALLERIA | R626 | R518 | R702 | R409 | R434 | R415 | R423 | R638 | R621 | R620 | R618 | R517 | R623 | R216 | CASSE | R612 | R634 | R204 | R426 | R705 | R728 | R522 | GENIPA | R636 | R523 | R609 | R729 | R735;import;Doublon source consolide : controler quantites, prix et emplacements.
7310AGAMVZ;PB VT AC CLIO V LHD CAPT  19-;PARE BRISE;Pare-brise;;product;true;true;VSF Centre;143,2;315,04;179;;7310AGAMVZ;false;4;CASSE | R529 | GALLERIA | R511;import;Doublon source consolide : controler quantites, prix et emplacements.
7310BGSH;LUN VT RENAULT CLIO V  SS ANT   19-;LUNETTES;Lunette;;product;true;true;VSF Centre;94,16;207,15;117,7;;7310BGSH;false;1;R902;import;Rapprochement Odoo par default_code a effectuer.
7310BGSHA;LUN VT RENAULT CLIO V ANT 19-;LUNETTES;Lunette;;product;true;true;VSF Centre;84;184,8;105;;;false;1;R424;import;Rapprochement Odoo par default_code a effectuer.
7310BYPHA;LUN PRIV RENAULT CLIO V    19-;LUNETTES;Lunette;;product;true;true;VSF Centre;118,98;261,76;148,73;;7310BYPHA;false;1;R921;import;Rapprochement Odoo par default_code a effectuer.
7310LGSH5FD;GLACE DESCENDANTE AVANT GAUCHE TEINTÉ VERT RENAULT CLIO V 19-;GLACES LATERALES;Glace laterale;;product;true;true;VSF Centre;50,4;110,88;63;;7310LGSH5FD;false;4;AVION | Galléria | R908 | GENIPA;import;Doublon source consolide : controler quantites, prix et emplacements.
7310LGSH5FV;DÉFLECTEUR AVANT GAUCHE TEINTÉ VERT RENAULT CLIO V  19-;GLACES LATERALES;Glace laterale;;product;true;true;MA;152,9;152,9;152,9;;7310LGSH5FV;false;1;Centre;import;Rapprochement Odoo par default_code a effectuer.
7310LGSH5FVWZ;DEFL AVG VT RENAULT CLIO V  19-;GLACES LATERALES;Glace laterale;;product;true;true;VSF Centre;74,18;163,19;92,72;;7310LGSH5FVWZ;false;2;GALLERIA | R229;import;Doublon source consolide : controler quantites, prix et emplacements.
7310LGSH5RD;GLACE DESCENDANTE ARRIÈRE GAUCHE TEINTÉ VERT RENAULT CLIO V 19-MO 0.70;GLACES LATERALES;Glace laterale;;product;true;true;INVENTAIRE;72;158,4;72;;7310LGSH5RD;false;3;T007 | R902 | T003;import;Doublon source consolide : controler quantites, prix et emplacements.
7310LYPH5RD;DESC ARG PRIV RENAULT CLIO V  19-;GLACES LATERALES;Glace laterale;;product;true;true;VSF Centre;57,6;126,72;72;;7310LYPH5RD;false;2;R906 | R903;import;Doublon source consolide : controler quantites, prix et emplacements.
7310RGSH5FD;DESC AVD VT RENAULT CLIO V  19-;GLACES LATERALES;Glace laterale;;product;true;true;VSF Centre;50,4;110,88;63;;7310RGSH5FD;false;4;Centre | D2;import;Doublon source consolide : controler quantites, prix et emplacements.
7310RGSH5FVWZ;DEFL AVD VT RENAULT CLIO V  19-;GLACES LATERALES;Glace laterale;;product;true;true;VSF Centre;68;149,6;85;;7310RGSH5FVWZ;false;3;R230 | GENIPA | GALLERIA;import;Doublon source consolide : controler quantites, prix et emplacements.
7310RGSH5RD;GLACE DESCENDANTE ARRIÈRE DROIT TEINTÉ VERT RENAULT CLIO V 19-;GLACES LATERALES;Glace laterale;;product;true;true;VSF Centre;47,2;103,84;59;;7310RGSH5RD;false;1;T001;import;Rapprochement Odoo par default_code a effectuer.
7311AGACHMVZ;PB VT AC CAPTUR 2 LHD CHAU CAP CAM 19-;PARE BRISE;Pare-brise;;product;true;true;VSF Centre;207,2;455,84;259;;7311AGACHMVZ;false;1;R526;import;Rapprochement Odoo par default_code a effectuer.
7311AGACMVZ;PB VT ACO CAPTUR II LHD CAPT CAM 19-;PARE BRISE;Pare-brise;;product;true;true;VSF Centre;152,8;336,16;191;;7311AGACMVZ;false;16;Centre | R601 | R334 | R625 | R506 | R507 | R630 | R425 | R428 | R726 | R538 | DOMICILE | R636 | R626;import;Doublon source consolide : controler quantites, prix et emplacements.
7311LGSR5FD;DESC AVG VT RENAULT CAPTUR II   19-;GLACES LATERALES;Glace laterale;;product;true;true;VSF Centre;52,8;116,16;66;;7311LGSR5FD;false;2;D2 | R907;import;Doublon source consolide : controler quantites, prix et emplacements.
7311LGSR5FVWZ;DÉFLECTEUR AVANT GAUCHE TEINTÉ VERT RENAULT CAPTUR II 19-;GLACES LATERALES;Glace laterale;;product;true;true;MA;156,05;156,05;156,05;;7311LGSR5FVWZ;false;1;Centre;import;Rapprochement Odoo par default_code a effectuer.
7311RGSR5FD;DESC AVD VT RENAULT CAPTUR II   19-;GLACES LATERALES;Glace laterale;;product;true;true;VSF Centre;70,26;154,58;87,83;;7311RGSR5FD;false;1;R905;import;Rapprochement Odoo par default_code a effectuer.
7312AGSCMVZ;PB VT RENAULT KANGOO 3 CAPT CAM 21-;PARE BRISE;Pare-brise;;product;true;true;VSF Centre;120,84;265,85;159;;;false;1;R527;import;Rapprochement Odoo par default_code a effectuer.
7312AGSIMVZ;PB VT RENAULT KANGOO 3 CAPT   21-;PARE BRISE;Pare-brise;;product;true;true;VSF Centre;100,33;220,72;132,01;;;false;1;R533;import;Rapprochement Odoo par default_code a effectuer.
7313AGSMV;PB VT DACIA LOGAN / SANDERO 3 CAPT 20-;PARE BRISE;Pare-brise;;product;true;true;VSF Centre;96,52;212,34;127;;;false;3;R534 | GENIPA | GALLERIA;import;Doublon source consolide : controler quantites, prix et emplacements.
7313AGSV;PB VT DACIA LOGAN / SANDERO 3  20-;PARE BRISE;Pare-brise;;product;true;true;VSF Centre;84,8;186,56;106;;;false;3;GALLERIA | GENIPA;import;Doublon source consolide : controler quantites, prix et emplacements.
7313BGSH;LUN VT DACIA SANDERO 3 5P HAYON 20-;LUNETTES;Lunette;;product;true;true;VSF Centre;73,03;160,67;91,29;;7313BGSH;false;3;R925 | R922 | GALLERIA;import;Doublon source consolide : controler quantites, prix et emplacements.
7313LGSH5FD;DESC AVG VT DACIA LOGAN / SANDERO 3 20-;GLACES LATERALES;Glace laterale;;product;true;true;VSF Centre;72,34;159,14;90,42;;7313LGSH5FD;false;1;R904;import;Rapprochement Odoo par default_code a effectuer.
7313LGSH5RD;DESC ARG VT DACIA SANDERO 3 20-;GLACES LATERALES;Glace laterale;;product;true;true;VSF Centre;63,79;140,34;79,74;;7313LGSH5RD;false;2;R931 | R914;import;Doublon source consolide : controler quantites, prix et emplacements.
7313RGSH5FD;DESC AVD VT DACIA LOGAN / SANDERO 3 20-;GLACES LATERALES;Glace laterale;;product;true;true;VSF Centre;78,12;171,86;97,65;;7313RGSH5FD;false;1;R908;import;Rapprochement Odoo par default_code a effectuer.
7313RGSH5RVWZ;CUS ARD DACIA/SANDERO 5P 09-20;GLACES LATERALES;Glace laterale;;product;true;true;maRTINIQUE AUTO;62,47;137,43;76,18;;7313RGSH5RVWZ;false;1;GALLERIA;import;Rapprochement Odoo par default_code a effectuer.
7314AGNV;PB VT DACIA SPRING 20-;PARE BRISE;Pare-brise;;product;true;true;VSF Centre;91,11;200,44;119,88;;;false;1;Galléria;import;Rapprochement Odoo par default_code a effectuer.
7316RGSR5RD;DESC ARD VT  RENAULT AUSTRAL    22-;GLACES LATERALES;Glace laterale;;product;true;true;VSF Centre;112,5;247,51;140,63;;;false;1;GENIPA;import;Rapprochement Odoo par default_code a effectuer.
73561S5SE00;CUST ARG HONDA CIVIC;GLACES LATERALES;Glace laterale;;product;true;true;AUTOS GM;71,5;71,5;71,5;;73561S5SE00;false;1;Centre;import;Rapprochement Odoo par default_code a effectuer.
7608AGNMVZ;PB VT SEAT TOLEDO/LEON   CAPT 8/98-04;PARE BRISE;Pare-brise;;product;true;true;VSF Centre;85,68;188,5;107,1;;7608AGNMVZ;false;3;R228 | R222 | R214;import;Doublon source consolide : controler quantites, prix et emplacements.
7608AGNVZ;PB VT SEAT TOLEDO/LEON          08/98-04;PARE BRISE;Pare-brise;;product;true;true;Vsf Centre;77,7;170,93;97,12;;7608AGNVZ;false;4;R123 | Centre | R632 | R416;import;Doublon source consolide : controler quantites, prix et emplacements.
7608AKCSS1F;AGRAFES PB TOLEDO/LEON             98-04;JOINTS;Joint;;product;true;true;VSF Centre;8,16;17,95;10,2;;7608AKCSS1F;false;6;Centre | R632 | JT004;import;Doublon source consolide : controler quantites, prix et emplacements.
7608LGNS4RD;DESC ARG VT TOLEDO / LEON         99-04;GLACES LATERALES;Glace laterale;;product;true;true;VSF Centre;24,38;53,63;30,47;;7608LGNS4RD;false;2;Centre | R904;import;Doublon source consolide : controler quantites, prix et emplacements.
7608RGNS4RD;DESC ARD VT TOLEDO / LEON         99-04;GLACES LATERALES;Glace laterale;;product;true;true;VSF Centre;24,02;52,84;30,02;;7608RGNS4RD;false;1;Centre;import;Rapprochement Odoo par default_code a effectuer.
7609AGNZ;PB VT SEAT IBIZA 3/CORDOBA 2       99-01;PARE BRISE;Pare-brise;;product;true;true;VSF Centre;62,12;136,66;77,65;8571AGNZ;7609AGNZ;false;5;Centre | CASSE | R621 | R335;import;Doublon source consolide : controler quantites, prix et emplacements.
7609AGNZ-PERDU;PB VT SEAT IBIZA 3/CORDOBA 2       99-01;PARE BRISE;Pare-brise;;product;true;true;VSF Centre;63,05;138,71;78,81;;7609AGNZ-PERDU;false;1;PERDUE;import;Rapprochement Odoo par default_code a effectuer.
7609AGSMZ;PB VT SEAT IBIZA 3/CORDOBA 2  CAPT 99-01;PARE BRISE;Pare-brise;;product;true;true;VSF Centre;71,46;157,2;89,32;;7609AGSMZ;false;1;Centre;import;Rapprochement Odoo par default_code a effectuer.
7609AKCH;KIT AGR PB SEAT IBIZA 3/CORDOBA 2 99-01;JOINTS;Joint;;product;true;true;VSF Centre;8,04;17,69;10,05;;7609AKCH;false;1;Centre;import;Rapprochement Odoo par default_code a effectuer.
7610AGSMVZ;PB VT IBIZA 4 / CORDOBA 3 +CAPT 02-08;PARE BRISE;Pare-brise;;product;true;true;VSF Centre;83,14;182,9;103,92;;7610AGSMVZ;false;5;R311 | R420 | R720 | R306 | R529;import;Doublon source consolide : controler quantites, prix et emplacements.
7610AGSVZ;PB VT SEAT IBIZA 4 / CORDOBA 3 02-08;PARE BRISE;Pare-brise;;product;true;true;VSF Centre;67,64;148,81;89;;7610AGSVZ;true;39;R216 | R324 | R311 | R215 | R413 | R333 | R327 | R402 | R319 | R313 | R312 | R301 | R225 | R106 | R231 | R329 | R528 | R310 | Génipa | R202 | R626 | R607 | R730 | R707 | R723 | R511 | R401 | R436 | R736 | R735 | R519 | R728 | R703;import;Doublon source consolide : controler quantites, prix et emplacements. EUROCODE INTERNE diverge de EUROCODE : arbitrage RPBM requis sur la reference qui fait foi.
7610BGSHZ;LUN VT SEAT IBIZA 4 3/5P           02-08;LUNETTES;Lunette;;product;true;true;VSF Centre;64,46;141,82;80,58;;7610BGSHZ;false;1;Centre;import;Rapprochement Odoo par default_code a effectuer.
7610LGSH3FD;DESC AVG TEINTÉ VERT SEAT IBIZA 4 3 PORTES 02-08;GLACES LATERALES;Glace laterale;;product;true;true;AUTOS GM;80,75;80,75;80,75;;7610LGSH3FD;false;1;Centre;import;Rapprochement Odoo par default_code a effectuer.
7610LGSH3RQZ;CUST ARG VT SEAT IBIZA 4 3P      02-08;GLACES LATERALES;Glace laterale;;product;true;true;VSF Centre;67,46;148,42;84,33;;7610LGSH3RQZ;false;1;R905;import;Rapprochement Odoo par default_code a effectuer.
7610RGSH3FD;GLACE DESCENDANTE AVANT DROIT TEINTÉ VERT SEAT IBIZA III 3 PORTES 02-08;GLACES LATERALES;Glace laterale;;product;true;true;SODAUTO;75;75;75;;7610RGSH3FD;false;2;Centre | GALLERIA;import;Doublon source consolide : controler quantites, prix et emplacements.
7612LGSV5FQZ;CUST.AVG VT SEAT ALTEA/TOLEDO 04-15;GLACES LATERALES;Glace laterale;;product;true;true;VSF Centre;39,98;87,96;49,98;;7612LGSV5FQZ;false;1;Centre;import;Rapprochement Odoo par default_code a effectuer.
7613AGSBLVZ;PB VTBL SEAT LEON                  05-12;PARE BRISE;Pare-brise;;product;true;true;VSF Centre;79,2;174,24;99;;7613AGSBLVZ;false;1;R425;import;Rapprochement Odoo par default_code a effectuer.
7613AGSMVZ1B;PB VT SEAT LEON + CAPT 05-12;PARE BRISE;Pare-brise;;product;true;true;VSF Centre;107,2;235,84;134;;7613AGSMVZ1B;false;11;R303 | R411 | R403 | R421 | R335 | CASSE | R204 | R637 | R638;import;Doublon source consolide : controler quantites, prix et emplacements.
7613AGSVZ;PB VT SEAT LEON 05-12;PARE BRISE;Pare-brise;;product;true;true;VSF Centre;79,2;174,24;99;;7613AGSVZ;false;11;R324 | R301 | R112 | R429 | R427 | R217 | R428 | R627 | PERDU | R604;import;Doublon source consolide : controler quantites, prix et emplacements.
7613AKCHS1F;AGRAFES PB LEON 04-12;JOINTS;Joint;;product;true;true;VSF Centre;5,52;12,14;6,9;;7613AKCHS1F;false;13;R303 | R303 / R324 | R301 | R425 | R112 | Centre | R429 | ? | ??? | J10B | GALLERIA;import;Doublon source consolide : controler quantites, prix et emplacements.
7613BGSHW;LUN VT SEAT LEON           05-09;LUNETTES;Lunette;;product;true;true;VSF Centre;105,89;232,95;132,36;;7613BGSHW;false;1;R818;import;Rapprochement Odoo par default_code a effectuer.
7614AGSMVZ1P;PB VT SEAT IBIZA 5 CAPT CARRE  08-13;PARE BRISE;Pare-brise;;product;true;true;VSF Centre;91,63;201,59;114,54;;7614AGSMVZ1P;false;4;R621 | R425 | R805 | R510;import;Doublon source consolide : controler quantites, prix et emplacements.
7614AGSMVZ1T;PB VT SEAT IBIZA 5 TOIT VERRE CAPT 13-15;PARE BRISE;Pare-brise;;product;true;true;VSF Centre;105,26;231,58;131,58;;7614AGSMVZ1T;false;7;Centre | R334 | R523 | R330 | R405 | R433 | R628;import;Doublon source consolide : controler quantites, prix et emplacements.
7614AGSVZ;PB VT SEAT IBIZA 5 5PTES 08-;PARE BRISE;Pare-brise;;product;true;true;VSF Centre;72;158,4;90;;7614AGSVZ;false;6;R327 | R204 | R636 | Centre | R728;import;Doublon source consolide : controler quantites, prix et emplacements.
7614AGSVZ1H;PB VT SEAT IBIZA 5 3P     08-17;PARE BRISE;Pare-brise;;product;true;true;VSF Centre;72,62;159,77;90,78;;7614AGSVZ1H;false;4;R423 | R504 | Centre | GALLERIA;import;Doublon source consolide : controler quantites, prix et emplacements.
7614AGSVZ1J;PB VT SEAT IBIZA 5 3PTES EMB.18CM 08-;PARE BRISE;Pare-brise;;product;true;true;VSF Centre;102,34;225,15;127,93;;7614AGSVZ1J;false;2;R328 | R302;import;Doublon source consolide : controler quantites, prix et emplacements.
7614BGDHI1J;LUN VT FONCEE SEAT IBIZA 3PTES  08-17;LUNETTES;Lunette;;product;true;true;VSF Centre;68,1;149,81;85,12;;7614BGDHI1J;false;3;D2 | R930 | R423;import;Doublon source consolide : controler quantites, prix et emplacements.
7614BGSHI;LUN VT SEAT IBIZA 5PTES  08-17;LUNETTES;Lunette;;product;true;true;VSF Centre;67,46;148,42;84,33;;7614BGSHI;false;3;R112 | GALLERIA;import;Doublon source consolide : controler quantites, prix et emplacements.
7614LGSH3FD;DESC AVG VT SEAT IBIZA V 3P  08-17;GLACES LATERALES;Glace laterale;;product;true;true;VSF Centre;31,09;68,39;38,86;;7614LGSH3FD;false;1;R904;import;Rapprochement Odoo par default_code a effectuer.
7614LGSH5RD;DESC ARG VT SEAT IBIZA V 5P  08-;GLACES LATERALES;Glace laterale;;product;true;true;VSF Centre;25,26;55,56;31,57;;7614LGSH5RD;false;1;R912;import;Rapprochement Odoo par default_code a effectuer.
7614RGDH3RQZ;CUSTODE ARRIÈRE DROIT TEINTÉ VERT FONCEE IBIZA 3 PORTES 08-MO 1.30;GLACES LATERALES;Glace laterale;;product;true;true;Auto GM;145,35;145,35;145,35;;7614RGDH3RQZ;false;1;GALLERIA;import;Rapprochement Odoo par default_code a effectuer.
7614RGSH3FD;GLACE DESCENDANTE AVANT DROIT TEINTÉ VERT SEAT IBIZA V 3 PORTES;GLACES LATERALES;Glace laterale;;product;true;true;AUTO GM;86,41;86,41;86,41;;7614RGSH3FD;false;3;GALLERIA;import;Doublon source consolide : controler quantites, prix et emplacements.
7614RGSH3RQZ;CUSTODE ARRIÈRE DROIT TEINTÉ VERT FONCEE IBIZA 3 PORTES 08-MO 1.30;GLACES LATERALES;Glace laterale;;product;true;true;AUTOS GM;166,68;166,68;208,35;;;false;1;GENIPA;import;Rapprochement Odoo par default_code a effectuer.
7614RGSH5FD;DESC AVD VT SEAT IBIZA V 5P  08-;GLACES LATERALES;Glace laterale;;product;true;true;VSF Centre;26,08;57,38;32,6;;7614RGSH5FD;false;2;R915 | R922;import;Doublon source consolide : controler quantites, prix et emplacements.
7614RGSH5FQZ;CUST AVD VT SEAT IBIZA 3/5P   08-;GLACES LATERALES;Glace laterale;;product;true;true;VSF Centre;35,09;77,19;43,86;;7614RGSH5FQZ;false;1;Génipa;import;Rapprochement Odoo par default_code a effectuer.
7614RGSH5RQZ;CUSTODE ARRIÈRE DROIT TEINTÉ VERT SEAT IBIZA 5 PORTES HAYON  08-MO 1.10;GLACES LATERALES;Glace laterale;;product;true;true;AUTOS GM;178,47;178,47;178,47;;7614RGSH5RQZ;false;1;Centre;import;Rapprochement Odoo par default_code a effectuer.
7618RGSH5RD;DESC ARD VT SEAT TOLEDO 12-19;GLACES LATERALES;Glace laterale;;product;true;true;VSF Centre;31,53;69,36;39,41;;7618RGSH5RD;false;1;R906;import;Rapprochement Odoo par default_code a effectuer.
7619AGAMVZ1P;PB VT ACO.SEAT LEON +CAPT     13-;PARE BRISE;Pare-brise;;product;true;true;VSF Centre;127,2;279,84;159;;7619AGAMVZ1P;false;2;R321 | R304;import;Doublon source consolide : controler quantites, prix et emplacements.
7619AGAVZ;PB VT SEAT LEON           13-;PARE BRISE;Pare-brise;;product;true;true;VSF Centre;114,32;251,5;142,9;;7619AGAVZ;false;2;R510 | R435;import;Doublon source consolide : controler quantites, prix et emplacements.
7619AGSCMVZ35;PB VT SEAT LEON  CAPT CAM 13-16;PARE BRISE;Pare-brise;;product;true;true;VSF Centre;173,9;382,57;217,37;;7619AGSCMVZ35;false;1;R726;import;Rapprochement Odoo par default_code a effectuer.
7619AGSMVZ1P;PB VT SEAT LEON  CAPT     13-16;PARE BRISE;Pare-brise;;product;true;true;VSF Centre;117,74;259,04;147,18;;7619AGSMVZ1P;false;2;Centre | R708;import;Doublon source consolide : controler quantites, prix et emplacements.
7619AGSMVZ6K;PARE-BRISE TEINTÉ VERT SEAT LEON CAPTEUR DE PLUIE T VERRE 13-16;PARE BRISE;Pare-brise;;product;true;true;AUTOS GM;317,54;317,54;317,54;;7619AGSMVZ6K;false;1;Centre;import;Rapprochement Odoo par default_code a effectuer.
7619AGSMVZ8K;PB VT SEAT LEON  CAPT      16-;PARE BRISE;Pare-brise;;product;true;true;VSF Centre;113,5;249,69;141,87;;7619AGSMVZ8K;false;5;R617 | R417 | R212 | R514 | GALLERIA;import;Doublon source consolide : controler quantites, prix et emplacements.
7619AGSVZ;PB VT SEAT LEON           13-;PARE BRISE;Pare-brise;;product;true;true;VSF Centre;106,14;233,52;132,68;;7619AGSVZ;false;1;R106;import;Rapprochement Odoo par default_code a effectuer.
7619LGDH5RDW;DESC ARG VT FONCEE SEAT LEON 13-;GLACES LATERALES;Glace laterale;;product;true;true;VSF Centre;40,14;88,32;50,18;;7619LGDH5RDW;false;1;R226;import;Rapprochement Odoo par default_code a effectuer.
7619RGSH3FD;DESC AVD VT SEAT LEON 3P  13-;GLACES LATERALES;Glace laterale;;product;true;true;VSF Centre;38,68;85,1;48,35;;7619RGSH3FD;false;1;R903;import;Rapprochement Odoo par default_code a effectuer.
7620AGAMVZ1C;PB VT AC SEAT ATECA  CAPT  16-;PARE BRISE;Pare-brise;;product;true;true;VSF Centre;142,07;312,56;177,59;;7620AGAMVZ1C;false;7;Centre | Posé | R506 | R532 | R417 | R729 | R538;import;Doublon source consolide : controler quantites, prix et emplacements.
7620AGAVZ;PB VT ACO SEAT ATECA  16-;PARE BRISE;Pare-brise;;product;true;true;VSF Centre;154,46;339,82;193,08;;7620AGAVZ;false;1;R702;import;Rapprochement Odoo par default_code a effectuer.
7620BGDRAI;LUN VT FONCEE ATECA  ANT  16-;LUNETTES;Lunette;;product;true;true;VSF Centre;80,06;176,12;100,07;;7620BGDRAI;false;1;R211;import;Rapprochement Odoo par default_code a effectuer.
7620LGSR5RDW;DESC ARG VT SEAT ATECA   16-;GLACES LATERALES;Glace laterale;;product;true;true;VSF Centre;26,08;57,38;32,6;;7620LGSR5RDW;false;1;R903;import;Rapprochement Odoo par default_code a effectuer.
7620RGSR5FD;DESC AVD VT SEAT ATECA   16-;GLACES LATERALES;Glace laterale;;product;true;true;VSF Centre;29,42;64,73;36,78;;7620RGSR5FD;false;1;Centre;import;Rapprochement Odoo par default_code a effectuer.
7621AGCCMVZ;PB VT ABS SEAT IBIZA 6 CAPT CAM 17-;PARE BRISE;Pare-brise;;product;true;true;VSF Centre;151,2;332,64;189;;7621AGCCMVZ;false;2;R538 | R607;import;Doublon source consolide : controler quantites, prix et emplacements.
7621AGCVZ;PB VT ABS SEAT IBIZA 6      17-;PARE BRISE;Pare-brise;;product;true;true;VSF Centre;100,8;221,76;126;;7621AGCVZ;false;1;R528;import;Rapprochement Odoo par default_code a effectuer.
7621AGSMVZ6W;PB VT IBIZA 6 TOIT VERRE CAPT 17-;PARE BRISE;Pare-brise;;product;true;true;VSF Centre;108,47;238,64;135,59;;7621AGSMVZ6W;false;1;R607;import;Rapprochement Odoo par default_code a effectuer.
7621AGSVZ1K;PB VT SEAT IBIZA 6 TOIT VERRE 17-;PARE BRISE;Pare-brise;;product;true;true;VSF Centre;96,84;213,05;121,05;;7621AGSVZ1K;false;2;R405 | Centre;import;Doublon source consolide : controler quantites, prix et emplacements.
7621BGDHI;LUN VT FONCEE SEAT IBIZA 6   17-;LUNETTES;Lunette;;product;true;true;VSF Centre;98,05;215,71;122,56;;7621BGDHI;false;1;R934;import;Rapprochement Odoo par default_code a effectuer.
7621BGSHAI;LUN VT SEAT IBIZA 6 ANT  17-;LUNETTES;Lunette;;product;true;true;VSF Centre;89,05;195,91;111,31;;7621BGSHAI;false;2;R226 | Galléria;import;Doublon source consolide : controler quantites, prix et emplacements.
7621LGDH5RD;DESC ARG VT FONCEE SEAT IBIZA 6 17-;GLACES LATERALES;Glace laterale;;product;true;true;VSF Centre;32,14;70,72;40,18;;7621LGDH5RD;false;1;Galléria;import;Rapprochement Odoo par default_code a effectuer.
7621LGSH5FD;GLACE DESCENDANTE AVANT GAUCHE TEINTÉ VERT SEAT IBIZA 6 17-MO 0.50;GLACES LATERALES;Glace laterale;;product;true;true;AUTOS GM;100,69;100,69;100,69;;7621LGSH5FD;false;1;R121;import;Rapprochement Odoo par default_code a effectuer.
7621LGSH5RD;DESC ARG VT SEAT IBIZA 6 17-;GLACES LATERALES;Glace laterale;;product;true;true;VSF Centre;23,54;51,8;29,43;;7621LGSH5RD;false;1;R222;import;Rapprochement Odoo par default_code a effectuer.
7621RGSH5FD;GLACE DESCENDANTE AVANT DROIT TEINTÉ VERT SEAT IBIZA 6;GLACES LATERALES;Glace laterale;;product;true;true;AUTO GM;200,78;200,78;200,78;;7621RGSH5FD;false;1;GALLERIA;import;Rapprochement Odoo par default_code a effectuer.
7622AGAMVZ1C;PARE-BRISE TEINTÉ VERT AC SEAT ARONA CAPTEUR DE PLUIE 17-19MO 2.20;PARE BRISE;Pare-brise;;product;true;true;AUTOS GM;319,02;319,02;319,02;;7622AGAMVZ1C;false;1;Galléria;import;Rapprochement Odoo par default_code a effectuer.
7622AGAMVZ6Z;PB VT AC SEAT ARONA  CAPT 1412MM   19-;PARE BRISE;Pare-brise;;product;true;true;VSF Centre;133,92;294,62;167,4;;7622AGAMVZ6Z;false;1;R429;import;Rapprochement Odoo par default_code a effectuer.
7622AGAVZ;PB VT AC SEAT ARONA         17-;PARE BRISE;Pare-brise;;product;true;true;VSF Centre;115,74;254,62;144,67;;7622AGAVZ;false;2;R723 | R435;import;Doublon source consolide : controler quantites, prix et emplacements.
7622AGAVZ6Z;PB VT AC SEAT ARONA 1412MM    19-;PARE BRISE;Pare-brise;;product;true;true;VSF Centre;132;290,4;165;;;false;1;R538;import;Rapprochement Odoo par default_code a effectuer.
7622AGSMVZ1C;PB VT SEAT ARONA  CAPT    17-19;PARE BRISE;Pare-brise;;product;true;true;VSF Centre;101,5;223,31;126,88;;7622AGSMVZ1C;false;5;R523 | R637 | Galléria | R510 | GALLERIA;import;Doublon source consolide : controler quantites, prix et emplacements.
7622BGSRAI;LUN VT SEAT ARONA  ANT    17-;LUNETTES;Lunette;;product;true;true;VSF Centre;100,36;220,79;125,45;;;false;2;GENIPA;import;Doublon source consolide : controler quantites, prix et emplacements.
7622LGDR5RQZ1M;CUST ARG VT FONCEE SEAT ARONA  17-;GLACES LATERALES;Glace laterale;;product;true;true;VSF Centre;58,24;128,13;72,8;;7622LGDR5RQZ1M;false;1;J005;import;Rapprochement Odoo par default_code a effectuer.
7622LGSR5FD;LAT AVG  TEINTÉ VERT SEAT ARONA  17-;GLACES LATERALES;Glace laterale;;product;true;true;AUTO GM;122,14;268,7;152,67;;7622LGSR5FD;false;1;GALLERIA;import;Rapprochement Odoo par default_code a effectuer.
7622RGSR5FD;VITRE MOBILE AVD TV SEAT ARONA;GLACES LATERALES;Glace laterale;;product;true;true;AUTO GM;152,67;152,67;152,67;;8600AGAMVZ1P;true;3;GALLERIA | GENIPA | R926;import;Doublon source consolide : controler quantites, prix et emplacements. EUROCODE INTERNE diverge de EUROCODE : arbitrage RPBM requis sur la reference qui fait foi.
7623BGSRAI;LUN VT SEAT TARRACO ANT 18-;LUNETTES;Lunette;;product;true;true;VSF Centre;128,5;282,71;160,63;;;false;1;R423;import;Rapprochement Odoo par default_code a effectuer.
7625AGACMVZ;PB VT ACO CUPRA FORMENTOR CAPT CAM 20-;PARE BRISE;Pare-brise;;product;true;true;VSF Centre;156,38;344,04;195,48;;7625AGACMVZ;false;3;GALLERIA | R636;import;Doublon source consolide : controler quantites, prix et emplacements.
7625AGSCMVZ;PB VT CUPRA FORMENTOR CAPT CAM 20-;PARE BRISE;Pare-brise;;product;true;true;VSF Centre;143,2;315,04;179;;7625AGSCMVZ;false;1;R532;import;Rapprochement Odoo par default_code a effectuer.
7625LGPR5RDW;DESC ARG VT FONC CUPRA FORMENTOR 20-;GLACES LATERALES;Glace laterale;;product;true;true;VSF Centre;35,3;77,67;44,13;;7625LGPR5RDW;false;1;R902;import;Rapprochement Odoo par default_code a effectuer.
7806AGN1P;PB VT SKODA FELICIA 95-01;PARE BRISE;Pare-brise;;product;true;true;VSF Centre;68,54;150,8;85,68;;7806AGN1P;false;1;Centre;import;Rapprochement Odoo par default_code a effectuer.
7806ASRH;JT PB SKODA FELICIA/FAVORIT 89-01;JOINTS;Joint;;product;true;true;VSF Centre;10,4;22,88;13;;7806ASRH;false;1;Centre;import;Rapprochement Odoo par default_code a effectuer.
7807AGNGYMVW1K;PARE-BRISE TEINTÉ VERT DÉGRADÉ GRIS SKODA OCTAVIA CAPTEUR DE PLUIE 97-10MO 2,20;PARE BRISE;Pare-brise;;product;true;true;INVENTAIRE;118,06;259,73;118,06;;7807AGNGYMVW1K;false;1;R110;import;Rapprochement Odoo par default_code a effectuer.
7807AGNGYVW1K;PB VTGY SKODA OCTAVIA              97-10;PARE BRISE;Pare-brise;;product;true;true;VSF Centre;83,7;184,15;104,63;;7807AGNGYVW1K;false;2;R102 | R507;import;Doublon source consolide : controler quantites, prix et emplacements.
7807AGNVW1K;PB VT SKODA OCTAVIA                97-10;PARE BRISE;Pare-brise;;product;true;true;VSF Centre;74,74;164,42;93,42;;7807AGNVW1K;false;1;R436;import;Rapprochement Odoo par default_code a effectuer.
7807ASMHT;JC SUP PB SKODA OCTAVIA   97-10;JOINTS;Joint;;product;true;true;VSF Centre;11,77;25,89;14,71;;7807ASMHT;false;2;R507 | J5E;import;Doublon source consolide : controler quantites, prix et emplacements.
7808AGNGYVZ;PB VTGY SKODA FABIA 99-07;PARE BRISE;Pare-brise;;product;true;true;VSF Centre;74,88;164,74;93,6;7808AGSGYVZ;7808AGNGYVZ;false;7;Centre | R307 | R123 | R537 | R510 | R530 | R225;import;Doublon source consolide : controler quantites, prix et emplacements.
7808LGSH5FD;DESC AVG VT SKODA FABIA       99-;GLACES LATERALES;Glace laterale;;product;true;true;VSF Centre;17,62;38,77;22,03;;7808LGSH5FD;false;2;Centre | R907;import;Doublon source consolide : controler quantites, prix et emplacements.
7808RGSE5RVZ;DEFL ARD VT SKODA FABIA BREAK  99-;GLACES LATERALES;Glace laterale;;product;true;true;VSF Centre;49,5;108,91;61,88;;7808RGSE5RVZ;false;1;R912;import;Rapprochement Odoo par default_code a effectuer.
7808RGSH5FD;DESC AVD VT SKODA FABIA       99-;GLACES LATERALES;Glace laterale;;product;true;true;VSF Centre;20,98;46,16;26,23;;7808RGSH5FD;false;1;R912;import;Rapprochement Odoo par default_code a effectuer.
7810AGSGYMVZ1P;PB VTGY SKODA OCTAVIA II  CAPT  04-13;PARE BRISE;Pare-brise;;product;true;true;VSF Centre;100,04;220,09;125,05;;7810AGSGYMVZ1P;false;3;R528 | R510 | R531;import;Doublon source consolide : controler quantites, prix et emplacements.
7810AGSMVZ1P;PB VT SKODA OCTAVIA II  CAPT     04-13;PARE BRISE;Pare-brise;;product;true;true;VSF Centre;96,17;211,57;120,21;;;false;1;GENIPA;import;Rapprochement Odoo par default_code a effectuer.
7810AGSVZ;PB VT SKODA OCTAVIA II             04-13;PARE BRISE;Pare-brise;;product;true;true;VSF Centre;81,6;179,52;102;;7810AGSVZ;false;2;R635 | R312;import;Doublon source consolide : controler quantites, prix et emplacements.
7810BGDEW;LUNETTE TEINTÉ VERT FONCEE OCTAVIA BREAK 04-13MO 2.20;LUNETTES;Lunette;;product;true;true;-;80,06;176,12;100,07;;7810BGDEW;false;1;R923;import;Rapprochement Odoo par default_code a effectuer.
7810LGSH5FD;DESC AVG VT OCTAVIA BNE/BK 04-13;GLACES LATERALES;Glace laterale;;product;true;true;VSF Centre;30,4;66,88;38;;7810LGSH5FD;false;1;Centre;import;Rapprochement Odoo par default_code a effectuer.
7810LGSH5RD;DESC ARG VT OCTAVIA BNE 04-13;GLACES LATERALES;Glace laterale;;product;true;true;VSF Centre;32,36;71,19;40,45;;;false;1;R912;import;Rapprochement Odoo par default_code a effectuer.
7810RGSE5RV;DEFL ARD VT OCTAVIA BREAK 04-13;GLACES LATERALES;Glace laterale;;product;true;true;VSF Centre;31,82;70,01;39,78;;7810RGSE5RV;false;1;Centre;import;Rapprochement Odoo par default_code a effectuer.
7810RGSH5RVZ;DÉFLECTEUR ARRIÈRE DROIT TEINTÉ VERT OCTAVIA BERLINE;GLACES LATERALES;Glace laterale;;product;true;true;Centre autos;149,25;149,25;186,56;;;false;1;GALLERIA;import;Rapprochement Odoo par default_code a effectuer.
7811AGSGYVW;PB VTGY SKODA ROOMSTER/FABIA II 06-;PARE BRISE;Pare-brise;;product;true;true;VSF Centre;87,29;192,03;109,11;;7811AGSGYVW;false;5;R224 | R114 | Centre | R314 | R234;import;Doublon source consolide : controler quantites, prix et emplacements.
7811AGSVW;PB VT SKODA ROOMSTER/FABIA II  06-;PARE BRISE;Pare-brise;;product;true;true;VSF Centre;91,58;201,48;114,48;;7811AGSVW;false;4;CASSE | R737 | R738 | GENIPA;import;Doublon source consolide : controler quantites, prix et emplacements.
7811RGSE5RD;DESC.ARD VT FABIA II BREAK 07-14;GLACES LATERALES;Glace laterale;;product;true;true;VSF Centre;23,2;51,04;29;;7811RGSE5RD;false;1;Centre;import;Rapprochement Odoo par default_code a effectuer.
7811RGSM5RQW;CUST ARD VT SKODA ROOMSTER    07-;GLACES LATERALES;Glace laterale;;product;true;true;VSF Centre;43,33;95,32;54,16;;;false;1;CARTON;import;Rapprochement Odoo par default_code a effectuer.
7813AGSMVWZ1P;PB VT SKODA YETI  CAPT CARRÉ  09-14;PARE BRISE;Pare-brise;;product;true;true;VSF Centre;88,5;194,71;110,63;;7813AGSMVWZ1P;false;4;R210 | Dépôt 1 | R305 | R635;import;Doublon source consolide : controler quantites, prix et emplacements.
7813AGSVWZ;PB VT SKODA YETI ENCAP  09-17;PARE BRISE;Pare-brise;;product;true;true;VSF Centre;107,99;237,58;134,99;;7813AGSVWZ;false;1;R731;import;Rapprochement Odoo par default_code a effectuer.
7813BGDRAI1B;LUN VT FONCEE SKODA YETI  ANT 09-17;LUNETTES;Lunette;;product;true;true;VSF Centre;83,22;183,09;104,03;;7813BGDRAI1B;false;2;D2 | GENIPA;import;Doublon source consolide : controler quantites, prix et emplacements.
7813BGDRI1B;LUN VT FONCEE SKODA YETI   09-17;LUNETTES;Lunette;;product;true;true;VSF Centre;97,74;215,02;122,17;;7813BGDRI1B;false;1;R929;import;Rapprochement Odoo par default_code a effectuer.
7813RGSR5FDW;DESC AVD VT SKODA YETI         09-17;GLACES LATERALES;Glace laterale;;product;true;true;VSF Centre;37,9;83,37;47,37;;7813RGSR5FDW;false;3;GENIPA | T001 | R912;import;Doublon source consolide : controler quantites, prix et emplacements.
7815BGSEAI;LUN VT SKODA RAPID BREAK ANT 13-;LUNETTES;Lunette;;product;true;true;VSF Centre;133,95;294,69;167,44;;7815BGSEAI;false;1;R926;import;Rapprochement Odoo par default_code a effectuer.
7816AGAMVW;PB VT AC OCTAVIA 3  CAPT TOIT TOLE 13-14;PARE BRISE;Pare-brise;;product;true;true;VSF Centre;117,3;258,05;146,62;;7816AGAMVW;false;1;R530;import;Rapprochement Odoo par default_code a effectuer.
7818RGPH5RVWZ;DÉFLECTEUR ARRIÈRE DROIT PRIVACY FABIA 3 5 PORTES HAYON 14-21MO 0.60;GLACES LATERALES;Glace laterale;;product;true;true;CENTRE AUTO;142,02;312,44;202,88;;7818RGPH5RVWZ;false;1;GALLERIA;import;Rapprochement Odoo par default_code a effectuer.
7820AGAMVZ1C;PB VT ACO SKODA KODIAQ CAPT  17-;PARE BRISE;Pare-brise;;product;true;true;VSF Centre;133,66;294,06;167,08;;7820AGAMVZ1C;false;3;R301 | R606 | GENIPA;import;Doublon source consolide : controler quantites, prix et emplacements.
7821AGAMVZ1C;PB VT ACO SKODA KAROQ  CAPT  17-;PARE BRISE;Pare-brise;;product;true;true;VSF Centre;128,66;283,06;160,83;;7821AGAMVZ1C;false;2;CASSE | R735;import;Doublon source consolide : controler quantites, prix et emplacements.
7821LGSR5RDW;DESC ARG VT SKODA KAROQ  17-;GLACES LATERALES;Glace laterale;;product;true;true;VSF Centre;28,85;63,47;36,06;;7821LGSR5RDW;false;1;D2;import;Rapprochement Odoo par default_code a effectuer.
7823AGACVZ;PB VT AC SKODA KAMIQ CAM 19-;PARE BRISE;Pare-brise;;product;true;true;VSF Centre;143,3;315,25;179,12;;7823AGACVZ;false;1;R538;import;Rapprochement Odoo par default_code a effectuer.
7823LGSR5FD;DESC AVG VT SKODA KAMIQ   19-;GLACES LATERALES;Glace laterale;;product;true;true;VSF Centre;69,7;153,35;87,13;;;false;1;GALLERIA;import;Rapprochement Odoo par default_code a effectuer.
7926AGN;PB VT SUBARU IMPREZA 4P         12/00-07;PARE BRISE;Pare-brise;;product;true;true;VSF Centre;149,33;328,52;186,66;;7926AGN;false;1;Centre;import;Rapprochement Odoo par default_code a effectuer.
7926AGNV2B;PB VT SUBARU IMPREZA 4P SERIG 00-07;PARE BRISE;Pare-brise;;product;true;true;VSF Centre;149,33;328,52;186,66;;7926AGNV2B;false;2;Centre | R313;import;Doublon source consolide : controler quantites, prix et emplacements.
7926ASMS;JC PB SUBARU IMPREZA 4P         12/00-07;JOINTS;Joint;;product;true;true;VSF Centre;69,96;153,91;87,45;;7926ASMS;false;4;Centre | J8F;import;Doublon source consolide : controler quantites, prix et emplacements.
7926BYPSW1H;LUN PRIV IMPREZA 4P ANT TROU 00-07;LUNETTES;Lunette;;product;true;true;VSF Centre;379,9;835,79;474,88;;7926BYPSW1H;false;1;R934;import;Rapprochement Odoo par default_code a effectuer.
7928AGNGNH;PB VTVT SUBARU FORESTER CHAUF 02-08;PARE BRISE;Pare-brise;;product;true;true;VSF Centre;207,2;455,84;259;;7928AGNGNH;false;1;R330;import;Rapprochement Odoo par default_code a effectuer.
7928ASMR;JC PB SUBARU FORESTER II 02-08;JOINTS;Joint;;product;true;true;VSF Centre;46,41;102,1;58,01;;7928ASMR;false;1;R330;import;Rapprochement Odoo par default_code a effectuer.
7939AGAHMV1B;PB VT AC IMPREZA/XV/LEVO 5P CHAU CAP 12-;PARE BRISE;Pare-brise;;product;true;true;VSF Centre;163,52;359,74;204,4;;7939AGAHMV1B;false;1;Centre;import;Rapprochement Odoo par default_code a effectuer.
7939ASMR;JC PB IMPREZA/XV/LEVORG 5P  12-;JOINTS;Joint;;product;true;true;VSF Centre;32,1;70,61;40,12;;7939ASMR;false;1;Centre;import;Rapprochement Odoo par default_code a effectuer.
7941AGNV;PB VT SUBARU FORESTER  13-;PARE BRISE;Pare-brise;;product;true;true;VSF Centre;327,8;721,16;409,75;;7941AGNV;false;1;R631;import;Rapprochement Odoo par default_code a effectuer.
7941ASMR;JC PB SUBARU FORESTER 13-;JOINTS;Joint;;product;true;true;VSF Centre;25,25;55,55;31,56;;7941ASMR;false;1;R631;import;Rapprochement Odoo par default_code a effectuer.
8010AGN;PB VT SUZUKI / SANTANA VITARA      88-97;PARE BRISE;Pare-brise;;product;true;true;VSF Centre;98,34;216,35;122,93;;8010AGN;false;6;R333 | R402 | R104 | R209 | R210 | GALLERIA;import;Doublon source consolide : controler quantites, prix et emplacements.
8010AGNBL;PB VTBL SUZUKI / SANTANA VITARA    88-97;PARE BRISE;Pare-brise;;product;true;true;VSF Centre;123,85;272,47;154,81;;8010AGNBL;false;1;R520;import;Rapprochement Odoo par default_code a effectuer.
8010AKMR;JCS PB SANTANA/SUZUKI VITARA 88-97;JOINTS;Joint;;product;true;true;VSF Centre;24,06;52,94;30,08;;8010AKMR;false;3;R221 | J4E | J4G;import;Doublon source consolide : controler quantites, prix et emplacements.
8010ASMR;JC PB SUZUKI VITARA                88-97;JOINTS;Joint;;product;true;true;VSF Ouest;20,53;45,17;25,66;;8010ASMR;false;5;Centre | Tringle | J9B;import;Doublon source consolide : controler quantites, prix et emplacements.
8010BGNR;LUN VT SUZUKI/SANTANA VITARA 88-97;LUNETTES;Lunette;;product;true;true;VSF Centre;92,47;203,44;115,59;;8010BGNR;false;1;R229;import;Rapprochement Odoo par default_code a effectuer.
8010RGNR5FD;DESC AVD VT VITARA 5PTES 88-97;GLACES LATERALES;Glace laterale;;product;true;true;VSF Centre;64,11;141,05;80,14;;8010RGNR5FD;false;1;R913;import;Rapprochement Odoo par default_code a effectuer.
8020ALG1B;PB VT SUZUKI GRAND VITARA 98-05;PARE BRISE;Pare-brise;;product;true;true;VSF Centre;91,2;200,64;120;8020AGL1B;8020ALG1B;false;4;R222 | R538 | R612 | GALLERIA;import;Doublon source consolide : controler quantites, prix et emplacements.
8020ASMR;JC PB SUZUKI GRAND VITARA          98-05;JOINTS;Joint;;product;true;true;VSF Ouest;22,57;49,65;29,7;;8020ASMR;false;4;R222 | J2D | J4B | GALLERIA;import;Doublon source consolide : controler quantites, prix et emplacements.
8020LLGR3RQW;CUST ARG SUZUKI GRAND VITARA 3P 98-05;GLACES LATERALES;Glace laterale;;product;true;true;VSF Centre;67,98;149,55;84,97;;8020LLGR3RQW;false;1;R906;import;Rapprochement Odoo par default_code a effectuer.
8020RLGR3RQW;CUST ARD 3P SUZUKI GRAND VITARA    98-05;GLACES LATERALES;Glace laterale;;product;true;true;VSF Centre;79,62;175,17;99,53;;8020RLGR3RQW;false;1;R913;import;Rapprochement Odoo par default_code a effectuer.
8022ALG;PB VT SUZUKI JIMNY 98-;PARE BRISE;Pare-brise;;product;true;true;VSF Ouest;79,3;174,45;99,12;;8022ALG;false;4;R131 | R623 | R308 | R724;import;Doublon source consolide : controler quantites, prix et emplacements.
8022ASMR;JC PB SUZUKI JIMNY                 98-;JOINTS;Joint;;product;true;true;VSF Centre;27,74;61,04;34,68;;8022ASMR;false;2;R131 | R623;import;Doublon source consolide : controler quantites, prix et emplacements.
8022BLGR;LUN VT SUZUKI JIMNY             98-;LUNETTES;Lunette;;product;true;true;VSF Centre;113,94;250,66;142,42;;8022BLGR;false;1;R902;import;Rapprochement Odoo par default_code a effectuer.
8022LLGR3FD;DESC.AVG VT SUZUKI JIMNY 98-;GLACES LATERALES;Glace laterale;;product;true;true;VSF Centre;50,05;110,11;62,56;;8022LLGR3FD;false;1;Centre;import;Rapprochement Odoo par default_code a effectuer.
8022RLGR3FD;DESC AVD VT SUZUKI JIMNY  98-;GLACES LATERALES;Glace laterale;;product;true;true;VSF Centre;51,05;112,31;63,81;;8022RLGR3FD;false;2;Centre | R906;import;Doublon source consolide : controler quantites, prix et emplacements.
8022RLGR3RQ1J;CUST ARD VT SUZUKI JIMNY TOLE  98-;GLACES LATERALES;Glace laterale;;product;true;true;VSF Centre;39,98;87,96;49,98;;8022RLGR3RQ1J;false;1;Centre;import;Rapprochement Odoo par default_code a effectuer.
8022RYPR3RQW;CUST ARD PRIV SUZUKI JIMNY TOLE  98-18;GLACES LATERALES;Glace laterale;;product;true;true;VSF Centre;80,61;177,34;100,76;;8022RYPR3RQW;false;1;R915;import;Rapprochement Odoo par default_code a effectuer.
8024AGN;PB VT SUZUKI SAMURAI TOLE       98-;PARE BRISE;Pare-brise;;product;true;true;VSF Centre;49,6;109,12;62;;8024AGN;false;1;Centre;import;Rapprochement Odoo par default_code a effectuer.
8030AGN;PB VT SUZUKI IGNIS/SUBARU JUSTY  03-16;PARE BRISE;Pare-brise;;product;true;true;VSF Centre;66,42;146,12;83,02;;8030AGN;false;1;R619;import;Rapprochement Odoo par default_code a effectuer.
8031AGN;PB VT SUZUKI SWIFT 3/5PTES 05-10;PARE BRISE;Pare-brise;;product;true;true;VSF Centre;71,2;156,64;89;;8031AGN;false;11;R111 | R322 | Centre | R310 | R108 | R627 | R729 | CASSE | GALLERIA | R724;import;Doublon source consolide : controler quantites, prix et emplacements.
8031ASMHT;JC SUP SUZUKI SWIFT 3/5PTES 05-10;JOINTS;Joint;;product;true;true;VSF Centre;7,98;17,55;9,97;;8031ASMHT;false;5;R111 | Tringle | R322 | Centre | J11G;import;Doublon source consolide : controler quantites, prix et emplacements.
8031BGNH;LUN VT SUZUKI SWIFT 3/5P          05-10;LUNETTES;Lunette;;product;true;true;VSF Centre;75,71;166,57;94,64;;8031BGNH;false;1;R227;import;Rapprochement Odoo par default_code a effectuer.
8031BGNHW;LUN VT SUZUKI SWIFT 3/5P          05-10;LUNETTES;Lunette;;product;true;true;VSF Centre;81,77;179,89;102,21;;8031BGNHW;false;1;GALLERIA;import;Rapprochement Odoo par default_code a effectuer.
8031RGNH3FD;DESC AVD VT SUZUKI SWIFT 3PTES  05-10;GLACES LATERALES;Glace laterale;;product;true;true;VSF Centre;36,44;80,17;45,55;;8031RGNH3FD;false;1;Centre;import;Rapprochement Odoo par default_code a effectuer.
8031RGNH5RD;GLACE DESCENDANTE ARRIÈRE DROIT TEINTÉ VERT SUZUKI SWIFT 5 PORTES;GLACES LATERALES;Glace laterale;;product;true;true;??;34,46;75,8;43,07;;8031RGNH5RD;false;2;R903 | Centre;import;Doublon source consolide : controler quantites, prix et emplacements.
8031RGNH5RV;DEFL ARD VT SUZUKI SWIFT 5PTES  05-10;GLACES LATERALES;Glace laterale;;product;true;true;VSF Centre;21,09;46,39;26,36;;8031RGNH5RV;false;1;Centre;import;Rapprochement Odoo par default_code a effectuer.
8032AGN;PB VT SUZUKI GRAND VITARA          05-14;PARE BRISE;Pare-brise;;product;true;true;VSF Centre;113,6;249,92;142;;8032AGN;false;3;R320 | R218 | R424;import;Doublon source consolide : controler quantites, prix et emplacements.
8032ASMR;JC PB SUZUKI GRAND VITARA 2    05-14;JOINTS;Joint;;product;true;true;VSF Centre;23,2;51,04;29;;8032ASMR;false;4;R320 | R218 | JT014 | JT004;import;Doublon source consolide : controler quantites, prix et emplacements.
8032LGNR3FDW;DESC AVG VT GRAND VITARA 3P 05-14;GLACES LATERALES;Glace laterale;;product;true;true;VSF Centre;59,63;131,19;74,54;;8032LGNR3FDW;false;2;Centre | R913;import;Doublon source consolide : controler quantites, prix et emplacements.
8032LGNR3RQZ;CUSTODE ARRIÈRE GAUCHE TEINTÉ VERT GRAND VITARA 3 PORTES 05-14;GLACES LATERALES;Glace laterale;;product;true;true;INVENTAIRE;209,17;460,17;209,17;0457064J00;8032LGNR3RQZ;false;2;R937 | R903;import;Doublon source consolide : controler quantites, prix et emplacements.
8032LGNR5FDW;GLACE DESCENDANTE AVANT GAUCHE TEINTÉ VERT GRAND VITARA 5 PORTES HAYON 05-14MO 0.60;GLACES LATERALES;Glace laterale;;product;true;true;INVENTAIRE;85,45;187,99;85,45;;8032LGNR5FDW;false;2;R913 | R902;import;Doublon source consolide : controler quantites, prix et emplacements.
8037AGSVZ;PB VT SUZUKI SWIFT 3/5PTES         10-;PARE BRISE;Pare-brise;;product;true;true;VSF Centre;101,21;222,66;126,51;;8037AGSVZ;false;3;R436 | R617 | Génipa;import;Doublon source consolide : controler quantites, prix et emplacements.
8037BGNH;LUN VT SUZUKI SWIFT 3/5P 10-17;LUNETTES;Lunette;;product;true;true;VSF Centre;164,18;361,19;205,22;;;false;1;R423;import;Rapprochement Odoo par default_code a effectuer.
8037RGNH3FDW;DESC AVD VT SUZUKI SWIFT 3P 10-17;GLACES LATERALES;Glace laterale;;product;true;true;VSF Centre;55,64;122,41;69,55;;8037RGNH3FDW;false;2;T003 | R904;import;Doublon source consolide : controler quantites, prix et emplacements.
8039BGNR;LUN VT SUZUKI S CROSS / SX4   13-22;LUNETTES;Lunette;;product;true;true;VSF Centre;102;224,4;127,5;;8039BGNR;false;1;R928;import;Rapprochement Odoo par default_code a effectuer.
8039RGNR5FDW;DESC.AVD VT S CROSS / SX4   13-;GLACES LATERALES;Glace laterale;;product;true;true;VSF Centre;17,75;39,05;22,19;;8039RGNR5FDW;false;3;Centre;import;Doublon source consolide : controler quantites, prix et emplacements.
8041AGACMV;PB VT AC SUZUKI VITARA  CAPT LDW 15-;PARE BRISE;Pare-brise;;product;true;true;VSF Centre;119,2;262,24;149;;8041AGACMV;false;1;R725;import;Rapprochement Odoo par default_code a effectuer.
8041AGAV;PB VT ACO.SUZUKI VITARA 15-;PARE BRISE;Pare-brise;;product;true;true;VSF Centre;95,2;209,44;119;;8041AGAV;false;1;R412;import;Rapprochement Odoo par default_code a effectuer.
8041AGNMV;PB VT SUZUKI VITARA  CAPT 15-;PARE BRISE;Pare-brise;;product;true;true;VSF Centre;108,66;239,04;135,82;;8041AGNMV;false;4;R308 | CASSE | GALLERIA | R526;import;Doublon source consolide : controler quantites, prix et emplacements.
8041AGNV;PB VT SUZUKI VITARA 15-;PARE BRISE;Pare-brise;;product;true;true;VSF Centre;88,94;195,68;111,18;;8041AGNV;false;12;Centre | R426 | R422 | R608 | R627 | R503 | GALLERIA | R332 | R515 | R414 | R429;import;Doublon source consolide : controler quantites, prix et emplacements.
8041ASMR;JC PB SUZUKI VITARA 15-;JOINTS;Joint;;product;true;true;VSF Sud-Ouest;15,34;33,76;19,18;;8041ASMR;false;11;Tringle | R608 | JT004 | J6D | GALLERIA | JT005 | GENIPA | J10A | J11B | J2B;import;Doublon source consolide : controler quantites, prix et emplacements.
8041BGNR;LUN VT SUZUKI VITARA        15-;LUNETTES;Lunette;;product;true;true;VSF Centre;102,17;224,77;127,71;;8041BGNR;false;1;R708;import;Rapprochement Odoo par default_code a effectuer.
8041RGNR5FDW;DESC AVD VT SUZUKI VITARA 15-;GLACES LATERALES;Glace laterale;;product;true;true;VSF Centre;31,82;70,01;39,78;;8041RGNR5FDW;false;2;Centre;import;Doublon source consolide : controler quantites, prix et emplacements.
8041RGNR5RD;DESC ARD VT SUZUKI VITARA 15-;GLACES LATERALES;Glace laterale;;product;true;true;VSF Centre;28,17;61,97;35,21;;8041RGNR5RD;false;1;R914;import;Rapprochement Odoo par default_code a effectuer.
8041RYPR5RQW;CUST ARD PRIV SUZUKI VITARA 15-;GLACES LATERALES;Glace laterale;;product;true;true;VSF Centre;41,53;91,37;54,65;;;false;1;R914;import;Rapprochement Odoo par default_code a effectuer.
8042AGNV;PB VT SUZUKI BALENO                16-;PARE BRISE;Pare-brise;;product;true;true;VSF Centre;72,82;160,2;91,02;;8042AGNV;false;2;R533 | R619;import;Doublon source consolide : controler quantites, prix et emplacements.
8042BGNH;LUN VT SUZUKI BALENO              16-;LUNETTES;Lunette;;product;true;true;VSF Centre;80,78;177,72;100,98;;8042BGNH;false;1;R222;import;Rapprochement Odoo par default_code a effectuer.
8043AGNVW;PB VT SUZUKI IGNIS 3        17-;PARE BRISE;Pare-brise;;product;true;true;VSF Centre;96,17;211,57;120,21;;8043AGNVW;false;2;CASSE | R714;import;Doublon source consolide : controler quantites, prix et emplacements.
8043LGNH5FDW;DESC AVG VT SUZUKI IGNIS 3        17-;GLACES LATERALES;Glace laterale;;product;true;true;VSF Centre;34,47;75,84;43,09;;8043LGNH5FDW;false;1;OK;import;Rapprochement Odoo par default_code a effectuer.
8043RGNH5RV;DEFL ARD VT SUZUKI IGNIS 3        17-;GLACES LATERALES;Glace laterale;;product;true;true;VSF Centre;21,38;47,03;26,72;;;false;1;R901;import;Rapprochement Odoo par default_code a effectuer.
8044AGNVW;PB VT SUZUKI SWIFT 3/5PTES      17-;PARE BRISE;Pare-brise;;product;true;true;VSF Centre;87,3;192,07;109,13;;8044AGNVW;false;2;R308 | GENIPA;import;Doublon source consolide : controler quantites, prix et emplacements.
8044ASMH;JC PB SUZUKI SWIFT 3/5PTES 17-;JOINTS;Joint;;product;true;true;VSF Centre;10,84;23,85;13,55;;8044ASMH;false;2;J4B | Galleria;import;Doublon source consolide : controler quantites, prix et emplacements. Variantes de casse/espacement fusionnees dans la source : 8044ASMH, 8044asmh.
8044RGNH5FDW;DESC AVD VT SUZUKI SWIFT 5PTES  17-;GLACES LATERALES;Glace laterale;;product;true;true;VSF Centre;39,7;87,33;49,62;;8044RGNH5FDW;false;1;R912;import;Rapprochement Odoo par default_code a effectuer.
8045ALGC;PB VT SUZUKI JIMNY II CAM  18-;PARE BRISE;Pare-brise;;product;true;true;VSF Centre;121,6;267,52;152;;;false;1;GENIPA;import;Rapprochement Odoo par default_code a effectuer.
8045LYPR3RQ;CUST ARG PRIV SUZUKI JIMNY II   18-;GLACES LATERALES;Glace laterale;;product;true;true;VSF Centre;37,9;83,39;47,38;;;false;1;R920;import;Rapprochement Odoo par default_code a effectuer.
8045RLGR3FDW;DESC AVD VT SUZUKI JIMNY II      18-;GLACES LATERALES;Glace laterale;;product;true;true;VSF Centre;28,8;63,36;36;;8045RLGR3FDW;false;1;Centre;import;Rapprochement Odoo par default_code a effectuer.
8103AGACIMVZ;PB VT ACO TESLA Y LHD CAPT CAM 21-;PARE BRISE;Pare-brise;;product;true;true;VSF Centre;272,16;598,75;340,2;;;false;1;R612;import;Rapprochement Odoo par default_code a effectuer.
8103AGCCHIMVZ1S;PB VT ABS ACO TESLA Y LHD C/C/C 21-;PARE BRISE;Pare-brise;;product;true;true;VSF Centre;267,68;588,9;334,6;;;false;2;CASSE | GALLERIA;import;Doublon source consolide : controler quantites, prix et emplacements.
8120S8 - 8120S9 - 812389;BAGUETTES LATERALES;ENJOLIVEURS;Joint;;product;true;false;BLUE AUTO;121,26;121,26;121,26;;8120S8 - 8120S9 - 812389;false;1;GALLERIA;exclusion_format_eurocode;Rapprochement Odoo par default_code a effectuer. EXCLUE DE L'IMPORT (decision RPBM du 2026-08-05, D3) : format d'eurocode suspect (annotation, code constructeur, texte libre). Sans x_studio_eurocode valide, la fiche serait invisible au widget rpbm_agent et non synchronisable. A reprendre a la main dans le fichier Excel si la reference doit exister.
8153LN;RETROVISEUR INT CITROEN C4;RETROVISEUR;Autres;Retroviseur EXT;product;true;true;SODIVA;51,99;114,38;74,27;;8153LN;false;1;GENIPA;import;Rapprochement Odoo par default_code a effectuer.
8153SG - 8153YQ - 98052611BJ;RETROVISEUR INT + CACHE RETRO CITROEN GRAND C4 PICASSO I - 5P LONG 2006-10->2013-09 1.6HDI 110 FAP;AUTRES;Autres;;product;true;false;SODIVA;87,37;87,37;87,37;;8153SG - 8153YQ - 98052611BJ;false;1;GALLERIA;exclusion_format_eurocode;Rapprochement Odoo par default_code a effectuer. EXCLUE DE L'IMPORT (decision RPBM du 2026-08-05, D3) : format d'eurocode suspect (annotation, code constructeur, texte libre). Sans x_studio_eurocode valide, la fiche serait invisible au widget rpbm_agent et non synchronisable. A reprendre a la main dans le fichier Excel si la reference doit exister.
823005206R;GLACE MOBILE V PTE ARD TEINTE VERT;GLACES LATERALES;Glace laterale;;product;true;true;MA;102,5;102,5;102,5;;823005206R;false;1;Centre;import;Rapprochement Odoo par default_code a effectuer.
824011Y020;LEVE VITRE AVG KIA;LEVE-VITRE;Autres;Leve-vitre;product;true;true;AUTO GM;217,21;217,21;217,21;;824011Y020;false;1;GENIPA;import;Rapprochement Odoo par default_code a effectuer.
82403 E011;LEVE-VITRE AVD ELEC;LEVE-VITRE;Autres;Leve-vitre;product;true;false;Auto GM;86,98;86,98;86,98;;82403 E011;false;1;GENIPA;exclusion_format_eurocode;Rapprochement Odoo par default_code a effectuer. EXCLUE DE L'IMPORT (decision RPBM du 2026-08-05, D3) : format d'eurocode suspect (annotation, code constructeur, texte libre). Sans x_studio_eurocode valide, la fiche serait invisible au widget rpbm_agent et non synchronisable. A reprendre a la main dans le fichier Excel si la reference doit exister.
8243ABL;PARE-BRISE TEINTÉ BLEU TOYOTA TERCEL AL20/25 82-87MO 3,00;PARE BRISE;Pare-brise;;product;true;true;INVENTAIRE;153,42;337,52;153,42;;8243ABL;false;1;R313;import;Rapprochement Odoo par default_code a effectuer.
8255ACL;PB CL TOYOTA DYNA BU/YU 60/80    84-07;PARE BRISE;Pare-brise;;product;true;true;VSF Centre;123,02;270,64;153,77;;8255ACL;false;2;R622 | R514;import;Doublon source consolide : controler quantites, prix et emplacements.
8255ASRV;JT PB TOYOTA DYNA BU/YU 60/80 84-07;JOINTS;Joint;;product;true;true;PANTHER PRO;28,01;61,62;40,01;;8255ASRV;false;2;GALLERIA | J3B;import;Doublon source consolide : controler quantites, prix et emplacements.
8263AGNBL;PB VTBL LANDCRUIS  SIE 70 H 60CM  85-96;PARE BRISE;Pare-brise;;product;true;true;VSF Centre;85,41;187,9;106,76;;8263AGNBL;false;1;R412;import;Rapprochement Odoo par default_code a effectuer.
8263ASRR;JT PB LANDCRUISER SIE 70 GM        85-96;JOINTS;Joint;;product;true;true;VSF Centre;37,83;83,23;47,29;;8263ASRR;false;1;Centre;import;Rapprochement Odoo par default_code a effectuer.
8266AGNBL;PB VTBL TOYOTA HI-LUX / VW TARO    88-97;PARE BRISE;Pare-brise;;product;true;true;VSF Centre;88,5;194,71;110,63;;8266AGNBL;false;9;Centre | R221 | R713 | R637 | R604 | R415 | R610 | R817 | R511;import;Doublon source consolide : controler quantites, prix et emplacements.
8266ASRP;JT PB TOYOTA HI-LUX/VW TARO        90-97;JOINTS;Joint;;product;true;true;VSF Centre;31,22;68,68;39,02;;8266ASRP;true;7;Tringle | D2 | D2 ? | J5D | JT012 | J5F;import;Doublon source consolide : controler quantites, prix et emplacements. EUROCODE INTERNE diverge de EUROCODE : arbitrage RPBM requis sur la reference qui fait foi.
8266ASRP1H;JT PB TOYOTA HI-LUX/VW TARO A CLE  90-97;JOINTS;Joint;;product;true;true;VSF Centre;36,09;79,39;45,11;;8266ASRP1H;false;1;Centre;import;Rapprochement Odoo par default_code a effectuer.
8266BCLPU;LUN.CL NON CHAUF.HI-LUX RN90/110    88-9;LUNETTES;Lunette;;product;true;true;VSF Centre;39,2;86,24;49;;8266BCLPU;false;2;Centre | Posé;import;Doublon source consolide : controler quantites, prix et emplacements.
8266LCLP2FD;DESC.AVG CL HI-LUX/VW TARO   88-97;GLACES LATERALES;Glace laterale;;product;true;true;VSF Centre;28,97;63,73;36,21;;8266LCLP2FD;false;1;Centre;import;Rapprochement Odoo par default_code a effectuer.
8266RCLP2RQO;CUST OUVR ARD CL HILUX/VW TARO   88-97;GLACES LATERALES;Glace laterale;;product;true;true;VSF Centre;35,09;77,19;43,86;;8266RCLP2RQO;false;1;R906;import;Rapprochement Odoo par default_code a effectuer.
8268ABL;PARE-BRISE TEINTÉ BLEU TOYOTA HI-ACE LH102 89-95MO 1,60;PARE BRISE;Pare-brise;;product;true;true;INVENTAIRE;;;;;8268ABL;false;2;CASSE | R236;import;Doublon source consolide : controler quantites, prix et emplacements. PRIX RV absent : standard_price non calculable, phase de cout a exclure. Variantes de casse/espacement fusionnees dans la source : 8268ABL, 8268abl.
8273LBLH5FD;DESC AVG BL STARLET EP80 5P   91-96;GLACES LATERALES;Glace laterale;;product;true;true;VSF Centre;31,66;69,66;39,58;;8273LBLH5FD;false;1;Centre;import;Rapprochement Odoo par default_code a effectuer.
8280ABLBL;PARE-BRISE TEINTÉ BLEU DÉGRADÉ BLEU COROLLA AE100 4 PORTES COFFRE /HB 92-96MO 3,40;PARE BRISE;Pare-brise;;product;true;true;INVENTAIRE;168,35;370,37;168,35;;8280ABLBL;false;1;R316;import;Rapprochement Odoo par default_code a effectuer.
8282AGN;PB VT TOYOTA CARINA E             92-98;PARE BRISE;Pare-brise;;product;true;true;VSF Centre;96,87;213,12;121,09;;8282AGN;false;1;R311;import;Rapprochement Odoo par default_code a effectuer.
8282ASMH;JC PB TOYOTA CARINA E              92-97;JOINTS;Joint;;product;true;true;VSF Centre;24,47;53,84;30,59;;8282ASMH;false;2;R311 | J11D;import;Doublon source consolide : controler quantites, prix et emplacements.
8283ABL;PB BL LANDCRUIS.LJ 73 RAB. H:53CM 85-96;PARE BRISE;Pare-brise;;product;true;true;VSF Centre;76,84;169,05;96,05;;8283ABL;false;1;R310;import;Rapprochement Odoo par default_code a effectuer.
8283AGNBL;PB VTBL LANDCRUISERLJ73 RAB H:53CM 85-96;PARE BRISE;Pare-brise;;product;true;true;VSF Ouest;109,98;241,95;137,47;;8283AGNBL;false;1;Centre;import;Rapprochement Odoo par default_code a effectuer.
8283ASRR;JT PB LANDCRUISER LJ 73            85-96;JOINTS;Joint;;product;true;true;VSF Centre;31,74;69,84;39,68;;8283ASRR;false;2;R310 | Centre;import;Doublon source consolide : controler quantites, prix et emplacements.
8286AGN;PB VT CELICA GT ATL0 CPE           94-99;PARE BRISE;Pare-brise;;product;true;true;VSF Centre;97,92;215,42;122,4;;8286AGN;false;1;R426;import;Rapprochement Odoo par default_code a effectuer.
8286ASMC;JC PB CELICA GT ATL0  CPE          94-99;JOINTS;Joint;;product;true;true;VSF Centre;16,3;35,85;20,37;;8286ASMC;false;1;R426;import;Rapprochement Odoo par default_code a effectuer.
8292AGNBL;PB VTBL TOYOTA DYNA RU80,BU75-85;PARE BRISE;Pare-brise;;product;true;true;VSF Centre;148,63;326,99;185,79;;;false;1;R501;import;Rapprochement Odoo par default_code a effectuer.
8295AGN;PB VT TOYOTA HI-ACE LHA2/LK12        96-;PARE BRISE;Pare-brise;;product;true;true;VSF Centre;106,44;234,17;133,05;;8295AGN;false;4;Centre | R637 | GALLERIA;import;Doublon source consolide : controler quantites, prix et emplacements.
8295AGN-O;PB VT TOYOTA HI-ACE LHA2/LK12        96-;PARE BRISE;Pare-brise;;product;true;true;OCCASION;;;;;8295AGN-O;false;1;CASSE;import;Rapprochement Odoo par default_code a effectuer. PRIX RV absent : standard_price non calculable, phase de cout a exclure.
8295ASMV;JC PB TOYOTA HI-ACE LK12/LHA2   96-;JOINTS;Joint;;product;true;true;VSF Centre;6,46;14,22;8,08;;8295ASMV;false;3;Centre | J6D | GALLERIA;import;Doublon source consolide : controler quantites, prix et emplacements.
8298AGN;PB VT TOYOTA STARLET EP91          96-99;PARE BRISE;Pare-brise;;product;true;true;VSF Centre;71,26;156,76;89,07;;8298AGN;false;2;R231 | R609;import;Doublon source consolide : controler quantites, prix et emplacements.
8298ASMH;JC PB TOYOTA STARLET EP 91    96-99;JOINTS;Joint;;product;true;true;VSF Centre;33,98;74,76;42,48;;8298ASMH;false;1;Tringle;import;Rapprochement Odoo par default_code a effectuer.
8298BGNH;LUN VT TOYOTA STARLET EP91 3/5P 96-99;LUNETTES;Lunette;;product;true;true;VSF Centre;258,22;568,09;322,78;;8298BGNH;false;1;R920;import;Rapprochement Odoo par default_code a effectuer.
8301ALG;PB VT LANDCRUISER SERIE 90         96-03;PARE BRISE;Pare-brise;;product;true;true;VSF Centre;68,75;151,25;85,94;;8301ALG;false;1;R206;import;Rapprochement Odoo par default_code a effectuer.
8301ALGGN;PB LAND CRUISER HDJ90;PARE BRISE;Pare-brise;;product;true;true;A+ Glass;230,94;230,94;230,94;;8301ALGGN;false;9;Centre | R735 | R517 | R113 | R619 | R628 | GALLERIA | R830 | R814;import;Doublon source consolide : controler quantites, prix et emplacements.
8301ALGGN-O;PB LAND CRUISER HDJ90;PARE BRISE;Pare-brise;;product;true;true;OCCASION;;;;;8301ALGGN-O;false;1;CASSE;import;Rapprochement Odoo par default_code a effectuer. PRIX RV absent : standard_price non calculable, phase de cout a exclure.
8301ASMRT;JC PB LANDCRUISER 90               96-03;JOINTS;Joint;;product;true;true;VSF Centre;10,8;23,76;13,5;;8301ASMRT;false;8;Caisse | Centre | R735 | J10C | J9F | J10B | J10D | GALLERIA;import;Doublon source consolide : controler quantites, prix et emplacements.
8301BLGR;LUN VT TOYOTA LANDCRUISER 90  3/5P  96-0;LUNETTES;Lunette;;product;true;true;VSF Centre;111,81;245,98;139,76;;8301BLGR;false;4;Centre | POSÉ | R435 | R935;import;Doublon source consolide : controler quantites, prix et emplacements.
8301LLGR3FDW;DESC AVG VT LANDCRUISER 90 3/5P 96-03;GLACES LATERALES;Glace laterale;;product;true;true;VSF Centre;47,6;104,72;59,5;;8301LLGR3FDW;false;1;R910;import;Rapprochement Odoo par default_code a effectuer.
8304RGNS4RV;DEFL ARD VT COROLLA BNE 4P/BK 97-02;GLACES LATERALES;Glace laterale;;product;true;true;VSF Centre;11,98;26,35;14,97;;8304RGNS4RV;false;1;GALLERIA;import;Rapprochement Odoo par default_code a effectuer.
8305AGN;PB VT TOYOTA AVENSIS 1             98-03;PARE BRISE;Pare-brise;;product;true;true;VSF Centre;94,88;208,74;118,6;;8305AGN;false;2;R636 | R803;import;Doublon source consolide : controler quantites, prix et emplacements.
8305AGNH;PB VT CHAUF.TOYOTA AVENSIS 1       98-03;PARE BRISE;Pare-brise;;product;true;true;VSF Centre;149,6;329,12;187;;8305AGNH;false;1;R104;import;Rapprochement Odoo par default_code a effectuer.
8305ASMH;JC PB TOYOTA AVENSIS  1            98-03;JOINTS;Joint;;product;true;true;VSF Centre;16,8;36,96;21;;8305ASMH;false;2;R104 | R636;import;Doublon source consolide : controler quantites, prix et emplacements.
8305LGSH5RDW;DESC ARG VT AVENSIS 1 BNE 5PTES   98-03;GLACES LATERALES;Glace laterale;;product;true;true;VSF Centre;44,88;98,74;56,1;;8305LGSH5RDW;false;1;Centre;import;Rapprochement Odoo par default_code a effectuer.
8308AGN;PB VT TOYOTA HI-LUX 97-05;PARE BRISE;Pare-brise;;product;true;true;VSF Centre;63,67;140,07;83,77;8308AGNV;8308AGN;true;5;R122 | R212 | R511 | R608 | R702;import;Doublon source consolide : controler quantites, prix et emplacements. EUROCODE INTERNE diverge de EUROCODE : arbitrage RPBM requis sur la reference qui fait foi.
8308AGNBL;PB VTBL TOYOTA HI-LUX              97-05;PARE BRISE;Pare-brise;;product;true;true;VSF Centre;78,88;173,54;98,6;;8308AGNBL;false;1;R205;import;Rapprochement Odoo par default_code a effectuer.
8308AGNGN;PB VTVT TOYOTA HI-LUX              97-05;PARE BRISE;Pare-brise;;product;true;true;VSF Centre;75,06;165,12;93,82;;8308AGNGN;false;11;R410 | R435 | R301 | R224 | R226 | R614 | CASSE | R320 | R726 | R827;import;Doublon source consolide : controler quantites, prix et emplacements.
8308AGNGN-PERDU;PB VTVT TOYOTA HI-LUX              97-05;PARE BRISE;Pare-brise;;product;true;true;VSF Centre;78,88;173,54;98,6;;8308AGNGN-PERDU;false;1;PERDUE;import;Rapprochement Odoo par default_code a effectuer.
8308ASMP1H;JC NOIR PB TOYOTA HI-LUX           97-05;JOINTS;Joint;;product;true;true;VSF Ouest;84,11;185,04;84,11;;8308ASMP1H;false;7;R122 | R410 | R435 | R301 | R224 | JT032;import;Doublon source consolide : controler quantites, prix et emplacements.
8308ASMP1H (8308ASMP);JC NOIR PB TOYOTA HI-LUX           97-05;JOINTS;Joint;;product;true;false;VSF Centre;68,63;150,99;85,79;;8308ASMP1H (8308ASMP);false;1;J3B;exclusion_format_eurocode;Rapprochement Odoo par default_code a effectuer. EXCLUE DE L'IMPORT (decision RPBM du 2026-08-05, D3) : format d'eurocode suspect (annotation, code constructeur, texte libre). Sans x_studio_eurocode valide, la fiche serait invisible au widget rpbm_agent et non synchronisable. A reprendre a la main dans le fichier Excel si la reference doit exister.
8308ASMP1H-PERDU;JC NOIR PB TOYOTA HI-LUX           97-05;JOINTS;Joint;;product;true;false;VSF Centre;68,42;150,52;85,52;;8308ASMP1H-PERDU;false;1;PERDUE;exclusion_format_eurocode;Rapprochement Odoo par default_code a effectuer. EXCLUE DE L'IMPORT (decision RPBM du 2026-08-05, D3) : format d'eurocode suspect (annotation, code constructeur, texte libre). Sans x_studio_eurocode valide, la fiche serait invisible au widget rpbm_agent et non synchronisable. A reprendre a la main dans le fichier Excel si la reference doit exister.
8308ASMPC;JC CHROME PB TOYOTA HI-LUX  97-05;JOINTS;Joint;;product;true;true;VSF Centre;66,34;145,94;82,92;;8308ASMPC;false;2;JT014 | J10B;import;Doublon source consolide : controler quantites, prix et emplacements.
8308BGNPU;LUN VT CABINE HI LUX NON CHAUFF 97-05;LUNETTES;Lunette;;product;true;true;VSF Centre;49,47;108,84;61,84;;8308BGNPU;false;1;R114;import;Rapprochement Odoo par default_code a effectuer.
8308LGNP2FDW;DESC AVG VT TOYOTA HI LUX 2P   97-05;GLACES LATERALES;Glace laterale;;product;true;true;VSF Centre;39,08;85,98;48,85;;8308LGNP2FDW;false;1;Centre;import;Rapprochement Odoo par default_code a effectuer.
8308LGNP2RQO;CUST OUVR ARG VT HI LUX 2PTES 97-05;GLACES LATERALES;Glace laterale;;product;true;true;VSF Centre;52,58;115,68;65,73;;8308LGNP2RQO;false;1;R222;import;Rapprochement Odoo par default_code a effectuer.
8310AGN;PB VT TOYOTA YARIS                 99-03;PARE BRISE;Pare-brise;;product;true;true;VSF Centre;81,38;179,03;101,72;;8310AGN;false;9;Centre | R702 | R627 | R118 | R335 | R419 | GALLERIA | R605 | R731;import;Doublon source consolide : controler quantites, prix et emplacements.
8310AGN1C;PB VT TOYOTA YARIS 00-03;PARE BRISE;Pare-brise;;product;true;true;VSF Centre;70,4;154,88;88;;8310AGN1C;false;4;R327 | R229 | R928 | R535;import;Doublon source consolide : controler quantites, prix et emplacements.
8310ASMH;JC PB TOYOTA YARIS                 99-05;JOINTS;Joint;;product;true;true;VSF Centre;12,98;28,55;16,22;;8310ASMH;true;12;Centre | R229 | Tringle | R702 | J7A | JT014 | JT024 | JT019 | JT003 | J9B | J8A;import;Doublon source consolide : controler quantites, prix et emplacements. EUROCODE INTERNE diverge de EUROCODE : arbitrage RPBM requis sur la reference qui fait foi.
8310BGNHZ1E;LUN VT TOYOTA YARIS 1 3/5 PTES     99-05;LUNETTES;Lunette;;product;true;true;VSF Centre;154,46;339,82;193,08;;8310BGNHZ1E;false;1;R224;import;Rapprochement Odoo par default_code a effectuer.
8310LGNH3FDW;DESC AVG VT TOYOTA YARIS 1 3P  99-06;GLACES LATERALES;Glace laterale;;product;true;true;VSF Centre;41,62;91,56;52,02;;8310LGNH3FDW;false;1;Centre;import;Rapprochement Odoo par default_code a effectuer.
8310LGNH5FDW;DESC AVG VT TOYOTA YARIS 1 5P   99-06;GLACES LATERALES;Glace laterale;;product;true;true;VSF Centre;33,46;73,6;41,82;;8310LGNH5FDW;false;1;R222;import;Rapprochement Odoo par default_code a effectuer.
8310LGNH5RV;DEFL ARG VT TOYOTA YARIS 1 5P 99-06;GLACES LATERALES;Glace laterale;;product;true;true;VSF Centre;10,77;23,69;13,46;;8310LGNH5RV;false;1;???;import;Rapprochement Odoo par default_code a effectuer.
8310RGNH5RV;DEFL ARD VT TOYOTA YARIS 1 5P 99-06;GLACES LATERALES;Glace laterale;;product;true;true;VSF Centre;16,43;36,15;20,54;;8310RGNH5RV;false;1;R234;import;Rapprochement Odoo par default_code a effectuer.
8317AGN1P;PARE-BRISE TEINTÉ VERT TOYOTA YARIS VERSO CONDUITE À GAUCHE 03-05MO 2,60;PARE BRISE;Pare-brise;;product;true;true;INVENTAIRE;131,7;289,74;131,7;;8317AGN1P;false;2;CASSE | R323;import;Doublon source consolide : controler quantites, prix et emplacements.
8322RGNR5RDW;DESC ARD VT LEXUS RX  99-04;GLACES LATERALES;Glace laterale;;product;true;true;VSF Centre;47,9;105,39;59,88;;8322RGNR5RDW;false;1;Centre;import;Rapprochement Odoo par default_code a effectuer.
8323AGN;PB VT TOYOTA RAV 4 01-03;PARE BRISE;Pare-brise;;product;true;true;VSF Centre;74,8;164,56;93,5;;8323AGN1B;true;6;R108 | R334 | R207 | R221 | R327 | R235;import;Doublon source consolide : controler quantites, prix et emplacements. EUROCODE INTERNE diverge de EUROCODE : arbitrage RPBM requis sur la reference qui fait foi.
8323AGN1B;PB VT TOYOTA RAV 4                 03-05;PARE BRISE;Pare-brise;;product;true;true;VSF Centre;84,86;186,7;106,08;;8323AGN;true;21;R207 | R324 | R303 | R321 | R226 | Centre | R720 | R617 | R222 | R636 | CASSE | R513 | R537 | R630 | R509 | R538 | R107 | R610 | R417;import;Doublon source consolide : controler quantites, prix et emplacements. EUROCODE INTERNE diverge de EUROCODE : arbitrage RPBM requis sur la reference qui fait foi.
8323AGN1B-R;PB VT TOYOTA RAV 4                 03-05;PARE BRISE;Pare-brise;;product;true;true;VSF Centre;87,43;192,35;109,29;;8323AGN1B-R;false;1;CASSE;import;Rapprochement Odoo par default_code a effectuer.
8323AGNBLV1B;PB VTBL TOYOTA RAV 4              03-05;PARE BRISE;Pare-brise;;product;true;true;VSF Centre;104,94;230,88;131,18;;8323AGNBLV1B;false;1;R628;import;Rapprochement Odoo par default_code a effectuer.
8323ASMRT;JC SUP.PB TOYOTA RAV 4 00-05;JOINTS;Joint;;product;true;true;VSF Centre;7,2;15,84;9;;8323ASMRT;false;2;Non livré | J5D;import;Doublon source consolide : controler quantites, prix et emplacements.
8323BGNRB;LUN VT TOYOTA RAV4    STOP     00-06;LUNETTES;Lunette;;product;true;true;Vsf Centre;123,41;271,5;154,26;;8323BGNRB;false;1;Centre;import;Rapprochement Odoo par default_code a effectuer.
8323BGPRB;LUN VT FONCEE TOYOTA RAV4  STOP    00-06;LUNETTES;Lunette;;product;true;true;VSF Centre;157,62;346,76;197,02;;;false;1;R407;import;Rapprochement Odoo par default_code a effectuer.
8323BYPRB;LUN PRIV TOYOTA RAV4  STOP     00-06;LUNETTES;Lunette;;product;true;true;VSF Centre;138,67;305,08;173,34;;8323BYPRB;false;1;R212;import;Rapprochement Odoo par default_code a effectuer.
833430539R;BAIE CLST G COTE CAISSE;GLACES LATERALES;Glace laterale;;product;true;true;MARTINIQUE AUTO;458,76;458,76;458,76;;833430539R;false;1;R936;import;Rapprochement Odoo par default_code a effectuer.
8340AGN1P;PARE-BRISE TEINTÉ VERT TOYOTA COROLLA 4 PORTES COFFRE BREAK 02-07MO 2.70;PARE BRISE;Pare-brise;;product;true;true;INVENTAIRE;129,31;284,48;129,31;;8340AGN1P;false;1;R317;import;Rapprochement Odoo par default_code a effectuer.
8340AGS;PB VT TOYOTA COROLLA 3/5 P         02-07;PARE BRISE;Pare-brise;;product;true;true;VSF Centre;79,2;174,24;99;;8340AGS;false;12;R336 | R323 | R204 | R302 | R422 | R231 | R520 | R610 | R517 | R522 | R708 | R602;import;Doublon source consolide : controler quantites, prix et emplacements.
8340AGS-O;PB VT TOYOTA COROLLA 3/5 P         02-07;PARE BRISE;Pare-brise;;product;true;true;OCCASION;;;;;8340AGS-O;false;2;R109 | CASSE;import;Doublon source consolide : controler quantites, prix et emplacements. PRIX RV absent : standard_price non calculable, phase de cout a exclure.
8340AGS-PERDU;PB VT TOYOTA COROLLA 3/5 P         02-07;PARE BRISE;Pare-brise;;product;true;true;VSF Centre;83,22;183,09;104,03;;8340AGS-PERDU;false;1;PERDUE;import;Rapprochement Odoo par default_code a effectuer.
8340AGSM2P;PB VT TOYOTA COROLLA 3/5 P  CAPT 04-07;PARE BRISE;Pare-brise;;product;true;true;Vsf Centre;87,92;193,42;109,9;;8340AGSM2P;false;7;Centre | R434 | R301 | R629 | R720 | R731 | R537;import;Doublon source consolide : controler quantites, prix et emplacements.
8340ASMH;JC PB TOYOTA COROLLA 3/5P HB       02-07;JOINTS;Joint;;product;true;true;VSF Centre;9,6;21,12;12;;8340ASMH;false;16;R323 | J001 | R204 | Centre | Tringle | !!! | R301 | J4B | R231 | R520 | R610 | J6B | J5D;import;Doublon source consolide : controler quantites, prix et emplacements.
8340ASMH-PERDU;JC PB TOYOTA COROLLA 3/5P HB       02-07;JOINTS;Joint;;product;true;true;VSF Centre;10,09;22,19;12,61;;8340ASMH-PERDU;false;1;PERDUE;import;Rapprochement Odoo par default_code a effectuer.
8340BGNS;LUN VT TOYOTA COROLLA 4P       02-07;LUNETTES;Lunette;;product;true;true;VSF Centre;151,74;333,82;189,67;;8340BGNS;false;1;R613;import;Rapprochement Odoo par default_code a effectuer.
8340BGSHW1E;LUN VT TOYOTA COROLLA 3/5P       02-07;LUNETTES;Lunette;;product;true;true;VSF Centre;135,03;297,07;168,79;;8340BGSHW1E;false;1;GENIPA;import;Rapprochement Odoo par default_code a effectuer.
8340LGSH3FDW;DESC AVG VT COROLLA 3P   02-07;GLACES LATERALES;Glace laterale;;product;true;true;VSF Centre;35,55;78,21;44,44;;8340LGSH3FDW;false;3;Centre | R908 | R903;import;Doublon source consolide : controler quantites, prix et emplacements.
8340LGSH3RQ;CUST ARG VT COROLLA 3P   02-07;GLACES LATERALES;Glace laterale;;product;true;true;VSF Centre;35,02;77,04;43,77;;8340LGSH3RQ;false;1;Centre;import;Rapprochement Odoo par default_code a effectuer.
8340LGSH5FDW;DESC AVG VT COROLLA 5P   02-07;GLACES LATERALES;Glace laterale;;product;true;true;VSF Centre;41,19;90,62;51,49;;8340LGSH5FDW;false;3;AVION | R909 | R233;import;Doublon source consolide : controler quantites, prix et emplacements.
8340LGSH5RDW;DESC ARG VT COROLLA 5P   02-07;GLACES LATERALES;Glace laterale;;product;true;true;VSF Centre;41,19;90,62;51,49;;8340LGSH5RDW;false;2;Centre | Vendu ?;import;Doublon source consolide : controler quantites, prix et emplacements.
8340LGSH5RV;DEFL ARG VT COROLLA 5P   02-07;GLACES LATERALES;Glace laterale;;product;true;true;VSF Centre;9,48;20,86;11,85;;8340LGSH5RV;false;1;Centre;import;Rapprochement Odoo par default_code a effectuer.
8340RGSH3FDW;DESC AVD VT COROLLA 3P   02-07;GLACES LATERALES;Glace laterale;;product;true;true;VSF Centre;35,55;78,21;44,44;;8340RGSH3FDW;false;3;Rack Bidons Droite | R905 | R234;import;Doublon source consolide : controler quantites, prix et emplacements.
8340RGSH5RDW;DESC ARD VT COROLLA 5P   02-07;GLACES LATERALES;Glace laterale;;product;true;true;VSF Centre;47,65;104,83;59,56;;;false;1;GENIPA;import;Rapprochement Odoo par default_code a effectuer.
8340RGSH5RV;DEFL ARD VT COROLLA 5P   02-07;GLACES LATERALES;Glace laterale;;product;true;true;VSF Centre;9,48;20,86;11,85;;8340RGSH5RV;false;1;Centre;import;Rapprochement Odoo par default_code a effectuer.
8341AGNGNV;PB VTVT LAND CRUISER SIE 120       02-10;PARE BRISE;Pare-brise;;product;true;true;VSF Centre;98,94;217,68;123,68;;8341AGNGNV;false;1;R513;import;Rapprochement Odoo par default_code a effectuer.
8341AGNV;PB VT TOY.LAND CRUISER SIE 120 02-10;PARE BRISE;Pare-brise;;product;true;true;VSF Centre;79,2;174,24;99;;8341AGNV;false;15;Centre | R125 | R402 | R325 | R413 | R530 | R529 | R523 | R522 | R305 | R532 | R131 | GENIPA | R533;import;Doublon source consolide : controler quantites, prix et emplacements.
8341ASMRT;JC SUP PB LAND CRUISER SIE 120 02-10;JOINTS;Joint;;product;true;true;VSF Centre;4;8,8;5;;8341ASMRT;false;10;Centre | R125 | R530 | R529 | R523 | J3C | JT004 | J10E | J10A | J10G;import;Doublon source consolide : controler quantites, prix et emplacements. Variantes de casse/espacement fusionnees dans la source : 8341ASMRT, 8341asmrt.
8341BGNRW;LUN VT TOY LANDCRUISER 120 3 PTES 03-10;LUNETTES;Lunette;;product;true;true;VSF Centre;108,44;238,57;135,55;;8341BGNRW;false;4;Caisse D2 | R136 | GALLERIA | GENIPA;import;Doublon source consolide : controler quantites, prix et emplacements.
8341BGNRW1J;LUN VT TOY LANDCRUISER 120 5PTES 03-10;LUNETTES;Lunette;;product;true;true;VSF Centre;105,26;231,58;131,58;;8341BGNRW1J;false;2;Rack Plafond 1 | R922;import;Doublon source consolide : controler quantites, prix et emplacements.
8341LGNR3FDWX;DESC AVG VT LAND CRUISER 120 3/5P 03-10;GLACES LATERALES;Glace laterale;;product;true;true;VSF Sud-Ouest;66,42;146,12;83,02;;8341LGNR3FDWX;false;1;Dépôt 1;import;Rapprochement Odoo par default_code a effectuer.
83420B9010;GLACE DESCENDANTE ARRIÈRE DROIT TEINTÉ VERT HYUNDAI I10      13-20MO 0.50;GLACES LATERALES;Glace laterale;;product;true;true;CENTRE AUTO;62,52;62,52;62,52;;83420B9010;false;1;GALLERIA;import;Rapprochement Odoo par default_code a effectuer.
8342AGN;PB VT TOYOTA COROLLA VERSO         02-04;PARE BRISE;Pare-brise;;product;true;true;VSF Centre;95,25;209,55;119,06;;8342AGN;false;1;Centre;import;Rapprochement Odoo par default_code a effectuer.
8342ASMV;JC PB TOYOTA COROLLA VERSO         02-04;JOINTS;Joint;;product;true;true;VSF Centre;12,42;27,33;15,53;;8342ASMV;false;1;Centre;import;Rapprochement Odoo par default_code a effectuer.
8342RGNV5RDW;DESC ARD VT COROLLA VERSO   02-;GLACES LATERALES;Glace laterale;;product;true;true;VSF Centre;43,04;94,69;53,8;;8342RGNV5RDW;false;1;R907;import;Rapprochement Odoo par default_code a effectuer.
8343AGN;PB VT TOYOTA DYNA PU 01-;PARE BRISE;Pare-brise;;product;true;true;VSF Centre;79,78;175,52;99,73;;8343AGN;false;8;R320 | R325 | R305 | R531 | R428;import;Doublon source consolide : controler quantites, prix et emplacements.
8343LGNP2FDW;DESC AVG VT TOYOTA DYNA PU    01-;GLACES LATERALES;Glace laterale;;product;true;true;VSF Centre;45,38;99,84;56,73;;8343LGNP2FDW;false;1;Centre;import;Rapprochement Odoo par default_code a effectuer.
8345AGN;PB VT TOYOTA DYNA II LARGE     00-;PARE BRISE;Pare-brise;;product;true;true;VSF Centre;141;310,2;176,25;;8345AGN;false;1;R525;import;Rapprochement Odoo par default_code a effectuer.
8346AGNHM6P;PB VT TOY AVENSIS II CHAUF CAPT  06-09;PARE BRISE;Pare-brise;;product;true;true;VSF Centre;153,47;337,64;191,84;;8346AGNHM6P;false;1;Centre;import;Rapprochement Odoo par default_code a effectuer.
8346ASMH1H;JC PB TOYOTA AVENSIS II            03-09;JOINTS;Joint;;product;true;true;VSF Centre;11,59;25,5;14,49;;8346ASMH1H;false;1;Centre;import;Rapprochement Odoo par default_code a effectuer.
8346LGNH5RDW;DESC ARG VT AVENSIS 2 BNE 5P 03-09;GLACES LATERALES;Glace laterale;;product;true;true;VSF Centre;43,5;95,69;54,37;;8346LGNH5RDW;false;1;R222;import;Rapprochement Odoo par default_code a effectuer.
8355AGN;PB VT TOYOTA PRIUS II              04-09;PARE BRISE;Pare-brise;;product;true;true;VSF Centre;111,2;244,64;139;;8355AGN;false;1;R323;import;Rapprochement Odoo par default_code a effectuer.
8355ASMH;JC PB TOYOTA PRIUS II              04-09;JOINTS;Joint;;product;true;true;VSF Centre;16;35,2;20;;8355ASMH;false;1;R323;import;Rapprochement Odoo par default_code a effectuer.
8355BGNHW1H;LUN.VT TOYOTA PRIUS II+TROU EG. 04-09;LUNETTES;Lunette;;product;true;true;VSF Centre;103,2;227,04;129;;8355BGNHW1H;false;1;Centre;import;Rapprochement Odoo par default_code a effectuer.
8356AGN;PB VT TOYOTA COROLLA VERSO      04-09;PARE BRISE;Pare-brise;;product;true;true;VSF Centre;83,22;183,09;104,03;;8356AGN;false;2;R405 | R429;import;Doublon source consolide : controler quantites, prix et emplacements.
8356AGNM1P;PB VT COROLLA VERSO   CAPT       04-09;PARE BRISE;Pare-brise;;product;true;true;VSF Centre;120,02;264,04;150,02;;8356AGNM1P;false;1;R421;import;Rapprochement Odoo par default_code a effectuer.
8356ASMV;JC PB TOYOTA COROLLA VERSO II   04-09;JOINTS;Joint;;product;true;true;VSF Centre;15,74;34,62;19,67;;8356ASMV;false;4;R421 | R405 | Centre | JT019;import;Doublon source consolide : controler quantites, prix et emplacements.
8356BYPVZ;LUN PRIV TOYOTA COROLLA VERSO 04-09;LUNETTES;Lunette;;product;true;true;VSF Centre;148,26;326,16;185,32;;8356BYPVZ;false;1;Centre;import;Rapprochement Odoo par default_code a effectuer.
8356LGNV5FDW;DESC AVG VT COROLLA VERSO  04-09;GLACES LATERALES;Glace laterale;;product;true;true;VSF Centre;57,24;125,93;71,55;;8356LGNV5FDW;false;1;R915;import;Rapprochement Odoo par default_code a effectuer.
8363LGSH5RDOW;GLACE ARG VT TOYOTA AYGO 5P  05-14;GLACES LATERALES;Glace laterale;;product;true;true;VSF Centre;38,68;85,1;48,35;;8363LGSH5RDOW;false;1;R234;import;Rapprochement Odoo par default_code a effectuer.
8363RGSH5RDOW;GLACE ARD VT TOYOTA AYGO 5P  05-14;GLACES LATERALES;Glace laterale;;product;true;true;VSF Centre;41,78;91,91;52,22;;8363RGSH5RDOW;false;1;R914;import;Rapprochement Odoo par default_code a effectuer.
8367AGNGNV;PB VTVT TOYOTA HI-LUX              05-16;PARE BRISE;Pare-brise;;product;true;true;VSF Centre;111,2;244,64;139;;8367AGNGNV;false;21;R417 | R227 | R324 | R426 | Centre | R406 | R620 | R206 | R716 | R634 | R609 | CASSE | R108 | R538 | R636 | R522 | R811 | R408;import;Doublon source consolide : controler quantites, prix et emplacements.
8367ASMP;JC PB TOYOTA HI LUX                05-16;JOINTS;Joint;;product;true;true;VSF Centre;12,48;27,46;15,6;;8367ASMP;false;13;R417 | R227 | J005 | R426 | Centre | R406 | R620 | JT019 | J1B | J1D | J10B | JT002;import;Doublon source consolide : controler quantites, prix et emplacements.
8367BGNPUZ;LUN VT NON CHAUF TOYOTA HI-LUX 05-16;LUNETTES;Lunette;;product;true;true;VSF Centre;79,6;175,12;99,5;;8367BGNPUZ;false;2;Centre | R903;import;Doublon source consolide : controler quantites, prix et emplacements.
8367BGNPZ;LUN VT CHAUF TOYOTA HI-LUX     05-16;LUNETTES;Lunette;;product;true;true;VSF Centre;134,89;296,75;168,61;;8367BGNPZ;false;4;Centre | R931 | R222;import;Doublon source consolide : controler quantites, prix et emplacements.
8367BGPPZ;LUN VT FONCEE CHAUF.TOY.HI-LUX 05-16;LUNETTES;Lunette;;product;true;true;VSF Centre;111,2;244,64;139;;8367BGPPZ;false;4;Centre | D2 | R931 | R935;import;Doublon source consolide : controler quantites, prix et emplacements.
8367LGNP2FDW;DESC AVG VT TOYOTA HI-LUX      05-16;GLACES LATERALES;Glace laterale;;product;true;true;VSF Centre;85,47;188,04;106,84;;8367LGNP2FDW;false;2;R907 | GENIPA;import;Doublon source consolide : controler quantites, prix et emplacements.
8367LGNP4FDW;DESC AVG VT TOYOTA HI-LUX 4P   05-16;GLACES LATERALES;Glace laterale;;product;true;true;VSF Centre;83,65;184,03;104,56;;8367LGNP4FDW;false;1;R222;import;Rapprochement Odoo par default_code a effectuer.
8367RGNP2FDW;DESC AVD VT TOYOTA HI-LUX  2P  05-16;GLACES LATERALES;Glace laterale;;product;true;true;VSF Centre;72,76;160,07;90,95;;8367RGNP2FDW;false;2;R222 | R905;import;Doublon source consolide : controler quantites, prix et emplacements.
8370AGNZ;PB VT TOYOTA YARIS II JAPON        06-11;PARE BRISE;Pare-brise;;product;true;true;VSF Centre;83,64;184,01;104,55;;8370AGNZ;false;2;R607 | R328;import;Doublon source consolide : controler quantites, prix et emplacements.
8370AGSZ1C;PB VT TOYOTA YARIS II FRANCE       06-11;PARE BRISE;Pare-brise;;product;true;true;VSF Centre;80,78;177,72;100,98;;8370AGSZ1C;false;16;R106 | R330 | R220 | R113 | R115 | R626 | R638 | R610 | R433 | R328 | R625 | R623 | R538 | R812;import;Doublon source consolide : controler quantites, prix et emplacements.
8370ASGH;SUP JC PB TOYOTA YARIS II    06-11;JOINTS;Joint;;product;true;true;VSF Centre;8,85;19,47;11,06;;8370ASGH;false;2;R607 | J1D;import;Doublon source consolide : controler quantites, prix et emplacements.
8370ASMH;JC PB TOYOTA YARIS II        06-11;JOINTS;Joint;;product;true;true;VSF Centre;21,66;47,66;27,08;;8370ASMH;true;5;R106 | R607 | R610 | J10B | J9F;import;Doublon source consolide : controler quantites, prix et emplacements. EUROCODE INTERNE diverge de EUROCODE : arbitrage RPBM requis sur la reference qui fait foi.
8370BGSH;LUN VT TOYOTA YARIS II             05-11;LUNETTES;Lunette;;product;true;true;VSF Centre;107,61;236,74;134,51;;8370BGSH;false;1;R135;import;Rapprochement Odoo par default_code a effectuer.
8370BGSHBW;LUN.VT TOYOTA YARIS II             05-11;LUNETTES;Lunette;;product;true;true;VSF Centre;102,4;225,28;128;;8370BGSHBW;false;1;;import;Rapprochement Odoo par default_code a effectuer.
8370LGSH3FDW;DESC AVG VT TOYOTA YARIS 2 3P  06-11;GLACES LATERALES;Glace laterale;;product;true;true;VSF Centre;59,24;130,33;74,05;;8370LGSH3FDW;false;1;R918;import;Rapprochement Odoo par default_code a effectuer.
8370RGSH3FDW;DESC AVD VT TOYOTA YARIS 2 3P  06-11;GLACES LATERALES;Glace laterale;;product;true;true;VSF Centre;51,6;113,52;64,5;;8370RGSH3FDW;false;1;R910;import;Rapprochement Odoo par default_code a effectuer.
8371AGSHMVW1B;PB VT LEXUS IS200 4P CHAUF CAPT 05-13;PARE BRISE;Pare-brise;;product;true;true;VSF Centre;133,66;294,06;167,08;;8371AGSHMVW1B;false;1;Centre;import;Rapprochement Odoo par default_code a effectuer.
8371ASMST;JC SUP PB LEXUS IS 200     05-13;JOINTS;Joint;;product;true;true;VSF Centre;6,72;14,78;8,4;;8371ASMST;false;1;Centre;import;Rapprochement Odoo par default_code a effectuer.
8371BGSSAW;LUN VT LEXUS IS ANT   05-13;LUNETTES;Lunette;;product;true;true;VSF Centre;164;360,8;205;;8371BGSSAW;false;1;D2;import;Rapprochement Odoo par default_code a effectuer.
8372AGAMW1B;PB VT ACOU.TOYOTA RAV 4 III +CAPT 06-13;PARE BRISE;Pare-brise;;product;true;true;VSF Centre;117,11;257,65;146,39;;8372AGAMW1B;false;4;R317 | PERDU D2 | R610 | R408;import;Doublon source consolide : controler quantites, prix et emplacements.
8372AGSVW;PB VT TOYOTA RAV 4 III             06-13;PARE BRISE;Pare-brise;;product;true;true;VSF Centre;90,79;199,74;113,49;;8372AGSVW;false;3;R522 | R523 | R537;import;Doublon source consolide : controler quantites, prix et emplacements.
8372ASMRT;JC SUP.PB RAV 4      06-13;JOINTS;Joint;;product;true;true;VSF Centre;8,8;19,36;11;;8372ASMRT;false;2;R317 ? | J10B;import;Doublon source consolide : controler quantites, prix et emplacements.
8372BGSRAW;LUN VT TOYOTA RAV4    ANT     06-13;LUNETTES;Lunette;;product;true;true;VSF Centre;125,26;275,56;156,57;;8372BGSRAW;false;1;Centre;import;Rapprochement Odoo par default_code a effectuer.
8372BYPRAW;LUN PRIV TOYOTA RAV4    ANT   06-13;LUNETTES;Lunette;;product;true;true;VSF Centre;167,76;369,07;209,7;;8372BYPRAW;false;2;Centre | R208;import;Doublon source consolide : controler quantites, prix et emplacements.
8372LGSR5RV;DEFL ARG VT TOYOTA RAV 4 5P     06-13;GLACES LATERALES;Glace laterale;;product;true;true;VSF Centre;11,83;26,03;14,79;;8372LGSR5RV;false;1;Centre;import;Rapprochement Odoo par default_code a effectuer.
8372RGSR5FDW;DESC AVD VT TOYOTA RAV 4 5P     06-13;GLACES LATERALES;Glace laterale;;product;true;true;VSF Centre;71,06;156,34;88,83;;8372RGSR5FDW;false;1;R914;import;Rapprochement Odoo par default_code a effectuer.
8372RYPR5RDW;DESC ARD PRIV TOYOTA RAV 4 5P 06-13;GLACES LATERALES;Glace laterale;;product;true;true;VSF Centre;55,64;122,41;69,55;;8372RYPR5RDW;false;2;R907 | R906;import;Doublon source consolide : controler quantites, prix et emplacements.
8374AGAMW1P;PB VT ACOUS.TOYOTA AURIS+CAPT 06-12;PARE BRISE;Pare-brise;;product;true;true;VSF Centre;119,2;262,24;149;;8374AGAMW1P;false;9;R404 | R633 | R535 | R724 | R335 | R606 | GALLERIA | R523 | R806;import;Doublon source consolide : controler quantites, prix et emplacements.
8374AGAW;PB VT ACOUS.TOYOTA AURIS 06-12;PARE BRISE;Pare-brise;;product;true;true;VSF Centre;100;220;125;;8374AGAW;false;8;R332 | R401 | R424 | R122 | R212 | R312 | R434 | R518;import;Doublon source consolide : controler quantites, prix et emplacements.
8374ASMH;JC PB TOYOTA AURIS           06-12;JOINTS;Joint;;product;true;true;VSF Centre;23,88;52,54;29,85;;8374ASMH;false;7;R401 | R404 | J002 | R212 | J10D | JDESSUS | J4A;import;Doublon source consolide : controler quantites, prix et emplacements.
8374LGNH5FDW-PERDU;DESC AVG VT TOYOTA AURIS 5P   07-12;GLACES LATERALES;Glace laterale;;product;true;false;VSF Centre;66,42;146,12;83,02;;8374LGNH5FDW-PERDU;false;1;PERDUE;exclusion_format_eurocode;Rapprochement Odoo par default_code a effectuer. EXCLUE DE L'IMPORT (decision RPBM du 2026-08-05, D3) : format d'eurocode suspect (annotation, code constructeur, texte libre). Sans x_studio_eurocode valide, la fiche serait invisible au widget rpbm_agent et non synchronisable. A reprendre a la main dans le fichier Excel si la reference doit exister.
8374LGSH3FDW;DESC AVG VT TOYOTA AURIS 3P   07-12;GLACES LATERALES;Glace laterale;;product;true;true;VSF Centre;57,15;125,73;71,44;;8374LGSH3FDW;false;1;Centre;import;Rapprochement Odoo par default_code a effectuer.
8378AGNGNHMV1B;PB VTVT LANDCRUISER SW V8 CHAUF CAP 08-;PARE BRISE;Pare-brise;;product;true;true;VSF Centre;181,38;399,04;226,73;;8378AGNGNHMV1B;false;1;R433;import;Rapprochement Odoo par default_code a effectuer.
8378ASMRT;JC SUP PB TOY LANDCRUISER SW V8 07-;JOINTS;Joint;;product;true;true;VSF Centre;11,59;25,5;14,49;;8378ASMRT;false;1;Centre;import;Rapprochement Odoo par default_code a effectuer.
8378BYPRABW;LUN PRIV TOY LAND CRUISER SW V8 08-;LUNETTES;Lunette;;product;true;true;VSF Centre;150,48;331,06;188,1;;8378BYPRABW;false;1;D2;import;Rapprochement Odoo par default_code a effectuer.
8379AGAMZ1B;PB VT ACO TOYOTA AVENSIS 3 CAPT 09-18;PARE BRISE;Pare-brise;;product;true;true;VSF Centre;154,29;339,43;192,86;;8379AGAMZ1B;false;1;R631;import;Rapprochement Odoo par default_code a effectuer.
8379ASMS;JC PB TOYOTA AVENSIS 3      09-18;JOINTS;Joint;;product;true;true;VSF Centre;12,09;26,59;15,11;;8379ASMS;false;2;J5C;import;Doublon source consolide : controler quantites, prix et emplacements.
8379BGSSAZ;LUN VT AVENSIS BNE 4 PTES   09-18;LUNETTES;Lunette;;product;true;true;VSF Centre;150,48;331,06;188,1;;8379BGSSAZ;false;1;R922;import;Rapprochement Odoo par default_code a effectuer.
8381AGA;PB VT TOYOTA URBAN CRUISER     08-14;PARE BRISE;Pare-brise;;product;true;true;VSF Centre;115,13;253,28;143,91;;8381AGA;false;3;R132 | R334 | GALLERIA;import;Doublon source consolide : controler quantites, prix et emplacements.
8381ASMH;JC PB TOYOTA URBAN CRUISER        09-14;JOINTS;Joint;;product;true;true;VSF Centre;24,85;54,67;31,06;;8381ASMH;false;1;NON;import;Rapprochement Odoo par default_code a effectuer.
8381BGNHBW;LUN VT TOYOTA URBAN CRUISER     08-14;LUNETTES;Lunette;;product;true;true;VSF Centre;96,63;212,59;120,79;;8381BGNHBW;false;1;R722;import;Rapprochement Odoo par default_code a effectuer.
8382AGAZ;PB VT AC TOYOTA VERSO LHD         09-;PARE BRISE;Pare-brise;;product;true;true;VSF Centre;108,44;238,57;135,55;;8382AGAZ;false;1;R536;import;Rapprochement Odoo par default_code a effectuer.
8382ASMM;JC PB TOYOTA VERSO               09-;JOINTS;Joint;;product;true;true;VSF Centre;19,88;43,74;24,85;;8382ASMM;false;1;R536;import;Rapprochement Odoo par default_code a effectuer.
8382LGSM5FDW;DESC AVG VT TOYOTA VERSO 09-;GLACES LATERALES;Glace laterale;;product;true;true;VSF Centre;49,6;109,12;62;;8382LGSM5FDW;false;1;D2;import;Rapprochement Odoo par default_code a effectuer.
8384AGABLMVZ;PB VTBL ACO RX350 CAPT 12-15;PARE BRISE;Pare-brise;;product;true;true;VSF Centre;129,39;284,66;161,74;;8384AGABLMVZ;false;1;R427;import;Rapprochement Odoo par default_code a effectuer.
8384ASMR;JC PB LEXUS RX350/450     09-15;JOINTS;Joint;;product;true;true;VSF Centre;19,07;41,96;23,84;;8384ASMR;false;1;Centre;import;Rapprochement Odoo par default_code a effectuer.
8384BYPRAZ;LUN PRIVACY LEXUS RX ANT  09-15;LUNETTES;Lunette;;product;true;true;VSF Centre;200,98;442,16;251,23;;8384BYPRAZ;false;1;R927;import;Rapprochement Odoo par default_code a effectuer.
8394AGABLAHVZ6O;PB VTBL AC LANDCRUISER CHAUF ANT  17-;PARE BRISE;Pare-brise;;product;true;true;VSF Centre;181,66;399,66;227,08;;8394AGABLAHVZ6O;false;1;R204;import;Rapprochement Odoo par default_code a effectuer.
8394AGABLAHZ;PB VTBL AC.LANDCRUISER CHAUF+ANT. 14-;PARE BRISE;Pare-brise;;product;true;true;VSF Centre;127,2;279,84;159;;8394AGABLAHZ;false;1;R413;import;Rapprochement Odoo par default_code a effectuer.
8394AGAGNMZ1B;PB VTVT LANDCRUISER LHD CAPT. 09-;PARE BRISE;Pare-brise;;product;true;true;VSF Centre;127,2;279,84;159;;8394AGAGNMZ1B;false;2;R320 | R535;import;Doublon source consolide : controler quantites, prix et emplacements.
8394ASMRT;JC SUP.PB TOYOTA LANDCRUISER 09-;JOINTS;Joint;;product;true;true;VSF Ouest;10,48;23,06;13,1;;8394ASMRT;false;3;J007 | R413 | J7G;import;Doublon source consolide : controler quantites, prix et emplacements.
8394BGSR;LUN VT TOYOTA LANDCRUISER 09-;LUNETTES;Lunette;;product;true;true;VSF Centre;167,31;368,09;209,14;;;false;1;R420;import;Rapprochement Odoo par default_code a effectuer.
8394BYPROW;LUN PRIV OUVR TOY LANDCRUISER 09-;LUNETTES;Lunette;;product;true;true;VSF Centre;276,83;609,03;346,04;;8394BYPROW;false;1;R933;import;Rapprochement Odoo par default_code a effectuer.
8394LGSR3FDW;DESC AVG TOY LANDCRUISER 3/5D 09-;GLACES LATERALES;Glace laterale;;product;true;true;VSF Centre;56,3;123,87;70,38;;8394LGSR3FDW;false;2;Centre;import;Doublon source consolide : controler quantites, prix et emplacements.
8394LGSR5RDW;DESC ARG VT TOYOTA LANDCRUISER 09-;GLACES LATERALES;Glace laterale;;product;true;true;VSF Centre;56,3;123,87;70,38;;8394LGSR5RDW;false;1;Centre;import;Rapprochement Odoo par default_code a effectuer.
8394RGSR3FDW;DESC.AVD TOY.LANDCRUISER 3/5D 09-;GLACES LATERALES;Glace laterale;;product;true;true;VSF Centre;55,2;121,44;69;;8394RGSR3FDW;false;2;Centre | R904;import;Doublon source consolide : controler quantites, prix et emplacements.
8400AGA1B;PB VT ACOU TOYOTA YARIS 3         11-;PARE BRISE;Pare-brise;;product;true;true;VSF Centre;88,5;194,71;110,63;;8400AGN1B;true;1;R532;import;Rapprochement Odoo par default_code a effectuer. EUROCODE INTERNE diverge de EUROCODE : arbitrage RPBM requis sur la reference qui fait foi.
8400AGN1B;PB VT TOYOTA YARIS 3   11-;PARE BRISE;Pare-brise;;product;true;true;VSF Centre;79,2;174,24;99;;8400AGA1B;true;8;R334 | R410 | Centre | R730 | R521 | R923 | R434 | CASSE;import;Doublon source consolide : controler quantites, prix et emplacements. EUROCODE INTERNE diverge de EUROCODE : arbitrage RPBM requis sur la reference qui fait foi.
8400AGNM1B;PB VT TOYOTA YARIS 3 CAPT 11-20;PARE BRISE;Pare-brise;;product;true;true;VSF Centre;98,41;216,5;123,01;;8400AGNM1B;false;7;R517 | R528 | R538 | R614 | R619 | R534 | R511;import;Doublon source consolide : controler quantites, prix et emplacements.
8400ASMH;JC PB TOYOTA YARIS III  11-;JOINTS;Joint;;product;true;true;VSF Centre;12;26,4;15;;8400ASMH;false;12;J003 | R410 | Centre | R730 | R521 | R532 | R434 | J4B | J10E | J10C | J5B | J9A;import;Doublon source consolide : controler quantites, prix et emplacements.
8400BGSH;LUN VT TOYOTA YARIS III        11-17;LUNETTES;Lunette;;product;true;true;VSF Centre;108,44;238,57;135,55;;8400BGSH;false;1;Centre;import;Rapprochement Odoo par default_code a effectuer.
8400BYPH;LUN PRIVACY TOYOTA YARIS III      11-17;LUNETTES;Lunette;;product;true;true;VSF Centre;146,74;322,83;193,08;;;false;1;GALLERIA;import;Rapprochement Odoo par default_code a effectuer.
8400LGNH3FV;DEFL.AVG VT TOYOTA YARIS III 3/5P 11-;GLACES LATERALES;Glace laterale;;product;true;true;VSF Centre;10,1;22,23;12,63;;8400LGNH3FV;false;2;T011 | Centre;import;Doublon source consolide : controler quantites, prix et emplacements.
8400LGNH5FDW;DESC AVG VT TOYOTA YARIS III 5P 11-20;GLACES LATERALES;Glace laterale;;product;true;true;VSF Centre;77,18;169,79;96,47;;8400LGNH5FDW;false;2;R907 | GALLERIA;import;Doublon source consolide : controler quantites, prix et emplacements.
8400RGNH3FV;DEFL AVD VT TOYOTA YARIS III 3/5P 11-;GLACES LATERALES;Glace laterale;;product;true;true;VSF Centre;11,68;25,7;14,6;;8400RGNH3FV;false;4;Centre | R903 | T002 | GENIPA;import;Doublon source consolide : controler quantites, prix et emplacements.
8400RGNH5FDW;DESC AVD VT TOYOTA YARIS III 5P 11-20;GLACES LATERALES;Glace laterale;;product;true;true;VSF Centre;57,5;126,49;71,87;;;false;3;R913 | GALLERIA | R920;import;Doublon source consolide : controler quantites, prix et emplacements.
8400RGNH5RDW;DESC ARD VT TOYOTA YARIS III 5P 11-20;GLACES LATERALES;Glace laterale;;product;true;true;VSF Centre;60,58;133,28;75,73;;8400RGNH5RDW;false;1;R910;import;Rapprochement Odoo par default_code a effectuer.
8402AGAAMVZ1B;PB VT LEXUS CT200H  CAPT ANT 11-;PARE BRISE;Pare-brise;;product;true;true;VSF Centre;123,41;271,5;154,26;;8402AGAAMVZ1B;false;1;R106;import;Rapprochement Odoo par default_code a effectuer.
8406AGAMUV;PB VT AC GRAND PRIUS LHD CAPT HUD 12-;PARE BRISE;Pare-brise;;product;true;true;VSF Centre;332,98;732,56;416,23;;8406AGAMUV;false;2;R709 | R401;import;Doublon source consolide : controler quantites, prix et emplacements.
8406ASMMT;JC SUP PB GRAND PRIUS      12-;JOINTS;Joint;;product;true;true;VSF Centre;14,4;31,68;18;;;false;1;J10E;import;Rapprochement Odoo par default_code a effectuer.
8406ASMMT1H;JC SUP PB GRAND PRIUS  TOIT VERRE 12-;JOINTS;Joint;;product;true;true;VSF Centre;25,54;56,18;31,92;;8406ASMMT1H;false;1;Carton;import;Rapprochement Odoo par default_code a effectuer.
8409AGAAMZ;PB VT TOY AURIS 2 LHD CAPT ANT 13-;PARE BRISE;Pare-brise;;product;true;true;VSF Centre;131,02;288,24;163,77;;8409AGAAMZ;false;3;R516 | R425 | R434;import;Doublon source consolide : controler quantites, prix et emplacements.
8409AGAAZ;PB VT TOY AURIS 2 LHD  ANT    13-;PARE BRISE;Pare-brise;;product;true;true;VSF Centre;136,22;299,69;179,24;;;false;1;R425;import;Rapprochement Odoo par default_code a effectuer.
8409AGAZ;PB VT TOYOTA AURIS 2 LHD   12-;PARE BRISE;Pare-brise;;product;true;true;VSF Centre;103,2;227,04;129;;8409AGAZ;false;3;R426 | R530 | R624;import;Doublon source consolide : controler quantites, prix et emplacements.
8409ASMH;JC PB AURIS/COROLLA     12-;JOINTS;Joint;;product;true;true;VSF Centre;12,37;27,21;15,46;;8409ASMH;false;4;R426 | R530 | J6A | J11G;import;Doublon source consolide : controler quantites, prix et emplacements.
8409BGSHXZ1K;LUN VT TOYOTA AURIS 5P ALARME 12-;LUNETTES;Lunette;;product;true;true;VSF Centre;100,8;221,76;126;;8409BGSHXZ1K;false;1;Centre;import;Rapprochement Odoo par default_code a effectuer.
8409BGSHZ;LUN VT TOYOTA AURIS 5P TROU EG 12-;LUNETTES;Lunette;;product;true;true;VSF Centre;125,79;276,74;157,24;;;false;1;R425;import;Rapprochement Odoo par default_code a effectuer.
8409LGNH5RDW;DESC ARG VT TOYOTA AURIS 5P  12-;GLACES LATERALES;Glace laterale;;product;true;true;VSF Centre;36,89;81,15;46,11;;8409LGNH5RDW;false;1;R908;import;Rapprochement Odoo par default_code a effectuer.
8410AGAAMW;PB VT AC RAV 4 LHD CAPT ANT 13-19;PARE BRISE;Pare-brise;;product;true;true;VSF Centre;151,08;332,38;188,85;;;false;1;GENIPA;import;Rapprochement Odoo par default_code a effectuer.
8410AGACMVW1L;PARE-BRISE TEINTÉ VERT AC RAV 4 CONDUITE À GAUCHE CAPTEUR DE PLUIE CAMÉRA(S) 16-19;PARE BRISE;Pare-brise;;product;true;true;-;172,68;379,9;172,68;;8410AGACMVW1L;false;1;R516;import;Rapprochement Odoo par default_code a effectuer.
8410AGAHMVW1V;PB VT AC RAV 4 LHD CHAUF CAPT      13-19;PARE BRISE;Pare-brise;;product;true;true;VSF Centre;164,91;362,81;216,99;;;false;2;R429 | R418;import;Doublon source consolide : controler quantites, prix et emplacements.
8410AGAMVW;PB VT ACO RAV 4 IV LHD  CAPT 13-16;PARE BRISE;Pare-brise;;product;true;true;VSF Centre;119,14;262,1;148,92;;8410AGAMVW;false;6;R324 | Centre | R527 | R516 | R636 | R535;import;Doublon source consolide : controler quantites, prix et emplacements.
8410AGAMW;PB VT ACO.RAV 4 IV LHD +CAPT 13-;PARE BRISE;Pare-brise;;product;true;true;VSF Centre;116,8;256,96;146;;8410AGAMW;false;1;Centre;import;Rapprochement Odoo par default_code a effectuer.
8410AGNMW;PB VT TOYOTA RAV 4 LHD CAPT        13-19;PARE BRISE;Pare-brise;;product;true;true;VSF Centre;129,46;284,82;161,83;;8410AGNMW;false;1;R709;import;Rapprochement Odoo par default_code a effectuer.
8410AGNVW;PB VT RAV 4 IV LHD 13-;PARE BRISE;Pare-brise;;product;true;true;VSF Centre;80,8;177,76;101;;8410AGNVW;false;1;R331;import;Rapprochement Odoo par default_code a effectuer.
8410ASMR;JC PB TOYOTA RAV 4 13-;JOINTS;Joint;;product;true;true;VSF Centre;63,27;139,2;79,09;;8410ASMR;false;7;J3F | J8F | Tringle | Dépôt 2 | J1F | J9D | J2D;import;Doublon source consolide : controler quantites, prix et emplacements.
8410BGSRZ;LUN VT TOYOTA RAV 4                13-19;LUNETTES;Lunette;;product;true;true;VSF Centre;116,86;257,08;146,07;;8410BGSRZ;false;2;Dépôt 1 | R930;import;Doublon source consolide : controler quantites, prix et emplacements.
8410LGSR5FDW;DESC AVG VT TOYOTA RAV 4 13-;GLACES LATERALES;Glace laterale;;product;true;true;VSF Centre;48,86;107,5;61,08;;8410LGSR5FDW;false;1;Centre;import;Rapprochement Odoo par default_code a effectuer.
8410RGSR5RQZ;CUST ARD VT TOYOTA RAV 4           13-19;GLACES LATERALES;Glace laterale;;product;true;true;VSF Centre;59,99;131,97;78,93;;;false;1;R901;import;Rapprochement Odoo par default_code a effectuer.
8412AGAMVZ;PB VT ACO.LEXUS IS +CAPT.13-;PARE BRISE;Pare-brise;;product;true;true;VSF Centre;143,2;315,04;179;;8412AGAMVZ;false;1;R423;import;Rapprochement Odoo par default_code a effectuer.
8416RGSR5FV;DEFL AVD VT FEUILL LEXUS RX  15-;GLACES LATERALES;Glace laterale;;product;true;true;VSF Centre;20;44;25;;8416RGSR5FV;false;1;Centre;import;Rapprochement Odoo par default_code a effectuer.
8419AGABLAHMV;PB VTBL AC LEXUS NX CHAU CAP ANT 14-17;PARE BRISE;Pare-brise;;product;true;true;VSF Centre;105,35;231,77;131,69;;8419AGABLAHMV;false;2;R434 | Centre;import;Doublon source consolide : controler quantites, prix et emplacements.
8419BGSRAWZ;LUN VT LEXUS NX  ANT     14-21;LUNETTES;Lunette;;product;true;true;VSF Centre;193,7;426,15;242,13;;;false;1;R933;import;Rapprochement Odoo par default_code a effectuer.
8421AGAMVZ1B;PB VT AC TOYOTA C-HR  CAPT  17-;PARE BRISE;Pare-brise;;product;true;true;VSF Centre;135,9;298,99;169,88;;8421AGAMVZ1B;false;7;R201 | CASSE | R731 | R635 | R616 | R637 | R618;import;Doublon source consolide : controler quantites, prix et emplacements.
8421AGAVZ;PB VT ACOUS TOYOTA C-HR   17-;PARE BRISE;Pare-brise;;product;true;true;VSF Centre;151,44;333,17;189,3;;8421AGAVZ;false;1;R616;import;Rapprochement Odoo par default_code a effectuer.
8421ASMRT;JC SUP PB TOYOTA C-HR       17-;JOINTS;Joint;;product;true;true;VSF Centre;11,4;25,08;14,25;;8421ASMRT;false;5;J7C | J10E | J8A | GALLERIA | J3E;import;Doublon source consolide : controler quantites, prix et emplacements.
8421BGSHAZ;LUN VT TOYOTA C-HR  ANT       17-19;LUNETTES;Lunette;;product;true;true;VSF Centre;150,81;331,78;188,51;;8421BGSHAZ;false;1;Dépôt 2;import;Rapprochement Odoo par default_code a effectuer.
8421BGSHZ;LUN VT TOYOTA C-HR         17-19;LUNETTES;Lunette;;product;true;true;VSF Centre;178,71;393,17;223,39;;8421BGSHZ;false;1;R213;import;Rapprochement Odoo par default_code a effectuer.
8421BYPHAZ1J;LUN PRIVACY TOYOTA C-HR ANT 19-;LUNETTES;Lunette;;product;true;true;VSF Centre;171,03;376,27;213,79;;;false;1;GALLERIA;import;Rapprochement Odoo par default_code a effectuer.
8421LGSH5RV;DEFL ARG VT TOYOTA C-HR  17-;GLACES LATERALES;Glace laterale;;product;true;true;VSF Centre;14,57;32,05;18,21;;;false;1;R908;import;Rapprochement Odoo par default_code a effectuer.
8421RGSH5FDW;DESC AVD VT TOYOTA C-HR  17-;GLACES LATERALES;Glace laterale;;product;true;true;VSF Centre;58,01;127,62;72,51;;8421RGSH5FDW;false;1;T005;import;Rapprochement Odoo par default_code a effectuer.
8421RGSH5FV;DEFL AVD VT TOYOTA C-HR  17-;GLACES LATERALES;Glace laterale;;product;true;true;VSF Centre;18,14;39,92;22,68;;8421RGSH5FV;false;1;R131;import;Rapprochement Odoo par default_code a effectuer.
8421RGSH5RV;DEFL ARD VT TOYOTA C-HR  17-;GLACES LATERALES;Glace laterale;;product;true;true;VSF Centre;14,57;32,05;18,21;;;false;1;R905;import;Rapprochement Odoo par default_code a effectuer.
8421RYPH5RV;DEFL ARD PRIV TOYOTA C-HR  17-;GLACES LATERALES;Glace laterale;;product;true;true;VSF Centre;14,39;31,66;17,99;;8421RYPH5RV;false;1;T001;import;Rapprochement Odoo par default_code a effectuer.
8424AGS;PB VT TOYOTA HI-LUX             16-;PARE BRISE;Pare-brise;;product;true;true;VSF Centre;106,84;235,05;133,55;;8424AGS;false;4;R412 | R630 | R503 | R403;import;Doublon source consolide : controler quantites, prix et emplacements.
8424AGSA;PB VT TOYOTA HI-LUX ANT          16-;PARE BRISE;Pare-brise;;product;true;true;VSF Centre;190,89;419,95;238,61;;;false;1;R408;import;Rapprochement Odoo par default_code a effectuer.
8424AGSGN;PB VTVT TOYOTA HI-LUX           16-;PARE BRISE;Pare-brise;;product;true;true;VSF Centre;113,28;249,22;141,6;;8424AGSGN;false;2;R602 | R506;import;Doublon source consolide : controler quantites, prix et emplacements.
8424AGSGNA;PB VTVT TOYOTA HI-LUX  ANT    16-;PARE BRISE;Pare-brise;;product;true;true;VSF Centre;125,26;275,56;156,57;;8424AGSGNA;false;10;POSÉ | R533 | R608 | R601 | CASSE | R407 | R109 | R435 | R609 | R431;import;Doublon source consolide : controler quantites, prix et emplacements.
8424AGSGNAH1F;PB VTVT TOYOTA HI-LUX CHAU ANT  16-;PARE BRISE;Pare-brise;;product;true;true;VSF Centre;141,24;310,73;176,55;;8424AGSGNAH1F;false;1;R432;import;Rapprochement Odoo par default_code a effectuer.
8424BGSP;LUN.VT TOYOTA HI-LUX       16-;LUNETTES;Lunette;;product;true;true;VSF Centre;99,77;219,49;124,71;;8424BGSP;false;2;Centre | R535;import;Doublon source consolide : controler quantites, prix et emplacements.
8424BGSPZ;LUN VT TOYOTA HI-LUX       16-;LUNETTES;Lunette;;product;true;true;VSF Centre;116,03;255,27;145,04;;8424BGSPZ;false;2;R931 | R935;import;Doublon source consolide : controler quantites, prix et emplacements.
8424BYPP;LUN PRIV TOYOTA HI-LUX    16-;LUNETTES;Lunette;;product;true;true;VSF Centre;108,44;238,57;135,55;;8424BYPP;false;2;D2 | R933;import;Doublon source consolide : controler quantites, prix et emplacements.
8424LGSP4FDW;DESC AVG VT TOYOTA HI-LUX 4P  16-;GLACES LATERALES;Glace laterale;;product;true;true;VSF Centre;39,98;87,96;49,98;;8424LGSP4FDW;false;1;Centre;import;Rapprochement Odoo par default_code a effectuer.
8424LGSP4FDW1K;DESC AVG VT TOYOTA HI-LUX 4P  16-;GLACES LATERALES;Glace laterale;;product;true;true;VSF Centre;44,07;96,96;55,09;;8424LGSP4FDW1K;false;1;R222;import;Rapprochement Odoo par default_code a effectuer.
8424RGSP2FDW;DESC AVD VT HI-LUX SIMPLE / XTRA CAB 16-;GLACES LATERALES;Glace laterale;;product;true;true;VSF Centre;63,79;140,34;79,74;;8424RGSP2FDW;false;2;R908 | R912;import;Doublon source consolide : controler quantites, prix et emplacements.
8424RYPP4RD;DESC ARD PRIV TOYOTA HI-LUX 4P  16-;GLACES LATERALES;Glace laterale;;product;true;true;VSF Centre;36,15;79,53;45,19;;8424RYPP4RD;false;2;Centre | R915;import;Doublon source consolide : controler quantites, prix et emplacements.
8430AGAMVZ;PB VT AC TOYOTA COROLLA LHD CAPT 19-;PARE BRISE;Pare-brise;;product;true;true;VSF Centre;184,31;405,49;230,39;;8430AGAMVZ;false;1;R506;import;Rapprochement Odoo par default_code a effectuer.
8430AGAVZ;PB VT AC TOYOTA COROLLA LHD 19-;PARE BRISE;Pare-brise;;product;true;true;VSF Centre;162,71;357,97;203,39;;8430AGAVZ;false;2;R523 | R433;import;Doublon source consolide : controler quantites, prix et emplacements.
8430RGSH5FDW;DESC AVD VT TOY COROLLA 4/5P BREAK  19-;GLACES LATERALES;Glace laterale;;product;true;true;VSF Centre;65,28;143,62;81,6;;8430RGSH5FDW;false;2;R901 | R904;import;Doublon source consolide : controler quantites, prix et emplacements.
8432AGAMV;PB VT AC TOYOTA RAV 4 LHD CAPT 19-;PARE BRISE;Pare-brise;;product;true;true;VSF Centre;136,1;299,43;170,13;;8432AGAMV;false;2;R735 | R537;import;Doublon source consolide : controler quantites, prix et emplacements.
8432RGSR5FDW;DESC AVD VT TOYOTA RAV 4   19-;GLACES LATERALES;Glace laterale;;product;true;true;VSF Centre;67,74;149,04;84,68;;;false;1;CARTON;import;Rapprochement Odoo par default_code a effectuer.
8438AGSCMZ;PB VT TOYOTA YARIS 4 5P CAPT CAM 20-24;PARE BRISE;Pare-brise;;product;true;true;VSF Centre;166,41;366,1;208,01;;;false;1;R701;import;Rapprochement Odoo par default_code a effectuer.
8438AGSZ;PB VT TOYOTA YARIS 4 5 PORTES 20-;PARE BRISE;Pare-brise;;product;true;true;VSF Centre;134,05;294,91;167,56;;;false;1;R405;import;Rapprochement Odoo par default_code a effectuer.
8438LGSH5FDW;DESC AVG VT TOYOTA YARIS 4 5P 20-;GLACES LATERALES;Glace laterale;;product;true;true;VSF Centre;57,66;126,84;72,07;;8438LGSH5FDW;false;1;D2;import;Rapprochement Odoo par default_code a effectuer.
8440RYPR5RVWZ;DEFL ARD PRIV TOYOTA YARIS CROSS 20-;GLACES LATERALES;Glace laterale;;product;true;true;VSF Centre;69,02;151,84;69,02;;8440RYPR5RVWZ;false;1;R912;import;Rapprochement Odoo par default_code a effectuer.
8448RYPR5RV;DEFL ARD PRIV TOYOTA COROLLA CROSS 22-;GLACES LATERALES;Glace laterale;;product;true;true;VSF Centre;15,2;33,44;19;;;false;1;R908;import;Rapprochement Odoo par default_code a effectuer.
850980;LEVE VITRE AVG HYUNDAI I20 I PHASE 1 - 3P 2009-09->2012-06 1.4CRDI 75 FAP;LEVE-VITRE;Autres;Leve-vitre;product;true;true;HHH;181;181;181;;850980;false;1;GALLERIA;import;Rapprochement Odoo par default_code a effectuer.
851017;LEVE VITRE AVD ELECT C3 II 09+;LEVE-VITRE;Autres;Leve-vitre;product;true;true;HHH;184,1;184,1;184,1;;851017;false;1;GALLERIA;import;Rapprochement Odoo par default_code a effectuer.
851206VAL;LEVE VITRE ELEC AVG PEUGEOT 208;LEVE-VITRE;Autres;Leve-vitre;product;true;true;HHH;78,77;78,77;78,77;;851206VAL;false;1;GENIPA;import;Rapprochement Odoo par default_code a effectuer.
851207;LEVE VIT ELEC AVD PEUGEOT 208;LEVE-VITRE;Autres;Leve-vitre;product;true;true;HHH;105,53;105,53;105,53;;851207;false;1;GENIPA;import;Rapprochement Odoo par default_code a effectuer.
851406;LV VIT ELEC AVG PEUGEOT 2008 13+;LEVE-VITRE;Autres;Leve-vitre;product;true;true;HHH;81,33;178,92;101,66;;851406;false;1;GALLERIA;import;Rapprochement Odoo par default_code a effectuer.
851407;MECANISME LEVE-VITRE AVD 2008;LEVE-VITRE;Autres;Leve-vitre;product;true;true;HHH;94,93;94,93;94,93;;851407;false;1;GALLERIA;import;Rapprochement Odoo par default_code a effectuer.
8535AGNGNZ;PARE-BRISE TEINTÉ VERT DÉGRADÉ VERT VOLKSWAGEN PASSAT IV 87-93MO 2,50;PARE BRISE;Pare-brise;;product;true;true;INVENTAIRE;154,28;339,42;154,28;;8535AGNGNZ;false;1;R317;import;Rapprochement Odoo par default_code a effectuer.
8541AGNGNZ1C;PB VTVT VW GOLF III/VENTO       10/94-98;PARE BRISE;Pare-brise;;product;true;true;VSF Centre;68,75;151,25;85,94;;8541AGNGNZ1C;false;1;R335;import;Rapprochement Odoo par default_code a effectuer.
8541AGNZ1C;PB VT VW GOLF III/VENTO     10/94-98;PARE BRISE;Pare-brise;;product;true;true;VSF Centre;58,54;128,8;73,18;;8541AGNZ1C;false;1;CASSE;import;Rapprochement Odoo par default_code a effectuer.
8541AKCH;CLIPS LAT  PB KIT COMP VW GOLF III 91-98;JOINTS;Joint;;product;true;true;VSF Centre;3,9;8,57;4,87;;8541AKCH;false;2;Centre | ???;import;Doublon source consolide : controler quantites, prix et emplacements.
8541LGNH5RV;DEFL ARG VT GOLF III 5P /VENTO     91-98;GLACES LATERALES;Glace laterale;;product;true;true;VSF Centre;15,5;34,11;19,38;;8541LGNH5RV;false;1;Centre;import;Rapprochement Odoo par default_code a effectuer.
8545AGNZ;PB VT VW POLO III 3/5P.           95-99;PARE BRISE;Pare-brise;;product;true;true;VSF Centre;73,21;161,06;91,51;;8545AGNZ;false;8;R319 | R227 | R420 | R304 | R526 | R620 | CASSE | R634;import;Doublon source consolide : controler quantites, prix et emplacements.
8545AKSH;AGRAFES PB KIT VW POLO III 3/5P.9/94-99;JOINTS;Joint;;product;true;true;VSF Centre;3,96;8,71;4,95;;8545AKSH;false;3;R310 | Centre | NON;import;Doublon source consolide : controler quantites, prix et emplacements.
8545RGNH3FD;DESC AVD VT VW POLO III 3P       9/94-01;GLACES LATERALES;Glace laterale;;product;true;true;VSF Centre;34,41;75,7;43,01;;8545RGNH3FD;false;1;Centre;import;Rapprochement Odoo par default_code a effectuer.
8547AGNBLV;PB VTBL AUDI A4                    95-01;PARE BRISE;Pare-brise;;product;true;true;VSF Centre;58,44;128,57;73,05;;8547AGNBLV;false;1;R215;import;Rapprochement Odoo par default_code a effectuer.
8547AGNGYV;PB VTGR AUDI A4 95-01;PARE BRISE;Pare-brise;;product;true;true;VSF Centre;72,61;159,74;90,76;;8547AGNGYV;false;2;R305 | R637;import;Doublon source consolide : controler quantites, prix et emplacements.
8547ASMST1A;JC SUP  SOUPLE PB AUDI A4 96-01;JOINTS;Joint;;product;true;true;VSF Centre;5,67;12,48;7,09;;8547ASMST1A;false;2;J005 | J4E;import;Doublon source consolide : controler quantites, prix et emplacements.
8547BGNSA1Y;LUN VT AUDI A4 BNE   ANT       95-01;LUNETTES;Lunette;;product;true;true;VSF Centre;101,64;223,61;127,05;;8547BGNSA1Y;false;1;R933;import;Rapprochement Odoo par default_code a effectuer.
8548AGNV2P;PARE-BRISE TEINTÉ VERT GALAXY/SHARAN/ALHAMB VIN 01-06MO 2,00;PARE BRISE;Pare-brise;;product;true;true;-;83,65;184,03;104,56;3550AGNV2P;8548AGNV2P;false;1;R106;import;Rapprochement Odoo par default_code a effectuer.
8554AGNGYVW1B;PB VTGR AUDI A3 96-03;PARE BRISE;Pare-brise;;product;true;true;VSF Centre;74,02;162,84;92,52;;8554AGNGYVW1B;false;15;R218 | R217 | R108 | R135 | R321 | R201 | R114 | R224 | R602 | R531 | R631 | R611 | R517 | R621 | R730;import;Doublon source consolide : controler quantites, prix et emplacements.
8554AGNGYVW1B-PERDU;PB VTGR AUDI A3                    96-03;PARE BRISE;Pare-brise;;product;true;false;VSF Centre;77,78;171,12;97,23;;8554AGNGYVW1B-PERDU;false;1;PERDUE;exclusion_format_eurocode;Rapprochement Odoo par default_code a effectuer. EXCLUE DE L'IMPORT (decision RPBM du 2026-08-05, D3) : format d'eurocode suspect (annotation, code constructeur, texte libre). Sans x_studio_eurocode valide, la fiche serait invisible au widget rpbm_agent et non synchronisable. A reprendre a la main dans le fichier Excel si la reference doit exister.
8554ASMHB;JC INF PB AUDI A3             96-03;JOINTS;Joint;;product;true;true;VSF Centre;13,38;29,44;16,73;;8554ASMHB;false;1;J6B;import;Rapprochement Odoo par default_code a effectuer.
8554ASMHT;JC SUP PB AUDI A3            96-03;JOINTS;Joint;;product;true;true;VSF Centre;5,85;12,87;7,31;;8554ASMHT;false;1;J6C;import;Rapprochement Odoo par default_code a effectuer.
8554LGNH3FD;DESC AVG VT AUDI A3         96-03;GLACES LATERALES;Glace laterale;;product;true;true;VSF Centre;34,33;75,52;42,91;;8554LGNH3FD;false;1;GALLERIA;import;Rapprochement Odoo par default_code a effectuer.
8556AGNVZ;PB VT VW PASSAT VII             96-03/05;PARE BRISE;Pare-brise;;product;true;true;VSF Centre;67,56;148,63;84,45;;8556AGNVZ;false;6;Posé | R512 | R723 | R530 | R631 | R616;import;Doublon source consolide : controler quantites, prix et emplacements.
8556LGNS4FD;DESC AVG VT VW PASSAT B5      96-03/05;GLACES LATERALES;Glace laterale;;product;true;true;VSF Centre;31,2;68,64;39;;8556LGNS4FD;false;1;R226;import;Rapprochement Odoo par default_code a effectuer.
8556LGNS4RDW;DESC.ARG VT VW PASSAT B5 BNE  96-03/05;GLACES LATERALES;Glace laterale;;product;true;true;VSF Centre;27,54;60,58;34,42;;8556LGNS4RDW;false;1;Centre;import;Rapprochement Odoo par default_code a effectuer.
8557LGNS4FD;DESC AVG VT AUDI A6 BNE/BK         97-04;GLACES LATERALES;Glace laterale;;product;true;true;VSF Centre;37,69;82,91;47,11;;8557LGNS4FD;false;1;Galléria;import;Rapprochement Odoo par default_code a effectuer.
8558ABSMVZ;PB BL GOLF IV 3/5P / BORA   CAPT  97-03;PARE BRISE;Pare-brise;;product;true;true;VSF Centre;91,82;202,01;114,78;;8558ABSMVZ;false;1;R208;import;Rapprochement Odoo par default_code a effectuer.
8558AGNGYVZ;PB VTGR VW GOLF IV 3/5P / BORA   98-03;PARE BRISE;Pare-brise;;product;true;true;VSF Centre;77,77;171,09;97,21;;8558AGNGYVZ;false;2;R536 | R408;import;Doublon source consolide : controler quantites, prix et emplacements.
8558AGNVZ;PB VT VW GOLF IV/BORA 98-03;PARE BRISE;Pare-brise;;product;true;true;VSF Centre;63,57;139,85;83,64;;8558AGNVZ;false;19;R215 | R304 | R317 | R415 | R335 | R314 | R508 | R734 | R630 | R721 | R720 | R628 | R529 | R731 | R430;import;Doublon source consolide : controler quantites, prix et emplacements.
8558AGNZ;PARE-BRISE TEINTÉ VERT VOLKSWAGEN GOLF IV 3 ET 5 PORTES / BORA 98-03MO 2,20;PARE BRISE;Pare-brise;;product;true;true;-;85,02;187,05;106,28;8558AGNVZ;8558AGNZ;false;1;CASSE;import;Rapprochement Odoo par default_code a effectuer.
8558BGNEZ;LUN VT VW GOLF 4 / BORA BREAK    98-05;LUNETTES;Lunette;;product;true;true;VSF Centre;60,53;133,16;75,66;;8558BGNEZ;false;1;D2;import;Rapprochement Odoo par default_code a effectuer.
8558BGNHBZ;LUN VT VW GOLF 4     97-03;LUNETTES;Lunette;;product;true;true;VSF Centre;122,4;269,28;153;;;false;1;R421;import;Rapprochement Odoo par default_code a effectuer.
8558LGNH3RQZ;CUST ARG VW GOLF IV 3PTES      98-05;GLACES LATERALES;Glace laterale;;product;true;true;VSF Centre;63,87;140,52;79,84;;8558LGNH3RQZ;false;1;Centre;import;Rapprochement Odoo par default_code a effectuer.
8558LGNH5FD;DESC AVG VT VW GOLF IV 5P/BORA  98-03;GLACES LATERALES;Glace laterale;;product;true;true;VSF Centre;39,2;86,24;49;;;false;1;GALLERIA;import;Rapprochement Odoo par default_code a effectuer.
8558LGNS4RV;DEFL ARG VT VW BORA 4P       98-03;GLACES LATERALES;Glace laterale;;product;true;true;VSF Centre;14,73;32,4;18,41;;8558LGNS4RV;false;1;T002;import;Rapprochement Odoo par default_code a effectuer.
8558RGNH3FD;DESC AVD VT VW GOLF IV 3P       98-03;GLACES LATERALES;Glace laterale;;product;true;true;VSF Centre;23,61;51,94;29,51;;8558RGNH3FD;false;2;Posé | R910;import;Doublon source consolide : controler quantites, prix et emplacements.
8564AGSAMZ3B;PB VT NEW BEETLE CABR ANT  CAPT 03-12;PARE BRISE;Pare-brise;;product;true;true;VSF Centre;162,38;357,24;202,98;;8564AGSAMZ3B;false;1;R218;import;Rapprochement Odoo par default_code a effectuer.
8564LGST2FD;DESC AVG VT NEW BEETLE CAB    03-12;GLACES LATERALES;Glace laterale;;product;true;true;VSF Centre;86,46;190,22;108,08;;8564LGST2FD;false;1;R912;import;Rapprochement Odoo par default_code a effectuer.
8564R...;CUST ARD VW NEW BEETLE CABRIOLET 03-12;GLACES LATERALES;Glace laterale;;product;true;false;AUTOS GM;143,73;143,73;143,73;;8564R...;false;1;Centre;exclusion_format_eurocode;Rapprochement Odoo par default_code a effectuer. EXCLUE DE L'IMPORT (decision RPBM du 2026-08-05, D3) : format d'eurocode suspect (annotation, code constructeur, texte libre). Sans x_studio_eurocode valide, la fiche serait invisible au widget rpbm_agent et non synchronisable. A reprendre a la main dans le fichier Excel si la reference doit exister.
8568ABLMVZ1P;PB BLEU GOLF V / VI  CAPT          03-08;PARE BRISE;Pare-brise;;product;true;true;VSF Centre;85,68;188,5;107,1;;8568ABLMVZ1P;false;1;Centre;import;Rapprochement Odoo par default_code a effectuer.
8568AGSGYMVZ1P;PB VTGY VW GOLF V / VI  CAPT     03-08;PARE BRISE;Pare-brise;;product;true;true;VSF Centre;93,26;205,16;116,57;;8568AGSGYMVZ1P;false;1;R536;import;Rapprochement Odoo par default_code a effectuer.
8568AGSMVZ1P;PB VT VW GOLF V / VI   CAPT PL  03-08;PARE BRISE;Pare-brise;;product;true;true;VSF Centre;83,66;184,04;104,57;;8568AGSMVZ1P;false;8;R620 | Centre | R201 | R526 | R707 | R715 | R528 | R708;import;Doublon source consolide : controler quantites, prix et emplacements.
8568AGSVZ;PB VT VW GOLF V 03-05;PARE BRISE;Pare-brise;;product;true;true;VSF Centre;77,6;170,72;97;;8568AGSVZ;false;32;R331 | R336 | R232 | R407 | R424 | Centre | R433 | R321 | R329 | R425 | R623 | R201 | R405 | R426 | R334 | R737 | R711 | R634 | R505 | R620 | R523 | R213 | R627 | R535 | R507 | R710 | R533;import;Doublon source consolide : controler quantites, prix et emplacements.
8568BGSHAJW;LUN VT VW GOLF V 3/5P    ANT TV    03-08;LUNETTES;Lunette;;product;true;true;VSF Centre;89,11;196,05;111,39;;8568BGSHAJW;false;2;D2;import;Doublon source consolide : controler quantites, prix et emplacements.
8568BGSHAW;LUN VT VW GOLF V 3/5P ANT       03-08;LUNETTES;Lunette;;product;true;true;VSF Centre;96,17;211,57;120,21;;;false;1;GALLERIA;import;Rapprochement Odoo par default_code a effectuer.
8568LGSH3FD;DESC AVG VT VW GOLF V 3P       03-08;GLACES LATERALES;Glace laterale;;product;true;true;VSF Centre;29,6;65,12;37;;8568LGSH3FD;false;1;R916;import;Rapprochement Odoo par default_code a effectuer.
8568LGSH5FD;DESC AVG VT VW GOLF V 5P           03-08;GLACES LATERALES;Glace laterale;;product;true;true;VSF Centre;27,2;59,84;34;;8568LGSH5FD;false;2;R908 | GALLERIA;import;Doublon source consolide : controler quantites, prix et emplacements.
8568RGSH3FD;GLACE DESCENDANTE AVANT DROIT TEINTÉ VERT VOLKSWAGEN GOLF V 3 PORTES 03-12MO 0,70;GLACES LATERALES;Glace laterale;;product;true;true;VSF Centre;30,4;66,88;38;;8568RGSH3FD;false;1;R905;import;Rapprochement Odoo par default_code a effectuer.
8568RGSH5FD;DESC AVD VT VW GOLF V 5P           03-12;GLACES LATERALES;Glace laterale;;product;true;true;VSF Centre;24,38;53,63;30,47;;8568RGSH5FD;false;2;Centre | R905;import;Doublon source consolide : controler quantites, prix et emplacements.
8570AGNZ;PB VT VW POLO 99-01;PARE BRISE;Pare-brise;;product;true;true;VSF Centre;66,32;145,9;82,9;;8570AGNZ;false;4;R130 | R101 | R107 | R316;import;Doublon source consolide : controler quantites, prix et emplacements.
8570BGNHZ;LUN VT VW POLO                     99-01;LUNETTES;Lunette;;product;true;true;VSF Centre;66,42;146,12;83,02;;8570BGNHZ;false;1;Centre;import;Rapprochement Odoo par default_code a effectuer.
8570LGNH3FD;GLACE DESCENDANTE AVANT GAUCHE TEINTÉ VERT VOLKSWAGEN POLO III 3 PORTES 99-01;GLACES LATERALES;Glace laterale;;product;true;true;AUTOS GM;83,22;83,22;83,22;;8570LGNH3FD;false;1;Centre;import;Rapprochement Odoo par default_code a effectuer.
8572AGAVW1B;PB VT ACOUS.AUDI A4 /SEAT EXEO 01-07;PARE BRISE;Pare-brise;;product;true;true;VSF Centre;92,1;202,61;115,12;;8572AGAVW1B;false;1;R302;import;Rapprochement Odoo par default_code a effectuer.
8572AGSGYVW;PB VTGR AUDI A4/SEAT EXEO 01-07;PARE BRISE;Pare-brise;;product;true;true;VSF Centre;87,2;191,84;109;;8572AGSGYVW;false;3;R303 | R414 | R427;import;Doublon source consolide : controler quantites, prix et emplacements.
8572AGSGYVW1B;PB VTGY AUDI A4/SEAT EXEO 01-07;PARE-BRISE;Pare-brise;;product;true;true;VSF Centre;105,89;232,95;132,36;;;false;1;R416;import;Rapprochement Odoo par default_code a effectuer.
8572AGSVW1B;PB VT AUDI A4/SEAT EXEO        01-07;PARE BRISE;Pare-brise;;product;true;true;VSF Centre;87,43;192,35;109,29;;8572AGSVW1B;false;5;Centre | R633 | R538 | R608 | R614;import;Doublon source consolide : controler quantites, prix et emplacements.
8572ASMSL;JC LAT GAUCHE PB AUDI A4   01-08;JOINTS;Joint;;product;true;true;VSF Centre;29,04;63,89;36,3;;8572ASMSL;false;3;J10D | J8C;import;Doublon source consolide : controler quantites, prix et emplacements.
8572ASMSR;JC LAT DROIT PB AUDI A4   01-08;JOINTS;Joint;;product;true;true;VSF Centre;31,44;69,17;39,3;;8572ASMSR;false;3;J10D | J8C;import;Doublon source consolide : controler quantites, prix et emplacements.
8573AGSGYMVZ;PARE-BRISE TEINTÉ VERT DÉGRADÉ GRIS VOLKSWAGEN POLO IV CAPTEUR DE PLUIE 01-04MO 2,20;PARE BRISE;Pare-brise;;product;true;true;INVENTAIRE;111,31;244,88;111,31;;8573AGSGYMVZ;false;1;R701;import;Rapprochement Odoo par default_code a effectuer.
8573AGSGYMVZ6J;PB VTGY VW POLO IV +CAPT 05-09;PARE BRISE;Pare-brise;;product;true;true;VSF Centre;74,88;164,74;93,6;;8573AGSGYMVZ6J;false;2;R108 | R117;import;Doublon source consolide : controler quantites, prix et emplacements.
8573AGSMVZ6J;PB VT VW POLO IV  CAPT           05-09;PARE BRISE;Pare-brise;;product;true;true;VSF Centre;86,07;189,36;107,59;;8573AGSMVZ6J;false;2;R511 | R628;import;Doublon source consolide : controler quantites, prix et emplacements.
8573AGSVZ;PB VT VOLKSWAGEN POLO IV           01-04;PARE BRISE;Pare-brise;;product;true;true;VSF Centre;72,62;159,77;90,78;;8573AGSVZ;false;6;R316 | R221 | R332 | R601 | GALLERIA | R509;import;Doublon source consolide : controler quantites, prix et emplacements.
8573AGSVZ6J;PB VT VW POLO V 05-09;PARE BRISE;Pare-brise;;product;true;true;VSF Centre;71,2;156,64;89;;8573AGSVZ6J;false;18;R336 | R415 | R215 | R402 | R224 | R309 | R334 | R323 | R335 | R515 | R504 | Galléria | R537 | R534 | R427 | R532 | R612 | R737;import;Doublon source consolide : controler quantites, prix et emplacements.
8573BGDHI1J;LUN VT FONCEE VW POLO IV 3/5P  05-09;LUNETTES;Lunette;;product;true;true;VSF Centre;100,04;220,09;125,05;;8573BGDHI1J;false;1;Caisse D2;import;Rapprochement Odoo par default_code a effectuer.
8573BGSHI;LUN VT VW POLO IV 3/5P             01-05;LUNETTES;Lunette;;product;true;true;VSF Centre;80,62;177,37;100,78;;8573BGSHI;false;5;R925 | R903 | R930 | R421 | R933;import;Doublon source consolide : controler quantites, prix et emplacements.
8573BGSHI1J;LUN VT VW POLO IV 3/5P             05-09;LUNETTES;Lunette;;product;true;true;VSF Centre;85,31;187,69;106,64;;8573BGSHI1J;false;4;Centre | R420 | GALLERIA;import;Doublon source consolide : controler quantites, prix et emplacements.
8573LGSH3FD;DESC AVG VT VW POLO  3PTES     01-09;GLACES LATERALES;Glace laterale;;product;true;true;VSF Centre;29,09;63,99;36,36;;8573LGSH3FD;false;2;Centre | R908;import;Doublon source consolide : controler quantites, prix et emplacements.
8573LGSH3RQOW;CUST ARG OUVR VT POLO 3PTES 01-09;GLACES LATERALES;Glace laterale;;product;true;true;VSF Centre;32,79;72,14;40,99;;8573LGSH3RQOW;false;1;R908;import;Rapprochement Odoo par default_code a effectuer.
8573LGSH3RQZ;CUST ARG FIXE VT POLO 3PTES    01-09;GLACES LATERALES;Glace laterale;;product;true;true;VSF Centre;173,8;382,36;217,25;;8573LGSH3RQZ;false;1;R904;import;Rapprochement Odoo par default_code a effectuer.
8573LGSH5RDW;GLACE DESCENDANTE ARRIÈRE GAUCHE TEINTÉ VERT VOLKSWAGEN POLO 5 PORTES HAYON 01-09;GLACES LATERALES;Glace laterale;;product;true;true;AUTOS GM;74,77;74,77;74,77;;8573LGSH5RDW;false;2;Centre;import;Doublon source consolide : controler quantites, prix et emplacements.
8573RGSH3FD;DESC AVD VT VW POLO  3PTES     01-09;GLACES LATERALES;Glace laterale;;product;true;true;VSF Centre;32,7;71,95;40,88;;8573RGSH3FD;false;1;R909;import;Rapprochement Odoo par default_code a effectuer.
8573RGSH3RQZ;CUSTODE ARRIÈRE DROIT FIXE TEINTÉ VERT POLO 3 PORTES  01-09MO 1.60;GLACES LATERALES;Glace laterale;;product;true;true;AUTOS GM;232,55;232,55;232,55;;8573RGSH3RQZ;false;2;GALLERIA;import;Doublon source consolide : controler quantites, prix et emplacements.
8573RGSH5RQZ;CUST ARD VT VW POLO 5PTES    01-09;GLACES LATERALES;Glace laterale;;product;true;true;VSF Centre;32,3;71,06;42,5;;;false;1;R906;import;Rapprochement Odoo par default_code a effectuer.
8576AGSGYMVZ2B;PB VTGY TOUAREG/CAYENNE CAPT 06-10;PARE BRISE;Pare-brise;;product;true;true;VSF Centre;130,55;287,21;163,19;;8576AGSGYMVZ2B;false;4;R426 | R111 | R533 | R515;import;Doublon source consolide : controler quantites, prix et emplacements.
8577AGAMVZ95;PB VT ACO VW TOURAN CAPT       11-15;PARE BRISE;Pare-brise;;product;true;true;VSF Centre;116,03;255,27;145,04;;8577AGAMVZ95;false;3;CASSE | R417;import;Doublon source consolide : controler quantites, prix et emplacements.
8577AGSVZ;PB VT VW TOURAN                    03-06;PARE BRISE;Pare-brise;;product;true;true;VSF Centre;90,79;199,74;113,49;;8577AGSVZ;false;5;R505 | R624 | R820 | R408 | GENIPA;import;Doublon source consolide : controler quantites, prix et emplacements.
8577AGSVZ-PERDU;PB VT VW TOURAN                    03-06;PARE BRISE;Pare-brise;;product;true;true;VSF Centre;90,79;199,74;113,49;;8577AGSVZ-PERDU;false;1;PERDUE;import;Rapprochement Odoo par default_code a effectuer.
8577AGSVZ1P;PB VT VW TOURAN AVEC EMBASE  06-10;PARE BRISE;Pare-brise;;product;true;true;VSF Centre;105,89;232,95;132,36;;;false;2;CASSE | R638;import;Doublon source consolide : controler quantites, prix et emplacements.
8577BGSVZ;LUN VT VW TOURAN                   03-10;LUNETTES;Lunette;;product;true;true;VSF Centre;135,03;297,07;168,79;;8577BGSVZ;false;1;R933;import;Rapprochement Odoo par default_code a effectuer.
8577BYPVZ;LUN PRIV VW TOURAN                 03-10;LUNETTES;Lunette;;product;true;true;VSF Centre;129,9;285,79;162,38;;8577BYPVZ;false;1;R934;import;Rapprochement Odoo par default_code a effectuer.
8577RGSV5FD;DESC AVD VT VW TOURAN         03-15;GLACES LATERALES;Glace laterale;;product;true;true;VSF Centre;34,47;75,84;43,09;;;false;1;R919;import;Rapprochement Odoo par default_code a effectuer.
8579AGSAVZ1B;PB VT VW T5 / MULTIVAN ANT         03-;PARE BRISE;Pare-brise;;product;true;true;VSF Centre;107,04;235,49;133,8;;8579AGSAVZ1B;false;2;R407 | R435;import;Doublon source consolide : controler quantites, prix et emplacements.
8579AGSGYVZ1B;PB VTGY VW MULTIVAN                03-16;PARE BRISE;Pare-brise;;product;true;true;VSF Centre;100;220;125;;8579AGSGYVZ1B;false;1;Centre;import;Rapprochement Odoo par default_code a effectuer.
8579BGSV1H;LUN VT TRANSPORTER T5 SS TROU 03-15;LUNETTES;Lunette;;product;true;true;VSF Centre;83,57;183,85;104,46;;8579BGSV1H;false;1;R604;import;Rapprochement Odoo par default_code a effectuer.
8580AGAGYVW;PB VTGR ACOUST AUDI A3            03-12;PARE BRISE;Pare-brise;;product;true;true;VSF Centre;123,98;272,76;154,98;;;false;1;GALLERIA;import;Rapprochement Odoo par default_code a effectuer.
8580AGSGYMVW1B;PB VTGY AUDI A3+CAPT. 03-12;PARE BRISE;Pare-brise;;product;true;true;VSF Centre;103,68;228,1;129,6;;8580AGSGYMVW1B;false;34;- | R406 | R409 | R408 | R104 | R319 | R101 | R620 | Centre | R324 | R202 | R527 | R727 | R610 | R604 | R323 | R635 | R332 | R423 | R213 | R330 | R601 | R508 | R515 | R738 | R737 | R719 | GENIPA | R532 | R637;import;Doublon source consolide : controler quantites, prix et emplacements.
8580AGSGYVW;PB VTGR AUDI A3                    03-12;PARE BRISE;Pare-brise;;product;true;true;VSF Centre;80,8;177,76;101;;8580AGSGYVW;false;42;R307 | R332 | R321 | R310 | R407 | R426 | R316 | R221 | Centre | R112 | R402 | R319 | R422 | R432 | R425 | R421 | R106 | R204 | R227 | R631 | R624 | R604 | R501 | R618 | R406 | R515 | R724 | R716 | R736 | R614 | R617 | R435 | R627;import;Doublon source consolide : controler quantites, prix et emplacements.
8580AGSGYVW-T;PB VTGR AUDI A3                    03-12;PARE BRISE;Pare-brise;;product;true;true;VSF Centre;83,66;184,04;104,57;;8580AGSGYVW-T;false;1;R103;import;Rapprochement Odoo par default_code a effectuer.
8580AGSVW;PB VT AUDI A3                      03-12;PARE BRISE;Pare-brise;;product;true;true;VSF Centre;84,91;186,81;106,14;;8580AGSVW;false;6;R636 | R723 | CASSE | R624 | GENIPA | R504;import;Doublon source consolide : controler quantites, prix et emplacements.
8580BGSEAGJWX;LUN VT AUDI A3 SPORTBACK ANT  03-12;LUNETTES;Lunette;;product;true;true;VSF Centre;116,06;255,32;145,07;;;false;1;R926;import;Rapprochement Odoo par default_code a effectuer.
8580BGSEAGJXW;LUN VT AUDI A3 SPORTBACK ANT  03-12;LUNETTES;Lunette;;product;true;true;VSF Centre;87,31;192,09;109,14;;8580BGSEAGJXW;false;3;Dépôt 1 | D2 | GENIPA;import;Doublon source consolide : controler quantites, prix et emplacements.
8580BGSHAGZ1F;LUN VT AUDI A3 ANT STOP       03-12;LUNETTES;Lunette;;product;true;true;VSF Centre;113,7;250,15;142,13;;8580BGSHAGZ1F;false;2;R919 | GENIPA;import;Doublon source consolide : controler quantites, prix et emplacements.
8580BYPEAGJXW;LUN PRIV A3 SPORTBACK ANT 03-12;LUNETTES;Lunette;;product;true;true;VSF Centre;108,44;238,57;135,55;;8580BYPEAGJXW;false;1;R738;import;Rapprochement Odoo par default_code a effectuer.
8580BYPHAGZ1F;LUN PRIV AUDI A3 ANT STOP       03-12;LUNETTES;Lunette;;product;true;true;VSF Centre;111,66;245,64;139,57;;;false;1;R421;import;Rapprochement Odoo par default_code a effectuer.
8580LGSE5RD;DESC ARG VT AUDI A3 5PTES     03-12;GLACES LATERALES;Glace laterale;;product;true;true;VSF Centre;31,1;68,43;38,88;;8580LGSE5RD;false;1;R908;import;Rapprochement Odoo par default_code a effectuer.
8580LGSH3FD;DESC AVG VT AUDI A3 3PTES     03-12;GLACES LATERALES;Glace laterale;;product;true;true;VSF Centre;31,2;68,64;39;;8580LGSH3FD;false;1;R909;import;Rapprochement Odoo par default_code a effectuer.
8580LGSH3RQZ;CUSTODE ARRIÈRE GAUCHE TEINTÉ VERT AUDI A3;GLACES LATERALES;Glace laterale;;product;true;true;AUTOS GM;183,39;183,39;183,39;;8580LGSH3RQZ;false;2;GENIPA | GALLERIA;import;Doublon source consolide : controler quantites, prix et emplacements.
8580RGSH3FD;DESC.AVD VT AUDI A3 3PTES     03-12;GLACES LATERALES;Glace laterale;;product;true;true;VSF Centre;27,2;59,84;34;;8580RGSH3FD;false;2;Centre | ???;import;Doublon source consolide : controler quantites, prix et emplacements.
8581AGSAVZ;PB VT VW CADDY  ANT             04-;PARE BRISE;Pare-brise;;product;true;true;VSF Centre;107,9;237,39;134,88;;8581AGSAVZ;false;2;R502 | R402;import;Doublon source consolide : controler quantites, prix et emplacements.
8581AGSAVZ1F;PB VT VW CADDY ANT 3FILS     04-;PARE BRISE;Pare-brise;;product;true;true;VSF Centre;110;242;137,5;;8581AGSAVZ1F;false;1;R602;import;Rapprochement Odoo par default_code a effectuer.
8581AGSGYVZ;PB VTGY VW CADDY                   04-;PARE BRISE;Pare-brise;;product;true;true;VSF Centre;84,48;185,86;105,6;;8581AGSGYVZ;false;3;R116 | R604 | R419;import;Doublon source consolide : controler quantites, prix et emplacements.
8581AGSMVZ6T;PB VT VW CADDY  CAPT      15-;PARE BRISE;Pare-brise;;product;true;true;VSF Centre;109,62;241,17;137,03;;8581AGSMVZ6T;false;1;R318;import;Rapprochement Odoo par default_code a effectuer.
8581AGSVZ;PB VT VW CADDY 04-15;PARE BRISE;Pare-brise;;product;true;true;VSF Centre;82,4;181,28;103;;8581AGSVZ;false;3;Centre | R430 | R434;import;Doublon source consolide : controler quantites, prix et emplacements.
8581AGSVZ1B;PB VT VW CADDY                     04-;PARE BRISE;Pare-brise;;product;true;true;VSF Centre;107,04;235,49;133,8;;8581AGSVZ1B;false;2;R708 | R501;import;Doublon source consolide : controler quantites, prix et emplacements.
8581BGDVL;LUN VT FONCEE GCHE VW CADDY   04-;LUNETTES;Lunette;;product;true;true;VSF Centre;57,72;126,98;72,15;;8581BGDVL;false;1;Centre;import;Rapprochement Odoo par default_code a effectuer.
8581BGSVL;LUN VT GCHE VW CADDY   04-;LUNETTES;Lunette;;product;true;true;VSF Centre;65,66;144,46;82,08;;8581BGSVL;false;1;R904;import;Rapprochement Odoo par default_code a effectuer.
8581BGSVLU;LUN VT GCHE VW CADDY NON CHAUF 04-;LUNETTES;Lunette;;product;true;true;VSF Centre;48,86;107,5;61,08;;8581BGSVLU;false;4;Centre | R903 | GALLERIA;import;Doublon source consolide : controler quantites, prix et emplacements.
8581BGSVRU1J;LUN VT DTE VW CADDY NON CHAUF  04-;LUNETTES;Lunette;;product;true;true;VSF Centre;41,19;90,62;51,49;;8581BGSVRU1J;false;2;Centre | R906;import;Doublon source consolide : controler quantites, prix et emplacements.
8581BYDVI1J;LUN PRIV VW CADDY 1TROU EG      15-;LUNETTES;Lunette;;product;true;true;VSF Centre;96,62;212,57;120,78;;8581BYDVI1J;false;1;Centre;import;Rapprochement Odoo par default_code a effectuer.
8581BYDVL;LUN PRIV GCHE VW CADDY   04-;LUNETTES;Lunette;;product;true;true;VSF Centre;71,06;156,34;88,83;;8581BYDVL;false;1;R902;import;Rapprochement Odoo par default_code a effectuer.
8581LCLV4RDF1J;GLACE PTE COULIS ARG CL CADDY MAXI 04-;GLACES LATERALES;Glace laterale;;product;true;true;VSF Centre;92,99;204,58;116,24;;8581LCLV4RDF1J;false;1;R924;import;Rapprochement Odoo par default_code a effectuer.
8581LGSV4RDF;GLACE ARRIÈRE GAUCHE TEINTÉ VERT COULISSANTE VOLKSWAGEN CADDY 4 PORTES COFFRE 04-MO 1.30;GLACES LATERALES;Glace laterale;;product;true;true;AUTOS GM;1138,75;1138,75;1339,71;;8581LGSV4RDF;false;1;GALLERIA;import;Rapprochement Odoo par default_code a effectuer.
8581RGDV4RDF;GLACE ARRIÈRE DROIT TEINTÉ VERT FONCÉ COULISSANTE VOLKSWAGEN CADDY 4 PORTES COFFRE 04-;GLACES LATERALES;Glace laterale;;product;true;true;MA;663,04;663,04;663,04;;8581RGDV4RDF;false;1;Galléria;import;Rapprochement Odoo par default_code a effectuer.
8581RGSV2FD;DESC AVD VT VW CADDY         04-;GLACES LATERALES;Glace laterale;;product;true;true;VSF Centre;26,17;57,57;32,71;;8581RGSV2FD;false;1;GALLERIA;import;Rapprochement Odoo par default_code a effectuer.
8582BGSEAW;LUN VT AUDI A6 BREAK   ANT         04-08;LUNETTES;Lunette;;product;true;true;VSF Centre;160,29;352,63;200,36;;;false;1;R426;import;Rapprochement Odoo par default_code a effectuer.
8583LGSV5RV1M;DEFL ARG VT VW GOLF PLUS           05-14;GLACES LATERALES;Glace laterale;;product;true;true;VSF Centre;37,46;82,4;46,82;;8583LGSV5RV1M;false;1;R914;import;Rapprochement Odoo par default_code a effectuer.
8584AGSGYMVW1B;PB VTGY VW PASSAT B6 CAPTEUR 05-10;PARE BRISE;Pare-brise;;product;true;true;VSF Centre;83,8;184,36;104,75;;8584AGSGYMVW1B;false;2;R318 | R606;import;Doublon source consolide : controler quantites, prix et emplacements.
8584AGSMVW1B;PB VT VW PASSAT B6   CAPT      05-10;PARE BRISE;Pare-brise;;product;true;true;VSF Centre;99,67;219,28;124,59;;8584AGSMVW1B;false;2;R532 | R509;import;Doublon source consolide : controler quantites, prix et emplacements.
8585AGSAW;PB VT VW FOX  ANT             05-12;PARE BRISE;Pare-brise;;product;true;true;VSF Centre;83,66;184,04;104,57;;8585AGSAW;false;3;Centre | R215 | R718;import;Doublon source consolide : controler quantites, prix et emplacements.
8585AGSW1B;PB VT VW FOX        05-12;PARE BRISE;Pare-brise;;product;true;true;VSF Centre;110,02;242,04;137,52;;;false;1;R416;import;Rapprochement Odoo par default_code a effectuer.
8585BGSHW;LUN VT VW FOX                      05-12;LUNETTES;Lunette;;product;true;true;VSF Centre;55,48;122,06;69,35;;8585BGSHW;false;3;Dépôt 1 | Centre | R935;import;Doublon source consolide : controler quantites, prix et emplacements.
8585RGSH3FDW;DESC AVD VT VW FOX         05-12;GLACES LATERALES;Glace laterale;;product;true;true;VSF Centre;35,09;77,19;43,86;;8585RGSH3FDW;false;1;R903;import;Rapprochement Odoo par default_code a effectuer.
8586AGSVZ;PB VT VW JETTA III /GOLF 5 BK      05-11;PARE BRISE;Pare-brise;;product;true;true;VSF Centre;81,54;179,4;101,93;;8586AGSVZ;false;5;R311 | R507 | R531 | GENIPA | R116;import;Doublon source consolide : controler quantites, prix et emplacements.
8586AGSVZ1H;PB VT JETTA 3/GOLF 5/6 BK EMB BAS 05-11;PARE BRISE;Pare-brise;;product;true;true;VSF Centre;130,06;286,12;162,57;;8586AGSVZ1H;false;1;R634;import;Rapprochement Odoo par default_code a effectuer.
8586RGSS4RDW;DESC ARD VT JETTA III  05-11;GLACES LATERALES;Glace laterale;;product;true;true;VSF Centre;24,38;53,63;30,47;;8586RGSS4RDW;false;1;Centre;import;Rapprochement Odoo par default_code a effectuer.
8587AGSMVW1B;PARE-BRISE TEINTÉ VERT VOLKSWAGEN EOS CC CAPTEUR DE PLUIE 06-MO 2.50;PARE BRISE;Pare-brise;;product;true;true;VSF Centre;114,01;250,82;142,51;;8587AGSMVW1B;false;1;R536;import;Rapprochement Odoo par default_code a effectuer.
8587RGST2FD;DESC AVD VT VW EOS CC    05-;GLACES LATERALES;Glace laterale;;product;true;true;VSF Centre;58,01;127,62;72,51;;8587RGST2FD;false;1;D2;import;Rapprochement Odoo par default_code a effectuer.
8588AGAGYMVZ;PB VTGY ACOUS.AUDI Q7 +CAPT    06-15;PARE BRISE;Pare-brise;;product;true;true;VSF Centre;107,2;235,84;134;;8588AGAGYMVZ;false;1;R425;import;Rapprochement Odoo par default_code a effectuer.
8589AGAGYMVZ1I;PB VTGR ACOU AUDI A4 CAPT      12-15;PARE BRISE;Pare-brise;;product;true;true;VSF Centre;120,99;266,18;151,24;;8589AGAGYMVZ1I;false;3;R111 | R610 | R406;import;Doublon source consolide : controler quantites, prix et emplacements.
8589AGNGYMVZ1I;PB VTGR AUDI A4+CAPT 12-15;PARE BRISE;Pare-brise;;product;true;true;VSF Centre;100;220;125;;8589AGNGYMVZ1I;false;3;Centre | R526 | R422;import;Doublon source consolide : controler quantites, prix et emplacements.
8589AGNGYMVZ1P;PARE-BRISE VTGR AUDI A4 CAPTEUR DE PLUIE 08-11;PARE BRISE;Pare-brise;;product;true;true;MPB;295,88;295,88;295,88;;8589AGNGYMVZ1P;false;18;Centre | R308 | R109 | R537 | R614 | R528 | R507 | R707 | R626 | R607 | R522 | R623 | R210 | R605 | R510 | R533;import;Doublon source consolide : controler quantites, prix et emplacements.
8589AGNVZ;PB VT AUDI A4                      08-15;PARE BRISE;Pare-brise;;product;true;true;VSF Centre;86,4;190,08;108;;8589AGNVZ;false;1;R104;import;Rapprochement Odoo par default_code a effectuer.
8589LGSE5RD;DESC ARG VT AUDI A4 BREAK   08-15;GLACES LATERALES;Glace laterale;;product;true;true;VSF Centre;35,93;79,04;44,91;;8589LGSE5RD;false;1;R905;import;Rapprochement Odoo par default_code a effectuer.
8589LGSS4RD;GLACE DESCENDANTE ARRIÈRE GAUCHE TEINTÉ VERT AUDI A4 BERLINE 08-15;GLACES LATERALES;Glace laterale;;product;true;true;AUTOS GM;102,99;102,99;102,99;;8589LGSS4RD;false;2;Centre | R915;import;Doublon source consolide : controler quantites, prix et emplacements.
8589RGSS4FD;DESC AVD VT AUDI A4 BNE/BK   08-15;GLACES LATERALES;Glace laterale;;product;true;true;VSF Centre;20,86;45,88;26,07;;8589RGSS4FD;false;2;Centre | R901;import;Doublon source consolide : controler quantites, prix et emplacements.
8591AGSGYMVZ1P;PARE-BRISE VTGR AUDI TT COUPE CAPTEUR DE PLUIE 07-14;PARE BRISE;Pare-brise;;product;true;true;AUTOS GM;372,15;372,15;372,15;;8591AGSGYMVZ1P;false;1;Centre;import;Rapprochement Odoo par default_code a effectuer.
8591AGSVZ1H;PB VT AUDI TT COUPE 2EMB          07-14;PARE BRISE;Pare-brise;;product;true;true;VSF Centre;137,2;301,84;171,5;;8591AGSVZ1H;false;1;GALLERIA;import;Rapprochement Odoo par default_code a effectuer.
8591LGSC2FD;DESC AVG VT AUDI TT CPE     06-14;GLACES LATERALES;Glace laterale;;product;true;true;VSF Centre;40,48;89,06;50,6;;8591LGSC2FD;false;1;R905;import;Rapprochement Odoo par default_code a effectuer.
8592AGAGYMVZ6P;PB VTGY ACO.A5 CPE/SPORT.+CAPT. 09-16;PARE BRISE;Pare-brise;;product;true;true;VSF Centre;103,2;227,04;129;;8592AGAGYMVZ6P;false;1;R403;import;Rapprochement Odoo par default_code a effectuer.
8592AGSGYMVZ1P;PB VTGR AUDI A5  CAPT      07-09;PARE BRISE;Pare-brise;;product;true;true;VSF Centre;100,04;220,09;125,05;;8592AGSGYMVZ1P;false;3;POSÉ | R617 | R417;import;Doublon source consolide : controler quantites, prix et emplacements.
8592AGSVZ;PB VT AUDI A5              07-16;PARE BRISE;Pare-brise;;product;true;true;VSF Centre;93,02;204,65;116,28;;8592AGSVZ;false;3;Centre | R435 | R225;import;Doublon source consolide : controler quantites, prix et emplacements.
8592LGSC2FD;DESC AVG VT AUDI A5 COUPE     07-16;GLACES LATERALES;Glace laterale;;product;true;true;VSF Centre;41,19;90,62;51,49;;8592LGSC2FD;false;1;Centre;import;Rapprochement Odoo par default_code a effectuer.
8595AGACMVZ3P;PB VT ACO VW TIGUAN CAPT LDW 11-16;PARE BRISE;Pare-brise;;product;true;true;VSF Centre;133,66;294,06;167,08;;8595AGACMVZ3P;false;1;R728;import;Rapprochement Odoo par default_code a effectuer.
8595AGSGYMVZ1P;PB VTGY VW TIGUAN +CAPT         07-16;PARE BRISE;Pare-brise;;product;true;true;VSF Centre;67,84;149,25;84,8;;8595AGSGYMVZ1P;false;2;R422;import;Doublon source consolide : controler quantites, prix et emplacements.
8595AGSGYVZ;PB VTGY VW TIGUAN             07-16;PARE BRISE;Pare-brise;;product;true;true;VSF Centre;86,7;190,74;127,5;;;false;1;R415;import;Rapprochement Odoo par default_code a effectuer.
8595AGSMVZ1P;PB VT VW TIGUAN +CAPT 07-16;PARE BRISE;Pare-brise;;product;true;true;VSF Centre;84,8;186,56;106;;8595AGSMVZ1P;false;29;R308 | R434 | R416 | R414 | R303 | R405 | R220 | R225 | R224 | R314 | R617 | R628 | R623 | R618 | R708 | R725 | R510 | R511 | R734 | R801 | R815 | GALLERIA | R417 | R407 | R411;import;Doublon source consolide : controler quantites, prix et emplacements.
8595BGPRAW;LUN PRIVACY VW TIGUAN  ANT     07-16;LUNETTES;Lunette;;product;true;true;VSF Centre;143,2;315,04;179;;8595BGPRAW;false;1;Centre;import;Rapprochement Odoo par default_code a effectuer.
8595BGPRAW2F;LUN.VT FONCEE VW TIGUAN 06/11-16;LUNETTES;Lunette;;product;true;true;VSF Centre;135,2;297,44;169;;8595BGPRAW2F;false;4;Centre | Dépôt 1 | R920 | R420;import;Doublon source consolide : controler quantites, prix et emplacements.
8595BGSRAW;LUN VT VW TIGUAN  ANT          07-16;LUNETTES;Lunette;;product;true;true;VSF Centre;123,14;270,92;153,93;;8595BGSRAW;false;2;R924 | R114;import;Doublon source consolide : controler quantites, prix et emplacements.
8595LGSR5FD;DESC AVG VT VW TIGUAN  07-16;GLACES LATERALES;Glace laterale;;product;true;true;VSF Centre;27,74;61,04;34,68;;8595LGSR5FD;false;2;Centre | D2;import;Doublon source consolide : controler quantites, prix et emplacements.
8595LGSR5RVZ;DÉFLECTEUR ARRIÈRE GAUCHE TEINTÉ VERT VOLKSWAGEN TIGUAN 07-16;GLACES LATERALES;Glace laterale;;product;true;true;AUTOS GM;107,98;107,98;107,98;;8595LGSR5RVZ;false;1;Centre;import;Rapprochement Odoo par default_code a effectuer.
8595RGSR5FD;DESC AVD VT VW TIGUAN        07-16;GLACES LATERALES;Glace laterale;;product;true;true;VSF Centre;28,16;61,95;35,2;;8595RGSR5FD;false;1;Centre;import;Rapprochement Odoo par default_code a effectuer.
8596AGACMVWZ2W;PARE-BRISE TEINTÉ VERT ACOUSTIQUE AUDI Q5 CAPTEUR DE PLUIE CAMÉRA(S) 05/12-17MO 2.50;PARE BRISE;Pare-brise;;product;true;true;HHH;440,9;440,9;440,9;;8596AGACMVWZ2W;false;1;R706;import;Rapprochement Odoo par default_code a effectuer.
8596AGSGYMVWZ1P;PB VTGY AUDI Q5 +CAPT.             08-12;PARE BRISE;Pare-brise;;product;true;true;VSF Centre;111,2;244,64;139;;8596AGSGYMVWZ1P;false;44;R301 | R407 | Centre | R417 | R227 | R204 | R232 | R112 | R220 | R310 | R621 | R323 | R405 | R235 | R519 | R623 | R534 | R711 | R504 | R135 | R622 | R708 | R615 | R631 | R229 | R217 | CASSE | R332 | R537 | R512 | R538 | R533 | R632 | R610 | R635;import;Doublon source consolide : controler quantites, prix et emplacements.
8596AGSGYMVWZ1W;PB VTGY AUDI Q5  CAPT  12-17;PARE BRISE;Pare-brise;;product;true;true;VSF Centre;125,03;275,07;156,29;;8596AGSGYMVWZ1W;false;5;R428 | R621 | R622 | R434;import;Doublon source consolide : controler quantites, prix et emplacements.
8596BYPRAIWX;LUN PRIVACY AUDI Q5  ANT      08-17;LUNETTES;Lunette;;product;true;true;VSF Centre;152,02;334,44;190,02;;8596BYPRAIWX;false;2;R210 | R903;import;Doublon source consolide : controler quantites, prix et emplacements.
8596LGSR5FD;GLACE DESCENDANTE AVANT GAUCHE TEINTÉ VERT AUDI Q5 08-17MO 0.60;GLACES LATERALES;Glace laterale;;product;true;true;AUTOS GM;124,92;124,92;124,92;;8596LGSR5FD;false;2;GALLERIA | T001;import;Doublon source consolide : controler quantites, prix et emplacements.
8596LGSR5RQZ1L;CUST ARG VT AUDI Q5 CHROME 08-17;GLACES LATERALES;Glace laterale;;product;true;true;VSF Centre;67,04;147,49;83,8;;8596LGSR5RQZ1L;false;2;GALLERIA | T001;import;Doublon source consolide : controler quantites, prix et emplacements.
8596LYPR5RD / 8R0845205G;GLACE DESCENDANTE ARG SURTEINTEE AUDI Q5;GLACES LATERALES;Glace laterale;;product;true;false;AUTOS GM;196,06;196,06;196,06;;8596LYPR5RD / 8R0845205G;false;1;Centre;exclusion_format_eurocode;Rapprochement Odoo par default_code a effectuer. EXCLUE DE L'IMPORT (decision RPBM du 2026-08-05, D3) : format d'eurocode suspect (annotation, code constructeur, texte libre). Sans x_studio_eurocode valide, la fiche serait invisible au widget rpbm_agent et non synchronisable. A reprendre a la main dans le fichier Excel si la reference doit exister.
8596LYPR5RQAZ1M;CUST ARG PRIV AUDI Q5  ANT  NOIR 08-17;GLACES LATERALES;Glace laterale;;product;true;true;VSF Centre;74,3;163,47;92,88;;8596LYPR5RQAZ1M;false;1;R904;import;Rapprochement Odoo par default_code a effectuer.
8596RYPR5RQZ1L;CUST.ARD PRIV.AUDI Q5 +CHROME 08-17;GLACES LATERALES;Glace laterale;;product;true;true;VSF Centre;55,2;121,44;69;;8596RYPR5RQZ1L;false;1;Centre;import;Rapprochement Odoo par default_code a effectuer.
8597AGSMVW1P;PARE-BRISE TEINTÉ VERT VOLKSWAGEN SCIROCCO III CAPTEUR DE PLUIE 08-;PARE BRISE;Pare-brise;;product;true;true;AUTOS GM;411,2;411,2;411,2;;8597AGSMVW1P;false;2;Centre | R637;import;Doublon source consolide : controler quantites, prix et emplacements.
8597AGSVW;PB VT VW SCIROCCO III              08-;PARE BRISE;Pare-brise;;product;true;true;VSF Centre;97,1;213,63;121,38;;8597AGSVW;false;3;R435 | R635 | R326;import;Doublon source consolide : controler quantites, prix et emplacements.
8597BGSCI;LUN VT VW SCIROCCO III            08-;LUNETTES;Lunette;;product;true;true;VSF Centre;100,04;220,09;125,05;;8597BGSCI;false;1;D2;import;Rapprochement Odoo par default_code a effectuer.
8597LGSC2FD;DESC AVG VT SCIROCCO      08-;GLACES LATERALES;Glace laterale;;product;true;true;VSF Centre;44,55;98,01;55,69;;8597LGSC2FD;false;2;Centre | GALLERIA;import;Doublon source consolide : controler quantites, prix et emplacements.
8599AGSGYAMVW1P;PB VTGY AUDI A3 CABRIO ANT CAPT 08-14;PARE BRISE;Pare-brise;;product;true;true;VSF Centre;176;387,2;220;;8599AGSGYAMVW1P;false;1;R736;import;Rapprochement Odoo par default_code a effectuer.
8600AGAGYVZ;PB VTGY ACOUST VW GOLF VI      08-12;PARE BRISE;Pare-brise;;product;true;true;VSF Centre;97,1;213,63;121,38;;8600AGAGYVZ;false;10;R224 | Centre | R302 | R324 | R635 | R630 | R536 | R610 | R212;import;Doublon source consolide : controler quantites, prix et emplacements.
8600AGAMVZ1P;PB VT ACOUS.VW GOLF VI+CAPT 08-12;PARE BRISE;Pare-brise;;product;true;true;VSF Centre;94,1;197,61;117,63;;8600AGAMVZ1P;true;13;R102 | R309 | R111 | Posé | R621 | R628 | R627 | CASSE | R716 | R209 | R538;import;Doublon source consolide : controler quantites, prix et emplacements. EUROCODE INTERNE diverge de EUROCODE : arbitrage RPBM requis sur la reference qui fait foi.
8600AGAVZ;PB VT ACOUST.VW GOLF VI      08-12;PARE BRISE;Pare-brise;;product;true;true;VSF Centre;94,1;197,61;117,63;;8600AGAVZ;false;16;R102 | R319 | R423 | R224 | R509 | R608 | R634 | R510 | R723 | R726 | NON TROUVE | R212 | R116 | R533 | R538 | R704;import;Doublon source consolide : controler quantites, prix et emplacements.
8600AGSVZ;PB VT VW GOLF VI      08-12;PARE BRISE;Pare-brise;;product;true;true;VSF Centre;103,2;227,04;129;;8600AGSVZ;false;4;R616 | R609 | R623 | R624;import;Doublon source consolide : controler quantites, prix et emplacements.
8600BGSHAI;LUN VT VW GOLF VI  ANT    08-12;LUNETTES;Lunette;;product;true;true;VSF Centre;96,68;212,7;120,85;;8600BGSHAI;false;1;R926;import;Rapprochement Odoo par default_code a effectuer.
8600LGSH5FD;DESC AVG VT GOLF VI 5PTES     08-12;GLACES LATERALES;Glace laterale;;product;true;true;VSF Centre;26,06;57,32;32,57;;8600LGSH5FD;false;1;Centre;import;Rapprochement Odoo par default_code a effectuer.
8600LGSH5RVZ;DÉFL ARG TVERT VOLKSWAGEN GOLF VI 5 P;GLACES LATERALES;Glace laterale;;product;true;true;AUTOS GM;152,23;152,23;179,09;;8600LGSH5RVZ;false;1;GALLERIA;import;Rapprochement Odoo par default_code a effectuer.
8600LYPH5RVZ;DEFL ARG PRIV GOLF VI 5P  12-12;GLACES LATERALES;Glace laterale;;product;true;true;VSF Centre;64,8;142,56;81;;8600LYPH5RVZ;false;1;R910;import;Rapprochement Odoo par default_code a effectuer.
8600RGSH3RQZ;CUST ARD  VT VW GOLF VI 3P  08-12;GLACES LATERALES;Glace laterale;;product;true;true;VSF Centre;68,26;150,16;85,32;;;false;1;GALLERIA;import;Rapprochement Odoo par default_code a effectuer.
8600RGSH5FD;GLACE DESCENDANTE AVANT DROIT TEINTÉ VERT GOLF VI 5 PORTES HAYON 08-12;GLACES LATERALES;Glace laterale;;product;true;true;AUTOS GM;87,58;87,58;87,58;;8600RGSH5FD;false;1;Centre;import;Rapprochement Odoo par default_code a effectuer.
8603AGAMVWZ6T;PB VT ACO VW POLO V CAPT ROND  14-17;PARE BRISE;Pare-brise;;product;true;true;VSF Centre;116;255,2;145;;8603AGAMVWZ6T;false;1;R213;import;Rapprochement Odoo par default_code a effectuer.
8603AGSGYVWZ;PB VTGY VOLKSWAGEN POLO V 10-;PARE BRISE;Pare-brise;;product;true;true;VSF Centre;79,8;175,56;105;;8603AGSGYVWZ;false;12;R219 | R315 | R407 | Centre | R729 | R611 | CASSE | R520 | R631 | R726 | R522;import;Doublon source consolide : controler quantites, prix et emplacements.
8603AGSMVWZ2P;PB VT VW POLO V CAPT CARRE 10-14;PARE BRISE;Pare-brise;;product;true;true;VSF Centre;115,52;254,14;144,4;;8603AGSMVWZ2P;false;2;R703 | R826;import;Doublon source consolide : controler quantites, prix et emplacements.
8603AGSMVWZ6T;PB VT VW POLO V CAPT  ROND     14-17;PARE BRISE;Pare-brise;;product;true;true;VSF Centre;99,96;219,91;124,95;;8603AGSMVWZ6T;false;5;R519 | R735 | R723 | GALLERIA | GENIPA;import;Doublon source consolide : controler quantites, prix et emplacements.
8603AGSVWZ;PB VT VOLKSWAGEN POLO V       10-;PARE BRISE;Pare-brise;;product;true;true;VSF Centre;80,8;177,76;101;;8603AGSVWZ;false;39;R435 | R407 | R226 | R202 | R224 | R323 | R524 | R720 | R608 | R609 | R631 | R702 | R637 | R405 | R602 | R537 | R328 | R723 | R205 | R408 | R312 | R716 | R736 | R728 | R715 | R719 | R828 | R829 | R635 | R406 | R601 | R622 | R709 | R507;import;Doublon source consolide : controler quantites, prix et emplacements.
8603BGPHI;LUN VT FONCEE VW POLO 3/5P     09-17;LUNETTES;Lunette;;product;true;true;VSF Centre;117,5;258,51;146,88;;8603BGPHI;false;2;Centre | R925;import;Doublon source consolide : controler quantites, prix et emplacements.
8603BGSHAI;LUN.VT VW POLO+ANT.3/5P  09-17;LUNETTES;Lunette;;product;true;true;VSF Centre;73,6;161,92;92;;8603BGSHAI;false;5;Centre | Caisse D2 | R421 | GALLERIA;import;Doublon source consolide : controler quantites, prix et emplacements.
8603BGSHAI1F;LUN VT VW POLO ANT 3/5P  15-17;LUNETTES;Lunette;;product;true;true;VSF Centre;77,34;170,16;96,68;;8603BGSHAI1F;false;1;Caisse D2;import;Rapprochement Odoo par default_code a effectuer.
8603BGSHI;LUN VT VW POLO 3/5P       09-17;LUNETTES;Lunette;;product;true;true;VSF Centre;74,82;164,6;93,52;;8603BGSHI;false;2;Centre;import;Doublon source consolide : controler quantites, prix et emplacements.
8603LGPH5RD;GLACE DESCENDANTE ARRIÈRE GAUCHE TEINTÉ VERT FONCEE POLO 5 PORTES HAYON 09-14;GLACES LATERALES;Glace laterale;;product;true;true;AUTOS GM;91,51;91,51;91,51;;8603LGPH5RD;false;1;Centre;import;Rapprochement Odoo par default_code a effectuer.
8603LGSH3FD;DESC AVG  VT VW POLO 3P      09-17;GLACES LATERALES;Glace laterale;;product;true;true;VSF Centre;32,42;71,33;40,53;;8603LGSH3FD;false;3;Centre | R914 | R910;import;Doublon source consolide : controler quantites, prix et emplacements.
8603LGSH5FD;DESC AVG  VT VW POLO 5P      09-17;GLACES LATERALES;Glace laterale;;product;true;true;VSF Centre;28,18;61,99;35,22;;8603LGSH5FD;false;4;R917 | R909 | GALLERIA | GENIPA;import;Doublon source consolide : controler quantites, prix et emplacements.
8603LGSH5RQZ;CUSTODE ARRIÈRE GAUCHE TEINTÉ VERT VOLKSWAGEN  POLO 5 PORTES HAYON   09-17MO 1.90;GLACES LATERALES;Glace laterale;;product;true;true;AUTO GM;72,56;72,56;72,56;;8603LGSH5RQZ;false;2;GALLERIA | T001;import;Doublon source consolide : controler quantites, prix et emplacements.
8603RGSH3FD;DESC AVD VT VW POLO 3P     09-17;GLACES LATERALES;Glace laterale;;product;true;true;VSF Centre;44,8;98,56;56;;;false;1;GENIPA;import;Rapprochement Odoo par default_code a effectuer.
8603RGSH3RQZ;CUSTODE ARD TEINTÉ VERT VOLKSWAGEN POLO 3 P;GLACES LATERALES;Glace laterale;;product;true;true;AUTO GM;315;315;315;;8603RGSH3RQZ;false;1;GENIPA;import;Rapprochement Odoo par default_code a effectuer.
8603RGSH5FD;DESC AVD VT VW POLO 5P      09-17;GLACES LATERALES;Glace laterale;;product;true;true;VSF Centre;31,6;69,52;39,5;;8603RGSH5FD;false;3;R907 | GALLERIA | GENIPA;import;Doublon source consolide : controler quantites, prix et emplacements.
8604AGSGYMVWZ1C;PB VTGY AUDI A1 +CAPT. 10-;PARE BRISE;Pare-brise;;product;true;true;VSF Centre;111,2;244,64;139;;8604AGSGYMVWZ1C;false;25;R102 | ??? | R307 | R402 | R428 | R107 | R127 | Centre | R334 | R106 | R637 | R222 | R534 | R618 | R524 | R620 | R301 | CASSE | R501 | R403 | R413;import;Doublon source consolide : controler quantites, prix et emplacements.
8604AGSGYMVWZ95;PB VTGY AUDI A1+CAPT 01/12-;PARE BRISE;Pare-brise;;product;true;true;VSF Centre;98,04;215,69;129;;8604AGSGYMVWZ95;false;21;R226 | R324 | R311 | R224 | R229 | R117 | R531 | R610 | R507 | R708 | CASSE | R308 | R329 | R312 | R703 | GALLERIA | R335 | R701 | R404;import;Doublon source consolide : controler quantites, prix et emplacements.
8604AGSGYVWZ;PB VTGY AUDI A1              10-;PARE BRISE;Pare-brise;;product;true;true;VSF Centre;100,8;221,76;126;;8604AGSGYVWZ;false;12;R307 | R202 | R222 | R206 | R435 | R622 | R726 | R705 | R619 | R311 | R326;import;Doublon source consolide : controler quantites, prix et emplacements.
8604AGSMVWZ1C;PB VT AUDI A1 CAPT                 10-18;PARE BRISE;Pare-brise;;product;true;true;VSF Centre;100,04;220,09;125,05;;8604AGSMVWZ1C;false;3;CASSE | R702 | GENIPA;import;Doublon source consolide : controler quantites, prix et emplacements.
8604AGSVWZ;PB VT AUDI A1                  10-;PARE BRISE;Pare-brise;;product;true;true;VSF Centre;96,34;211,94;120,42;;8604AGSVWZ;true;5;R310 | R316 | R319 | R736 | R619;import;Doublon source consolide : controler quantites, prix et emplacements. EUROCODE INTERNE diverge de EUROCODE : arbitrage RPBM requis sur la reference qui fait foi.
8604BGSHAIJX1J;LUNETTE TEINTÉ VERT AUDI A1 ANTENNE INTÉGRÉE ANTENNE TV 5 PORTES HAYON 12-18MO 2.20;LUNETTES;Lunette;;product;true;true;AUTOS GM;297,46;297,46;297,46;;8604BGSHAIJX1J;false;2;Galléria | GENIPA;import;Doublon source consolide : controler quantites, prix et emplacements.
8604BGSHAIJX1J / 8X4845501ANVB;LUNETTE TEINTÉ VERT AUDI A1 ANTENNE INTÉGRÉE ANTENNE TV 5 PORTES HAYON 12-;LUNETTES;Lunette;;product;true;false;AUTOS GM;244,34;244,34;244,34;;8604BGSHAIJX1J / 8X4845501ANVB;false;1;Centre;exclusion_format_eurocode;Rapprochement Odoo par default_code a effectuer. EXCLUE DE L'IMPORT (decision RPBM du 2026-08-05, D3) : format d'eurocode suspect (annotation, code constructeur, texte libre). Sans x_studio_eurocode valide, la fiche serait invisible au widget rpbm_agent et non synchronisable. A reprendre a la main dans le fichier Excel si la reference doit exister.
8604LGPH3RQZ1M;CUST ARG VT FONCEE AUDI A1 3P 09-18;GLACES LATERALES;Glace laterale;;product;true;true;VSF Centre;82,84;182,25;109;;;false;1;Galléria;import;Rapprochement Odoo par default_code a effectuer.
8604LGSH3FD;DESC.AVG VT AUDI A1 3P 09-;GLACES LATERALES;Glace laterale;;product;true;true;VSF Centre;29,14;64,12;36,43;;8604LGSH3FD;false;5;Centre | R912;import;Doublon source consolide : controler quantites, prix et emplacements.
8604LGSH5FD;DESC AVG VT AUDI A1 5P             12-18;GLACES LATERALES;Glace laterale;;product;true;true;VSF Centre;24,38;53,63;30,47;;8604LGSH5FD;false;1;Galléria;import;Rapprochement Odoo par default_code a effectuer.
8604LGSH5RD;DESC ARG VT AUDI A1 5P             12-18;GLACES LATERALES;Glace laterale;;product;true;true;VSF Centre;21,86;48,08;27,32;;8604LGSH5RD;false;1;Centre;import;Rapprochement Odoo par default_code a effectuer.
8604LGSH5RQZ1M;CUST ARG VT AUDI A1 5P             12-18;GLACES LATERALES;Glace laterale;;product;true;true;VSF Centre;116,4;256,08;145,5;;8604LGSH5RQZ1M;false;1;Galléria;import;Rapprochement Odoo par default_code a effectuer.
8606AGAMVWZ;PB VT ACO TOUAREG/CAYENNE CAPT10-18;PARE BRISE;Pare-brise;;product;true;true;VSF Centre;129,74;285,44;162,18;;8606AGAMVWZ;false;2;R434 | R616;import;Doublon source consolide : controler quantites, prix et emplacements.
8609AGSMVW1C;PB VT VW AMAROK CAPT CARRE   12-;PARE BRISE;Pare-brise;;product;true;true;VSF Centre;107,97;237,53;134,96;;8609AGSMVW1C;false;3;Centre | R523 | R535;import;Doublon source consolide : controler quantites, prix et emplacements.
8609AGSMVW1P;PB VT VW AMAROK +CAPT.    12-;PARE BRISE;Pare-brise;;product;true;true;VSF Centre;103,2;227,04;129;;8609AGSMVW1P;false;3;R335 | R625 | GALLERIA;import;Doublon source consolide : controler quantites, prix et emplacements.
8609AGSVW;PB VT VW AMAROK            09-;PARE BRISE;Pare-brise;;product;true;true;VSF Centre;100,04;220,09;125,05;;8609AGSVW;false;2;R520 | R533;import;Doublon source consolide : controler quantites, prix et emplacements.
8609AGSVW1B;PB VT VW AMAROK           12-;PARE BRISE;Pare-brise;;product;true;true;VSF Centre;95,2;209,44;119;;8609AGSVW1B;false;2;R335 | R529;import;Doublon source consolide : controler quantites, prix et emplacements.
8609BGSP;LUN VT VW AMAROK PU 10-;LUNETTES;Lunette;;product;true;true;VSF Centre;99,78;219,52;124,73;;8609BGSP;false;1;R911;import;Rapprochement Odoo par default_code a effectuer.
8609BYPP;LUN PRIVACY VW AMAROK PU 10-;LUNETTES;Lunette;;product;true;true;VSF Centre;123,41;271,5;154,26;;8609BYPP;false;2;Centre;import;Doublon source consolide : controler quantites, prix et emplacements.
8609LYPP4RVW;DEFL ARG PRIVACY AMAROK 4P PU 10-;GLACES LATERALES;Glace laterale;;product;true;true;VSF Centre;82,24;180,93;102,8;;8609LYPP4RVW;false;2;Centre;import;Doublon source consolide : controler quantites, prix et emplacements.
8609RGSP2FD;DESC AVD VT 2/4P AMAROK 09/10-;GLACES LATERALES;Glace laterale;;product;true;true;VSF Centre;37,14;81,72;46,43;;8609RGSP2FD;false;2;Centre | GALLERIA;import;Doublon source consolide : controler quantites, prix et emplacements.
8609RGSP4RVW;DEFL ARD VT VW AMAROK 4P PU 10-;GLACES LATERALES;Glace laterale;;product;true;true;VSF Centre;192,6;423,72;240,75;;8609RGSP4RVW;false;1;R910;import;Rapprochement Odoo par default_code a effectuer.
8609RYPP4RD;GLACE DESCENDANTE ARRIÈRE DROIT PRIVACY AMAROK 4 PORTES COFFRE PICK UP 10-;GLACES LATERALES;Glace laterale;;product;true;true;AUTOS GM;168,67;168,67;168,67;;8609RYPP4RD;false;1;Centre;import;Rapprochement Odoo par default_code a effectuer.
8609RYPP4RVW;DEFL ARD PRIVACY AMAROK 4P PU 10-;GLACES LATERALES;Glace laterale;;product;true;true;VSF Centre;176;387,2;220;;8609RYPP4RVW;false;1;Centre;import;Rapprochement Odoo par default_code a effectuer.
8611AGAGYMVWZ;PB VTGY AC AUDI A6/C7 CAPT 10-11;PARE BRISE;Pare-brise;;product;true;true;VSF Centre;158,01;347,62;197,51;;8611AGAGYMVWZ;false;1;R610;import;Rapprochement Odoo par default_code a effectuer.
8612AGSMVZ1B;PB VT VW JETTA  CAPT   11-16;PARE BRISE;Pare-brise;;product;true;true;VSF Centre;150,51;331,13;188,14;;8612AGSMVZ1B;false;1;R515;import;Rapprochement Odoo par default_code a effectuer.
8613AGSVZ;PB VT VW UP/MII /CITIGO  11-;PARE BRISE;Pare-brise;;product;true;true;VSF Centre;78,77;173,29;98,46;;8613AGSVZ;false;4;R533 | R402 | R111 | R417;import;Doublon source consolide : controler quantites, prix et emplacements.
8613BGSHAI;LUNETTE TEINTÉ VERT VOLKSWAGEN UP ANTENNE INTÉGRÉE 12-;LUNETTES;Lunette;;product;true;true;AUTOS GM;238,54;238,54;238,54;;8613BGSHAI;false;2;Génipa | GENIPA;import;Doublon source consolide : controler quantites, prix et emplacements.
8613BGSHI;LUN VT VW UP       12-;LUNETTES;Lunette;;product;true;true;VSF Centre;80,8;177,76;101;;8613BGSHI;false;5;R102 | R205 | Dépôt 1 | R401 | R503;import;Doublon source consolide : controler quantites, prix et emplacements.
8613BYPHI;LUN.PRIVACY VW UP 12-;LUNETTES;Lunette;;product;true;true;VSF Centre;73,6;161,92;92;;8613BYPHI;false;2;Centre;import;Doublon source consolide : controler quantites, prix et emplacements.
8614AGAGYCMVZ6T;PB VTGY ACO AUDI Q3  LDW CAPT 12-;PARE BRISE;Pare-brise;;product;true;true;VSF Centre;162,38;357,24;202,98;;8614AGAGYCMVZ6T;false;1;Centre;import;Rapprochement Odoo par default_code a effectuer.
8614AGAGYMVZ1P;PB VTGY ACO AUDI Q3  CAPT 11-15;PARE BRISE;Pare-brise;;product;true;true;VSF Centre;136,47;300,24;170,59;;8614AGAGYMVZ1P;false;13;R312 | R631 | R638 | R934 | R627 | R620 | R722 | R202 | R726 | R724 | R636 | R405;import;Doublon source consolide : controler quantites, prix et emplacements.
8614AGAGYMVZ6P;PB VTGY ACO.AUDI Q3 +CAPT.15-;PARE BRISE;Pare-brise;;product;true;true;VSF Centre;132;290,4;165;;8614AGAGYMVZ6P;false;9;R405 | R408 | Centre | R323 | R321 | R608 | R622;import;Doublon source consolide : controler quantites, prix et emplacements.
8614AGAGYVZ;PB VTGY ACO AUDI Q3 11-19;PARE BRISE;Pare-brise;;product;true;true;VSF Centre;144,28;317,42;180,35;;8614AGAGYVZ;false;1;R605;import;Rapprochement Odoo par default_code a effectuer.
8614AGSVZ;PB VT AUDI Q3 11-;PARE BRISE;Pare-brise;;product;true;true;VSF Centre;116,43;256,15;145,54;;8614AGSVZ;false;4;R318 | R611 | R712 | R431;import;Doublon source consolide : controler quantites, prix et emplacements.
8614BGSRAIJX;LUNETTE TEINTÉ VERT AUDI Q3 ANTENNE INTÉGRÉE ANTENNE TV 11-;LUNETTES;Lunette;;product;true;true;AUTOS GM;322,78;322,78;322,78;;8614BGSRAIJX;false;2;Centre | R931;import;Doublon source consolide : controler quantites, prix et emplacements.
8614BGSRAIX;LUN VT AUDI Q3  ANT 11-19;LUNETTES;Lunette;;product;true;true;VSF Centre;122,86;270,3;153,58;;8614BGSRAIX;false;1;R920;import;Rapprochement Odoo par default_code a effectuer.
8614LGSR5FD;GLACE DESCENDANTE AVANT GAUCHE TEINTÉ VERT AUDI Q3 11-;GLACES LATERALES;Glace laterale;;product;true;true;AUTOS GM;91,46;91,46;91,46;;8614LGSR5FD;false;4;Centre | R908 | R902 | R929;import;Doublon source consolide : controler quantites, prix et emplacements.
8614LGSR5RD;DESC ARG VT AUDI Q3 11-19;GLACES LATERALES;Glace laterale;;product;true;true;VSF Centre;40,04;88,09;50,05;;8614LGSR5RD;false;1;GALLERIA;import;Rapprochement Odoo par default_code a effectuer.
8614LGSR5RQZ;CUST ARG VT AUDI Q3 11-19;GLACES LATERALES;Glace laterale;;product;true;true;VSF Centre;56,18;123,59;70,22;;8614LGSR5RQZ;false;1;T001;import;Rapprochement Odoo par default_code a effectuer.
8614LGSR5RQZ1D;CUSTODE ARRIÈRE GAUCHE TEINTÉ VERT AUDI Q3  NOIR    12-;GLACES LATERALES;Glace laterale;;product;true;true;AUTOS GM;132,65;132,65;132,65;;8614LGSR5RQZ1D;false;1;Centre;import;Rapprochement Odoo par default_code a effectuer.
8614LYPR5RQZ1D;CUST ARG PRIVACY AUDI Q3 NOIR 11-;GLACES LATERALES;Glace laterale;;product;true;true;VSF Centre;55,08;121,18;68,85;;8614LYPR5RQZ1D;false;1;Centre;import;Rapprochement Odoo par default_code a effectuer.
8614RGSR5FD;DESC AVD VT AUDI Q3  11-;GLACES LATERALES;Glace laterale;;product;true;true;VSF Centre;31,82;70,01;39,78;;8614RGSR5FD;false;3;Centre;import;Doublon source consolide : controler quantites, prix et emplacements.
8614RGSR5RQZ;LAT ARD AUDI Q3;GLACES LATERALES;Glace laterale;;product;true;true;AUTO GM;167;367,4;196,47;;;false;1;GALLERIA;import;Rapprochement Odoo par default_code a effectuer.
8614RYPR5RD;VITRE LATERALE ARG AUDI Q3;GLACES LATERALES;Glace laterale;;product;true;true;BLUE AUTO;131,86;131,86;131,86;;8614RYPR5RD;false;1;GALLERIA;import;Rapprochement Odoo par default_code a effectuer.
8616AGAGYMVWZ;PB VTGY ACO AUDI A3 CAPT12-15;PARE BRISE;Pare-brise;;product;true;true;VSF Centre;117,8;259,16;147,25;;8616AGAGYMVWZ;false;1;R222;import;Rapprochement Odoo par default_code a effectuer.
8616AGAMVWZ1B;PB VT ACO AUDI A3 3/5P CAPT 12-15;PARE BRISE;Pare-brise;;product;true;true;VSF Centre;108,44;238,57;135,55;;8616AGAMVWZ1B;false;2;R606 | R537;import;Doublon source consolide : controler quantites, prix et emplacements.
8616AGAMVWZ1T;PB VT ACO AUDI A3 3/5P CAPT        15-;PARE BRISE;Pare-brise;;product;true;true;VSF Centre;146,99;323,38;183,74;;8616AGAMVWZ1T;false;1;R511;import;Rapprochement Odoo par default_code a effectuer.
8616AGSGYMVWZ;PB VTGY AUDI A3 3/5P CAPT          12-15;PARE BRISE;Pare-brise;;product;true;true;VSF Centre;117,83;259,23;147,29;;8616AGSGYMVWZ;false;1;GALLERIA;import;Rapprochement Odoo par default_code a effectuer.
8616AGSMVWZ;PB VT AUDI A3+CAPT.    12-;PARE BRISE;Pare-brise;;product;true;true;VSF Centre;95,2;209,44;119;;8616AGSMVWZ;false;6;R304 | R311 | R602 | R738 | R608 | R434;import;Doublon source consolide : controler quantites, prix et emplacements.
8616BGSHAI;LUNETTE TEINTÉ VERT AUDI A3 3 PORTES ANTENNE INTÉGRÉE 12-;LUNETTES;Lunette;;product;true;true;AUTOS GM;288,96;288,96;288,96;;8616BGSHAI;false;1;Centre;import;Rapprochement Odoo par default_code a effectuer.
8616BGSHAI1J;LUN VT AUDI A3 5P   ANT            12-;LUNETTES;Lunette;;product;true;true;VSF Centre;96,28;211,81;126,68;;;false;1;R926;import;Rapprochement Odoo par default_code a effectuer.
8616RGSH3FD;DESC AVD VT AUDI A3 3P             12-;GLACES LATERALES;Glace laterale;;product;true;true;VSF Centre;39,58;87,07;49,47;;8616RGSH3FD;false;1;R901;import;Rapprochement Odoo par default_code a effectuer.
8616RGSH5RD;DESC. ARD TEINTÉ VERT AUDI A3 5 PORTES HAYON 11-;GLACES LATERALES;Glace laterale;;product;true;true;AUTOS GM;73,95;73,95;73,95;;8616RGSH5RD;false;1;Centre;import;Rapprochement Odoo par default_code a effectuer.
8617AGAMVW1B;PB VT AC COCCINELLE CAPT TOIT TOLE 11-18;PARE BRISE;Pare-brise;;product;true;true;VSF Centre;134,02;294,85;167,53;;8617AGAMVW1B;false;3;R323 | R818 | R618;import;Doublon source consolide : controler quantites, prix et emplacements.
8617AGSAIMVW1F;PB VT COCCINELLE CAP  ANT TOIT VERRE 13-;PARE BRISE;Pare-brise;;product;true;true;VSF Centre;142,07;312,56;177,59;;8617AGSAIMVW1F;false;2;R216 | R301;import;Doublon source consolide : controler quantites, prix et emplacements.
8617AGSAIMVWZ95;PB VT VW COCCINELLE ANT CAPT 14-18;PARE BRISE;Pare-brise;;product;true;true;VSF Centre;183,61;403,94;229,51;;8617AGSAIMVWZ95;false;1;R631;import;Rapprochement Odoo par default_code a effectuer.
8617RGSH3FD;DESC AVD VT VW COCCINELLE 11-18;GLACES LATERALES;Glace laterale;;product;true;true;VSF Centre;45,22;99,48;59,5;;;false;1;R908;import;Rapprochement Odoo par default_code a effectuer.
8618ACKKMVWZ7B;PB VT VW E-GOLF VII CHAUF CAPT     16-20;PARE BRISE;Pare-brise;;product;true;true;Auto GM;1246,14;1246,14;;;;false;1;GALLERIA;import;Rapprochement Odoo par default_code a effectuer.
8618AGACMVWZ6P;PB VT ACO VW GOLF VII  CAPT LDW 16-;PARE BRISE;Pare-brise;;product;true;true;VSF Centre;148,26;326,16;185,32;;8618AGACMVWZ6P;false;4;Centre | R521 | R529 | R526;import;Doublon source consolide : controler quantites, prix et emplacements.
8618AGAMVZ1W;PB VT ACO GOLF VII TOLE  CAPT  16-20;PARE BRISE;Pare-brise;;product;true;true;VSF Centre;171,94;378,26;214,92;;8618AGAMVZ1W;false;3;GENIPA | R735 | R537;import;Doublon source consolide : controler quantites, prix et emplacements.
8618AGSHMVZ2P;PB VT VW E-GOLF VII CHAUF CAPT     16-20;PARE BRISE;Pare-brise;;product;true;true;VSF Centre;224,95;494,89;281,19;;;false;1;GENIPA;import;Rapprochement Odoo par default_code a effectuer.
8618AGSMVZ1P;PB VT VW GOLF VII+ CAPT.    12-;PARE BRISE;Pare-brise;;product;true;true;VSF Centre;80,8;177,76;101;;8618AGSMVZ1P;false;15;R328 | R204 | R526 | R523 | GALLERIA | R429 | R533 | R622 | R525 | R514 | R509 | R733 | R627 | R625;import;Doublon source consolide : controler quantites, prix et emplacements.
8618AGSVZ;PB VT VW GOLF VII    12-;PARE BRISE;Pare-brise;;product;true;true;VSF Centre;73,52;161,74;91,9;;8618AGSVZ;false;8;R301 | R303 | R316 | R505 | R515 | R420 | R723 | R809;import;Doublon source consolide : controler quantites, prix et emplacements.
8618BGSHAIJ1F;LUN VT VW GOLF 7 3/5P   4 ANT TV  12-20;LUNETTES;Lunette;;product;true;true;VSF Centre;82,14;180,71;108,08;;;false;1;Galléria;import;Rapprochement Odoo par default_code a effectuer.
8618LGSH3FD;DESC AVG VT VW GOLF VII 3P         12-15;GLACES LATERALES;Glace laterale;;product;true;true;VSF Centre;40,4;88,88;53,16;;;false;1;GENIPA;import;Rapprochement Odoo par default_code a effectuer.
8618LGSH3FQZ;CUST AVG VT VW GOLF VII 3/5P 12-20;GLACES LATERALES;Glace laterale;;product;true;true;VSF Centre;36,6;80,52;45,75;;8618LGSH3FQZ;false;2;R908;import;Doublon source consolide : controler quantites, prix et emplacements.
8618LGSH5FD;DESC AVG VT VW GOLF VII 5P  12-20;GLACES LATERALES;Glace laterale;;product;true;true;VSF Centre;24,38;53,63;30,47;;8618LGSH5FD;false;1;T005;import;Rapprochement Odoo par default_code a effectuer.
8618RGPH3RQZ;CUST ARG VT FONCEE VW GOLF VII 3P 12-20;GLACES LATERALES;Glace laterale;;product;true;true;VSF Centre;98,91;217,61;123,64;;8618RGPH3RQZ;false;1;R222;import;Rapprochement Odoo par default_code a effectuer.
8618RGSH3FQZ;CUST AVD VT VW GOLF VII 3/5P 12-20;GLACES LATERALES;Glace laterale;;product;true;true;VSF Centre;31,67;69,68;39,59;;8618RGSH3FQZ;false;3;T010 | JT002;import;Doublon source consolide : controler quantites, prix et emplacements.
8618RGSH3RQZ;CUST ARD VT VW GOLF VII 3P 12-;GLACES LATERALES;Glace laterale;;product;true;true;Concess FR;119,34;262,55;119,34;;8618RGSH3RQZ;false;1;Centre;import;Rapprochement Odoo par default_code a effectuer.
8618RGSH5FD;DESC AVD VT VW GOLF VII 5P  12-20;GLACES LATERALES;Glace laterale;;product;true;true;VSF Centre;38,02;83,64;47,52;;;false;1;GENIPA;import;Rapprochement Odoo par default_code a effectuer.
8618RGSH5RDW;DESC ARD VT VW GOLF VII 5P  12-20;GLACES LATERALES;Glace laterale;;product;true;true;VSF Centre;30,24;66,53;37,8;;;false;1;R916;import;Rapprochement Odoo par default_code a effectuer.
8618RGSH5RVWZ;DÉFLECTEUR ARRIÈRE DROIT TEINTÉ VERT VOLKSWAGEN GOLF VII 5 PORTES HAYON 12-20MO  1.00;GLACES LATERALES;Glace laterale;;product;true;true;AUTOS GM;70,07;70,07;70,07;;8618RGSH5RVWZ;false;1;Centre;import;Rapprochement Odoo par default_code a effectuer.
8622AGAMVZ;PB VT AC GOLF SPORTSVAN  CAPT 14-16;PARE BRISE;Pare-brise;;product;true;true;VSF Centre;116;255,2;145;;8622AGAMVZ;false;2;R224 | R603;import;Doublon source consolide : controler quantites, prix et emplacements.
8624AGSCMVZ;PB VT AUDI TT 3 CPE CAPT LDW 14-;PARE BRISE;Pare-brise;;product;true;true;VSF Centre;159,96;351,91;199,95;;8624AGSCMVZ;false;1;R720;import;Rapprochement Odoo par default_code a effectuer.
8627AGACMVZ1C;PB VT AC VW TIGUAN 2  CAPT LDW 16-;PARE BRISE;Pare-brise;;product;true;true;VSF Centre;133,98;294,76;167,48;;8627AGACMVZ1C;false;19;Centre | R224 | R421 | Galléria | R605 | R521 | R519 | R529 | R326 | R537 | R634 | R702 | R610 | R414 | R416 | R738 | R434 | R726;import;Doublon source consolide : controler quantites, prix et emplacements.
8627AGACMVZ1D;PB VT ACO VW TIGUAN 2  CAPT CAM 20-;PARE BRISE;Pare-brise;;product;true;true;VSF Centre;135,99;299,18;169,99;;8627AGACMVZ1D;false;2;R606 | R706;import;Doublon source consolide : controler quantites, prix et emplacements.
8627BGPRAI1F;LUN VT FONCEE VW TIGUAN 2 ANT 16-;LUNETTES;Lunette;;product;true;true;VSF Centre;135,46;298;169,32;;;false;1;GALLERIA;import;Rapprochement Odoo par default_code a effectuer.
8627BGSRAI1F;LUN VT VW TIGUAN 2 ANT   16-;LUNETTES;Lunette;;product;true;true;VSF Centre;93,06;204,72;116,32;;8627BGSRAI1F;false;1;Centre;import;Rapprochement Odoo par default_code a effectuer.
8627RGPR5RVZ;DEFL ARD VT FONC TIGUAN 2 ENCAP 16-;GLACES LATERALES;Glace laterale;;product;true;true;VSF Centre;47,56;104,63;59,45;;;false;1;R908;import;Rapprochement Odoo par default_code a effectuer.
8627RGSR5FVZ;DEFL AVD VT VW TIGUAN 2  16-;GLACES LATERALES;Glace laterale;;product;true;true;VSF Centre;23,8;52,36;29,75;;8627RGSR5FVZ;false;1;R912;import;Rapprochement Odoo par default_code a effectuer.
8631AGACMVZ10;PB VT ACO AUDI A4 CAPT CAM 16-;PARE BRISE;Pare-brise;;product;true;true;VSF Centre;169,08;371,99;222,48;;;false;1;GALLERIA;import;Rapprochement Odoo par default_code a effectuer.
8632AGSGYCMVZ1D;PB VTGY AUDI Q2 CAPT CAM   16-;PARE BRISE;Pare-brise;;product;true;true;VSF Centre;153,49;337,67;191,86;;8632AGSGYCMVZ1D;false;2;R622 | R709;import;Doublon source consolide : controler quantites, prix et emplacements.
8632AGSGYMVZ1D;PARE-BRISE TEINTÉ VERT DÉGRADÉ GRIS AUDI Q2  CAPTEUR DE PLUIE      16-MO 2.50;PARE BRISE;Pare-brise;;product;true;true;AUTOS GM;299,97;299,97;299,97;;8632AGSGYMVZ1D;false;5;Centre | R507 | R722 | R726 | GENIPA;import;Doublon source consolide : controler quantites, prix et emplacements.
8632AGSMVZ;PB VT AUDI Q2  CAPT        16-;PARE BRISE;Pare-brise;;product;true;true;VSF Centre;143,02;314,65;178,78;;8632AGSMVZ;false;1;R402;import;Rapprochement Odoo par default_code a effectuer.
8632AGSMVZ1D;PB VT AUDI Q2  CAPT        16-;PARE BRISE;Pare-brise;;product;true;true;VSF Centre;151,43;333,15;189,29;;8632AGSMVZ1D;false;2;R723 | GALLERIA;import;Doublon source consolide : controler quantites, prix et emplacements.
8632BGSRAIX;LUNETTE TEINTÉ VERT AUDI Q2  ANTENNE INTÉGRÉE         16-MO 2.50;LUNETTES;Lunette;;product;true;true;AUTOS GM;275;275;275;;8632BGSRAIX;false;2;Centre | GALLERIA;import;Doublon source consolide : controler quantites, prix et emplacements.
8632BYPRAIX;LUN PRIVACY AUDI Q2  ANT  16-;LUNETTES;Lunette;;product;true;true;VSF Centre;116;255,2;145;;8632BYPRAIX;false;1;GALLERIA;import;Rapprochement Odoo par default_code a effectuer.
8632LGSR5RD;DESC ARG VT AUDI Q2      16-;GLACES LATERALES;Glace laterale;;product;true;true;VSF Centre;36,76;80,87;45,95;;8632LGSR5RD;false;1;Centre;import;Rapprochement Odoo par default_code a effectuer.
8632LGSR5RVZ;DÉFLECTEUR ARRIÈRE GAUCHE TEINTÉ VERT AUDI Q2 16-MO 0.60;GLACES LATERALES;Glace laterale;;product;true;true;AUto GM;134,98;134,98;134,98;;8632LGSR5RVZ;false;2;GALLERIA;import;Doublon source consolide : controler quantites, prix et emplacements.
8632RGSR5RVZ;DÉFLECTEUR ARRIÈRE DROIT TEINTÉ VERT AUDI Q2      16-MO 0.60;GLACES LATERALES;Glace laterale;;product;true;true;AUTOS GM;114,18;114,18;114,18;;8632RGSR5RVZ;false;1;Centre;import;Rapprochement Odoo par default_code a effectuer.
8632RYPR5RVZ;DÉFLECTEUR ARRIÈRE DROIT PRIVACY (NOIR) AUDI Q2      16-MO 0.60;GLACES LATERALES;Glace laterale;;product;true;true;AUTOS GM;114,73;114,73;114,73;;8632RYPR5RVZ;false;1;Centre;import;Rapprochement Odoo par default_code a effectuer.
8634BYPRAIX;LUN PRIV AUDI Q5 II  ANT ALARME  17-;LUNETTES;Lunette;;product;true;true;VSF Centre;158,62;348,96;198,27;;;false;1;GENIPA;import;Rapprochement Odoo par default_code a effectuer.
8634LGAR5FDKW;GLACE DESCENDANTE AVANT GAUCHE TEINTÉ VERT VITRAGE FEUILLETÉ AC AUDI Q5 II 17-;GLACES LATERALES;Glace laterale;;product;true;true;AUTOS GM;280;280;280;;8634LGAR5FDKW;false;1;Centre;import;Rapprochement Odoo par default_code a effectuer.
8634RGSR5FD;DESC AVD VT AUDI Q5 II   17-;GLACES LATERALES;Glace laterale;;product;true;true;VSF Centre;42,87;94,32;53,59;;8634RGSR5FD;false;1;R908;import;Rapprochement Odoo par default_code a effectuer.
8635AGSIVZ2C;PB VT VW CRAFTER EMB    19-;PARE BRISE;Pare-brise;;product;true;true;VSF Centre;157,6;346,72;197;;;false;1;R720;import;Rapprochement Odoo par default_code a effectuer.
8635LGSV2FD;DESC AVG VT VW CRAFTER    17-;GLACES LATERALES;Glace laterale;;product;true;true;VSF Centre;45,82;100,81;57,28;;8635LGSV2FD;false;2;R914 | R924;import;Doublon source consolide : controler quantites, prix et emplacements.
8635RGSV2FV;DEFL AVD VT VW CRAFTER    17-;GLACES LATERALES;Glace laterale;;product;true;true;VSF Centre;28,28;62,22;35,35;;8635RGSV2FV;false;1;R222;import;Rapprochement Odoo par default_code a effectuer.
8640AGSMVZ1C;PB VT VW POLO VI  CAPT    17-;PARE BRISE;Pare-brise;;product;true;true;VSF Centre;112,86;248,3;141,08;;8640AGSMVZ1C;false;4;R611 | R214 | R506 | R426;import;Doublon source consolide : controler quantites, prix et emplacements.
8640AGSVZ;PB VT VW POLO VI TOIT TOLE   17-;PARE BRISE;Pare-brise;;product;true;true;VSF Centre;126,62;278,56;158,27;;8640AGSVZ;false;14;Centre | R912 | R519 | R531 | R610 | R515 | R628 | GALLERIA | R532 | GENIPA | R434 | R414 | R630;import;Doublon source consolide : controler quantites, prix et emplacements.
8640AGSVZ1D;PB VT VW POLO VI TOIT VERRE   17-;PARE BRISE;Pare-brise;;product;true;true;VSF Centre;115,25;253,55;144,06;;8640AGSVZ1D;false;1;R511;import;Rapprochement Odoo par default_code a effectuer.
8640BGSHAI1F;LUN VT VW POLO VI  ANT      17-;LUNETTES;Lunette;;product;true;true;VSF Centre;94,78;208,52;118,48;;8640BGSHAI1F;false;1;R921;import;Rapprochement Odoo par default_code a effectuer.
8640LGSH5RD;DESC ARG VT VW POLO VI 5P    17-;GLACES LATERALES;Glace laterale;;product;true;true;VSF Centre;23,9;52,59;29,88;;8640LGSH5RD;false;2;Centre | R912;import;Doublon source consolide : controler quantites, prix et emplacements.
8640LGSH5RQZ;CUST ARG VT VW POLO VI 5P    17-;GLACES LATERALES;Glace laterale;;product;true;true;VSF Centre;38,64;85,01;48,3;;8640LGSH5RQZ;false;1;D2;import;Rapprochement Odoo par default_code a effectuer.
8640RGSH5RD;DESC ARD VT VW POLO VI 5P    17-;GLACES LATERALES;Glace laterale;;product;true;true;VSF Centre;21,43;47,15;26,79;;8640RGSH5RD;false;1;Caisse D2;import;Rapprochement Odoo par default_code a effectuer.
8640RGSH5RQZ;CUST ARD TV VOLKSWAGEN POLO VI 5 P HAYON;GLACES LATERALES;Glace laterale;;product;true;true;AUTOS GM;85,29;85,29;100,34;;8640RGSH5RQZ;false;1;GALLERIA;import;Rapprochement Odoo par default_code a effectuer.
8641AGACMVZ;PB VT AC VW T-ROC CAPT LDW      17-;PARE BRISE;Pare-brise;;product;true;true;VSF Centre;139,29;306,43;174,11;;8641AGACMVZ;false;2;R507 | R425;import;Doublon source consolide : controler quantites, prix et emplacements.
8641AGACMVZ1D;PB TV AC VW T-ROC CAPTEUR DE PLUIE CAMÉRA(S);PARE BRISE;Pare-brise;;product;true;true;MPB;750;750;750;;8641AGACMVZ1D;false;2;GALLERIA | R407;import;Doublon source consolide : controler quantites, prix et emplacements.
8641BGSRAI;LUN VT VW T-ROC   ANT      17-;LUNETTES;Lunette;;product;true;true;VSF Centre;96,13;211,48;120,16;;8641BGSRAI;false;1;R921;import;Rapprochement Odoo par default_code a effectuer.
8641BYPRAI;LUN PRIV VW T-ROC   ANT      17-;LUNETTES;Lunette;;product;true;true;VSF Centre;124,35;273,57;155,44;;8641BYPRAI;false;1;R213;import;Rapprochement Odoo par default_code a effectuer.
8641LGSR5RVWZ;DEFL ARG VT VW T-ROC   17-;GLACES LATERALES;Glace laterale;;product;true;true;VSF Centre;47,08;103,58;58,85;;8641LGSR5RVWZ;false;1;T101;import;Rapprochement Odoo par default_code a effectuer.
8641RGSR5RDW;GLACE DESCENDANTE ARRIÈRE DROIT TEINTÉ VERT VOLKSWAGEN T-ROC   17-MO 0.70;GLACES LATERALES;Glace laterale;;product;true;true;AUTOS GM;62,78;62,78;62,78;;8641RGSR5RDW;false;1;Galléria;import;Rapprochement Odoo par default_code a effectuer.
8647AGSCMVZ;PB VT AUDI A1 II CAPT LDW   18-;PARE BRISE;Pare-brise;;product;true;true;VSF Centre;120,98;266,16;151,23;;8647AGSCMVZ;false;3;R623 | Galléria | R505;import;Doublon source consolide : controler quantites, prix et emplacements.
8647AGSCMVZ1L;PB VT AUDI A1 II CAPT CAM   20-;PARE BRISE;Pare-brise;;product;true;true;VSF Centre;154,66;340,24;193,32;;;false;1;R408;import;Rapprochement Odoo par default_code a effectuer.
8648AGACIMVZ;PB VT AC AUDI Q3 II CAPT CAM   19-;PARE BRISE;Pare-brise;;product;true;true;VSF Centre;200,57;441,26;263,91;;;false;1;R432;import;Rapprochement Odoo par default_code a effectuer.
8648AGACMVZ;PB VT AC AUDI Q3 II CAPT CAM   19-;PARE BRISE;Pare-brise;;product;true;true;VSF Centre;180,62;397,36;225,77;;8648AGACMVZ;false;1;R427;import;Rapprochement Odoo par default_code a effectuer.
8648AGACMVZ1L;PB VT AC AUDI Q3 II CAPT CAM   19-;PARE BRISE;Pare-brise;;product;true;true;VSF Centre;172,57;379,65;215,71;;8648AGACMVZ1L;false;2;R520 | GENIPA;import;Doublon source consolide : controler quantites, prix et emplacements.
8649AGSCMVZ1D;PB VT VW T-CROSS CAPT CAM       19-;PARE BRISE;Pare-brise;;product;true;true;VSF Centre;115,56;254,23;144,45;;8649AGSCMVZ1D;false;2;R601 | DOMICILE;import;Doublon source consolide : controler quantites, prix et emplacements.
8649AGSCMVZ1L;PB VT VW T-CROSS CAPT CAM       19-;PARE BRISE;Pare-brise;;product;true;true;VSF Centre;159,2;350,24;199;;8649AGSCMVZ1L;false;1;R606;import;Rapprochement Odoo par default_code a effectuer.
8649BGSRAI;LUN VT VW T-CROSS ANT       19-;LUNETTES;Lunette;;product;true;true;VSF Centre;90,6;199,32;113,25;;8649BGSRAI;false;3;R136 | GALLERIA | R921;import;Doublon source consolide : controler quantites, prix et emplacements.
8649LGSR5RVZ;DEFL ARG VT VW T-CROSS        19-;GLACES LATERALES;Glace laterale;;product;true;true;VSF Centre;49,6;109,12;62;;;false;1;R902;import;Rapprochement Odoo par default_code a effectuer.
8650AGACMVZ1D;PB VT ACO VW GOLF 8 CAPT CAM  20-;PARE BRISE;Pare-brise;;product;true;true;VSF Centre;148;325,6;185;;8650AGACMVZ1D;false;3;R537 | GALLERIA | R727;import;Doublon source consolide : controler quantites, prix et emplacements.
8653AGACMVZ1L;PB VT AC Q3 SPORTBACK CAPT CAM 19-;PARE BRISE;Pare-brise;;product;true;true;VSF Centre;204,58;450,08;255,73;;8653AGACMVZ1L;false;1;R623;import;Rapprochement Odoo par default_code a effectuer.
8659AGAVZ;PB VT ACO VW CADDY  21-;PARE BRISE;Pare-brise;;product;true;true;VSF Centre;127,93;281,44;159,91;;8659AGAVZ;false;2;CASSE | R628;import;Doublon source consolide : controler quantites, prix et emplacements.
8659RGSV5RD1J;DESC ARD VT VW CADDY 5P/VAN/LWB 21-;GLACES LATERALES;Glace laterale;;product;true;true;VSF Centre;63,45;139,59;79,31;;;false;1;Dcarton;import;Rapprochement Odoo par default_code a effectuer.
876112E200;GLACE RÉTRO AVG HYUNDAI TUCSON;RETROVISEUR;Autres;Retroviseur EXT;product;true;true;VSF Centre;52,85;52,85;52,85;;876112E200;false;1;Centre;import;Rapprochement Odoo par default_code a effectuer.
878101H200;CUST ARG KIA PRO CEE D 07-13;GLACES LATERALES;Glace laterale;;product;true;true;AUTOS GM;187,1;187,1;187,1;;878101H200;false;1;Centre;import;Rapprochement Odoo par default_code a effectuer.
8794042830;RETRO AVG EL RAV 4 06- CHAUFF;RETROVISEUR;Autres;Retroviseur EXT;product;true;true;DPA;248,99;547,79;276,66;;8794042830;false;1;GALLERIA;import;Rapprochement Odoo par default_code a effectuer.
8823AGN;PB VT VOLVO FH12/16 FM10/12 11/93-13;PARE BRISE;Pare-brise;;product;true;true;VSF Centre;111,2;244,64;139;;8823AGN;false;1;Centre;import;Rapprochement Odoo par default_code a effectuer.
8823AGNC;PB VT VOLVO FH / FM10/16 CAM 93-13;PARE BRISE;Pare-brise;;product;true;true;VSF Centre;154,46;339,82;193,08;;8823AGNC;false;1;R520;import;Rapprochement Odoo par default_code a effectuer.
8823ASRL;JT PB VOLVO FH10/FH12 93-00;JOINTS;Joint;;product;true;true;VSF Centre;42,99;94,58;53,74;;8823ASRL;false;1;Centre;import;Rapprochement Odoo par default_code a effectuer.
8823ASRL1H;JT PB VOLVO FH                     01-13;JOINTS;Joint;;product;true;true;VSF Centre;133,3;293,25;166,62;;8823ASRL1H;false;1;JDESSUS;import;Rapprochement Odoo par default_code a effectuer.
8824ASMST;JC SUP PB VOLVO S40/V40/MITSU CARISMA;JOINTS;Joint;;product;true;true;VSF Centre;8,17;17,98;12,02;;;false;1;J11A;import;Rapprochement Odoo par default_code a effectuer.
8831AGSBLMVZ1R;PB VTBL VOLVO XC90   CAPT          02-14;PARE BRISE;Pare-brise;;product;true;true;VSF Centre;150,22;330,49;187,78;;8831AGSBLMVZ1R;false;2;R714 | GENIPA;import;Doublon source consolide : controler quantites, prix et emplacements.
8832AGSMVZ2R;PB VT VOLVO C30/V50 / S40+CAPT 07-12;PARE BRISE;Pare-brise;;product;true;true;VSF Centre;96,41;212,1;120,51;;8832AGSMVZ2R;false;2;Centre | R526;import;Doublon source consolide : controler quantites, prix et emplacements.
8839BYPRI;LUN PRIVACY VOLVO XC90            15-;LUNETTES;Lunette;;product;true;true;VSF Centre;225,96;497,12;297,32;;;false;1;R419;import;Rapprochement Odoo par default_code a effectuer.
8840AGNMPVWZ1R;PB VT VOLVO XC60   CAPT CAM   08-10;PARE BRISE;Pare-brise;;product;true;true;VSF Centre;172,8;380,16;216;;8840AGNMPVWZ1R;false;1;R514;import;Rapprochement Odoo par default_code a effectuer.
8840LGSR5FDKNW;GLACE DESCENDANTE AVANT GAUCHE TEINTÉ VERT VITRAGE FEUILLETÉ VOLVO XC 60 08-17MO 0.50;GLACES LATERALES;Glace laterale;;product;true;true;MARTINIQUE AUTO;765,46;765,46;765,46;;8840LGSR5FDKNW;false;1;GALLERIA;import;Rapprochement Odoo par default_code a effectuer.
8841AGNMPVWZ3R;PB VT VOLVO S60/V60 CAPT CAM      10-18;PARE BRISE;Pare-brise;;product;true;true;VSF Centre;143,01;314,62;178,76;;8841AGNMPVWZ3R;false;1;R615;import;Rapprochement Odoo par default_code a effectuer.
8846AGCCGMVZ1M;PB VT ABS VOLVO XC60  CAPT CAM 17-;PARE BRISE;Pare-brise;;product;true;true;VSF Centre;171,97;378,33;214,96;;8846AGCCGMVZ1M;false;2;R703 | R206;import;Doublon source consolide : controler quantites, prix et emplacements.
8846AGCCMVZ1X;PARE-BRISE TEINTÉ VERT ABSORBANT ACOUSTIQUE XC60 CAPTEUR DE PLUIE CAMÉRA(S) 17-MO 2.00;PARE BRISE;Pare-brise;;product;true;true;MARTINIQUE AUTO;751,36;751,36;751,36;;8846AGCCMVZ1X;false;1;GENIPA;import;Rapprochement Odoo par default_code a effectuer.
8846BYPRI;LUN PRIVACY VOLVO XC60 17-;LUNETTES;Lunette;;product;true;true;VSF Centre;190,49;419,07;238,11;;;false;1;R919;import;Rapprochement Odoo par default_code a effectuer.
8847AGACHMVZ1M;PB VT AC XC40 CHAUF CAPT CAM 17-;PARE BRISE;Pare-brise;;product;true;true;VSF Centre;255,09;561,19;318,86;;8847AGACHMVZ1M;false;1;R526;import;Rapprochement Odoo par default_code a effectuer.
8847AGACMVZ1M;PB VT AC VOLVO XC40 CAPT CAM 17-;PARE BRISE;Pare-brise;;product;true;true;VSF Centre;251,1;552,41;313,87;;8847AGACMVZ1M;false;4;R733 | R206 | R726 | R416;import;Doublon source consolide : controler quantites, prix et emplacements.
8847LGSR5FD;DESC AVG VT VOLVO XC40     17-;GLACES LATERALES;Glace laterale;;product;true;true;VSF Centre;74,12;163,06;92,65;;8847LGSR5FD;false;1;R901;import;Rapprochement Odoo par default_code a effectuer.
88926;FEU ARD TWINGO 1        00-07;FEU;Autres;Optique;product;true;true;VSF Centre;34,16;75,15;34,16;;88926;false;1;Centre;import;Rapprochement Odoo par default_code a effectuer.
8983910630;DESC AVD ISUZU SERIE N;GLACES LATERALES;Glace laterale;;product;true;true;LANES AUTO;272,08;272,08;272,08;;8983910630;false;1;Centre;import;Rapprochement Odoo par default_code a effectuer.
8R0941029L;PHARE G;OPTIQUE;Autres;Optique;product;true;true;AUTOS GM;478,52;478,52;562,97;;8R0941029L;false;1;GENIPA;import;Rapprochement Odoo par default_code a effectuer.
8T0941699M;FEU A/BR AVG;OPTIQUE;Autres;Optique;product;true;true;AUTOS GM;133,28;133,28;156,8;;8T0941699M;false;1;GENIPA;import;Rapprochement Odoo par default_code a effectuer.
8U0857511C DT4;RETROVISEUR INT AUDI A1 I SPORTBACK (8X) PHASE 1 - 5P 2012-01->2015-06 1.2TFSI 85;RETROVISEUR INT;Autres;Retroviseur INT;product;true;false;AUTOS GM;149,09;149,09;149,09;;8U0857511C DT4;false;1;GALLERIA;exclusion_format_eurocode;Rapprochement Odoo par default_code a effectuer. EXCLUE DE L'IMPORT (decision RPBM du 2026-08-05, D3) : format d'eurocode suspect (annotation, code constructeur, texte libre). Sans x_studio_eurocode valide, la fiche serait invisible au widget rpbm_agent et non synchronisable. A reprendre a la main dans le fichier Excel si la reference doit exister.
8U0857593;CACHE RETRO AUDI Q3;CACHE RETRO;Autres;Cache retro;product;true;true;AUTOS GM;14,82;14,82;18,53;;;false;1;DOMICILE;import;Rapprochement Odoo par default_code a effectuer.
8U0980295A;CACHE LDW AUDI Q3;AUTRES;Autres;;product;true;true;VSF Centre;4,74;10,43;4,74;;8U0980295A;false;1;Centre;import;Rapprochement Odoo par default_code a effectuer.
8X0857593AADT4;CACHE RETRO AUDI A1;AUTRES;Autres;;product;true;true;VSF Centre;33,58;73,87;41,97;;8X0857593AADT4;false;2;? | T101;import;Doublon source consolide : controler quantites, prix et emplacements.
92102C8000;FEU AV DROIT HYUNDAI I20 II PHASE 2 - 5P 2018-07-> 1.2i 84;FEU;Autres;Optique;product;true;true;CENTRE AUTO;409,39;409,39;409,39;;92102C8000;false;1;GALLERIA;import;Rapprochement Odoo par default_code a effectuer.
92102F1010;PHARE AVD/HALOGENE-L;OPTIQUES;Autres;Optique;product;true;true;AUTO GM;925,26;925,26;1088,54;;;false;1;GENIPA;import;Rapprochement Odoo par default_code a effectuer.
9221HG;MECANISME LV;MECANISME LV;Autres;Leve-vitre;product;true;true;BLUE AUTO;358,2;358,2;358,2;;9221HG;false;1;GENIPA;import;Rapprochement Odoo par default_code a effectuer.
9401AGN;PARE-BRISE TEINTÉ VERT LIGIER AMBRA/NOVA/XTOO 1 2/XTOOR;PARE BRISE;Pare-brise;;product;true;true;A+ GLASS;299,99;299,99;299,99;;9401AGN;false;1;Centre;import;Rapprochement Odoo par default_code a effectuer.
9591AGN;PB VT LIGIER X TOO RS       09-;PARE BRISE;Pare-brise;;product;true;true;VSF Centre;162,79;358,14;203,49;;9591AGN;false;1;R336;import;Rapprochement Odoo par default_code a effectuer.
9610AGN;PB VT LIGIER IXO          09-;PARE BRISE;Pare-brise;;product;true;true;VSF Centre;153,22;337,09;191,53;;9610AGN;false;1;R602;import;Rapprochement Odoo par default_code a effectuer.
9610RGNH3FD;DESC AVD VT LIGIER IXO JS36     09-;GLACES LATERALES;Glace laterale;;product;true;true;VSF Centre;55,22;121,48;69,02;;9610RGNH3FD;false;1;Centre;import;Rapprochement Odoo par default_code a effectuer.
9729BYPHO;LUN PRIV OUVRANTE MICROCAR DUE  14-;LUNETTES;Lunette;;product;true;true;VSF Centre;119,02;261,84;156,6;;;false;2;R930 | GENIPA;import;Doublon source consolide : controler quantites, prix et emplacements.
9801475980;DÉFLECTEUR AVANT DROIT TEINTÉ VERT 208 / 2008 3 ET 5 PORTES 11-MO  0.80;GLACES LATERALES;Glace laterale;;product;true;true;BLUE AUTO;105,91;105,91;105,91;;9801475980;false;1;GALLERIA;import;Rapprochement Odoo par default_code a effectuer.
9811413880 / 6571LGSR5FDKW1J;GLACE DESCENDANTE AVANT GAUCHE TEINTÉ VERT VITRAGE FEUILLETÉ  3008/5008 II 16-MO 0.60;GLACES LATERALES;Glace laterale;;product;true;false;BLUE AUTO;205,28;205,28;205,28;;9811413880 / 6571LGSR5FDKW1J;false;1;GALLERIA;exclusion_format_eurocode;Rapprochement Odoo par default_code a effectuer. EXCLUE DE L'IMPORT (decision RPBM du 2026-08-05, D3) : format d'eurocode suspect (annotation, code constructeur, texte libre). Sans x_studio_eurocode valide, la fiche serait invisible au widget rpbm_agent et non synchronisable. A reprendre a la main dans le fichier Excel si la reference doit exister.
9816402180;MECANISME LEVE-VITRE AVG 2008;LEVE-VITRE;Autres;Leve-vitre;product;true;true;BLUE AUTO;278,78;613,31;348,47;;9816402180;false;1;GALLERIA;import;Rapprochement Odoo par default_code a effectuer.
982620311T;ENJOLIVEUR RETROVISEUR EXT D PEUGEOT 2008;RETROVISEUR;Autres;Retroviseur EXT;product;true;true;BLUE AUTO;53,15;53,15;53,15;;982620311T;false;1;GALLERIA;import;Rapprochement Odoo par default_code a effectuer.
98471896XT;RETROVISEUR EXT D PEUGEOT 2008;RETROVISEUR;Autres;Retroviseur EXT;product;true;true;BLUE AUTO;326,89;326,89;326,89;;98471896XT;false;1;GALLERIA;import;Rapprochement Odoo par default_code a effectuer.
A1569061958;FEU ARG MERCEDES GLA 14-17;AUTRES;Autres;;product;true;true;VSF Centre;261,12;574,46;326,4;;A1569061958;false;1;D2;import;Rapprochement Odoo par default_code a effectuer.
A1666701101;-;PARE BRISE;Pare-brise;;product;true;true;SOCAUMAR;626,28;626,28;626,28;;A1666701101;false;1;Centre;import;Rapprochement Odoo par default_code a effectuer.
A1766701800;PB MERCEDES CLASSE A / CAPT;PARE BRISE;Pare-brise;;product;true;true;Socaumar;331;331;331;;A1766701800;false;1;GALLERIA;import;Rapprochement Odoo par default_code a effectuer.
A1769064900 (REF XGLASS);FEU ARD MERCEDES CLASSE A III (W176) PHASE 2 - 5P 2015-06->2018-12 1.6i TURBO 122 [180];FEU;Autres;Optique;product;true;false;SOCAUMAR;323,06;323,06;323,06;;A1769064900 (REF XGLASS);false;1;GALLERIA;exclusion_format_eurocode;Rapprochement Odoo par default_code a effectuer. EXCLUE DE L'IMPORT (decision RPBM du 2026-08-05, D3) : format d'eurocode suspect (annotation, code constructeur, texte libre). Sans x_studio_eurocode valide, la fiche serait invisible au widget rpbm_agent et non synchronisable. A reprendre a la main dans le fichier Excel si la reference doit exister.
A230AGSMV2B;PB VT CHRYSL GD VOYAGER 4 CAPT 10-;PARE BRISE;Pare-brise;;product;true;true;VSF Centre;159,73;351,4;199,66;;A230AGSMV2B;false;1;R504;import;Rapprochement Odoo par default_code a effectuer.
A230AKMVS1G;JC D/G PB CHRYSLER GD VOYAGER IV 08-;JOINTS;Joint;;product;true;true;VSF Centre;19,34;42,54;24,17;;A230AKMVS1G;false;1;R504;import;Rapprochement Odoo par default_code a effectuer.
A2539067103;BLOC OPTIQUE;OPTIQUE;Autres;Optique;product;true;true;SOCAUMAR;1818,03;1818,03;2272,54;;;false;1;GALLERIA;import;Rapprochement Odoo par default_code a effectuer.
AC1352;LEVE VITRE AVD ELEC 208 3P;LEVE VITRE;Autres;Leve-vitre;product;true;true;HHH;96,68;96,68;96,68;;AC1352;false;1;GALLERIA;import;Rapprochement Odoo par default_code a effectuer.
AC576;LEVE-VITRE AVD A3 2003+;LEVE-VITRE;Autres;Leve-vitre;product;true;true;HHH;74,76;74,76;74,76;;AC576;false;2;GENIPA;import;Doublon source consolide : controler quantites, prix et emplacements.
AC79AGSW;PB VT CHEV TAHOE/SILVER/ESCAL 07-;PARE BRISE;Pare-brise;;product;true;true;VSF Centre;232,97;512,53;291,21;;AC79AGSW;false;1;R521;import;Rapprochement Odoo par default_code a effectuer.
AC919;LEVE VITRE ELEC AVG BERLINGO;MECANISME LV;Autres;Leve-vitre;product;true;true;HHH;68,35;68,35;68,35;;AC919;false;1;GALLERIA;import;Rapprochement Odoo par default_code a effectuer.
AD48BGSR;LUN.VT DODGE NITRO 07-;LUNETTES;Lunette;;product;true;true;VSF Centre;158,4;348,48;198;;AD48BGSR;false;1;Centre;import;Rapprochement Odoo par default_code a effectuer.
AF57AGSZ;PB VT FORD MUSTANG CPE/CABRIO 05-14;PARE BRISE;Pare-brise;;product;true;true;VSF Centre;164,54;362;205,68;;AF57AGSZ;false;1;R513;import;Rapprochement Odoo par default_code a effectuer.
AG12AGSBLVW;PB VTBL HUMMER H2               03-10;PARE BRISE;Pare-brise;;product;true;true;VSF Centre;335,42;737,93;419,28;;AG12AGSBLVW;false;1;R226;import;Rapprochement Odoo par default_code a effectuer.
AGS;PB VT MASTER III / MOVANO  EMB  09-;PARE BRISE;Pare-brise;;product;true;false;VSF Centre;99,03;217,87;123,79;;AGS;false;1;Centre;exclusion_format_eurocode;Rapprochement Odoo par default_code a effectuer. EXCLUE DE L'IMPORT (decision RPBM du 2026-08-05, D3) : format d'eurocode suspect (annotation, code constructeur, texte libre). Sans x_studio_eurocode valide, la fiche serait invisible au widget rpbm_agent et non synchronisable. A reprendre a la main dans le fichier Excel si la reference doit exister.
AJ03AGNBL1P;PB VTBL JEEP CHEROKEE 92-01;PARE BRISE;Pare-brise;;product;true;true;VSF Centre;79,97;175,93;99,96;;AJ03AGNBL1P;false;2;Centre | R219;import;Doublon source consolide : controler quantites, prix et emplacements.
AJ03AKCR;AGRAFES PB JEEP CHEROKEE 84-01;JOINTS;Joint;;product;true;true;VSF Centre;11,42;25,12;14,27;;AJ03AKCR;false;1;Centre;import;Rapprochement Odoo par default_code a effectuer.
AJ03ASMR;JC PB JEEP CHEROKEE 94-01;JOINTS;Joint;;product;true;true;VSF Centre;31,66;69,66;39,58;;AJ03ASMR;false;2;Centre | R219;import;Doublon source consolide : controler quantites, prix et emplacements.
AJ04AGN;PB VT JEEP WRANGLER                87-96;PARE BRISE;Pare-brise;;product;true;true;VSF Centre;87,59;192,7;109,49;;AJ04AGN;false;1;Centre;import;Rapprochement Odoo par default_code a effectuer.
AJ04AGNBL;PB VTBL JEEP WRANGLER              87-96;PARE BRISE;Pare-brise;;product;true;true;VSF Centre;174,75;384,45;218,44;;AJ04AGNBL;false;1;R933;import;Rapprochement Odoo par default_code a effectuer.
AJ04AKMR;JCS PB JEEP WRANGLER               92-96;JOINTS;Joint;;product;true;true;VSF Centre;32,31;71,09;40,39;;AJ04AKMR;false;1;J10B;import;Rapprochement Odoo par default_code a effectuer.
AJ06AGN;PB VT JEEP WRANGLER TJ             97-00;PARE BRISE;Pare-brise;;product;true;true;VSF Centre;86,97;191,33;108,71;;AJ06AGN;false;4;Centre | R602 | R406 | R413;import;Doublon source consolide : controler quantites, prix et emplacements.
AJ06AGN1C;PB VT JEEP WRANGLER TJ             01-07;PARE BRISE;Pare-brise;;product;true;true;VSF Centre;88,27;194,2;110,34;;AJ06AGN1C;false;4;R129 | Centre | R712 | Caisse D2;import;Doublon source consolide : controler quantites, prix et emplacements.
AJ06ASMR;JC PB JEEP WRANGLER TJ      97-07;JOINTS;Joint;;product;true;true;VSF Centre;21,02;46,24;26,27;;AJ06ASMR;false;5;Tringle | Centre | J3D | J2D | J10B;import;Doublon source consolide : controler quantites, prix et emplacements.
AJ06BGSRW1J;LUN VT JEEP WRANGLER          03-07;LUNETTES;Lunette;;product;true;true;VSF Centre;255,45;561,99;319,31;;AJ06BGSRW1J;false;1;R315;import;Rapprochement Odoo par default_code a effectuer.
AJ07AGNBLM2B;PB VTBL GRAND CHEROKEE  CAPT    02-05;PARE BRISE;Pare-brise;;product;true;true;VSF Centre;144,74;318,44;180,93;;;false;1;GALLERIA;import;Rapprochement Odoo par default_code a effectuer.
AJ07ASMRT;JC SUP PB GRAND CHEROKEE         99-05;JOINTS;Joint;;product;true;true;VSF Centre;4,53;9,96;5,66;;;false;1;GALLERIA;import;Rapprochement Odoo par default_code a effectuer.
AJ07LGNR5RQ;CUST ARG VT JEEP GD CHEROKEE     99-05;GLACES LATERALES;Glace laterale;;product;true;true;VSF Centre;56,33;123,92;70,41;;AJ07LGNR5RQ;false;1;R916;import;Rapprochement Odoo par default_code a effectuer.
AJ07RGNR5FD;DESC AVD VT JEEP GD CHEROKEE     99-05;GLACES LATERALES;Glace laterale;;product;true;true;VSF Centre;66,42;146,12;83,02;;AJ07RGNR5FD;false;1;Centre;import;Rapprochement Odoo par default_code a effectuer.
AJ09AGSBLV1P;PARE-BRISE TEINTÉ VERT DÉGRADÉ BLEU JEEP CHEROKEE/LIBERTY 02-08MO 1.60;PARE BRISE;Pare-brise;;product;true;true;INVENTAIRE;154,04;338,89;154,04;;AJ09AGSBLV1P;false;1;R108;import;Rapprochement Odoo par default_code a effectuer.
AJ10AGSMV1C;PB VT GRAND CHEROKEE  CAPT 06-10;PARE BRISE;Pare-brise;;product;true;true;VSF Centre;167,29;368,03;209,11;;AJ10AGSMV1C;false;1;R632;import;Rapprochement Odoo par default_code a effectuer.
AJ10AGSMV1C - O;PARE-BRISE TEINTÉ VERT GRAND CHEROKEE CAPTEUR DE PLUIE 06-10MO 1.60;PARE BRISE;Pare-brise;;product;true;false;Palette à identifier;;;;;AJ10AGSMV1C - O;false;1;CASSE;exclusion_format_eurocode;Rapprochement Odoo par default_code a effectuer. EXCLUE DE L'IMPORT (decision RPBM du 2026-08-05, D3) : format d'eurocode suspect (annotation, code constructeur, texte libre). Sans x_studio_eurocode valide, la fiche serait invisible au widget rpbm_agent et non synchronisable. A reprendre a la main dans le fichier Excel si la reference doit exister. PRIX RV absent : standard_price non calculable, phase de cout a exclure.
AJ10ASMRT;JC SUP PB GRAND CHEROKEE           06-10;JOINTS;Joint;;product;true;true;VSF Centre;7,52;16,54;9,4;;AJ10ASMRT;false;1;R632;import;Rapprochement Odoo par default_code a effectuer.
AJ10RGSR5FDKW;DESC.AVD VT GD CHEROKEE FEUILL. 05-10;GLACES LATERALES;Glace laterale;;product;true;true;VSF Centre;154,4;339,68;193;;AJ10RGSR5FDKW;false;1;Centre;import;Rapprochement Odoo par default_code a effectuer.
AJ13LYPR5RQ;CUST ARG PRIV JEEP COMPASS 07-16;GLACES LATERALES;Glace laterale;;product;true;true;VSF Centre;188;413,6;235;;AJ13LYPR5RQ;false;1;Centre;import;Rapprochement Odoo par default_code a effectuer.
AJ14AGS;PB VT JEEP WRANGLER 07-;PARE BRISE;Pare-brise;;product;true;true;VSF Centre;127,2;279,84;159;;AJ14AGS;false;2;R309 | R305;import;Doublon source consolide : controler quantites, prix et emplacements.
AJ14AGS1B;PB VT JEEP WRANGLER SERIG.JEEP 07-;PARE BRISE;Pare-brise;;product;true;true;VSF Centre;220;484;275;;AJ14AGS1B;false;3;R102 | R936;import;Doublon source consolide : controler quantites, prix et emplacements.
AJ14BYPR;LUN PRIVACY JEEP WRANGLER 1079MM  07-10;LUNETTES;Lunette;;product;true;true;VSF Centre;388,59;854,9;485,74;;AJ14BYPR;false;1;R901;import;Rapprochement Odoo par default_code a effectuer.
AJ14LGSR3FD;DESC AVG VT JEEP WRANGLER 3/5P 07-;GLACES LATERALES;Glace laterale;;product;true;true;VSF Centre;100,01;220,02;125,01;;AJ14LGSR3FD;false;1;Centre;import;Rapprochement Odoo par default_code a effectuer.
AJ14RGSR3FD;DESC AVD VT JEEP WRANGLER 3/5P     07-18;GLACES LATERALES;Glace laterale;;product;true;true;VSF Centre;103,03;226,67;128,79;;AJ14RGSR3FD;false;2;Centre | R224;import;Doublon source consolide : controler quantites, prix et emplacements.
AJ18AGRCMVW1B;PB VT AC GRAND CHEROKEE CAPT LDW 13-;PARE BRISE;Pare-brise;;product;true;true;VSF Centre;184,1;405,03;230,13;;AJ18AGRCMVW1B;false;3;Centre | R532 | GALLERIA;import;Doublon source consolide : controler quantites, prix et emplacements.
AJ18AGSMVW1B;PB VT GRAND CHEROKEE CAPT 11-14;PARE BRISE;Pare-brise;;product;true;true;VSF Centre;239,44;526,77;299,3;;;false;1;GENIPA;import;Rapprochement Odoo par default_code a effectuer.
AJ18BYPROW;LUN PRIVACY OUVR GRAND CHEROKEE 11-;LUNETTES;Lunette;;product;true;true;VSF Centre;343,83;756,43;429,79;;AJ18BYPROW;false;1;R201;import;Rapprochement Odoo par default_code a effectuer.
AJ18LGSR5FDKW;DESC AVG VT GD CHEROKEE FEUILL 11-;GLACES LATERALES;Glace laterale;;product;true;true;VSF Centre;360,2;792,44;450,25;;AJ18LGSR5FDKW;false;3;Centre | R903;import;Doublon source consolide : controler quantites, prix et emplacements.
AJ19AGACIMOVZ;PB VT AC RENEGADE CAPT CAM 14-18;PARE BRISE;Pare-brise;;product;true;true;VSF Centre;144,44;317,77;180,55;;AJ19AGACIMOVZ;false;1;R537;import;Rapprochement Odoo par default_code a effectuer.
AJ19AGACIOVZ1B;PB VT AC JEEP RENEGADE  CAM     18-19;PARE BRISE;Pare-brise;;product;true;true;VSF Centre;164,18;361,19;205,22;;;false;1;R420;import;Rapprochement Odoo par default_code a effectuer.
AJ19AGACIOVZ95;PB VT AC JEEP RENEGADE  CAM     19-;PARE BRISE;Pare-brise;;product;true;true;VSF Centre;165,48;364,06;206,85;;;false;1;R413;import;Rapprochement Odoo par default_code a effectuer.
AJ19AGAIOVZ;PB VT ACO RENEGADE HUMID   14-;PARE BRISE;Pare-brise;;product;true;true;VSF Centre;133,66;294,06;167,08;;AJ19AGAIOVZ;false;2;R415 | R508;import;Doublon source consolide : controler quantites, prix et emplacements.
AJ19AGAVZ1B;PB VT ACO JEEP RENEGADE   18-;PARE BRISE;Pare-brise;;product;true;true;VSF Centre;125,03;275,07;156,29;;AJ19AGAVZ1B;false;2;R402 | R410;import;Doublon source consolide : controler quantites, prix et emplacements.
AJ19BGSR;LUN VT JEEP RENEGADE   14-;LUNETTES;Lunette;;product;true;true;VSF Centre;70,4;154,88;88;;AJ19BGSR;false;1;Centre;import;Rapprochement Odoo par default_code a effectuer.
AJ19BGSRA;LUN VT JEEP RENEGADE  ANT   14-;LUNETTES;Lunette;;product;true;true;VSF Centre;74,82;164,6;93,52;;AJ19BGSRA;false;3;Caisse D2 | D2 | R403;import;Doublon source consolide : controler quantites, prix et emplacements.
AJ19LGSR5FD1A;DESC AVG VT JEEP RENEGADE 14-;GLACES LATERALES;Glace laterale;;product;true;true;VSF Centre;39,74;87,44;49,68;;AJ19LGSR5FD1A;false;1;GENIPA;import;Rapprochement Odoo par default_code a effectuer.
AJ19LGSR5FVWZ;DÉFLECTEUR AVANT GAUCHE TEINTÉ VERT RENEGADE 14-MO 0,80;GLACES LATERALES;Glace laterale;;product;true;true;VSF Centre;153,34;337,36;191,68;;AJ19LGSR5FVWZ;false;1;T302;import;Rapprochement Odoo par default_code a effectuer.
AJ19RGSR5FVWZ;DÉFLAVD TEINTÉ VERT RENEGADE 14-MO 0.80;GLACES LATERALES;Glace laterale;;product;true;true;MA;133,74;294,22;167,17;;AJ19RGSR5FVWZ;false;1;GALLERIA;import;Rapprochement Odoo par default_code a effectuer.
AJ20LGSR5FDKW;DESC AVG VT FEUILL JEEP CHEROKEE  14-;GLACES LATERALES;Glace laterale;;product;true;true;VSF Centre;229,94;505,88;287,43;;AJ20LGSR5FDKW;false;1;Centre;import;Rapprochement Odoo par default_code a effectuer.
AJ20LGSR5RD;DESC ARG VT JEEP CHEROKEE   14-;GLACES LATERALES;Glace laterale;;product;true;true;VSF Centre;129,74;285,44;162,18;;AJ20LGSR5RD;false;1;Centre;import;Rapprochement Odoo par default_code a effectuer.
AJ21RGSR5RDW;DESC ARD VT JEEP COMPASS 2    17-;GLACES LATERALES;Glace laterale;;product;true;true;VSF Centre;60;132;75;;AJ21RGSR5RDW;false;1;R917;import;Rapprochement Odoo par default_code a effectuer.
AJ22BYPPOW;LUN COULISS PRIV GLADIATOR PICKUP 20-;LUNETTES;Lunette;;product;true;true;VSF Centre;300,53;661,16;375,66;;;false;1;GENIPA;import;Rapprochement Odoo par default_code a effectuer.
BB12FGTP2FDH11;VITRE PORTE VT A770/S450/S510 À S850 12-;GLACES LATERALES;Glace laterale;;product;true;true;VSF Centre;115,2;253,44;144;;BB12FGTP2FDH11;false;1;R902;import;Rapprochement Odoo par default_code a effectuer.
CADRE ETACHEITE;CADRE ETANCHEITE SPRINTER;JOINTS;Joint;;product;true;false;VSF Centre;52,59;115,7;65,74;;CADRE ETACHEITE;false;1;J2B;exclusion_format_eurocode;Rapprochement Odoo par default_code a effectuer. EXCLUE DE L'IMPORT (decision RPBM du 2026-08-05, D3) : format d'eurocode suspect (annotation, code constructeur, texte libre). Sans x_studio_eurocode valide, la fiche serait invisible au widget rpbm_agent et non synchronisable. A reprendre a la main dans le fichier Excel si la reference doit exister.
E101AGACMVZ;PB VT AIWAYS U5 CAPT CAM   20-;PARE BRISE;Pare-brise;;product;true;true;VSF Centre;311,55;685,41;389,44;;E101AGACMVZ;false;1;R427;import;Rapprochement Odoo par default_code a effectuer.
ESW-AR-002A;TRINGLERIE ESSUIE-GLACE;MECANISME LV;Autres;Leve-vitre;product;true;true;AUTODOC;75,08;165,18;75,08;;ESW-AR-002A;false;1;GALLERIA;import;Rapprochement Odoo par default_code a effectuer.
eurocode corrigé;DESC ARG VT YETI         09-17;GLACES LATERALES;Glace laterale;;product;true;false;VSF Centre;35,77;78,69;44,71;;eurocode corrigé;false;1;R912;exclusion_format_eurocode;Rapprochement Odoo par default_code a effectuer. EXCLUE DE L'IMPORT (decision RPBM du 2026-08-05, D3) : format d'eurocode suspect (annotation, code constructeur, texte libre). Sans x_studio_eurocode valide, la fiche serait invisible au widget rpbm_agent et non synchronisable. A reprendre a la main dans le fichier Excel si la reference doit exister.
HIDROMEK;LAT PELLE HIDROMEK;GLACES LATERALES;Glace laterale;;product;true;true;LANES AUTO;;;;;HIDROMEK;false;1;Picassos;import;Rapprochement Odoo par default_code a effectuer. PRIX RV absent : standard_price non calculable, phase de cout a exclure.
IPN500050;AGRAFES PB RANGE ROVER;JOINTS;Joint;;product;true;true;AUTOS GM;53,8;53,8;53,8;;IPN500050;false;1;Centre;import;Rapprochement Odoo par default_code a effectuer.
ISU 8983910640;GLACE LAT AVG ISUZU;GLACES LATERALES;Glace laterale;;product;true;false;LANES AUTO;272,08;272,08;272,08;;ISU 8983910640;false;1;Centre;exclusion_format_eurocode;Rapprochement Odoo par default_code a effectuer. EXCLUE DE L'IMPORT (decision RPBM du 2026-08-05, D3) : format d'eurocode suspect (annotation, code constructeur, texte libre). Sans x_studio_eurocode valide, la fiche serait invisible au widget rpbm_agent et non synchronisable. A reprendre a la main dans le fichier Excel si la reference doit exister.
ISU8978984251;COULISSE VITRE PORTE AVD;MECANISME LV;Autres;Leve-vitre;product;true;true;LANES AUTO;24,24;24,24;24,24;;ISU8978984251;false;1;GENIPA;import;Rapprochement Odoo par default_code a effectuer.
JAANPR85G77100052/EB714ZM;VITRE LAT AVD ISUZU NPR P35;GLACES LATERALES;Glace laterale;;product;true;false;LANES AUTO;241;241;241;;JAANPR85G77100052/EB714ZM;false;1;GENIPA;exclusion_format_eurocode;Rapprochement Odoo par default_code a effectuer. EXCLUE DE L'IMPORT (decision RPBM du 2026-08-05, D3) : format d'eurocode suspect (annotation, code constructeur, texte libre). Sans x_studio_eurocode valide, la fiche serait invisible au widget rpbm_agent et non synchronisable. A reprendre a la main dans le fichier Excel si la reference doit exister.
JOINT78;JC AU METRE PB INTERIEUR LEVRE 9MM;jOINTS;Joint;;product;true;true;VSF Centre;;;;;JOINT78;false;1;GALLERIA;import;Rapprochement Odoo par default_code a effectuer. PRIX RV absent : standard_price non calculable, phase de cout a exclure.
K07051150D;FEU LED ARD AILE;FEU;Autres;Optique;product;true;true;CENTRE AUTO;601,69;601,69;601,69;;K07051150D;false;1;GALLERIA;import;Rapprochement Odoo par default_code a effectuer.
K137 / 355558132 / 356408132;JC Enjoliveur inférieur Opel Corsa C 00-06 / Tigra Twin Top 04-;JOINTS;Joint;;product;true;false;??;;;;;K137 / 355558132 / 356408132;false;1;Centre;exclusion_format_eurocode;Rapprochement Odoo par default_code a effectuer. EXCLUE DE L'IMPORT (decision RPBM du 2026-08-05, D3) : format d'eurocode suspect (annotation, code constructeur, texte libre). Sans x_studio_eurocode valide, la fiche serait invisible au widget rpbm_agent et non synchronisable. A reprendre a la main dans le fichier Excel si la reference doit exister. PRIX RV absent : standard_price non calculable, phase de cout a exclure.
LR046846;BAGUETTE D PB RANGE SPORT;JOINTS;Joint;;product;true;true;Concess FR;138,25;304,15;138,25;;LR046846;false;1;Caisse;import;Rapprochement Odoo par default_code a effectuer.
LR080137;DESC AVG DISCOVERY SPORT;GLACES LATERALES;Glace laterale;;product;true;true;Concess FR;168;369,6;168;;LR080137;false;1;Centre;import;Rapprochement Odoo par default_code a effectuer.
MECANISME LV;LV VITRE CITROEN C4;MECANISME LV;Autres;Leve-vitre;product;true;false;HHH;97,84;97,84;97,84;;MECANISME LV;false;1;GALLERIA;exclusion_format_eurocode;Rapprochement Odoo par default_code a effectuer. EXCLUE DE L'IMPORT (decision RPBM du 2026-08-05, D3) : format d'eurocode suspect (annotation, code constructeur, texte libre). Sans x_studio_eurocode valide, la fiche serait invisible au widget rpbm_agent et non synchronisable. A reprendre a la main dans le fichier Excel si la reference doit exister.
PB INCONNU;?;PARE BRISE;Pare-brise;;product;true;false;OCCASION;;;;;PB INCONNU;false;3;R236;exclusion_format_eurocode;Doublon source consolide : controler quantites, prix et emplacements. EXCLUE DE L'IMPORT (decision RPBM du 2026-08-05, D3) : format d'eurocode suspect (annotation, code constructeur, texte libre). Sans x_studio_eurocode valide, la fiche serait invisible au widget rpbm_agent et non synchronisable. A reprendre a la main dans le fichier Excel si la reference doit exister. PRIX RV absent : standard_price non calculable, phase de cout a exclure.
PRADH0022;ADHESIF CAPT TOYOTA 12-;JOINTS;Joint;;product;true;true;VSF Centre;10,53;23,17;10,53;;PRADH0022;false;2;Centre;import;Doublon source consolide : controler quantites, prix et emplacements.
PRDIV0155;KIT 6X CALES POSE PARE BRISE;JOINTS;Joint;;product;true;true;VSF Centre;2,4;5,28;3;;PRDIV0155;false;3;D2;import;Doublon source consolide : controler quantites, prix et emplacements.
R435;PB VT AC PEUG 208 2 CAPT CAM HUM 22-;PARE BRISE;Pare-brise;;product;true;true;VSF Centre;157,32;346,1;207;;;false;1;R35;import;Rapprochement Odoo par default_code a effectuer.
RC7420827129;DESC AVD RENAULT PREMIUM;GLACES LATERALES;Glace laterale;;product;true;true;RENAULT TRUCKS;336,16;336,16;336,16;;RC7420827129;false;1;Génipa;import;Rapprochement Odoo par default_code a effectuer.
Renault Carton;Vitre Latérale Renault dans un carton;GLACES LATERALES;Glace laterale;;product;true;false;MA;;;;;Renault Carton;false;1;Rack Plafond 2;exclusion_format_eurocode;Rapprochement Odoo par default_code a effectuer. EXCLUE DE L'IMPORT (decision RPBM du 2026-08-05, D3) : format d'eurocode suspect (annotation, code constructeur, texte libre). Sans x_studio_eurocode valide, la fiche serait invisible au widget rpbm_agent et non synchronisable. A reprendre a la main dans le fichier Excel si la reference doit exister. PRIX RV absent : standard_price non calculable, phase de cout a exclure.
SR01AGSMVZ;PARE-BRISE TEINTÉ VERT SERES E3 CAPTEUR DE PLUIE 20-;PARE BRISE;Pare-brise;;product;true;true;LANES;1171,8;1171,8;1171,8;;SR01AGSMVZ;false;1;GALLERIA;import;Rapprochement Odoo par default_code a effectuer.
VF3YAAMFA11447158;PROJECTEUR G;PHARES;Autres;Optique;product;true;false;BLUE AUTO;315,43;315,43;315,43;;VF3YAAMFA11447158;false;1;GALLERIA;exclusion_format_eurocode;Rapprochement Odoo par default_code a effectuer. EXCLUE DE L'IMPORT (decision RPBM du 2026-08-05, D3) : format d'eurocode suspect (annotation, code constructeur, texte libre). Sans x_studio_eurocode valide, la fiche serait invisible au widget rpbm_agent et non synchronisable. A reprendre a la main dans le fichier Excel si la reference doit exister.
W2677;PB VT AC RAM 1500 CAPT CAM HUD HUM 19-;PARE BRISE;Pare-brise;;product;true;true;VSF Centre;332,7;731,95;415,88;;#REF!;true;1;R501;import;Rapprochement Odoo par default_code a effectuer. EUROCODE INTERNE diverge de EUROCODE : arbitrage RPBM requis sur la reference qui fait foi.
W2721;PB VTBL TOYOTA  TUNDRA /SEQUOIA 07-10;PARE BRISE;Pare-brise;;product;true;true;VSF Centre;231,08;508,38;288,85;;W2721;false;1;R434;import;Rapprochement Odoo par default_code a effectuer.
